design,seed,n,d,phi,dispersion,fit_end,val_end,test_end,ar_model,method,q_total,q_cov,n_active_mean,n_active_diag,n_active_offdiag,reference_condition,mean_dispersion,spectral_shell_low,spectral_shell_high,ridge,val_w2_mean,test_w2_mean,test_w2_median,test_w2_q90,test_mean_component,test_cov_component,n_test_pairs,min_pred_eig,w2_ratio_to_persistence,cov_ratio_to_persistence,mean_ratio_to_persistence
Baseline,0,320,8,0.7,0.35,144,208,320,diag,persistence,44,36,3,3,10,8.0,0.03,0.05,20.0,,1.7749535034268145,1.7072331313303881,,,0.0016221468745212973,1.7056109844558667,112,0.04999999999999873,1.0,1.0,1.0
Baseline,0,320,8,0.7,0.35,144,208,320,diag,euclidean_gaussian_ar,44,36,3,3,10,8.0,0.03,0.05,20.0,1e-06,1.6344202051801007,1.6194356887655392,1.5619099113300516,2.382721891145416,0.0013483375143501044,1.6180873512511893,112,0.1412622006956598,0.9485732551965932,0.9486848794934328,0.8312055680827328
Baseline,0,320,8,0.7,0.35,144,208,320,diag,cholesky_gaussian_ar,44,36,3,3,10,8.0,0.03,0.05,20.0,1e-06,1.6557430394194008,1.6200899616085234,1.554541946536299,2.4427235953299005,0.0013483375143501044,1.6187416240941734,112,0.07192094885772395,0.9489564909896301,0.949068479768611,0.8312055680827328
Baseline,0,320,8,0.7,0.35,144,208,320,diag,log_euclidean_gaussian_ar,44,36,3,3,10,8.0,0.03,0.05,20.0,1e-06,1.6775514708362722,1.6410988946533236,1.5552839724291778,2.4450845404541592,0.0013483375143501044,1.6397505571389737,112,0.09693672071704161,0.961262328229579,0.9613860206593919,0.8312055680827328
Baseline,0,320,8,0.7,0.35,144,208,320,diag,bwar_barycenter,44,36,3,3,10,8.0,0.03,0.05,20.0,0.0001,1.5208897552364193,1.4857335936988745,1.4078551336784306,2.362374347604983,0.0013482330155875585,1.4843853606832873,112,0.13521451999815226,0.8702581776521016,0.8702953804890299,0.8311411480451966
Baseline,1,320,8,0.7,0.35,144,208,320,diag,persistence,44,36,3,3,10,8.0,0.03,0.05,20.0,,1.6187469707253794,1.7389867573431155,,,0.0016227077688292927,1.7373640495742861,112,0.04999999999999802,1.0,1.0,1.0
Baseline,1,320,8,0.7,0.35,144,208,320,diag,euclidean_gaussian_ar,44,36,3,3,10,8.0,0.03,0.05,20.0,1e-06,1.5231094121675657,1.621733070437649,1.5202918621652253,2.394047163064053,0.0014040358528711794,1.6203290345847776,112,0.16302402116971618,0.9325735596258301,0.9326364471406058,0.8652425777711813
Baseline,1,320,8,0.7,0.35,144,208,320,diag,cholesky_gaussian_ar,44,36,3,3,10,8.0,0.03,0.05,20.0,1e-06,1.6060081301711127,1.7099647015114372,1.593108034615644,2.6449056109697797,0.0014040358528711794,1.7085606656585661,112,0.08274274285380155,0.983310939137904,0.9834212156497782,0.8652425777711813
Baseline,1,320,8,0.7,0.35,144,208,320,diag,log_euclidean_gaussian_ar,44,36,3,3,10,8.0,0.03,0.05,20.0,1e-06,1.5681231254493064,1.7201175070098524,1.6763303914711338,2.650545161368798,0.0014040358528711794,1.7187134711569811,112,0.1001045661913234,0.9891492846316483,0.9892650141909665,0.8652425777711813
Baseline,1,320,8,0.7,0.35,144,208,320,diag,bwar_barycenter,44,36,3,3,10,8.0,0.03,0.05,20.0,1e-06,1.4099532434803344,1.5274047560477386,1.4492142149984435,2.3584436957624244,0.0014040358528711677,1.5260007201948673,112,0.1397475070350056,0.8783302975701556,0.8783425215738693,0.8652425777711741
Baseline,2,320,8,0.7,0.35,144,208,320,diag,persistence,44,36,3,3,10,8.0,0.03,0.05,20.0,,1.6145061878699285,1.5203552118960637,,,0.0016205732021846273,1.518734638693879,112,0.04999999999999716,1.0,1.0,1.0
Baseline,2,320,8,0.7,0.35,144,208,320,diag,euclidean_gaussian_ar,44,36,3,3,10,8.0,0.03,0.05,20.0,1e-06,1.5198263165992683,1.4944642534221801,1.417113337990969,2.1972649456730147,0.001312612616315132,1.493151640805865,112,0.044564474582215303,0.9829704543574429,0.9831550573508908,0.8099681116197983
Baseline,2,320,8,0.7,0.35,144,208,320,diag,cholesky_gaussian_ar,44,36,3,3,10,8.0,0.03,0.05,20.0,1e-06,1.5531583332636967,1.5257166129423982,1.4612607174323942,2.2558190162867295,0.001312612616315132,1.5244040003260828,112,0.08427796109271807,1.0035264134357444,1.003732950765566,0.8099681116197983
Baseline,2,320,8,0.7,0.35,144,208,320,diag,log_euclidean_gaussian_ar,44,36,3,3,10,8.0,0.03,0.05,20.0,1e-06,1.5196353202649413,1.4868703607226383,1.3807145917226655,2.329052073824748,0.001312612616315132,1.4855577481063231,112,0.08365210864518714,0.977975639566713,0.9781549128186816,0.8099681116197983
Baseline,2,320,8,0.7,0.35,144,208,320,diag,bwar_barycenter,44,36,3,3,10,8.0,0.03,0.05,20.0,1e-06,1.3955667352685102,1.3576718767960405,1.262432309183011,2.1898489014882823,0.0013126126163151236,1.3563592641797253,112,0.0919262346382065,0.8929964959325934,0.8930850917749545,0.809968111619793
Baseline,3,320,8,0.7,0.35,144,208,320,diag,persistence,44,36,3,3,10,8.0,0.03,0.05,20.0,,1.2542385240629743,1.3720999117694814,,,0.0017307523722792284,1.370369159397202,112,0.04999999999999663,1.0,1.0,1.0
Baseline,3,320,8,0.7,0.35,144,208,320,diag,euclidean_gaussian_ar,44,36,3,3,10,8.0,0.03,0.05,20.0,1e-06,1.3706773649670831,1.4135576096945208,1.328839928601829,2.0569866039818905,0.001456728807779986,1.4121008808867406,112,0.20075997471673127,1.0302147806944866,1.0304529047544353,0.8416737316740576
Baseline,3,320,8,0.7,0.35,144,208,320,diag,cholesky_gaussian_ar,44,36,3,3,10,8.0,0.03,0.05,20.0,1e-06,1.3464041900001518,1.5852920238147827,1.4528209285468767,2.576893011863492,0.001456728807779986,1.583835295007003,112,0.10112309369223907,1.1553765219402758,1.1557727230987163,0.8416737316740576
Baseline,3,320,8,0.7,0.35,144,208,320,diag,log_euclidean_gaussian_ar,44,36,3,3,10,8.0,0.03,0.05,20.0,1e-06,1.1801798088851974,1.3262987408224036,1.225895766562908,2.2350820716865454,0.001456728807779986,1.3248420120146236,112,0.09600843053021092,0.9666196531650441,0.9667774576869456,0.8416737316740576
Baseline,3,320,8,0.7,0.35,144,208,320,diag,bwar_barycenter,44,36,3,3,10,8.0,0.03,0.05,20.0,1e-06,1.1529079558414237,1.2329914499618624,1.1375175619301416,2.013767890939479,0.0014567288077799484,1.2315347211540826,112,0.1287319716524513,0.8986163758087976,0.8986882933762242,0.8416737316740359
Baseline,4,320,8,0.7,0.35,144,208,320,diag,persistence,44,36,3,3,10,8.0,0.03,0.05,20.0,,1.4876769312072753,1.6100640974080846,,,0.0016222210209448906,1.6084418763871398,112,0.049999999999997914,1.0,1.0,1.0
Baseline,4,320,8,0.7,0.35,144,208,320,diag,euclidean_gaussian_ar,44,36,3,3,10,8.0,0.03,0.05,20.0,1e-06,1.4400971197887267,1.5275807185044543,1.4143925021539352,2.4312334194224636,0.0013519654073170918,1.5262287530971375,112,0.03950849494979176,0.9487701272039952,0.9488864816957712,0.8334039504244719
Baseline,4,320,8,0.7,0.35,144,208,320,diag,cholesky_gaussian_ar,44,36,3,3,10,8.0,0.03,0.05,20.0,1e-06,1.4095304830112227,1.5833216098288196,1.4564924879452565,2.5256067428488405,0.0013519654073170918,1.5819696444215023,112,0.08965292025344918,0.9833904205290239,0.9835416918980628,0.8334039504244719
Baseline,4,320,8,0.7,0.35,144,208,320,diag,log_euclidean_gaussian_ar,44,36,3,3,10,8.0,0.03,0.05,20.0,1e-06,1.3925685048025476,1.5711893190152106,1.4371799603398918,2.5186385530145015,0.0013519654073170918,1.5698373536078936,112,0.09477618883873767,0.9758551361678982,0.9759988076995613,0.8334039504244719
Baseline,4,320,8,0.7,0.35,144,208,320,diag,bwar_barycenter,44,36,3,3,10,8.0,0.03,0.05,20.0,1e-06,1.2966944359741077,1.4088611664714565,1.31479763305409,2.3894441418503365,0.0013519654073171302,1.4075092010641395,112,0.11764968401998226,0.8750342105879332,0.8750761974847779,0.8334039504244956
Baseline,5,320,8,0.7,0.35,144,208,320,diag,persistence,44,36,3,3,10,8.0,0.03,0.05,20.0,,1.4601706253817215,1.388569625173383,,,0.001661578880670515,1.3869080462927124,112,0.049999999999997824,1.0,1.0,1.0
Baseline,5,320,8,0.7,0.35,144,208,320,diag,euclidean_gaussian_ar,44,36,3,3,10,8.0,0.03,0.05,20.0,1e-06,1.4002806981498692,1.3600222070529995,1.3241601234411209,1.8822526104164938,0.0013911709249656528,1.3586310361280336,112,0.06734645713380988,0.9794411330891536,0.9796114744302876,0.8372584300086063
Baseline,5,320,8,0.7,0.35,144,208,320,diag,cholesky_gaussian_ar,44,36,3,3,10,8.0,0.03,0.05,20.0,1e-06,1.49638412963723,1.4268862814105592,1.405217929046807,2.0357331484838466,0.0013911709249656528,1.4254951104855937,112,0.0705779471889309,1.027594335597246,1.0278223666637647,0.8372584300086063
Baseline,5,320,8,0.7,0.35,144,208,320,diag,log_euclidean_gaussian_ar,44,36,3,3,10,8.0,0.03,0.05,20.0,1e-06,1.4249182967732397,1.3131325359655845,1.2550924964612,1.9746629303824588,0.0013911709249656528,1.311741365040619,112,0.08825167962998426,0.9456728075854468,0.9458026929377052,0.8372584300086063
Baseline,5,320,8,0.7,0.35,144,208,320,diag,bwar_barycenter,44,36,3,3,10,8.0,0.03,0.05,20.0,1e-06,1.292553324954831,1.2203356203433253,1.173981431056541,1.8531253237489966,0.0013911709249656036,1.21894444941836,112,0.123014804460606,0.8788436663310626,0.8788934873344134,0.8372584300085767
Baseline,6,320,8,0.7,0.35,144,208,320,diag,persistence,44,36,3,3,10,8.0,0.03,0.05,20.0,,1.332439350717224,1.4083694443939554,,,0.0017120384285118848,1.4066574059654435,112,0.04999999999999834,1.0,1.0,1.0
Baseline,6,320,8,0.7,0.35,144,208,320,diag,euclidean_gaussian_ar,44,36,3,3,10,8.0,0.03,0.05,20.0,1e-06,1.3118354535366006,1.3837310003446712,1.3041198354023622,2.063597107338076,0.001418247311463829,1.3823127530332073,112,0.19897884875888291,0.9825056954001963,0.9826932607548975,0.8283968910070431
Baseline,6,320,8,0.7,0.35,144,208,320,diag,cholesky_gaussian_ar,44,36,3,3,10,8.0,0.03,0.05,20.0,1e-06,1.4638949161793133,1.4516010266306105,1.3023462135757005,2.179501883574201,0.001418247311463829,1.450182779319147,112,0.09643098356552018,1.0306961943890074,1.030942412252705,0.8283968910070431
Baseline,6,320,8,0.7,0.35,144,208,320,diag,log_euclidean_gaussian_ar,44,36,3,3,10,8.0,0.03,0.05,20.0,1e-06,1.3174979859384355,1.3518672029631789,1.1961592176415645,2.0126985224401976,0.001418247311463829,1.3504489556517154,112,0.07857961946093261,0.9598810939447139,0.9600411229661496,0.8283968910070431
Baseline,6,320,8,0.7,0.35,144,208,320,diag,bwar_barycenter,44,36,3,3,10,8.0,0.03,0.05,20.0,1e-06,1.2102049590769184,1.2648379194017811,1.1767769531828016,1.926190914924347,0.0014182473114638103,1.2634196720903172,112,0.11295767629161974,0.8980867374228371,0.898171556721861,0.8283968910070321
Baseline,7,320,8,0.7,0.35,144,208,320,diag,persistence,44,36,3,3,10,8.0,0.03,0.05,20.0,,1.607794913710844,1.597386186286425,,,0.0014522322520690034,1.5959339540343558,112,0.04999999999999812,1.0,1.0,1.0
Baseline,7,320,8,0.7,0.35,144,208,320,diag,euclidean_gaussian_ar,44,36,3,3,10,8.0,0.03,0.05,20.0,1e-06,1.5793929752201967,1.5587129586109967,1.5188083874950196,2.1603483365220333,0.001253048733533244,1.5574599098774635,112,0.17160782548198159,0.9757896819144686,0.9758924584193263,0.8628432068961549
Baseline,7,320,8,0.7,0.35,144,208,320,diag,cholesky_gaussian_ar,44,36,3,3,10,8.0,0.03,0.05,20.0,1e-06,1.622180959534889,1.8392428815683404,1.7193160519670423,2.7128776250059903,0.001253048733533244,1.837989832834807,112,0.0847731784825594,1.1514077793825046,1.1516703609122163,0.8628432068961549
Baseline,7,320,8,0.7,0.35,144,208,320,diag,log_euclidean_gaussian_ar,44,36,3,3,10,8.0,0.03,0.05,20.0,1e-06,1.5215570589751852,1.7232941474024603,1.6733256712892515,2.515798778706794,0.001253048733533244,1.722041098668927,112,0.10634497227958095,1.078821240722473,1.0790177715786955,0.8628432068961549
Baseline,7,320,8,0.7,0.35,144,208,320,diag,bwar_barycenter,44,36,3,3,10,8.0,0.03,0.05,20.0,1e-06,1.4190349361881256,1.451476064324021,1.422069413773971,2.040048104085428,0.001253048733533249,1.4502230155904878,112,0.1493415857018498,0.9086569527049604,0.9086986412717608,0.8628432068961583
Baseline,8,320,8,0.7,0.35,144,208,320,diag,persistence,44,36,3,3,10,8.0,0.03,0.05,20.0,,1.3758971308409866,1.4258595041766742,,,0.0014434214293753747,1.4244160827472985,112,0.04999999999999517,1.0,1.0,1.0
Baseline,8,320,8,0.7,0.35,144,208,320,diag,euclidean_gaussian_ar,44,36,3,3,10,8.0,0.03,0.05,20.0,1e-06,1.4187273688595305,1.4326408021832842,1.4287197518755497,1.9851923320669667,0.0012909098800255368,1.4313498923032586,112,0.029470133731372083,1.0047559370237713,1.0048678259393047,0.8943402486300652
Baseline,8,320,8,0.7,0.35,144,208,320,diag,cholesky_gaussian_ar,44,36,3,3,10,8.0,0.03,0.05,20.0,1e-06,1.4044591276307834,1.4196393081614644,1.3889001261676106,2.1128144389795,0.0012909098800255368,1.418348398281439,112,0.08793935156864342,0.9956375814047672,0.9957402303025416,0.8943402486300652
Baseline,8,320,8,0.7,0.35,144,208,320,diag,log_euclidean_gaussian_ar,44,36,3,3,10,8.0,0.03,0.05,20.0,1e-06,1.399245282616894,1.3718977336779383,1.314803473271229,2.044055137776806,0.0012909098800255368,1.3706068237979128,112,0.09008117651426789,0.9621549175492612,0.9622236370389734,0.8943402486300652
Baseline,8,320,8,0.7,0.35,144,208,320,diag,bwar_barycenter,44,36,3,3,10,8.0,0.03,0.05,20.0,1e-06,1.270425487462499,1.2819023551762605,1.2503400516738348,1.8692526234615778,0.001290909880025597,1.2806114452962347,112,0.13109636193358162,0.8990383354189317,0.8990430961901912,0.8943402486301069
Baseline,9,320,8,0.7,0.35,144,208,320,diag,persistence,44,36,3,3,10,8.0,0.03,0.05,20.0,,1.6700905469852385,1.4575315590061921,,,0.001600554463040087,1.455931004543152,112,0.049999999999998,1.0,1.0,1.0
Baseline,9,320,8,0.7,0.35,144,208,320,diag,euclidean_gaussian_ar,44,36,3,3,10,8.0,0.03,0.05,20.0,1e-06,1.5705609376799536,1.4180911272078924,1.3730112725983008,2.1195591564133625,0.0013472266464828772,1.4167439005614095,112,0.2138187442427704,0.9729402553552996,0.9730845047880282,0.8417249631880442
Baseline,9,320,8,0.7,0.35,144,208,320,diag,cholesky_gaussian_ar,44,36,3,3,10,8.0,0.03,0.05,20.0,1e-06,1.5698934424537216,1.4578630609509797,1.3870551442906958,2.281251797222232,0.0013472266464828772,1.4565158343044973,112,0.08453895552498954,1.0002274406634555,1.0004016878269097,0.8417249631880442
Baseline,9,320,8,0.7,0.35,144,208,320,diag,log_euclidean_gaussian_ar,44,36,3,3,10,8.0,0.03,0.05,20.0,1e-06,1.5720253626034966,1.3995393129134144,1.2972915819331847,2.1267823954239353,0.0013472266464828772,1.3981920862669315,112,0.09348841586983617,0.9602120134315861,0.9603422702751371,0.8417249631880442
Baseline,9,320,8,0.7,0.35,144,208,320,diag,bwar_barycenter,44,36,3,3,10,8.0,0.03,0.05,20.0,1e-06,1.446545118853893,1.2839446992637442,1.2225510621184394,1.9293201735902747,0.001347226646482886,1.2825974726172613,112,0.13549655680004072,0.8809035326406195,0.8809466029743078,0.8417249631880498
Baseline,10,320,8,0.7,0.35,144,208,320,diag,persistence,44,36,3,3,10,8.0,0.03,0.05,20.0,,1.5760637801334854,1.617403914530689,,,0.0014913203107116205,1.6159125942199777,112,0.04999999999999573,1.0,1.0,1.0
Baseline,10,320,8,0.7,0.35,144,208,320,diag,euclidean_gaussian_ar,44,36,3,3,10,8.0,0.03,0.05,20.0,1e-06,1.5131511152344717,1.5832252451077007,1.539030079688576,2.397143310561885,0.0012593960269523554,1.5819658490807487,112,0.1580391686759204,0.9788681917263037,0.9789922145166425,0.8444839233440087
Baseline,10,320,8,0.7,0.35,144,208,320,diag,cholesky_gaussian_ar,44,36,3,3,10,8.0,0.03,0.05,20.0,1e-06,1.5200219653564357,1.6295344863765762,1.567075060872463,2.527946189905889,0.0012593960269523554,1.628275090349624,112,0.08167436435597605,1.0075000262685818,1.00765047328294,0.8444839233440087
Baseline,10,320,8,0.7,0.35,144,208,320,diag,log_euclidean_gaussian_ar,44,36,3,3,10,8.0,0.03,0.05,20.0,1e-06,1.4797057169720986,1.5786681886074692,1.4323368454739518,2.416617450286562,0.0012593960269523554,1.5774087925805167,112,0.08884308882444354,0.9760506787604384,0.9761721012775154,0.8444839233440087
Baseline,10,320,8,0.7,0.35,144,208,320,diag,bwar_barycenter,44,36,3,3,10,8.0,0.03,0.05,20.0,1e-06,1.3808274856683997,1.4472636008748343,1.391428091021143,2.4060318271656875,0.001259396026952364,1.4460042048478823,112,0.11874945855142247,0.8948065402047557,0.8948529827789897,0.8444839233440146
Baseline,11,320,8,0.7,0.35,144,208,320,diag,persistence,44,36,3,3,10,8.0,0.03,0.05,20.0,,1.4397375093398794,1.5321250933914248,,,0.0015963042587668803,1.530528789132658,112,0.04999999999999871,1.0,1.0,1.0
Baseline,11,320,8,0.7,0.35,144,208,320,diag,euclidean_gaussian_ar,44,36,3,3,10,8.0,0.03,0.05,20.0,1e-06,1.4155927119470344,1.450448661483453,1.360369574022127,2.0976743026141587,0.0013897062869581496,1.4490589551964947,112,0.17217088058336386,0.94669075504326,0.9467701395003933,0.870577322165184
Baseline,11,320,8,0.7,0.35,144,208,320,diag,cholesky_gaussian_ar,44,36,3,3,10,8.0,0.03,0.05,20.0,1e-06,1.3456937981015238,1.4123816289875095,1.3437497814072323,2.148860083730461,0.0013897062869581496,1.4109919227005514,112,0.07540631642395383,0.9218448513633715,0.9218983221479633,0.870577322165184
Baseline,11,320,8,0.7,0.35,144,208,320,diag,log_euclidean_gaussian_ar,44,36,3,3,10,8.0,0.03,0.05,20.0,1e-06,1.326606877751612,1.384854200064357,1.326967782959032,2.144384551074744,0.0013897062869581496,1.383464493777399,112,0.09098319377891355,0.9038780227787555,0.9039127545986251,0.870577322165184
Baseline,11,320,8,0.7,0.35,144,208,320,diag,bwar_barycenter,44,36,3,3,10,8.0,0.03,0.05,20.0,1e-06,1.2659702444332672,1.3128691078604788,1.229904496954561,2.050140305034638,0.0013897062869581251,1.3114794015735207,112,0.11119873592356211,0.8568942010827502,0.8568799299206444,0.8705773221651687
Baseline,12,320,8,0.7,0.35,144,208,320,diag,persistence,44,36,3,3,10,8.0,0.03,0.05,20.0,,1.4811645298326568,1.4679451895635718,,,0.0017433532367685755,1.4662018363268032,112,0.04999999999999857,1.0,1.0,1.0
Baseline,12,320,8,0.7,0.35,144,208,320,diag,euclidean_gaussian_ar,44,36,3,3,10,8.0,0.03,0.05,20.0,1e-06,1.4306687684348505,1.4034659510013339,1.4113856629539674,1.873891664547814,0.0014288391636382142,1.4020371118376957,112,0.16078999408987898,0.9560751729556006,0.9562374545581965,0.8195924575140408
Baseline,12,320,8,0.7,0.35,144,208,320,diag,cholesky_gaussian_ar,44,36,3,3,10,8.0,0.03,0.05,20.0,1e-06,1.4896362022467073,1.4773805423569304,1.4241321877807227,2.1351539300818816,0.0014288391636382142,1.4759517031932923,112,0.07947972909784583,1.006427592024852,1.0066497440017637,0.8195924575140408
Baseline,12,320,8,0.7,0.35,144,208,320,diag,log_euclidean_gaussian_ar,44,36,3,3,10,8.0,0.03,0.05,20.0,1e-06,1.3815855879873542,1.4410746206420755,1.4296265489588953,2.1037151358158357,0.0014288391636382142,1.4396457814784376,112,0.09669824475492901,0.9816951142913687,0.9818878586901139,0.8195924575140408
Baseline,12,320,8,0.7,0.35,144,208,320,diag,bwar_barycenter,44,36,3,3,10,8.0,0.03,0.05,20.0,1e-06,1.305583106659022,1.3052984976646287,1.2944803907327382,1.8791292040106462,0.0014288391636382435,1.3038696585009906,112,0.12622492102845298,0.8892011138731284,0.8892838804291129,0.8195924575140576
Baseline,13,320,8,0.7,0.35,144,208,320,diag,persistence,44,36,3,3,10,8.0,0.03,0.05,20.0,,1.6074005592889413,1.3733467039020104,,,0.001552717177275713,1.3717939867247348,112,0.04999999999999879,1.0,1.0,1.0
Baseline,13,320,8,0.7,0.35,144,208,320,diag,euclidean_gaussian_ar,44,36,3,3,10,8.0,0.03,0.05,20.0,0.0001,1.5312521370140717,1.3861403111843102,1.3624863054840715,2.0805997793970246,0.0013234468959748302,1.3848168642883354,112,0.17483441430916807,1.0093156427622756,1.0094933187414632,0.8523425356167282
Baseline,13,320,8,0.7,0.35,144,208,320,diag,cholesky_gaussian_ar,44,36,3,3,10,8.0,0.03,0.05,20.0,1e-06,1.6038558242101302,1.4126453792383378,1.2548480441567078,2.2992438575344014,0.0013233857721799776,1.4113219934661578,112,0.09167608519060633,1.0286152616995186,1.0288148272437023,0.8523031699191322
Baseline,13,320,8,0.7,0.35,144,208,320,diag,log_euclidean_gaussian_ar,44,36,3,3,10,8.0,0.03,0.05,20.0,1e-06,1.5218499507011007,1.4127154188573934,1.2833530656726486,2.303593982773114,0.0013233857721799776,1.4113920330852132,112,0.0899233188882801,1.028666260925611,1.0288658841952076,0.8523031699191322
Baseline,13,320,8,0.7,0.35,144,208,320,diag,bwar_barycenter,44,36,3,3,10,8.0,0.03,0.05,20.0,1e-06,1.4196656446992033,1.2567457965701443,1.1952979637137062,2.032359880565232,0.0013233857721799568,1.2554224107979643,112,0.12908340240137625,0.915097253300587,0.9151683291711923,0.8523031699191189
Baseline,14,320,8,0.7,0.35,144,208,320,diag,persistence,44,36,3,3,10,8.0,0.03,0.05,20.0,,1.5915885650581787,1.5069113493430046,,,0.0015602621083826318,1.5053510872346219,112,0.04999999999999706,1.0,1.0,1.0
Baseline,14,320,8,0.7,0.35,144,208,320,diag,euclidean_gaussian_ar,44,36,3,3,10,8.0,0.03,0.05,20.0,1e-06,1.555102238566806,1.472357930100183,1.474691849412583,2.186893182850392,0.0013943092454430917,1.4709636208547399,112,0.2103371061617856,0.9770700384877409,0.9771565140707124,0.8936378304337808
Baseline,14,320,8,0.7,0.35,144,208,320,diag,cholesky_gaussian_ar,44,36,3,3,10,8.0,0.03,0.05,20.0,1e-06,1.493032982878839,1.4289717766309427,1.381300392186943,2.245486018310135,0.0013943092454430917,1.4275774673854993,112,0.08754686871970829,0.9482785946591731,0.9483352285665165,0.8936378304337808
Baseline,14,320,8,0.7,0.35,144,208,320,diag,log_euclidean_gaussian_ar,44,36,3,3,10,8.0,0.03,0.05,20.0,1e-06,1.5353967701260358,1.4229609298727663,1.3448972594563786,2.2275605808409047,0.0013943092454430917,1.421566620627323,112,0.10119472437035741,0.9442897423880711,0.9443422419409059,0.8936378304337808
Baseline,14,320,8,0.7,0.35,144,208,320,diag,bwar_barycenter,44,36,3,3,10,8.0,0.03,0.05,20.0,1e-06,1.4149431560289136,1.3200583454336972,1.2915385504464143,2.135667992815043,0.001394309245443155,1.318664036188254,112,0.12444459064737357,0.8760026566985688,0.8759843782427408,0.8936378304338214
Baseline,15,320,8,0.7,0.35,144,208,320,diag,persistence,44,36,3,3,10,8.0,0.03,0.05,20.0,,1.8427752823921546,1.3987953872673522,,,0.0016693578946661207,1.3971260293726857,112,0.04999999999999823,1.0,1.0,1.0
Baseline,15,320,8,0.7,0.35,144,208,320,diag,euclidean_gaussian_ar,44,36,3,3,10,8.0,0.03,0.05,20.0,1e-06,1.7229503843079064,1.4815039601218452,1.359097653151316,2.3578006196045025,0.001408365381911079,1.4800955947399341,112,0.22574025498991948,1.0591284283658313,1.0593858847540776,0.8436569452308839
Baseline,15,320,8,0.7,0.35,144,208,320,diag,cholesky_gaussian_ar,44,36,3,3,10,8.0,0.03,0.05,20.0,1e-06,1.8767469406845918,1.5684564893926933,1.3031866261739005,2.691148823290505,0.001408365381911079,1.5670481240107825,112,0.06708417824813939,1.1212908647466922,1.1216225960047372,0.8436569452308839
Baseline,15,320,8,0.7,0.35,144,208,320,diag,log_euclidean_gaussian_ar,44,36,3,3,10,8.0,0.03,0.05,20.0,1e-06,1.7006900189671459,1.4095859705930553,1.2433521234765568,2.4473994335226883,0.001408365381911079,1.4081776052111443,112,0.0997379457120045,1.0077141971041121,1.0079102211297437,0.8436569452308839
Baseline,15,320,8,0.7,0.35,144,208,320,diag,bwar_barycenter,44,36,3,3,10,8.0,0.03,0.05,20.0,1e-06,1.5834452572941309,1.291026975134647,1.162110020071348,2.2249473724450013,0.0014083653819110687,1.2896186097527358,112,0.1473486178698416,0.9229562714363546,0.9230510223417561,0.8436569452308778
Baseline,16,320,8,0.7,0.35,144,208,320,diag,persistence,44,36,3,3,10,8.0,0.03,0.05,20.0,,1.7783372752537314,1.709812195157443,,,0.0015280091630467077,1.7082841859943962,112,0.04999999999999859,1.0,1.0,1.0
Baseline,16,320,8,0.7,0.35,144,208,320,diag,euclidean_gaussian_ar,44,36,3,3,10,8.0,0.03,0.05,20.0,1e-06,1.6682734734141362,1.6360845896196643,1.5352998900979982,2.459622004049349,0.0013734326108733703,1.634711157008791,112,0.15411750784318332,0.9568797054164245,0.9569316220399371,0.8988379416095083
Baseline,16,320,8,0.7,0.35,144,208,320,diag,cholesky_gaussian_ar,44,36,3,3,10,8.0,0.03,0.05,20.0,1e-06,1.6984298120994406,1.6567469139483162,1.5354654330908182,2.6174026970916504,0.0013734326108733703,1.655373481337443,112,0.07566919159992684,0.9689642632334597,0.9690269891328686,0.8988379416095083
Baseline,16,320,8,0.7,0.35,144,208,320,diag,log_euclidean_gaussian_ar,44,36,3,3,10,8.0,0.03,0.05,20.0,1e-06,1.6494436644494819,1.6922082384736143,1.517004177958024,2.66174230371853,0.0013734326108733703,1.690834805862741,112,0.09953544450328508,0.98970415772347,0.9897854348388188,0.8988379416095083
Baseline,16,320,8,0.7,0.35,144,208,320,diag,bwar_barycenter,44,36,3,3,10,8.0,0.03,0.05,20.0,1e-06,1.517334547038923,1.5053559722331802,1.3530521904823005,2.400999861211532,0.0013734326108734158,1.5039825396223065,112,0.1398437818234313,0.880421824394909,0.8804053517283102,0.8988379416095381
Baseline,17,320,8,0.7,0.35,144,208,320,diag,persistence,44,36,3,3,10,8.0,0.03,0.05,20.0,,1.7047783835680912,1.5402233642717882,,,0.0015550818578313017,1.5386682824139568,112,0.04999999999999684,1.0,1.0,1.0
Baseline,17,320,8,0.7,0.35,144,208,320,diag,euclidean_gaussian_ar,44,36,3,3,10,8.0,0.03,0.05,20.0,1e-06,1.5683719477939353,1.4956437132698497,1.4205301805732056,2.237530559971299,0.0013252845775048162,1.494318428692345,112,0.1527060139921319,0.9710563727079834,0.9711764684899898,0.8522281774626591
Baseline,17,320,8,0.7,0.35,144,208,320,diag,cholesky_gaussian_ar,44,36,3,3,10,8.0,0.03,0.05,20.0,1e-06,1.6574454948973432,1.5496003990241896,1.4304815816233176,2.3165960706100917,0.0013252845775048162,1.5482751144466849,112,0.08089503122871833,1.0060881005767854,1.0062436017837817,0.8522281774626591
Baseline,17,320,8,0.7,0.35,144,208,320,diag,log_euclidean_gaussian_ar,44,36,3,3,10,8.0,0.03,0.05,20.0,1e-06,1.642668833312899,1.5020181492457512,1.3839974280435907,2.2044040904419795,0.0013252845775048162,1.500692864668246,112,0.08862513945770101,0.975195016572093,0.9753192951464934,0.8522281774626591
Baseline,17,320,8,0.7,0.35,144,208,320,diag,bwar_barycenter,44,36,3,3,10,8.0,0.03,0.05,20.0,1e-06,1.475257403437161,1.3687824758396019,1.2835880082986981,2.1380919994061447,0.001325284577504721,1.3674571912620972,112,0.11194249431708121,0.8886908922374107,0.8887277439142027,0.8522281774625979
Baseline,18,320,8,0.7,0.35,144,208,320,diag,persistence,44,36,3,3,10,8.0,0.03,0.05,20.0,,1.6380997186609503,1.5040546634368757,,,0.0015161502335009366,1.5025385132033746,112,0.049999999999997144,1.0,1.0,1.0
Baseline,18,320,8,0.7,0.35,144,208,320,diag,euclidean_gaussian_ar,44,36,3,3,10,8.0,0.03,0.05,20.0,1e-06,1.5609254669400818,1.4661624371832858,1.3448449044090078,2.204381171993459,0.0012766231147453,1.4648858140685406,112,0.19091981762739504,0.9748066162921211,0.9749406096389773,0.8420162372678957
Baseline,18,320,8,0.7,0.35,144,208,320,diag,cholesky_gaussian_ar,44,36,3,3,10,8.0,0.03,0.05,20.0,1e-06,1.6669868794861347,1.5760081429420507,1.3720692112525286,2.5168975129460374,0.0012766231147453,1.5747315198273053,112,0.071425146518386,1.0478396704949247,1.048047358513305,0.8420162372678957
Baseline,18,320,8,0.7,0.35,144,208,320,diag,log_euclidean_gaussian_ar,44,36,3,3,10,8.0,0.03,0.05,20.0,1e-06,1.5619611947818806,1.472517019534169,1.2957213864959736,2.455121737414431,0.0012766231147453,1.4712403964194238,112,0.0862660589767404,0.9790315839780446,0.9791698405671985,0.8420162372678957
Baseline,18,320,8,0.7,0.35,144,208,320,diag,bwar_barycenter,44,36,3,3,10,8.0,0.03,0.05,20.0,0.01,1.4366143986020656,1.339422554297774,1.1775354360826151,2.168873216792146,0.0012810824311044351,1.3381414718666698,112,0.12751707562246728,0.8905411397994637,0.8905871364413719,0.8449574473542062
Baseline,19,320,8,0.7,0.35,144,208,320,diag,persistence,44,36,3,3,10,8.0,0.03,0.05,20.0,,1.6501873712668096,1.4083673077147456,,,0.0015024893411263187,1.4068648183736194,112,0.04999999999999775,1.0,1.0,1.0
Baseline,19,320,8,0.7,0.35,144,208,320,diag,euclidean_gaussian_ar,44,36,3,3,10,8.0,0.03,0.05,20.0,0.01,1.5943879527350253,1.413755802852401,1.3217271190286892,1.9713235556648627,0.0014388061400178232,1.4123169967123832,112,0.20390424872480092,1.0038260580944605,1.0038754102509058,0.9576148732870502
Baseline,19,320,8,0.7,0.35,144,208,320,diag,cholesky_gaussian_ar,44,36,3,3,10,8.0,0.03,0.05,20.0,1e-06,1.6883383110997081,1.4282107166938585,1.3104773593523458,2.2740360540432096,0.0014004709738292833,1.4268102457200293,112,0.08402928089064882,1.0140896546450735,1.0141772166635508,0.9321004385824402
Baseline,19,320,8,0.7,0.35,144,208,320,diag,log_euclidean_gaussian_ar,44,36,3,3,10,8.0,0.03,0.05,20.0,1e-06,1.5935705534296756,1.3426243715288653,1.2603080803982483,2.1582407904488887,0.0014004709738292833,1.3412239005550357,112,0.08744543756981582,0.9533197512994273,0.9533424128876385,0.9321004385824402
Baseline,19,320,8,0.7,0.35,144,208,320,diag,bwar_barycenter,44,36,3,3,10,8.0,0.03,0.05,20.0,1e-06,1.4718431969101997,1.2597347799868273,1.2145947779229522,1.885200046540805,0.0014004709738292783,1.258334309012998,112,0.1233072653792939,0.8944646564048029,0.8944244625206226,0.9321004385824369
Baseline,20,320,8,0.7,0.35,144,208,320,diag,persistence,44,36,3,3,10,8.0,0.03,0.05,20.0,,1.8477662303541535,1.4769608040527156,,,0.0015454519577633337,1.4754153520949522,112,0.049999999999998525,1.0,1.0,1.0
Baseline,20,320,8,0.7,0.35,144,208,320,diag,euclidean_gaussian_ar,44,36,3,3,10,8.0,0.03,0.05,20.0,1e-06,1.7042459824577458,1.505900328182041,1.4198447342280696,2.0729705628684383,0.0013342111542699717,1.5045661170277709,112,0.15657555922373012,1.0195939689461742,1.0197576668098425,0.8633145453456336
Baseline,20,320,8,0.7,0.35,144,208,320,diag,cholesky_gaussian_ar,44,36,3,3,10,8.0,0.03,0.05,20.0,1e-06,1.7710770420790611,1.5609428002014571,1.5143776740979227,2.22870182062715,0.0013342111542699717,1.5596085890471871,112,0.0948928960633454,1.056861357402511,1.0570640917031862,0.8633145453456336
Baseline,20,320,8,0.7,0.35,144,208,320,diag,log_euclidean_gaussian_ar,44,36,3,3,10,8.0,0.03,0.05,20.0,1e-06,1.6975468282334907,1.4571788014912586,1.4302968665782643,2.141859531950116,0.0013342111542699717,1.4558445903369888,112,0.09372710484027982,0.9866062779004182,0.9867354221777788,0.8633145453456336
Baseline,20,320,8,0.7,0.35,144,208,320,diag,bwar_barycenter,44,36,3,3,10,8.0,0.03,0.05,20.0,1e-06,1.5911983912067102,1.348755097138216,1.3223758184086878,1.9791714122367745,0.0013342111542699816,1.347420885983946,112,0.12535364649401964,0.9131962699601041,0.9132485195241693,0.86331454534564
Baseline,21,320,8,0.7,0.35,144,208,320,diag,persistence,44,36,3,3,10,8.0,0.03,0.05,20.0,,1.3841716083771112,1.426253357401293,,,0.00167762312385754,1.4245757342774357,112,0.04999999999999799,1.0,1.0,1.0
Baseline,21,320,8,0.7,0.35,144,208,320,diag,euclidean_gaussian_ar,44,36,3,3,10,8.0,0.03,0.05,20.0,1e-06,1.5547744408209632,1.4076676323395962,1.3399921093974898,2.107358902141728,0.00153503509821752,1.4061325972413787,112,0.15952455438616572,0.9869688474594999,0.9870535931559922,0.9150059249826314
Baseline,21,320,8,0.7,0.35,144,208,320,diag,cholesky_gaussian_ar,44,36,3,3,10,8.0,0.03,0.05,20.0,1e-06,1.5068977453381316,1.432471602852555,1.4378243666998127,2.089534508914352,0.00153503509821752,1.4309365677543375,112,0.1017794780055584,1.0043598463197254,1.0044650721782287,0.9150059249826314
Baseline,21,320,8,0.7,0.35,144,208,320,diag,log_euclidean_gaussian_ar,44,36,3,3,10,8.0,0.03,0.05,20.0,1e-06,1.4234763416713405,1.3673479258142283,1.3170910843296428,2.0561046734669803,0.00153503509821752,1.3658128907160108,112,0.09619509335550085,0.9586991811227751,0.9587506356120615,0.9150059249826314
Baseline,21,320,8,0.7,0.35,144,208,320,diag,bwar_barycenter,44,36,3,3,10,8.0,0.03,0.05,20.0,1e-06,1.3333388961733226,1.2592992339215392,1.1982092765390462,1.9712327595037673,0.0015350350982175354,1.257764198823322,112,0.13626132388695603,0.8829421696970076,0.8829044104568278,0.9150059249826406
Baseline,22,320,8,0.7,0.35,144,208,320,diag,persistence,44,36,3,3,10,8.0,0.03,0.05,20.0,,1.3823782903068151,1.3769642934017614,,,0.0016334395221663594,1.3753308538795952,112,0.0499999999999984,1.0,1.0,1.0
Baseline,22,320,8,0.7,0.35,144,208,320,diag,euclidean_gaussian_ar,44,36,3,3,10,8.0,0.03,0.05,20.0,1e-06,1.3684105961289825,1.3477049075188439,1.208126812778635,2.305282255691196,0.001356243974656093,1.346348663544188,112,0.2412582522374027,0.9787508027454852,0.9789271139714106,0.8302994731371297
Baseline,22,320,8,0.7,0.35,144,208,320,diag,cholesky_gaussian_ar,44,36,3,3,10,8.0,0.03,0.05,20.0,1e-06,1.4203721397995075,1.3828988900084123,1.2384736220417765,2.4155935866273994,0.001356243974656093,1.381542646033756,112,0.10562917321315876,1.0043099132164055,1.0045165802371396,0.8302994731371297
Baseline,22,320,8,0.7,0.35,144,208,320,diag,log_euclidean_gaussian_ar,44,36,3,3,10,8.0,0.03,0.05,20.0,1e-06,1.3402732422066244,1.3351966212597008,1.1316111868631205,2.4243754106383193,0.001356243974656093,1.3338403772850447,112,0.09724736641130245,0.9696668444184021,0.9698323668973816,0.8302994731371297
Baseline,22,320,8,0.7,0.35,144,208,320,diag,bwar_barycenter,44,36,3,3,10,8.0,0.03,0.05,20.0,1e-06,1.2265589242004964,1.2176983063205669,1.072757656682998,2.2779670576963396,0.0013562439746562284,1.2163420623459105,112,0.13986260661457348,0.8843354269646809,0.8843996038588082,0.8302994731372125
Baseline,23,320,8,0.7,0.35,144,208,320,diag,persistence,44,36,3,3,10,8.0,0.03,0.05,20.0,,1.3792872645887864,1.4304054596649753,,,0.0015644396774155984,1.4288410199875599,112,0.04999999999999783,1.0,1.0,1.0
Baseline,23,320,8,0.7,0.35,144,208,320,diag,euclidean_gaussian_ar,44,36,3,3,10,8.0,0.03,0.05,20.0,1e-06,1.4536551742146373,1.431774601631771,1.4106807075110797,1.9739907092782651,0.0013492785944113925,1.4304253230373598,112,0.21313317925511774,1.000957170540384,1.0011088028882413,0.8624676386630358
Baseline,23,320,8,0.7,0.35,144,208,320,diag,cholesky_gaussian_ar,44,36,3,3,10,8.0,0.03,0.05,20.0,1e-06,1.415168905559156,1.426170260654739,1.3931284139555487,2.1319342324614783,0.0013492785944113925,1.4248209820603273,112,0.09775955133928461,0.9970391618812555,0.9971865043969219,0.8624676386630358
Baseline,23,320,8,0.7,0.35,144,208,320,diag,log_euclidean_gaussian_ar,44,36,3,3,10,8.0,0.03,0.05,20.0,1e-06,1.338557891403721,1.361563837408084,1.3245178973718774,1.9804714009305109,0.0013492785944113925,1.3602145588136725,112,0.09286025244408053,0.9518726513578778,0.9519705410091845,0.8624676386630358
Baseline,23,320,8,0.7,0.35,144,208,320,diag,bwar_barycenter,44,36,3,3,10,8.0,0.03,0.05,20.0,1e-06,1.2675447868445175,1.2763638485429862,1.2549325795321638,1.858801700508761,0.001349278594411391,1.2750145699485746,112,0.1328465022722009,0.8923091280998968,0.8923418015810293,0.8624676386630348
Baseline,24,320,8,0.7,0.35,144,208,320,diag,persistence,44,36,3,3,10,8.0,0.03,0.05,20.0,,1.759379309635014,1.6404287004608686,,,0.0015910883021248389,1.6388376121587436,112,0.049999999999997324,1.0,1.0,1.0
Baseline,24,320,8,0.7,0.35,144,208,320,diag,euclidean_gaussian_ar,44,36,3,3,10,8.0,0.03,0.05,20.0,1e-06,1.7320548529950033,1.5839472029308628,1.5310388928933472,2.280080945500149,0.001335323408701659,1.582611879522161,112,0.1206828418211018,0.9655690628223356,0.9656916998856772,0.8392516033952261
Baseline,24,320,8,0.7,0.35,144,208,320,diag,cholesky_gaussian_ar,44,36,3,3,10,8.0,0.03,0.05,20.0,1e-06,1.6705045085445343,1.6131838053833287,1.4399534058425023,2.435653609913921,0.001335323408701659,1.6118484819746268,112,0.08635124551299166,0.983391600579845,0.9835315409019899,0.8392516033952261
Baseline,24,320,8,0.7,0.35,144,208,320,diag,log_euclidean_gaussian_ar,44,36,3,3,10,8.0,0.03,0.05,20.0,1e-06,1.6844020077863113,1.6319197228054914,1.5449310114787327,2.5592407246024655,0.001335323408701659,1.6305843993967897,112,0.10254851231887564,0.9948129548983222,0.994963983801249,0.8392516033952261
Baseline,24,320,8,0.7,0.35,144,208,320,diag,bwar_barycenter,44,36,3,3,10,8.0,0.03,0.05,20.0,1e-06,1.5572721331104327,1.4561053514300535,1.371224384394007,2.230407299275019,0.001335323408701667,1.4547700280213518,112,0.14315397201011107,0.887637085976958,0.8876840616960636,0.8392516033952311
Baseline,25,320,8,0.7,0.35,144,208,320,diag,persistence,44,36,3,3,10,8.0,0.03,0.05,20.0,,1.5792532984572334,1.6617776724580753,,,0.0016201666741611656,1.6601575057839142,112,0.04999999999999722,1.0,1.0,1.0
Baseline,25,320,8,0.7,0.35,144,208,320,diag,euclidean_gaussian_ar,44,36,3,3,10,8.0,0.03,0.05,20.0,1e-06,1.5360165519266258,1.6568541734832685,1.6095400250286538,2.4246284375769442,0.0013724033873607042,1.6554817700959077,112,0.03577672728013075,0.9970372095759813,0.9971835589865923,0.847075433193477
Baseline,25,320,8,0.7,0.35,144,208,320,diag,cholesky_gaussian_ar,44,36,3,3,10,8.0,0.03,0.05,20.0,1e-06,1.4948129669917567,1.6525601233511924,1.5904469005951787,2.5160490709291192,0.0013724033873607042,1.6511877199638316,112,0.07422603818821508,0.9944531995707654,0.9945970272164947,0.847075433193477
Baseline,25,320,8,0.7,0.35,144,208,320,diag,log_euclidean_gaussian_ar,44,36,3,3,10,8.0,0.03,0.05,20.0,1e-06,1.4531450199510647,1.660191699784964,1.592319646980085,2.5600608670702107,0.0013724033873607042,1.6588192963976032,112,0.09580037027022076,0.9990456168118053,0.99919392624998,0.847075433193477
Baseline,25,320,8,0.7,0.35,144,208,320,diag,bwar_barycenter,44,36,3,3,10,8.0,0.03,0.05,20.0,1e-06,1.364088196160894,1.5122169475754836,1.4601792378353142,2.3745023876031928,0.001372403387360735,1.5108445441881229,112,0.1435899530617633,0.9099995580868746,0.9100609664591512,0.847075433193496
Baseline,26,320,8,0.7,0.35,144,208,320,diag,persistence,44,36,3,3,10,8.0,0.03,0.05,20.0,,1.4664836319163974,1.3544740689419652,,,0.0015790960759831123,1.352894972865982,112,0.04999999999999843,1.0,1.0,1.0
Baseline,26,320,8,0.7,0.35,144,208,320,diag,euclidean_gaussian_ar,44,36,3,3,10,8.0,0.03,0.05,20.0,1e-06,1.384831125334843,1.3284198066608224,1.3105452109006162,1.9954148250177532,0.0013258991759443354,1.3270939074848782,112,0.14080783755885948,0.9807642959887044,0.9809289960428734,0.8396570646398815
Baseline,26,320,8,0.7,0.35,144,208,320,diag,cholesky_gaussian_ar,44,36,3,3,10,8.0,0.03,0.05,20.0,1e-06,1.5497151037812595,1.4313141590808438,1.4292934195486948,2.09760684833251,0.0013258991759443354,1.4299882599048996,112,0.09014670458758331,1.0567305730695173,1.0569839407974166,0.8396570646398815
Baseline,26,320,8,0.7,0.35,144,208,320,diag,log_euclidean_gaussian_ar,44,36,3,3,10,8.0,0.03,0.05,20.0,1e-06,1.3970221344159484,1.3257336253872367,1.3106803503935827,2.026092282199175,0.0013258991759443354,1.3244077262112925,112,0.0949286924247741,0.9787811046266993,0.9789434899042149,0.8396570646398815
Baseline,26,320,8,0.7,0.35,144,208,320,diag,bwar_barycenter,44,36,3,3,10,8.0,0.03,0.05,20.0,1e-06,1.2830766860314482,1.207360042382328,1.1831455306547654,1.9057608866533495,0.0013258991759443116,1.206034143206384,112,0.14135107059320925,0.8913866053747682,0.8914469839824394,0.8396570646398664
Baseline,27,320,8,0.7,0.35,144,208,320,diag,persistence,44,36,3,3,10,8.0,0.03,0.05,20.0,,1.4792784629201048,1.452373471721552,,,0.0016693735739312498,1.4507040981476211,112,0.04999999999999769,1.0,1.0,1.0
Baseline,27,320,8,0.7,0.35,144,208,320,diag,euclidean_gaussian_ar,44,36,3,3,10,8.0,0.03,0.05,20.0,1e-06,1.4390232363945046,1.4483486920998747,1.316656741563634,2.1781533229405903,0.0014099288904555966,1.4469387632094188,112,0.09549880053980153,0.997228825987226,0.997404477630545,0.8445856053269848
Baseline,27,320,8,0.7,0.35,144,208,320,diag,cholesky_gaussian_ar,44,36,3,3,10,8.0,0.03,0.05,20.0,1e-06,1.591098584625963,1.4692572560116421,1.3693445275221152,2.294539010025552,0.0014099288904555966,1.4678473271211865,112,0.06777587012131885,1.011624960534481,1.0118171782898078,0.8445856053269848
Baseline,27,320,8,0.7,0.35,144,208,320,diag,log_euclidean_gaussian_ar,44,36,3,3,10,8.0,0.03,0.05,20.0,1e-06,1.4439186276668101,1.3705963073475342,1.209961838674895,2.1221449135171517,0.0014099288904555966,1.3691863784570786,112,0.08439097905749349,0.9436941214045419,0.9438081688783874,0.8445856053269848
Baseline,27,320,8,0.7,0.35,144,208,320,diag,bwar_barycenter,44,36,3,3,10,8.0,0.03,0.05,20.0,1e-06,1.3227107377922345,1.2978106220699763,1.1220292305858082,2.0321400522071555,0.0014099288904556029,1.2964006931795211,112,0.10988978449366701,0.8935791291558317,0.8936355076372037,0.8445856053269886
Baseline,28,320,8,0.7,0.35,144,208,320,diag,persistence,44,36,3,3,10,8.0,0.03,0.05,20.0,,1.3963455317769984,1.7269623367838751,,,0.0016713944962902982,1.7252909422875846,112,0.04999999999999718,1.0,1.0,1.0
Baseline,28,320,8,0.7,0.35,144,208,320,diag,euclidean_gaussian_ar,44,36,3,3,10,8.0,0.03,0.05,20.0,1e-06,1.3438667369838069,1.607581223240669,1.5078218004734547,2.2924879236164624,0.00143859532852814,1.606142627912141,112,0.03499359824445041,0.9308721962254661,0.9309401611895884,0.8607156070701072
Baseline,28,320,8,0.7,0.35,144,208,320,diag,cholesky_gaussian_ar,44,36,3,3,10,8.0,0.03,0.05,20.0,1e-06,1.456474168593197,1.666841801447273,1.5886000810969731,2.418489318598671,0.00143859532852814,1.665403206118745,112,0.08895732918456219,0.9651871184124579,0.965288326333277,0.8607156070701072
Baseline,28,320,8,0.7,0.35,144,208,320,diag,log_euclidean_gaussian_ar,44,36,3,3,10,8.0,0.03,0.05,20.0,1e-06,1.455102888645233,1.660905805639004,1.5548964642737042,2.400758349275898,0.00143859532852814,1.6594672103104762,112,0.09357389199589339,0.961749871587884,0.9618477496381961,0.8607156070701072
Baseline,28,320,8,0.7,0.35,144,208,320,diag,bwar_barycenter,44,36,3,3,10,8.0,0.03,0.05,20.0,1e-06,1.2666574262476524,1.5064585065254221,1.3884545499542236,2.1626319967343117,0.0014385953285281222,1.505019911196894,112,0.12302248910646968,0.8723169431308516,0.8723281820522222,0.8607156070700965
Baseline,29,320,8,0.7,0.35,144,208,320,diag,persistence,44,36,3,3,10,8.0,0.03,0.05,20.0,,1.624997597911323,1.6375408162537457,,,0.0015946892192644515,1.6359461270344815,112,0.0499999999999972,1.0,1.0,1.0
Baseline,29,320,8,0.7,0.35,144,208,320,diag,euclidean_gaussian_ar,44,36,3,3,10,8.0,0.03,0.05,20.0,1e-06,1.6199469467572039,1.611213002668333,1.5646644507207759,2.213490915684342,0.0013816217934341918,1.6098313808748987,112,0.12131738218373823,0.9839223466529257,0.9840369155633985,0.8663893733924302
Baseline,29,320,8,0.7,0.35,144,208,320,diag,cholesky_gaussian_ar,44,36,3,3,10,8.0,0.03,0.05,20.0,1e-06,1.6590952318220256,1.6462729877290272,1.6265100978357805,2.307445565808087,0.0013816217934341918,1.6448913659355928,112,0.08639996067738959,1.005332490884263,1.00546792999677,0.8663893733924302
Baseline,29,320,8,0.7,0.35,144,208,320,diag,log_euclidean_gaussian_ar,44,36,3,3,10,8.0,0.03,0.05,20.0,1e-06,1.5511844154976968,1.6070828775242352,1.6410198430666436,2.377185968956417,0.0013816217934341918,1.605701255730801,112,0.09922046924172044,0.9814001956914942,0.9815123060571035,0.8663893733924302
Baseline,29,320,8,0.7,0.35,144,208,320,diag,bwar_barycenter,44,36,3,3,10,8.0,0.03,0.05,20.0,1e-06,1.4528989253431266,1.4652348710492316,1.4409452287547615,2.1509702949825633,0.0013816217934341751,1.4638532492557974,112,0.12857481151938274,0.8947776180634667,0.8948052903853008,0.8663893733924197
Baseline,30,320,8,0.7,0.35,144,208,320,diag,persistence,44,36,3,3,10,8.0,0.03,0.05,20.0,,1.468336793844146,1.5837066237667454,,,0.001758065087402742,1.5819485586793427,112,0.04999999999999787,1.0,1.0,1.0
Baseline,30,320,8,0.7,0.35,144,208,320,diag,euclidean_gaussian_ar,44,36,3,3,10,8.0,0.03,0.05,20.0,1e-06,1.4139876557693567,1.4956946509625006,1.459152491943521,2.061034629010812,0.0015814230704915184,1.4941132278920093,112,0.12880098357747852,0.9444265929791252,0.9444764936853187,0.8995247569746216
Baseline,30,320,8,0.7,0.35,144,208,320,diag,cholesky_gaussian_ar,44,36,3,3,10,8.0,0.03,0.05,20.0,1e-06,1.423009378329486,1.50370267549448,1.4630017819766823,2.0860560114289926,0.0015814230704915184,1.5021212524239884,112,0.10137315164720538,0.9494831005492791,0.9495386206982631,0.8995247569746216
Baseline,30,320,8,0.7,0.35,144,208,320,diag,log_euclidean_gaussian_ar,44,36,3,3,10,8.0,0.03,0.05,20.0,1e-06,1.4328831851874304,1.4645630173274244,1.3919784897899758,2.0384481404553516,0.0015814230704915184,1.4629815942569329,112,0.09087650827922238,0.9247691430651812,0.9247971978799823,0.8995247569746216
Baseline,30,320,8,0.7,0.35,144,208,320,diag,bwar_barycenter,44,36,3,3,10,8.0,0.03,0.05,20.0,1e-06,1.2991153299351246,1.3817449203892576,1.3343707473935544,1.9172740527324936,0.0015814230704915427,1.380163497318766,112,0.11497052533538138,0.8724753054974698,0.8724452446614113,0.8995247569746354
Baseline,31,320,8,0.7,0.35,144,208,320,diag,persistence,44,36,3,3,10,8.0,0.03,0.05,20.0,,1.5903178318574374,1.5020784726173024,,,0.0017353999215380838,1.5003430726957643,112,0.049999999999997866,1.0,1.0,1.0
Baseline,31,320,8,0.7,0.35,144,208,320,diag,euclidean_gaussian_ar,44,36,3,3,10,8.0,0.03,0.05,20.0,1e-06,1.5636167150673423,1.4497030324468934,1.3662786855348277,2.2528851488770343,0.0014407419457124464,1.4482622905011813,112,0.09743097839144994,0.9651313555681633,0.9652874178297061,0.8302074512228385
Baseline,31,320,8,0.7,0.35,144,208,320,diag,cholesky_gaussian_ar,44,36,3,3,10,8.0,0.03,0.05,20.0,1e-06,1.6640241560459104,1.626084201248814,1.5094683099442723,2.4593371112352993,0.0014407419457124464,1.6246434593031016,112,0.07004555140572113,1.082556092036548,1.0828479758192895,0.8302074512228385
Baseline,31,320,8,0.7,0.35,144,208,320,diag,log_euclidean_gaussian_ar,44,36,3,3,10,8.0,0.03,0.05,20.0,1e-06,1.5112213035459445,1.4990446571168747,1.3822475979988869,2.254629689345863,0.0014407419457124464,1.4976039151711622,112,0.09728165206623994,0.9979802549895137,0.9981743125459429,0.8302074512228385
Baseline,31,320,8,0.7,0.35,144,208,320,diag,bwar_barycenter,44,36,3,3,10,8.0,0.03,0.05,20.0,1e-06,1.4113799064154287,1.3387248110697798,1.1667981631017699,2.140068641648281,0.0014407419457124883,1.3372840691240673,112,0.12451525146432979,0.8912482506570469,0.8913188546412133,0.8302074512228627
Baseline,32,320,8,0.7,0.35,144,208,320,diag,persistence,44,36,3,3,10,8.0,0.03,0.05,20.0,,1.4952962504825114,1.6331070548049673,,,0.001722267967475211,1.6313847868374922,112,0.0499999999999975,1.0,1.0,1.0
Baseline,32,320,8,0.7,0.35,144,208,320,diag,euclidean_gaussian_ar,44,36,3,3,10,8.0,0.03,0.05,20.0,1e-06,1.5223938486603452,1.5698723500474865,1.4508832316998819,2.4401820600975244,0.001521022034469257,1.5683513280130172,112,0.021978565681020305,0.9612795103839457,0.9613619917673328,0.8831506264957282
Baseline,32,320,8,0.7,0.35,144,208,320,diag,cholesky_gaussian_ar,44,36,3,3,10,8.0,0.03,0.05,20.0,1e-06,1.6213724226369697,1.6623626526882909,1.5727123695620586,2.5794409356680688,0.001521022034469257,1.6608416306538216,112,0.07624551541494702,1.017914072318313,1.0180563433311358,0.8831506264957282
Baseline,32,320,8,0.7,0.35,144,208,320,diag,log_euclidean_gaussian_ar,44,36,3,3,10,8.0,0.03,0.05,20.0,1e-06,1.4973224837598569,1.5717187530585466,1.4832625451399937,2.51590753612072,0.001521022034469257,1.5701977310240773,112,0.09221942157367043,0.9624101178389974,0.9624937928151037,0.8831506264957282
Baseline,32,320,8,0.7,0.35,144,208,320,diag,bwar_barycenter,44,36,3,3,10,8.0,0.03,0.05,20.0,1e-06,1.386249069645006,1.4531858716771582,1.353381973870952,2.2997435911589807,0.0015210220344694751,1.4516648496426885,112,0.11917260782925777,0.8898289107266786,0.8898359610529418,0.8831506264958549
Baseline,33,320,8,0.7,0.35,144,208,320,diag,persistence,44,36,3,3,10,8.0,0.03,0.05,20.0,,1.4687255767648595,1.5958524219965609,,,0.0017845746458593442,1.5940678473507017,112,0.04999999999999859,1.0,1.0,1.0
Baseline,33,320,8,0.7,0.35,144,208,320,diag,euclidean_gaussian_ar,44,36,3,3,10,8.0,0.03,0.05,20.0,1e-06,1.4967501622927264,1.5131294698181985,1.454636663907897,2.246140672982326,0.0014458686905244069,1.5116836011276742,112,0.17854279808520718,0.9481637831680776,0.9483182310213785,0.8102035372289866
Baseline,33,320,8,0.7,0.35,144,208,320,diag,cholesky_gaussian_ar,44,36,3,3,10,8.0,0.03,0.05,20.0,1e-06,1.5370471862404749,1.6142095620537467,1.527548900039836,2.488912030275258,0.0014458686905244069,1.6127636933632223,112,0.11017322402463407,1.011503031109994,1.0117283878748278,0.8102035372289866
Baseline,33,320,8,0.7,0.35,144,208,320,diag,log_euclidean_gaussian_ar,44,36,3,3,10,8.0,0.03,0.05,20.0,1e-06,1.4889142657725902,1.6354344077651466,1.5764648350549262,2.5232254122198454,0.0014458686905244069,1.6339885390746223,112,0.10248672557806447,1.0248030364355778,1.0250432826872882,0.8102035372289866
Baseline,33,320,8,0.7,0.35,144,208,320,diag,bwar_barycenter,44,36,3,3,10,8.0,0.03,0.05,20.0,1e-06,1.3426209233338877,1.4169899250967894,1.3557270894721913,2.1800463277216697,0.0014458686905244277,1.4155440564062651,112,0.1301362422720205,0.8879204026422458,0.8880074074380596,0.8102035372289983
Baseline,34,320,8,0.7,0.35,144,208,320,diag,persistence,44,36,3,3,10,8.0,0.03,0.05,20.0,,1.388587832539097,1.4696948373808483,,,0.0017516750011202335,1.467943162379728,112,0.049999999999998504,1.0,1.0,1.0
Baseline,34,320,8,0.7,0.35,144,208,320,diag,euclidean_gaussian_ar,44,36,3,3,10,8.0,0.03,0.05,20.0,1e-06,1.3846259455921759,1.4303259405819475,1.3475516485029604,2.1520136640022387,0.0014730003855305907,1.428852940196417,112,0.14302209642736916,0.9732128767159173,0.9733707522299836,0.8409096348287071
Baseline,34,320,8,0.7,0.35,144,208,320,diag,cholesky_gaussian_ar,44,36,3,3,10,8.0,0.03,0.05,20.0,1e-06,1.5673575686523464,1.5062651287230842,1.420249428164988,2.1562215675358116,0.0014730003855305907,1.5047921283375534,112,0.09063826488951328,1.0248829147467158,1.025102447357763,0.8409096348287071
Baseline,34,320,8,0.7,0.35,144,208,320,diag,log_euclidean_gaussian_ar,44,36,3,3,10,8.0,0.03,0.05,20.0,1e-06,1.4037333600866087,1.3329217648119847,1.2312503973113946,2.0274125799910028,0.0014730003855305907,1.331448764426454,112,0.08933706482513155,0.9069377743664068,0.9070165647748931,0.8409096348287071
Baseline,34,320,8,0.7,0.35,144,208,320,diag,bwar_barycenter,44,36,3,3,10,8.0,0.03,0.05,20.0,1e-06,1.2518871893159196,1.2761040226911864,1.225457188860482,1.9396535338951666,0.0014730003855306759,1.2746310223056556,112,0.11814098773011011,0.8682782236381389,0.8683108821729254,0.8409096348287557
Baseline,35,320,8,0.7,0.35,144,208,320,diag,persistence,44,36,3,3,10,8.0,0.03,0.05,20.0,,1.748720845999249,1.6153145855634858,,,0.0018409964555737015,1.6134735891079122,112,0.049999999999998254,1.0,1.0,1.0
Baseline,35,320,8,0.7,0.35,144,208,320,diag,euclidean_gaussian_ar,44,36,3,3,10,8.0,0.03,0.05,20.0,1e-06,1.6844578663081238,1.5283857594180243,1.4805594800507875,2.194044627012384,0.0015273369543338275,1.5268584224636907,112,0.00924673343998829,0.946184584153224,0.9463175801395604,0.8296251465937072
Baseline,35,320,8,0.7,0.35,144,208,320,diag,cholesky_gaussian_ar,44,36,3,3,10,8.0,0.03,0.05,20.0,1e-06,1.69917834668403,1.5963966972623918,1.654830355313164,2.3616411471887635,0.0015273369543338275,1.594869360308058,112,0.09087451119857796,0.988288418571733,0.9884694556356881,0.8296251465937072
Baseline,35,320,8,0.7,0.35,144,208,320,diag,log_euclidean_gaussian_ar,44,36,3,3,10,8.0,0.03,0.05,20.0,1e-06,1.6512998892095334,1.513951642352614,1.5468189765082758,2.287967737672561,0.0015273369543338275,1.5124243053982802,112,0.09345792131067146,0.9372487909681615,0.9373715910865935,0.8296251465937072
Baseline,35,320,8,0.7,0.35,144,208,320,diag,bwar_barycenter,44,36,3,3,10,8.0,0.03,0.05,20.0,1e-06,1.5403132439269656,1.4028305735123567,1.361739140557112,2.183242053577978,0.0015273369543338379,1.401303236558023,112,0.12391975247757728,0.8684565756106225,0.8685008828268469,0.8296251465937129
Baseline,36,320,8,0.7,0.35,144,208,320,diag,persistence,44,36,3,3,10,8.0,0.03,0.05,20.0,,1.4276572723346714,1.4493365878122104,,,0.001597508968726039,1.4477390788434843,112,0.04999999999999775,1.0,1.0,1.0
Baseline,36,320,8,0.7,0.35,144,208,320,diag,euclidean_gaussian_ar,44,36,3,3,10,8.0,0.03,0.05,20.0,1e-06,1.3834882289449073,1.419797251036795,1.3529542956658709,2.067904606913812,0.0013341749881410918,1.4184630760486543,112,0.13650620369374442,0.9796187186442279,0.9797781221611999,0.8351596230505376
Baseline,36,320,8,0.7,0.35,144,208,320,diag,cholesky_gaussian_ar,44,36,3,3,10,8.0,0.03,0.05,20.0,1e-06,1.3736658387412417,1.427794548232455,1.3041693648555137,2.095560213286249,0.0013341749881410918,1.4264603732443142,112,0.08186993820063188,0.9851366206022071,0.9853021128529814,0.8351596230505376
Baseline,36,320,8,0.7,0.35,144,208,320,diag,log_euclidean_gaussian_ar,44,36,3,3,10,8.0,0.03,0.05,20.0,1e-06,1.3502027170959363,1.3744051094060965,1.2355831223449543,2.0720942744804622,0.0013341749881410918,1.3730709344179552,112,0.08644703712891519,0.9482994640194492,0.9484243082771675,0.8351596230505376
Baseline,36,320,8,0.7,0.35,144,208,320,diag,bwar_barycenter,44,36,3,3,10,8.0,0.03,0.05,20.0,1e-06,1.2616312395595621,1.2948760188827555,1.179892727978993,1.9780549640991114,0.0013341749881410972,1.2935418438946142,112,0.1115270748336796,0.8934267096902488,0.893491004558605,0.835159623050541
Baseline,37,320,8,0.7,0.35,144,208,320,diag,persistence,44,36,3,3,10,8.0,0.03,0.05,20.0,,1.6453364555443604,1.6311903886867445,,,0.0018267558564957595,1.6293636328302485,112,0.049999999999998004,1.0,1.0,1.0
Baseline,37,320,8,0.7,0.35,144,208,320,diag,euclidean_gaussian_ar,44,36,3,3,10,8.0,0.03,0.05,20.0,1e-06,1.6134928407632962,1.5596627935353087,1.4760912210939217,2.3151068392914604,0.0015517468312015146,1.5581110467041073,112,0.1807862808564049,0.9561500633846782,0.9562696842555805,0.8494549644845312
Baseline,37,320,8,0.7,0.35,144,208,320,diag,cholesky_gaussian_ar,44,36,3,3,10,8.0,0.03,0.05,20.0,1e-06,1.7085699134454513,1.657259538834017,1.5630001365059205,2.32730959640231,0.0015517468312015146,1.6557077920028154,112,0.09350926700396892,1.0159816722364705,1.0161683731254063,0.8494549644845312
Baseline,37,320,8,0.7,0.35,144,208,320,diag,log_euclidean_gaussian_ar,44,36,3,3,10,8.0,0.03,0.05,20.0,1e-06,1.6926910976164493,1.6130691872103526,1.4939341779898383,2.3474312512075586,0.0015517468312015146,1.6115174403791512,112,0.09264176825035775,0.988890811518954,0.9890471395755299,0.8494549644845312
Baseline,37,320,8,0.7,0.35,144,208,320,diag,bwar_barycenter,44,36,3,3,10,8.0,0.03,0.05,20.0,1e-06,1.4779853098302491,1.4437580322507313,1.3337674759416371,2.136212656539169,0.0015517468312015016,1.4422062854195299,112,0.12993039088467498,0.8850947395619998,0.8851346969825138,0.849454964484524
Baseline,38,320,8,0.7,0.35,144,208,320,diag,persistence,44,36,3,3,10,8.0,0.03,0.05,20.0,,1.4089611096222003,1.6878305105969649,,,0.0016376173203853518,1.6861928932765795,112,0.049999999999997186,1.0,1.0,1.0
Baseline,38,320,8,0.7,0.35,144,208,320,diag,euclidean_gaussian_ar,44,36,3,3,10,8.0,0.03,0.05,20.0,0.0001,1.3948122879019573,1.5458306240003734,1.540362882758759,2.204358905479705,0.0013732763621576022,1.5444573476382157,112,0.1691275839783187,0.9158683969124555,0.9159434568823583,0.8385819721511331
Baseline,38,320,8,0.7,0.35,144,208,320,diag,cholesky_gaussian_ar,44,36,3,3,10,8.0,0.03,0.05,20.0,1e-06,1.491193347415355,1.703921116458382,1.6626163277201025,2.5582952574222655,0.0013733812994174588,1.702547735158965,112,0.06961573465236365,1.0095333066681713,1.0096992710309702,0.8386460513829233
Baseline,38,320,8,0.7,0.35,144,208,320,diag,log_euclidean_gaussian_ar,44,36,3,3,10,8.0,0.03,0.05,20.0,1e-06,1.374710735011682,1.5669993525356791,1.5162576635340899,2.330501530900226,0.0013733812994174588,1.5656259712362615,112,0.09204304098098451,0.9284103721892376,0.9284975505939688,0.8386460513829233
Baseline,38,320,8,0.7,0.35,144,208,320,diag,bwar_barycenter,44,36,3,3,10,8.0,0.03,0.05,20.0,1e-06,1.2588415081490232,1.44564304411686,1.4433380015612944,2.138666546098226,0.001373381299417415,1.4442696628174423,112,0.12815658096540924,0.8565096051057601,0.8565269540491086,0.8386460513828965
Baseline,39,320,8,0.7,0.35,144,208,320,diag,persistence,44,36,3,3,10,8.0,0.03,0.05,20.0,,1.3632586474842472,1.5080468090785288,,,0.001513270174743069,1.5065335389037855,112,0.04999999999999845,1.0,1.0,1.0
Baseline,39,320,8,0.7,0.35,144,208,320,diag,euclidean_gaussian_ar,44,36,3,3,10,8.0,0.03,0.05,20.0,1e-06,1.3832897029510416,1.4259256892934915,1.3523538271056954,2.181005287117527,0.0012665936257401178,1.4246590956677514,112,0.1183692600684001,0.9455447143346855,0.9456537533869911,0.836991071971115
Baseline,39,320,8,0.7,0.35,144,208,320,diag,cholesky_gaussian_ar,44,36,3,3,10,8.0,0.03,0.05,20.0,1e-06,1.3947344196616447,1.4981473413302706,1.3670213536070022,2.295472352560875,0.0012665936257401178,1.4968807477045307,112,0.07056460108413683,0.9934355699778927,0.9935927140352424,0.836991071971115
Baseline,39,320,8,0.7,0.35,144,208,320,diag,log_euclidean_gaussian_ar,44,36,3,3,10,8.0,0.03,0.05,20.0,1e-06,1.3272522413802128,1.4725798557634875,1.3538484301253768,2.418022344398374,0.0012665936257401178,1.4713132621377472,112,0.08673374091783853,0.9764815302140967,0.9766216444197677,0.836991071971115
Baseline,39,320,8,0.7,0.35,144,208,320,diag,bwar_barycenter,44,36,3,3,10,8.0,0.03,0.05,20.0,1e-06,1.235792012699339,1.3368103557134066,1.2305152274926732,2.191018224505117,0.0012665936257401059,1.335543762087666,112,0.12512965928184472,0.8864514998246281,0.8865011814204027,0.8369910719711071
Baseline,40,320,8,0.7,0.35,144,208,320,diag,persistence,44,36,3,3,10,8.0,0.03,0.05,20.0,,1.5862140517297747,1.6284933839899496,,,0.0016889249605637616,1.6268044590293855,112,0.04999999999999835,1.0,1.0,1.0
Baseline,40,320,8,0.7,0.35,144,208,320,diag,euclidean_gaussian_ar,44,36,3,3,10,8.0,0.03,0.05,20.0,0.01,1.5169030277827122,1.5549634351214643,1.452055930675449,2.3490110664057378,0.00153247709267257,1.5534309580287915,112,0.1256027907162126,0.9548478676110242,0.954897160139104,0.9073683724592657
Baseline,40,320,8,0.7,0.35,144,208,320,diag,cholesky_gaussian_ar,44,36,3,3,10,8.0,0.03,0.05,20.0,1e-06,1.6102163314138758,1.5627283705657138,1.4963887209745401,2.362712415570185,0.0015080384143380274,1.561220332151376,112,0.0735392490051639,0.9596160389285059,0.9596853042085097,0.8928984114454946
Baseline,40,320,8,0.7,0.35,144,208,320,diag,log_euclidean_gaussian_ar,44,36,3,3,10,8.0,0.03,0.05,20.0,1e-06,1.5376785478087927,1.4972152560931347,1.3873051505766343,2.3512387099944148,0.0015080384143380274,1.4957072176787969,112,0.08695665695935538,0.9193867600645867,0.9194142598866453,0.8928984114454946
Baseline,40,320,8,0.7,0.35,144,208,320,diag,bwar_barycenter,44,36,3,3,10,8.0,0.03,0.05,20.0,1e-06,1.410617792489909,1.4095158292110999,1.3139162452250128,2.2141688062931353,0.0015080384143380276,1.4080077907967616,112,0.11177672644124612,0.8655336540315959,0.8655052443345487,0.8928984114454948
Baseline,41,320,8,0.7,0.35,144,208,320,diag,persistence,44,36,3,3,10,8.0,0.03,0.05,20.0,,1.7817497125350372,1.5030511356434453,,,0.0019872690090608288,1.5010638666343843,112,0.04999999999999871,1.0,1.0,1.0
Baseline,41,320,8,0.7,0.35,144,208,320,diag,euclidean_gaussian_ar,44,36,3,3,10,8.0,0.03,0.05,20.0,0.001,1.651625167983764,1.4541238650171242,1.3954830189880618,2.148053526661177,0.001678622816681917,1.4524452422004424,112,0.2314731277903255,0.9674480332265105,0.9676105557434059,0.844688267682101
Baseline,41,320,8,0.7,0.35,144,208,320,diag,cholesky_gaussian_ar,44,36,3,3,10,8.0,0.03,0.05,20.0,1e-06,1.6430653954680539,1.4824434379546232,1.3998918692411237,2.227772283613863,0.0016781716468362538,1.4807652663077868,112,0.06705650739501115,0.9862894234267019,0.9864771907593045,0.8444612376003123
Baseline,41,320,8,0.7,0.35,144,208,320,diag,log_euclidean_gaussian_ar,44,36,3,3,10,8.0,0.03,0.05,20.0,1e-06,1.6278081327404899,1.4368677927131814,1.2954473568801415,2.194278840256228,0.0016781716468362538,1.435189621066345,112,0.09338987137262203,0.9559673377965738,0.9561149615067749,0.8444612376003123
Baseline,41,320,8,0.7,0.35,144,208,320,diag,bwar_barycenter,44,36,3,3,10,8.0,0.03,0.05,20.0,1e-06,1.521794733444609,1.3117733415056798,1.184350874006727,1.9792138525265421,0.0016781716468362608,1.3100951698588437,112,0.12841502410512892,0.8727403282551124,0.8727777671420992,0.8444612376003159
Baseline,42,320,8,0.7,0.35,144,208,320,diag,persistence,44,36,3,3,10,8.0,0.03,0.05,20.0,,1.5259329873297243,1.6818559125738908,,,0.001701779794784582,1.6801541327791065,112,0.049999999999998365,1.0,1.0,1.0
Baseline,42,320,8,0.7,0.35,144,208,320,diag,euclidean_gaussian_ar,44,36,3,3,10,8.0,0.03,0.05,20.0,1e-06,1.6199466361250714,1.643100698130895,1.5821325661152343,2.34368038103933,0.0014190977762292948,1.641681600354666,112,0.16467819191526048,0.9769568759408853,0.9771017838935979,0.8338903661792094
Baseline,42,320,8,0.7,0.35,144,208,320,diag,cholesky_gaussian_ar,44,36,3,3,10,8.0,0.03,0.05,20.0,1e-06,1.605252423072979,1.6974301494578914,1.58981657053014,2.496166581569888,0.0014190977762292948,1.696011051681662,112,0.08492403542474503,1.0092601493193112,1.009437776328489,0.8338903661792094
Baseline,42,320,8,0.7,0.35,144,208,320,diag,log_euclidean_gaussian_ar,44,36,3,3,10,8.0,0.03,0.05,20.0,1e-06,1.517565310558481,1.6260608196640278,1.6031748473346132,2.3052962864035713,0.0014190977762292948,1.6246417218877984,112,0.10052606277122517,0.9668252836091797,0.9669599295634346,0.8338903661792094
Baseline,42,320,8,0.7,0.35,144,208,320,diag,bwar_barycenter,44,36,3,3,10,8.0,0.03,0.05,20.0,1e-06,1.4112603665213879,1.4876879733348534,1.4315649609290761,2.099131019413123,0.0014190977762293497,1.486268875558624,112,0.13719755895484856,0.8845513829172885,0.8846026960039785,0.8338903661792416
Baseline,43,320,8,0.7,0.35,144,208,320,diag,persistence,44,36,3,3,10,8.0,0.03,0.05,20.0,,1.546014786234133,1.5108924469730802,,,0.0016324054707598235,1.5092600415023203,112,0.04999999999999868,1.0,1.0,1.0
Baseline,43,320,8,0.7,0.35,144,208,320,diag,euclidean_gaussian_ar,44,36,3,3,10,8.0,0.03,0.05,20.0,1e-06,1.5170229650589537,1.5237997545833324,1.4271292443519432,2.4090630267925,0.0013897575201423473,1.5224099970631901,112,0.061876517763942575,1.0085428368088745,1.008712849475416,0.8513555884467033
Baseline,43,320,8,0.7,0.35,144,208,320,diag,cholesky_gaussian_ar,44,36,3,3,10,8.0,0.03,0.05,20.0,1e-06,1.5213157706194158,1.4995154078594919,1.3801574820887943,2.548804723525396,0.0013897575201423473,1.498125650339349,112,0.09675416256543412,0.9924699874326719,0.9926226158138474,0.8513555884467033
Baseline,43,320,8,0.7,0.35,144,208,320,diag,log_euclidean_gaussian_ar,44,36,3,3,10,8.0,0.03,0.05,20.0,1e-06,1.4994950800621567,1.4749888992001188,1.266506589191824,2.6549897864094394,0.0013897575201423473,1.4735991416799763,112,0.09406737414125906,0.9762368606416092,0.9763719313824495,0.8513555884467033
Baseline,43,320,8,0.7,0.35,144,208,320,diag,bwar_barycenter,44,36,3,3,10,8.0,0.03,0.05,20.0,1e-06,1.3661396789209796,1.367714515271001,1.221468469635175,2.4420134895924996,0.0013897575201423187,1.3663247577508586,112,0.12125537446304342,0.9052361854154996,0.9052944623053932,0.8513555884466858
Baseline,44,320,8,0.7,0.35,144,208,320,diag,persistence,44,36,3,3,10,8.0,0.03,0.05,20.0,,1.541901214871518,1.4008307239990276,,,0.0015187114763779877,1.3993120125226497,112,0.04999999999999832,1.0,1.0,1.0
Baseline,44,320,8,0.7,0.35,144,208,320,diag,euclidean_gaussian_ar,44,36,3,3,10,8.0,0.03,0.05,20.0,1e-06,1.4684193333951203,1.4002550346899574,1.254654089751295,2.2280572960894416,0.0013910254169269413,1.3988640092730305,112,0.057262866710909556,0.9995890372054185,0.9996798403461058,0.9159247418373581
Baseline,44,320,8,0.7,0.35,144,208,320,diag,cholesky_gaussian_ar,44,36,3,3,10,8.0,0.03,0.05,20.0,1e-06,1.542506466115513,1.4504178121911264,1.3142697008121869,2.2889937730016974,0.0013910254169269413,1.4490267867741993,112,0.08260059520955652,1.035398344241437,1.0355280121993127,0.9159247418373581
Baseline,44,320,8,0.7,0.35,144,208,320,diag,log_euclidean_gaussian_ar,44,36,3,3,10,8.0,0.03,0.05,20.0,1e-06,1.6079232351057198,1.4565944860333004,1.3297132066635982,2.495765246037409,0.0013910254169269413,1.4552034606163737,112,0.08917772980139851,1.0398076377673107,1.0399420912516602,0.9159247418373581
Baseline,44,320,8,0.7,0.35,144,208,320,diag,bwar_barycenter,44,36,3,3,10,8.0,0.03,0.05,20.0,1e-06,1.3832666832978502,1.2746042319682698,1.1274613386835641,2.1648432508332878,0.0013910254169269343,1.2732132065513428,112,0.1127903632382723,0.909891687933277,0.9098851400953969,0.9159247418373535
Baseline,45,320,8,0.7,0.35,144,208,320,diag,persistence,44,36,3,3,10,8.0,0.03,0.05,20.0,,1.4332773872016948,1.3526807830772742,,,0.0017321514218306372,1.3509486316554438,112,0.04999999999999806,1.0,1.0,1.0
Baseline,45,320,8,0.7,0.35,144,208,320,diag,euclidean_gaussian_ar,44,36,3,3,10,8.0,0.03,0.05,20.0,1e-06,1.3499934478950313,1.3355965896088369,1.306689032240525,1.9638931869117313,0.0014726776259606123,1.334123911982876,112,0.16514328348762086,0.9873701218482813,0.9875459959924969,0.8502014358561112
Baseline,45,320,8,0.7,0.35,144,208,320,diag,cholesky_gaussian_ar,44,36,3,3,10,8.0,0.03,0.05,20.0,1e-06,1.3802861615676414,1.3389682387680837,1.2720192905839534,2.082605068448559,0.0014726776259606123,1.337495561142123,112,0.07306370870407934,0.9898626900886436,0.9900417601394397,0.8502014358561112
Baseline,45,320,8,0.7,0.35,144,208,320,diag,log_euclidean_gaussian_ar,44,36,3,3,10,8.0,0.03,0.05,20.0,1e-06,1.3300165134824977,1.3120380094993374,1.2719267952694158,1.9976306336479697,0.0014726776259606123,1.3105653318733768,112,0.09189673890172062,0.9699539062826953,0.9701074498054144,0.8502014358561112
Baseline,45,320,8,0.7,0.35,144,208,320,diag,bwar_barycenter,44,36,3,3,10,8.0,0.03,0.05,20.0,1e-06,1.2466519092259325,1.220627625259022,1.1571382414723053,1.9424365244149286,0.0014726776259605602,1.2191549476330614,112,0.1309394847379272,0.9023767030105665,0.9024436007897034,0.8502014358560811
Baseline,46,320,8,0.7,0.35,144,208,320,diag,persistence,44,36,3,3,10,8.0,0.03,0.05,20.0,,1.501737074382408,1.8315718110860362,,,0.0017465745710496439,1.8298252365149865,112,0.04999999999999838,1.0,1.0,1.0
Baseline,46,320,8,0.7,0.35,144,208,320,diag,euclidean_gaussian_ar,44,36,3,3,10,8.0,0.03,0.05,20.0,1e-06,1.6109352070440544,1.6976255660369124,1.6310057454979106,2.588556102392916,0.0014352845276082804,1.6961902815093044,112,0.1461279292369896,0.9268681444874936,0.9269684599715118,0.8217711120949811
Baseline,46,320,8,0.7,0.35,144,208,320,diag,cholesky_gaussian_ar,44,36,3,3,10,8.0,0.03,0.05,20.0,1e-06,1.6547165288272891,1.7956312703848434,1.6916278216111975,2.8581332442801144,0.0014352845276082804,1.794195985857235,112,0.065413430095735,0.9803772145412734,0.980528604619308,0.8217711120949811
Baseline,46,320,8,0.7,0.35,144,208,320,diag,log_euclidean_gaussian_ar,44,36,3,3,10,8.0,0.03,0.05,20.0,1e-06,1.6380375838363195,1.746408244322614,1.6243105049030797,2.919558423821933,0.0014352845276082804,1.7449729597950063,112,0.09641384082447978,0.953502469164491,0.9536282072043194,0.8217711120949811
Baseline,46,320,8,0.7,0.35,144,208,320,diag,bwar_barycenter,44,36,3,3,10,8.0,0.03,0.05,20.0,1e-06,1.4250888625564453,1.5800966048878213,1.4482290399569986,2.6111301469051984,0.0014352845276082813,1.5786613203602131,112,0.1336062636929276,0.8626997834995604,0.8627388500591836,0.8217711120949815
Baseline,47,320,8,0.7,0.35,144,208,320,diag,persistence,44,36,3,3,10,8.0,0.03,0.05,20.0,,1.394742269817728,1.605219633294082,,,0.001435449026322436,1.6037841842677598,112,0.04999999999999826,1.0,1.0,1.0
Baseline,47,320,8,0.7,0.35,144,208,320,diag,euclidean_gaussian_ar,44,36,3,3,10,8.0,0.03,0.05,20.0,1e-06,1.4780841147047743,1.555873453235338,1.4594908583291186,2.2765794351856115,0.0012202893717128875,1.5546531638636252,112,0.11109146808529657,0.9692589231808233,0.9693655662114125,0.8501098606331016
Baseline,47,320,8,0.7,0.35,144,208,320,diag,cholesky_gaussian_ar,44,36,3,3,10,8.0,0.03,0.05,20.0,1e-06,1.4870085818938423,1.6678629555313942,1.605077869057524,2.410947963904096,0.0012202893717128875,1.6666426661596814,112,0.09821514046057248,1.0390247670399853,1.0391938532057672,0.8501098606331016
Baseline,47,320,8,0.7,0.35,144,208,320,diag,log_euclidean_gaussian_ar,44,36,3,3,10,8.0,0.03,0.05,20.0,1e-06,1.3217518688469512,1.5652130343477348,1.497821685018366,2.348852024784455,0.0012202893717128875,1.5639927449760218,112,0.09716990139089196,0.9750771806445891,0.9751890312411918,0.8501098606331016
Baseline,47,320,8,0.7,0.35,144,208,320,diag,bwar_barycenter,44,36,3,3,10,8.0,0.03,0.05,20.0,1e-06,1.2520674611594353,1.415806331837322,1.3385619153839445,2.237084483566803,0.001220289371712923,1.4145860424656092,112,0.12785493520721364,0.8820016292299742,0.8820301735993656,0.8501098606331263
Baseline,48,320,8,0.7,0.35,144,208,320,diag,persistence,44,36,3,3,10,8.0,0.03,0.05,20.0,,1.6959665453830075,1.6211641581549672,,,0.0014498517759476775,1.6197143063790196,112,0.04999999999999808,1.0,1.0,1.0
Baseline,48,320,8,0.7,0.35,144,208,320,diag,euclidean_gaussian_ar,44,36,3,3,10,8.0,0.03,0.05,20.0,1e-06,1.692186012593829,1.5453668919838213,1.4898272628604528,2.1868769576246394,0.0012352320371278403,1.5441316599466932,112,0.036454552861484475,0.9532451628727037,0.9533358159925768,0.8519712550067032
Baseline,48,320,8,0.7,0.35,144,208,320,diag,cholesky_gaussian_ar,44,36,3,3,10,8.0,0.03,0.05,20.0,1e-06,1.7977116078901751,1.6003657782622855,1.5713016844659355,2.2756352773628383,0.0012352320371278403,1.5991305462251577,112,0.07950155928332972,0.9871707132260116,0.9872917340590278,0.8519712550067032
Baseline,48,320,8,0.7,0.35,144,208,320,diag,log_euclidean_gaussian_ar,44,36,3,3,10,8.0,0.03,0.05,20.0,1e-06,1.8191755241522611,1.5890862213178125,1.5557025862478358,2.241125367905789,0.0012352320371278403,1.5878509892806847,112,0.08322129911171171,0.9802130236621674,0.9803278164718027,0.8519712550067032
Baseline,48,320,8,0.7,0.35,144,208,320,diag,bwar_barycenter,44,36,3,3,10,8.0,0.03,0.05,20.0,1e-06,1.5510219434448347,1.4251136727232774,1.4116481401260081,2.1144174401351927,0.001235232037127734,1.4238784406861495,112,0.10916463887295681,0.8790680854585305,0.8790923405926603,0.85197125500663
Baseline,49,320,8,0.7,0.35,144,208,320,diag,persistence,44,36,3,3,10,8.0,0.03,0.05,20.0,,1.4790028341627979,1.5087019056177624,,,0.001819686011140665,1.506882219606622,112,0.049999999999998136,1.0,1.0,1.0
Baseline,49,320,8,0.7,0.35,144,208,320,diag,euclidean_gaussian_ar,44,36,3,3,10,8.0,0.03,0.05,20.0,1e-06,1.5271841545721057,1.4802457420567419,1.3504489887557933,2.1714147590739032,0.0015322905204476459,1.478713451536294,112,0.1297142528637044,0.9811386441184557,0.9813065893911194,0.8420631422489938
Baseline,49,320,8,0.7,0.35,144,208,320,diag,cholesky_gaussian_ar,44,36,3,3,10,8.0,0.03,0.05,20.0,1e-06,1.5375918487048523,1.520133970078037,1.3581017942926434,2.25578884295027,0.0015322905204476459,1.5186016795575894,112,0.09905503084152802,1.0075774176579921,1.0077772899556985,0.8420631422489938
Baseline,49,320,8,0.7,0.35,144,208,320,diag,log_euclidean_gaussian_ar,44,36,3,3,10,8.0,0.03,0.05,20.0,1e-06,1.4572275112157707,1.4220299708241946,1.305539316852666,2.2291864489137154,0.0015322905204476459,1.4204976803037472,112,0.09862419186385256,0.9425519816268286,0.9426733302849469,0.8420631422489938
Baseline,49,320,8,0.7,0.35,144,208,320,diag,bwar_barycenter,44,36,3,3,10,8.0,0.03,0.05,20.0,1e-06,1.3613032390241648,1.325444846844904,1.2132911607557935,2.0179852840626484,0.0015322905204477194,1.3239125563244565,112,0.12906836449934336,0.8785332887229166,0.8785773294677731,0.8420631422490341
Shorter series,0,200,8,0.7,0.35,90,130,200,diag,persistence,44,36,3,3,10,8.0,0.03,0.05,20.0,,1.620134778911849,1.7003714244648158,,,0.001687616482399698,1.698683807982416,70,0.0499999999999982,1.0,1.0,1.0
Shorter series,0,200,8,0.7,0.35,90,130,200,diag,euclidean_gaussian_ar,44,36,3,3,10,8.0,0.03,0.05,20.0,1e-06,1.6502533490943698,1.6075806910557175,1.590028963044284,2.256866700337771,0.00147171814612384,1.6061089729095939,70,0.058947631249958075,0.9454291385552402,0.94550202065988,0.8720690758075185
Shorter series,0,200,8,0.7,0.35,90,130,200,diag,cholesky_gaussian_ar,44,36,3,3,10,8.0,0.03,0.05,20.0,1e-06,1.6719072893968956,1.6194075881178525,1.543039676922402,2.348387802465416,0.00147171814612384,1.6179358699717283,70,0.08311139173880693,0.9523846171594854,0.9524644094261459,0.8720690758075185
Shorter series,0,200,8,0.7,0.35,90,130,200,diag,log_euclidean_gaussian_ar,44,36,3,3,10,8.0,0.03,0.05,20.0,1e-06,1.691958602326134,1.632280810426872,1.5827981221054617,2.391183170979744,0.00147171814612384,1.6308090922807486,70,0.09667422055276054,0.9599554467581252,0.9600427605286445,0.8720690758075185
Shorter series,0,200,8,0.7,0.35,90,130,200,diag,bwar_barycenter,44,36,3,3,10,8.0,0.03,0.05,20.0,1e-06,1.5110993391318213,1.4821103714292545,1.4449614379440614,2.1571463975887673,0.0014717181461238395,1.4806386532831306,70,0.14045482493467443,0.8716391901820757,0.8716387630972564,0.8720690758075182
Shorter series,1,200,8,0.7,0.35,90,130,200,diag,persistence,44,36,3,3,10,8.0,0.03,0.05,20.0,,1.5491102517541406,1.7162723297426046,,,0.0017308175743610404,1.7145415121682437,70,0.04999999999999899,1.0,1.0,1.0
Shorter series,1,200,8,0.7,0.35,90,130,200,diag,euclidean_gaussian_ar,44,36,3,3,10,8.0,0.03,0.05,20.0,1e-06,1.5770458643949339,1.6042656619741613,1.4466907063919487,2.424785340720712,0.0014557294830681335,1.6028099324910936,70,0.15752769916200707,0.9347384061215732,0.9348329691149606,0.8410646532784021
Shorter series,1,200,8,0.7,0.35,90,130,200,diag,cholesky_gaussian_ar,44,36,3,3,10,8.0,0.03,0.05,20.0,1e-06,1.7556150486101068,1.645729644091482,1.552748872510422,2.3038243382955117,0.0014557294830681335,1.644273914608414,70,0.09940802694278572,0.9588977317709817,0.9590166834333641,0.8410646532784021
Shorter series,1,200,8,0.7,0.35,90,130,200,diag,log_euclidean_gaussian_ar,44,36,3,3,10,8.0,0.03,0.05,20.0,1e-06,1.7388546887086698,1.5902138571691327,1.5210592289181406,2.2395533517767614,0.0014557294830681335,1.588758127686064,70,0.11174311097028006,0.926551008025412,0.9266373058981165,0.8410646532784021
Shorter series,1,200,8,0.7,0.35,90,130,200,diag,bwar_barycenter,44,36,3,3,10,8.0,0.03,0.05,20.0,1e-06,1.4745519391696067,1.470654682727577,1.3877658016358325,2.1912540774959726,0.001455729483068204,1.4691989532445089,70,0.15219204256208557,0.8568888848473927,0.85690485929765,0.8410646532784428
Shorter series,2,200,8,0.7,0.35,90,130,200,diag,persistence,44,36,3,3,10,8.0,0.03,0.05,20.0,,1.3540254898654556,1.626716402011187,,,0.0017855922641523022,1.6249308097470352,70,0.049999999999998726,1.0,1.0,1.0
Shorter series,2,200,8,0.7,0.35,90,130,200,diag,euclidean_gaussian_ar,44,36,3,3,10,8.0,0.03,0.05,20.0,1e-06,1.4416748505355699,1.4845287448858318,1.3515600267392156,2.2095239899261894,0.001460607857004575,1.483068137028827,70,0.1365314269495617,0.9125922275391323,0.9126961764357875,0.8179962953065261
Shorter series,2,200,8,0.7,0.35,90,130,200,diag,cholesky_gaussian_ar,44,36,3,3,10,8.0,0.03,0.05,20.0,1e-06,1.4024660611630875,1.550213462371485,1.3774185557541203,2.395526186016332,0.001460607857004575,1.5487528545144804,70,0.08258873244396549,0.9529709422336199,0.9531192622014386,0.8179962953065261
Shorter series,2,200,8,0.7,0.35,90,130,200,diag,log_euclidean_gaussian_ar,44,36,3,3,10,8.0,0.03,0.05,20.0,1e-06,1.3579912793273692,1.5015113796222652,1.3509306465025155,2.391087413125006,0.001460607857004575,1.5000507717652605,70,0.08586600995387221,0.9230320526465923,0.9231474735830656,0.8179962953065261
Shorter series,2,200,8,0.7,0.35,90,130,200,diag,bwar_barycenter,44,36,3,3,10,8.0,0.03,0.05,20.0,1e-06,1.2442746869483787,1.3760488958360182,1.2572484510353736,2.1939492161001786,0.0014606078570045245,1.374588287979014,70,0.12082230205269175,0.8459058346831343,0.8459365037167373,0.8179962953064978
Shorter series,3,200,8,0.7,0.35,90,130,200,diag,persistence,44,36,3,3,10,8.0,0.03,0.05,20.0,,1.3434851514524415,1.3300552625587587,,,0.0013876564501419896,1.3286676061086167,70,0.049999999999997914,1.0,1.0,1.0
Shorter series,3,200,8,0.7,0.35,90,130,200,diag,euclidean_gaussian_ar,44,36,3,3,10,8.0,0.03,0.05,20.0,1e-06,1.3665912470948585,1.3605930253317151,1.1758156790223888,2.3381605021132876,0.0011751334149569773,1.3594178919167574,70,0.25178980811574847,1.0229597698927244,1.0231437010029933,0.846847513904997
Shorter series,3,200,8,0.7,0.35,90,130,200,diag,cholesky_gaussian_ar,44,36,3,3,10,8.0,0.03,0.05,20.0,1e-06,1.7820241073134646,1.3811887322769132,1.1456819646831842,2.4116333004185773,0.0011751334149569773,1.3800135988619562,70,0.09055731141474078,1.0384446204286157,1.0386447238701944,0.846847513904997
Shorter series,3,200,8,0.7,0.35,90,130,200,diag,log_euclidean_gaussian_ar,44,36,3,3,10,8.0,0.03,0.05,20.0,1e-06,1.4143177618543283,1.2265845937511795,1.0239534758534634,2.1813914744856984,0.0011751334149569773,1.2254094603362222,70,0.09068610116558747,0.922205737069509,0.922284440971045,0.846847513904997
Shorter series,3,200,8,0.7,0.35,90,130,200,diag,bwar_barycenter,44,36,3,3,10,8.0,0.03,0.05,20.0,1e-06,1.2467949664326226,1.1875392067961792,1.025185688414582,2.0900448864929246,0.0011751334149569742,1.1863640733812222,70,0.13521064736707697,0.8928495230428191,0.8928975674027524,0.8468475139049948
Shorter series,4,200,8,0.7,0.35,90,130,200,diag,persistence,44,36,3,3,10,8.0,0.03,0.05,20.0,,1.5377444892672614,1.4657152249421599,,,0.0015910553489766302,1.4641241695931835,70,0.04999999999999866,1.0,1.0,1.0
Shorter series,4,200,8,0.7,0.35,90,130,200,diag,euclidean_gaussian_ar,44,36,3,3,10,8.0,0.03,0.05,20.0,1e-06,1.5650096850892776,1.4625760814836604,1.4802301255848618,2.1337450590645433,0.0013695086645123076,1.461206572819148,70,0.06920836461629883,0.9978582855625154,0.9980072750422212,0.8607548853615797
Shorter series,4,200,8,0.7,0.35,90,130,200,diag,cholesky_gaussian_ar,44,36,3,3,10,8.0,0.03,0.05,20.0,1e-06,1.581296012858337,1.394249519304029,1.3346229509683636,2.1323401360601575,0.0013695086645123076,1.3928800106395167,70,0.09175004176243415,0.9512417525437445,0.9513400841040263,0.8607548853615797
Shorter series,4,200,8,0.7,0.35,90,130,200,diag,log_euclidean_gaussian_ar,44,36,3,3,10,8.0,0.03,0.05,20.0,1e-06,1.5378571351461887,1.3530310342131233,1.3311187044329524,2.120283290821675,0.0013695086645123076,1.351661525548611,70,0.09326888773584749,0.9231199971102959,0.9231877689200221,0.8607548853615797
Shorter series,4,200,8,0.7,0.35,90,130,200,diag,bwar_barycenter,44,36,3,3,10,8.0,0.03,0.05,20.0,1e-06,1.371683099766975,1.2880763789803666,1.2397375067302847,1.9423216302877553,0.0013695086645122499,1.2867068703158546,70,0.1222299433183483,0.8788039839261387,0.8788235977781683,0.8607548853615434
Shorter series,5,200,8,0.7,0.35,90,130,200,diag,persistence,44,36,3,3,10,8.0,0.03,0.05,20.0,,1.4086729486458391,1.451737746004678,,,0.0014705340695265524,1.4502672119351514,70,0.049999999999997484,1.0,1.0,1.0
Shorter series,5,200,8,0.7,0.35,90,130,200,diag,euclidean_gaussian_ar,44,36,3,3,10,8.0,0.03,0.05,20.0,1e-06,1.3322735941514994,1.380946877261104,1.2449131518802523,2.05688458375938,0.0012571432711594654,1.3796897339899448,70,0.1909064594147645,0.9512371508294819,0.9513348454930369,0.8548889122740356
Shorter series,5,200,8,0.7,0.35,90,130,200,diag,cholesky_gaussian_ar,44,36,3,3,10,8.0,0.03,0.05,20.0,1e-06,1.2893986864099731,1.5072768717535636,1.3977155336797367,2.2949220259084977,0.0012571432711594654,1.5060197284824042,70,0.07811179435185775,1.0382569964180752,1.0384429269919575,0.8548889122740356
Shorter series,5,200,8,0.7,0.35,90,130,200,diag,log_euclidean_gaussian_ar,44,36,3,3,10,8.0,0.03,0.05,20.0,1e-06,1.2235762761565383,1.41684144746964,1.2652326677677048,2.207302687726566,0.0012571432711594654,1.4155843041984808,70,0.09281232553030906,0.9759623949772774,0.9760851604095829,0.8548889122740356
Shorter series,5,200,8,0.7,0.35,90,130,200,diag,bwar_barycenter,44,36,3,3,10,8.0,0.03,0.05,20.0,1e-06,1.1788287043483794,1.2842688821732584,1.147290731455557,2.0181490427142528,0.0012571432711594851,1.2830117389020987,70,0.11719450199552098,0.8846424815416489,0.8846726509041898,0.854888912274049
Shorter series,6,200,8,0.7,0.35,90,130,200,diag,persistence,44,36,3,3,10,8.0,0.03,0.05,20.0,,1.3014804137236065,1.4277295161736463,,,0.0016207730229754799,1.4261087431506707,70,0.04999999999999727,1.0,1.0,1.0
Shorter series,6,200,8,0.7,0.35,90,130,200,diag,euclidean_gaussian_ar,44,36,3,3,10,8.0,0.03,0.05,20.0,1e-06,1.2169321720074258,1.366680802367816,1.2270615142752503,1.836684482815183,0.00135634550655195,1.3653244568612646,70,0.07589674529098962,0.957240700626935,0.9573775235715077,0.8368509885868638
Shorter series,6,200,8,0.7,0.35,90,130,200,diag,cholesky_gaussian_ar,44,36,3,3,10,8.0,0.03,0.05,20.0,1e-06,1.441667619528932,1.538121080507573,1.4178261900619749,2.1715020433415484,0.00135634550655195,1.5367647350010207,70,0.08359805415034181,1.0773196625014652,1.0775929552229517,0.8368509885868638
Shorter series,6,200,8,0.7,0.35,90,130,200,diag,log_euclidean_gaussian_ar,44,36,3,3,10,8.0,0.03,0.05,20.0,1e-06,1.2374387547762964,1.4197588755024986,1.3005639494830057,2.043994922620264,0.00135634550655195,1.4184025299959464,70,0.08208294960633179,0.9944172614064117,0.9945963355236859,0.8368509885868638
Shorter series,6,200,8,0.7,0.35,90,130,200,diag,bwar_barycenter,44,36,3,3,10,8.0,0.03,0.05,20.0,1e-06,1.152091077478157,1.2874312812009836,1.158005797337895,1.8388194163487244,0.0013563455065519648,1.2860749356944319,70,0.11394921706386388,0.9017333231656751,0.901807061958778,0.8368509885868729
Shorter series,7,200,8,0.7,0.35,90,130,200,diag,persistence,44,36,3,3,10,8.0,0.03,0.05,20.0,,1.9021411995580386,1.5974284498746592,,,0.0015468560172798673,1.595881593857379,70,0.0499999999999991,1.0,1.0,1.0
Shorter series,7,200,8,0.7,0.35,90,130,200,diag,euclidean_gaussian_ar,44,36,3,3,10,8.0,0.03,0.05,20.0,1e-06,1.7077154919099073,1.6076919789269108,1.5469919093686113,2.3640740119479062,0.0013403124562929361,1.606351666470618,70,0.15375994993283634,1.0064250320902053,1.0065606826054883,0.8664752512970559
Shorter series,7,200,8,0.7,0.35,90,130,200,diag,cholesky_gaussian_ar,44,36,3,3,10,8.0,0.03,0.05,20.0,1e-06,1.790636321346873,1.5708088794358515,1.5105585272704054,2.260116363239626,0.0013403124562929361,1.5694685669795587,70,0.08319459633049539,0.9833359857583003,0.9834492565241149,0.8664752512970559
Shorter series,7,200,8,0.7,0.35,90,130,200,diag,log_euclidean_gaussian_ar,44,36,3,3,10,8.0,0.03,0.05,20.0,1e-06,1.6767190358062565,1.470039879192837,1.3461803881958896,2.2764671323743078,0.0013403124562929361,1.4686995667365437,70,0.10483574691572028,0.920253974009404,0.9203061006465864,0.8664752512970559
Shorter series,7,200,8,0.7,0.35,90,130,200,diag,bwar_barycenter,44,36,3,3,10,8.0,0.03,0.05,20.0,1e-06,1.5901629641068589,1.4098218974884529,1.320541227504175,2.2296163046031614,0.0013403124562928832,1.4084815850321597,70,0.15046950457474337,0.8825571483962699,0.8825727362565429,0.8664752512970217
Shorter series,8,200,8,0.7,0.35,90,130,200,diag,persistence,44,36,3,3,10,8.0,0.03,0.05,20.0,,1.4443057850967183,1.3665091260948419,,,0.0017541961462915851,1.36475492994855,70,0.04999999999999707,1.0,1.0,1.0
Shorter series,8,200,8,0.7,0.35,90,130,200,diag,euclidean_gaussian_ar,44,36,3,3,10,8.0,0.03,0.05,20.0,1e-06,1.5215633242440187,1.4306730471088869,1.344105597979312,2.0448078139954733,0.0013853488046960476,1.4292876983041907,70,9.999999358074756e-09,1.046954623126016,1.047285242895641,0.7897342652500463
Shorter series,8,200,8,0.7,0.35,90,130,200,diag,cholesky_gaussian_ar,44,36,3,3,10,8.0,0.03,0.05,20.0,1e-06,1.4672449562781935,1.4056134634431185,1.293509080107344,2.157887329261294,0.0013853488046960476,1.4042281146384228,70,0.10412730332030241,1.0286162284623943,1.0289232768636059,0.7897342652500463
Shorter series,8,200,8,0.7,0.35,90,130,200,diag,log_euclidean_gaussian_ar,44,36,3,3,10,8.0,0.03,0.05,20.0,1e-06,1.3927435577065408,1.3651814834095128,1.1458473660901647,2.139202845839867,0.0013853488046960476,1.363796134604817,70,0.09398066797118687,0.9990284421377242,0.9992974596957352,0.7897342652500463
Shorter series,8,200,8,0.7,0.35,90,130,200,diag,bwar_barycenter,44,36,3,3,10,8.0,0.03,0.05,20.0,1e-06,1.3324476635297287,1.2600254829875863,1.116801566699698,1.872650191249364,0.0013853488046959748,1.2586401341828908,70,0.135688588771882,0.922076156628708,0.9222462630930671,0.7897342652500047
Shorter series,9,200,8,0.7,0.35,90,130,200,diag,persistence,44,36,3,3,10,8.0,0.03,0.05,20.0,,1.4092424536271615,1.6377012211166082,,,0.0015814452075121972,1.636119775909096,70,0.04999999999999824,1.0,1.0,1.0
Shorter series,9,200,8,0.7,0.35,90,130,200,diag,euclidean_gaussian_ar,44,36,3,3,10,8.0,0.03,0.05,20.0,1e-06,1.3796444217070607,1.5852913725097606,1.5133015711049818,2.371210195175347,0.0013471769975641516,1.5839441955121965,70,0.052658344858957686,0.9679979180994236,0.9681101706823948,0.8518644788733607
Shorter series,9,200,8,0.7,0.35,90,130,200,diag,cholesky_gaussian_ar,44,36,3,3,10,8.0,0.03,0.05,20.0,1e-06,1.4325870518475259,1.5343378535806202,1.4748679759239858,2.577630137779855,0.0013471769975641516,1.5329906765830559,70,0.07877650689484866,0.9368850885599797,0.9369672680175647,0.8518644788733607
Shorter series,9,200,8,0.7,0.35,90,130,200,diag,log_euclidean_gaussian_ar,44,36,3,3,10,8.0,0.03,0.05,20.0,1e-06,1.3961927475786358,1.5307074443381,1.4614332175582339,2.464446439389738,0.0013471769975641516,1.5293602673405364,70,0.09781550652311416,0.9346683171515507,0.9347483539160576,0.8518644788733607
Shorter series,9,200,8,0.7,0.35,90,130,200,diag,bwar_barycenter,44,36,3,3,10,8.0,0.03,0.05,20.0,1e-06,1.2503482984394962,1.4316247937304603,1.4056463672468198,2.2460562131180857,0.0013471769975642615,1.4302776167328959,70,0.1373178846125786,0.8741672627894592,0.8741888202764216,0.8518644788734302
Shorter series,10,200,8,0.7,0.35,90,130,200,diag,persistence,44,36,3,3,10,8.0,0.03,0.05,20.0,,1.6010461252908528,1.5106932224881786,,,0.0016486153476972343,1.5090446071404817,70,0.04999999999999704,1.0,1.0,1.0
Shorter series,10,200,8,0.7,0.35,90,130,200,diag,euclidean_gaussian_ar,44,36,3,3,10,8.0,0.03,0.05,20.0,0.0001,1.7236447945533093,1.5026319489936963,1.3373405253489328,2.3751806101606863,0.0014538926276757387,1.5011780563660209,70,0.19207418065817236,0.9946638580391557,0.9947870654470796,0.8818871119370071
Shorter series,10,200,8,0.7,0.35,90,130,200,diag,cholesky_gaussian_ar,44,36,3,3,10,8.0,0.03,0.05,20.0,1e-06,1.7716398113818073,1.496852738187924,1.4110118809475285,2.4544667412322005,0.0014536459041021342,1.4953990922838216,70,0.08196811055938491,0.9908383223713292,0.9909575139183479,0.8817374569104728
Shorter series,10,200,8,0.7,0.35,90,130,200,diag,log_euclidean_gaussian_ar,44,36,3,3,10,8.0,0.03,0.05,20.0,1e-06,1.7377577941242568,1.4577555950487968,1.3958297283614978,2.3370180422508615,0.0014536459041021342,1.456301949144695,70,0.09143767211829655,0.9649580559101264,0.9650489735384762,0.8817374569104728
Shorter series,10,200,8,0.7,0.35,90,130,200,diag,bwar_barycenter,44,36,3,3,10,8.0,0.03,0.05,20.0,1e-06,1.5607798947143459,1.3521939016540574,1.2246036865271583,2.116990704169151,0.0014536459041021412,1.3507402557499553,70,0.11862559485250118,0.8950817290534567,0.8950963075302986,0.881737456910477
Shorter series,11,200,8,0.7,0.35,90,130,200,diag,persistence,44,36,3,3,10,8.0,0.03,0.05,20.0,,1.4955145705972097,1.3857843599435546,,,0.001469097746523801,1.384315262197031,70,0.049999999999998074,1.0,1.0,1.0
Shorter series,11,200,8,0.7,0.35,90,130,200,diag,euclidean_gaussian_ar,44,36,3,3,10,8.0,0.03,0.05,20.0,1e-06,1.6609179059448642,1.4071745378462757,1.3235633664605926,1.9894908989586657,0.001331867474696233,1.405842670371579,70,0.20334881225012233,1.0154354303028736,1.0155509433164682,0.9065887398219186
Shorter series,11,200,8,0.7,0.35,90,130,200,diag,cholesky_gaussian_ar,44,36,3,3,10,8.0,0.03,0.05,20.0,1e-06,1.4944711150457697,1.3267897557315151,1.2454641387347816,2.006700932238622,0.001331867474696233,1.3254578882568193,70,0.0806041032840545,0.9574287270680104,0.9574826807538047,0.9065887398219186
Shorter series,11,200,8,0.7,0.35,90,130,200,diag,log_euclidean_gaussian_ar,44,36,3,3,10,8.0,0.03,0.05,20.0,1e-06,1.437594788147426,1.3133805610722706,1.2011921997282737,2.1647382331039924,0.001331867474696233,1.3120486935975744,70,0.0912462922877162,0.9477524779726673,0.9477961627868184,0.9065887398219186
Shorter series,11,200,8,0.7,0.35,90,130,200,diag,bwar_barycenter,44,36,3,3,10,8.0,0.03,0.05,20.0,1e-06,1.42782237076652,1.2435125850214053,1.1549659339698826,1.9884146216348595,0.0013318674746962144,1.2421807175467086,70,0.12219356555130989,0.897334838641169,0.8973250179841676,0.9065887398219058
Shorter series,12,200,8,0.7,0.35,90,130,200,diag,persistence,44,36,3,3,10,8.0,0.03,0.05,20.0,,1.3329866783496835,1.5292813634366873,,,0.0015169286647545013,1.5277644347719332,70,0.04999999999999775,1.0,1.0,1.0
Shorter series,12,200,8,0.7,0.35,90,130,200,diag,euclidean_gaussian_ar,44,36,3,3,10,8.0,0.03,0.05,20.0,1e-06,1.4056411410440734,1.4657676252457161,1.3922330383204269,2.2211727671888863,0.001271937137307495,1.4644956881084086,70,0.15055251211829165,0.9584682454716904,0.9585873677750788,0.8384950240974873
Shorter series,12,200,8,0.7,0.35,90,130,200,diag,cholesky_gaussian_ar,44,36,3,3,10,8.0,0.03,0.05,20.0,1e-06,1.458377218787078,1.5372839994087093,1.5093114116037465,2.4036963536106426,0.001271937137307495,1.5360120622714022,70,0.08646675068133525,1.0052329389237034,1.0053984942388714,0.8384950240974873
Shorter series,12,200,8,0.7,0.35,90,130,200,diag,log_euclidean_gaussian_ar,44,36,3,3,10,8.0,0.03,0.05,20.0,1e-06,1.3191796025728713,1.4449271855749721,1.3132690453942115,2.2635187161577677,0.001271937137307495,1.4436552484376646,70,0.0988021038032927,0.9448406422267844,0.9449462335816028,0.8384950240974873
Shorter series,12,200,8,0.7,0.35,90,130,200,diag,bwar_barycenter,44,36,3,3,10,8.0,0.03,0.05,20.0,0.0001,1.2442120544277073,1.344985598839453,1.2653911024743234,2.1158858033712296,0.0012719907865957024,1.3437136080528571,70,0.13379410017865,0.8794886480646867,0.8795293158224674,0.8385303911450316
Shorter series,13,200,8,0.7,0.35,90,130,200,diag,persistence,44,36,3,3,10,8.0,0.03,0.05,20.0,,1.4651101941750668,1.5246155394735925,,,0.001325196075429106,1.5232903433981635,70,0.0499999999999983,1.0,1.0,1.0
Shorter series,13,200,8,0.7,0.35,90,130,200,diag,euclidean_gaussian_ar,44,36,3,3,10,8.0,0.03,0.05,20.0,1e-06,1.3969859045958664,1.48191404374715,1.3742517899580342,2.3212225139641736,0.0010644324186901046,1.48084961132846,70,0.19915158535781308,0.9719919582210306,0.9721387769221811,0.8032263590468568
Shorter series,13,200,8,0.7,0.35,90,130,200,diag,cholesky_gaussian_ar,44,36,3,3,10,8.0,0.03,0.05,20.0,1e-06,1.4923287829646539,1.5466687939504777,1.4094744672752118,2.3903607710794224,0.0010644324186901046,1.545604361531788,70,0.09322919487590223,1.0144647971281335,1.01464856534431,0.8032263590468568
Shorter series,13,200,8,0.7,0.35,90,130,200,diag,log_euclidean_gaussian_ar,44,36,3,3,10,8.0,0.03,0.05,20.0,1e-06,1.5217809304666179,1.4942292100109666,1.4312979722138346,2.181968736630739,0.0010644324186901046,1.493164777592276,70,0.09585188404636714,0.9800695134767435,0.9802233592982128,0.8032263590468568
Shorter series,13,200,8,0.7,0.35,90,130,200,diag,bwar_barycenter,44,36,3,3,10,8.0,0.03,0.05,20.0,1e-06,1.3065194363120185,1.3658976585610982,1.2770991440711734,2.26001520599816,0.0010644324186900977,1.3648332261424077,70,0.11757316791095894,0.8958964559896226,0.8959770749269841,0.8032263590468516
Shorter series,14,200,8,0.7,0.35,90,130,200,diag,persistence,44,36,3,3,10,8.0,0.03,0.05,20.0,,1.5607958766014083,1.6603429168201875,,,0.0015705027390902702,1.6587724140810975,70,0.04999999999999779,1.0,1.0,1.0
Shorter series,14,200,8,0.7,0.35,90,130,200,diag,euclidean_gaussian_ar,44,36,3,3,10,8.0,0.03,0.05,20.0,1e-06,1.5367626493319078,1.574248046266081,1.5114179936458114,2.154455626534992,0.001446317793225882,1.572801728472855,70,0.10629384587403767,0.9481463318920941,0.9481721031297309,0.9209266289237269
Shorter series,14,200,8,0.7,0.35,90,130,200,diag,cholesky_gaussian_ar,44,36,3,3,10,8.0,0.03,0.05,20.0,1e-06,1.4380984868867581,1.5423695348627444,1.5160597326441039,2.3130059327532755,0.001446317793225882,1.5409232170695184,70,0.09168162152880067,0.9289463756177667,0.9289539686028215,0.9209266289237269
Shorter series,14,200,8,0.7,0.35,90,130,200,diag,log_euclidean_gaussian_ar,44,36,3,3,10,8.0,0.03,0.05,20.0,1e-06,1.422675708383087,1.5859425245892964,1.5607951269597546,2.3447172684919857,0.001446317793225882,1.5844962067960708,70,0.1024079970937406,0.955189743349296,0.9552221831913131,0.9209266289237269
Shorter series,14,200,8,0.7,0.35,90,130,200,diag,bwar_barycenter,44,36,3,3,10,8.0,0.03,0.05,20.0,0.001,1.3738982091188858,1.4630513454590435,1.397841329294243,2.181478343246718,0.0014518826303166303,1.4615994628287268,70,0.12483844130989638,0.8811742024117597,0.8811332105727128,0.9244699765106097
Shorter series,15,200,8,0.7,0.35,90,130,200,diag,persistence,44,36,3,3,10,8.0,0.03,0.05,20.0,,1.535939338451281,1.7294824192164056,,,0.001713675369228173,1.7277687438471772,70,0.04999999999999679,1.0,1.0,1.0
Shorter series,15,200,8,0.7,0.35,90,130,200,diag,euclidean_gaussian_ar,44,36,3,3,10,8.0,0.03,0.05,20.0,1e-06,1.587452623858751,1.6569543116468775,1.506134802606612,2.54542173946615,0.0015347444937889691,1.6554195671530885,70,0.22184665555430208,0.9580636919094042,0.9581256594948057,0.8955864811666208
Shorter series,15,200,8,0.7,0.35,90,130,200,diag,cholesky_gaussian_ar,44,36,3,3,10,8.0,0.03,0.05,20.0,1e-06,1.763200535707695,1.800094505128919,1.6539170495585056,2.8074725332459627,0.0015347444937889691,1.7985597606351302,70,0.06109140957570071,1.0408284496725364,1.0409725069052498,0.8955864811666208
Shorter series,15,200,8,0.7,0.35,90,130,200,diag,log_euclidean_gaussian_ar,44,36,3,3,10,8.0,0.03,0.05,20.0,1e-06,1.6160568897744205,1.6292822547755452,1.4901484422188234,2.4376821109947473,0.0015347444937889691,1.6277475102817565,70,0.092784201657756,0.942063496380461,0.9421095942836042,0.8955864811666208
Shorter series,15,200,8,0.7,0.35,90,130,200,diag,bwar_barycenter,44,36,3,3,10,8.0,0.03,0.05,20.0,1e-06,1.4363584356369052,1.5111154926514243,1.3969192882711168,2.518268712666871,0.0015347444937889945,1.5095807481576353,70,0.14397571158662587,0.8737385681758367,0.8737168984758293,0.8955864811666356
Shorter series,16,200,8,0.7,0.35,90,130,200,diag,persistence,44,36,3,3,10,8.0,0.03,0.05,20.0,,1.6732781196336375,1.7428935193586992,,,0.0013582831605636117,1.7415352361981356,70,0.049999999999999004,1.0,1.0,1.0
Shorter series,16,200,8,0.7,0.35,90,130,200,diag,euclidean_gaussian_ar,44,36,3,3,10,8.0,0.03,0.05,20.0,0.001,1.7166534439237684,1.665576915035454,1.5587498069688497,2.3484958007293617,0.0011285792446723737,1.6644483357907813,70,0.14333066778046347,0.9556389398064352,0.9557362384607049,0.8308865761128014
Shorter series,16,200,8,0.7,0.35,90,130,200,diag,cholesky_gaussian_ar,44,36,3,3,10,8.0,0.03,0.05,20.0,1e-06,1.744603378533947,1.6911721970816451,1.5816544274911504,2.302438129051882,0.0011288950139821032,1.690043302067663,70,0.0840531013750404,0.970324450861413,0.9704330219336348,0.8311190529032804
Shorter series,16,200,8,0.7,0.35,90,130,200,diag,log_euclidean_gaussian_ar,44,36,3,3,10,8.0,0.03,0.05,20.0,1e-06,1.8156442608804297,1.6497806714115208,1.525416952044717,2.3242124550302745,0.0011288950139821032,1.6486517763975388,70,0.0970440065140195,0.9465757104992625,0.946665759112996,0.8311190529032804
Shorter series,16,200,8,0.7,0.35,90,130,200,diag,bwar_barycenter,44,36,3,3,10,8.0,0.03,0.05,20.0,1e-06,1.5864937451483059,1.5093088826784828,1.397482782887303,2.200774394605596,0.0011288950139820095,1.5081799876645003,70,0.1418675401019569,0.8659788253925207,0.8660060137266805,0.8311190529032113
Shorter series,17,200,8,0.7,0.35,90,130,200,diag,persistence,44,36,3,3,10,8.0,0.03,0.05,20.0,,1.4760432872617195,1.662582918254446,,,0.0016454842144240772,1.6609374340400214,70,0.04999999999999805,1.0,1.0,1.0
Shorter series,17,200,8,0.7,0.35,90,130,200,diag,euclidean_gaussian_ar,44,36,3,3,10,8.0,0.03,0.05,20.0,1e-06,1.5642589581126423,1.59745442776434,1.4550865048535317,2.4610864325764923,0.0015437995851675023,1.5959106281791722,70,0.12140671351310658,0.960826921908662,0.9608493345214818,0.9382038257400331
Shorter series,17,200,8,0.7,0.35,90,130,200,diag,cholesky_gaussian_ar,44,36,3,3,10,8.0,0.03,0.05,20.0,1e-06,1.480544399767935,1.628016920542073,1.4660366516361678,2.389413804414296,0.0015437995851675023,1.626473120956905,70,0.06952097795562365,0.9792094593702044,0.9792500834909318,0.9382038257400331
Shorter series,17,200,8,0.7,0.35,90,130,200,diag,log_euclidean_gaussian_ar,44,36,3,3,10,8.0,0.03,0.05,20.0,1e-06,1.4306771372182296,1.591920023975282,1.4341735582457453,2.363252844699812,0.0015437995851675023,1.5903762243901145,70,0.0853150304103686,0.9574981232494838,0.9575172380345023,0.9382038257400331
Shorter series,17,200,8,0.7,0.35,90,130,200,diag,bwar_barycenter,44,36,3,3,10,8.0,0.03,0.05,20.0,1e-06,1.3591899814119113,1.4579839912663568,1.3281185571761247,2.2986757230629755,0.0015437995851677012,1.4564401916811893,70,0.11152254503311321,0.8769391139884327,0.8768784192783119,0.938203825740154
Shorter series,18,200,8,0.7,0.35,90,130,200,diag,persistence,44,36,3,3,10,8.0,0.03,0.05,20.0,,1.3508089271065928,1.5550783337275074,,,0.0016352146029826886,1.553443119124525,70,0.04999999999999836,1.0,1.0,1.0
Shorter series,18,200,8,0.7,0.35,90,130,200,diag,euclidean_gaussian_ar,44,36,3,3,10,8.0,0.03,0.05,20.0,1e-06,1.3754908755952553,1.5140322774113242,1.4945464512642008,2.215659867564604,0.001387819806743605,1.5126444576045808,70,0.17656579567164382,0.9736051519554026,0.9737366234928916,0.848708055940898
Shorter series,18,200,8,0.7,0.35,90,130,200,diag,cholesky_gaussian_ar,44,36,3,3,10,8.0,0.03,0.05,20.0,1e-06,1.4913464176463296,1.5964731400613739,1.5892165082161585,2.2170907286470727,0.001387819806743605,1.5950853202546305,70,0.08507199442022911,1.026619113285852,1.0268063893794668,0.848708055940898
Shorter series,18,200,8,0.7,0.35,90,130,200,diag,log_euclidean_gaussian_ar,44,36,3,3,10,8.0,0.03,0.05,20.0,1e-06,1.3443763060424616,1.4882376328280957,1.5385521357694563,2.2366753202453826,0.001387819806743605,1.486849813021352,70,0.08620016895808293,0.9570177916766449,0.9571318027140234,0.848708055940898
Shorter series,18,200,8,0.7,0.35,90,130,200,diag,bwar_barycenter,44,36,3,3,10,8.0,0.03,0.05,20.0,1e-06,1.2181368828929666,1.3784000520646438,1.3980799542646007,2.0229231013626183,0.0013878198067436211,1.3770122322579004,70,0.12491786191945883,0.8863862495985219,0.8864259111295585,0.8487080559409078
Shorter series,19,200,8,0.7,0.35,90,130,200,diag,persistence,44,36,3,3,10,8.0,0.03,0.05,20.0,,1.4792439235778696,1.5930002815222255,,,0.0018709241902983703,1.591129357331927,70,0.04999999999999787,1.0,1.0,1.0
Shorter series,19,200,8,0.7,0.35,90,130,200,diag,euclidean_gaussian_ar,44,36,3,3,10,8.0,0.03,0.05,20.0,1e-06,1.4833187662298777,1.5339040478215944,1.5634595739716333,2.301566740334142,0.0015229433506593478,1.532381104470935,70,0.11969136481276259,0.9629025591607803,0.9630776387914157,0.814005911386753
Shorter series,19,200,8,0.7,0.35,90,130,200,diag,cholesky_gaussian_ar,44,36,3,3,10,8.0,0.03,0.05,20.0,1e-06,1.562623555590068,1.6669498478077402,1.5808434405247662,2.645234468957044,0.0015229433506593478,1.665426904457081,70,0.08755853531865584,1.0464215651078546,1.0466948502852964,0.814005911386753
Shorter series,19,200,8,0.7,0.35,90,130,200,diag,log_euclidean_gaussian_ar,44,36,3,3,10,8.0,0.03,0.05,20.0,1e-06,1.4934384404952232,1.5484492216271868,1.4570548666064682,2.3509092307960384,0.0015229433506593478,1.5469262782765274,70,0.0935450981167781,0.9720332379022136,0.9722190538112369,0.814005911386753
Shorter series,19,200,8,0.7,0.35,90,130,200,diag,bwar_barycenter,44,36,3,3,10,8.0,0.03,0.05,20.0,1e-06,1.3526117899631365,1.4158015712031244,1.4352426494246386,2.1410731014639914,0.0015229433506593361,1.4142786278524648,70,0.1351105364179731,0.8887641688614298,0.888852073111131,0.8140059113867467
Shorter series,20,200,8,0.7,0.35,90,130,200,diag,persistence,44,36,3,3,10,8.0,0.03,0.05,20.0,,1.590204790919133,1.8651920686297991,,,0.0015579228983761287,1.863634145731423,70,0.049999999999998136,1.0,1.0,1.0
Shorter series,20,200,8,0.7,0.35,90,130,200,diag,euclidean_gaussian_ar,44,36,3,3,10,8.0,0.03,0.05,20.0,1e-06,1.614193337364188,1.7159880140965686,1.6427567781312393,2.5683686726680914,0.0014080022992854298,1.714580011797283,70,0.08500567887486715,0.9200060642318524,0.9200196378266934,0.9037689225526079
Shorter series,20,200,8,0.7,0.35,90,130,200,diag,cholesky_gaussian_ar,44,36,3,3,10,8.0,0.03,0.05,20.0,1e-06,1.7001347514498657,1.8989078446065832,1.7771143516877292,2.7134717292869444,0.0014080022992854298,1.8974998423072975,70,0.06171393230789968,1.0180763024590558,1.018171858813299,0.9037689225526079
Shorter series,20,200,8,0.7,0.35,90,130,200,diag,log_euclidean_gaussian_ar,44,36,3,3,10,8.0,0.03,0.05,20.0,1e-06,1.609727818730919,1.828495546423637,1.7514568504203183,2.676741991472883,0.0014080022992854298,1.827087544124352,70,0.09359938888955008,0.9803256067708244,0.9803896050677224,0.9037689225526079
Shorter series,20,200,8,0.7,0.35,90,130,200,diag,bwar_barycenter,44,36,3,3,10,8.0,0.03,0.05,20.0,1e-06,1.4804108520583465,1.6333028489810069,1.5564688566819038,2.43076465459975,0.0014080022992854532,1.6318948466817214,70,0.11370058251213323,0.8756754204840995,0.8756519354506941,0.9037689225526229
Shorter series,21,200,8,0.7,0.35,90,130,200,diag,persistence,44,36,3,3,10,8.0,0.03,0.05,20.0,,1.5138700333217694,1.4932555835517927,,,0.0015134168368669066,1.4917421667149255,70,0.04999999999999867,1.0,1.0,1.0
Shorter series,21,200,8,0.7,0.35,90,130,200,diag,euclidean_gaussian_ar,44,36,3,3,10,8.0,0.03,0.05,20.0,1e-06,1.4446404983518217,1.60157642037885,1.5431788421728645,2.3152553144898578,0.001430539287079437,1.6001458810917708,70,0.06467887525820257,1.0725400514287113,1.072669203026934,0.9452381209402668
Shorter series,21,200,8,0.7,0.35,90,130,200,diag,cholesky_gaussian_ar,44,36,3,3,10,8.0,0.03,0.05,20.0,1e-06,1.5809725523843572,1.5567225794796384,1.4246504645218567,2.4159705430439113,0.001430539287079437,1.555292040192559,70,0.09892961398505411,1.0425024333589874,1.0426011108994668,0.9452381209402668
Shorter series,21,200,8,0.7,0.35,90,130,200,diag,log_euclidean_gaussian_ar,44,36,3,3,10,8.0,0.03,0.05,20.0,1e-06,1.5356304865073187,1.4809685969049997,1.363601617438612,2.191318891956479,0.001430539287079437,1.4795380576179205,70,0.10386693859846428,0.9917716787520274,0.9918188884317183,0.9452381209402668
Shorter series,21,200,8,0.7,0.35,90,130,200,diag,bwar_barycenter,44,36,3,3,10,8.0,0.03,0.05,20.0,1e-06,1.366643310467374,1.3966487353348902,1.2724760020461758,2.1269833140886996,0.0014305392870794158,1.3952181960478105,70,0.13072299062670137,0.9353045457984375,0.9352944678907364,0.9452381209402527
Shorter series,22,200,8,0.7,0.35,90,130,200,diag,persistence,44,36,3,3,10,8.0,0.03,0.05,20.0,,1.5505523000082035,1.3889786948435696,,,0.0016450926810150064,1.3873336021625549,70,0.04999999999999844,1.0,1.0,1.0
Shorter series,22,200,8,0.7,0.35,90,130,200,diag,euclidean_gaussian_ar,44,36,3,3,10,8.0,0.03,0.05,20.0,1e-06,1.5378197515598175,1.394873579676939,1.2997062520490055,2.0763088036555235,0.0013941350790189159,1.3934794445979204,70,0.2105282249994223,1.004244042659008,1.0044299672593422,0.8474507820184015
Shorter series,22,200,8,0.7,0.35,90,130,200,diag,cholesky_gaussian_ar,44,36,3,3,10,8.0,0.03,0.05,20.0,1e-06,1.5426358771327549,1.4799024867858337,1.3848497129181492,2.2664675582106377,0.0013941350790189159,1.4785083517068147,70,0.10347127340801206,1.0654608974779878,1.065719412693629,0.8474507820184015
Shorter series,22,200,8,0.7,0.35,90,130,200,diag,log_euclidean_gaussian_ar,44,36,3,3,10,8.0,0.03,0.05,20.0,1e-06,1.494983097641768,1.4368307228950161,1.3279680340880953,2.228928092437464,0.0013941350790189159,1.4354365878159976,70,0.09325791618913153,1.0344512325704431,1.0346729766931764,0.8474507820184015
Shorter series,22,200,8,0.7,0.35,90,130,200,diag,bwar_barycenter,44,36,3,3,10,8.0,0.03,0.05,20.0,1e-06,1.3719253448553936,1.2660240921368655,1.1356581139007769,2.007245740922593,0.0013941350790189978,1.264629957057846,70,0.14579311004821563,0.9114784098826285,0.9115543334974081,0.8474507820184513
Shorter series,23,200,8,0.7,0.35,90,130,200,diag,persistence,44,36,3,3,10,8.0,0.03,0.05,20.0,,1.4434106824414683,1.3911834221679897,,,0.0017545444576904127,1.3894288777102992,70,0.049999999999998816,1.0,1.0,1.0
Shorter series,23,200,8,0.7,0.35,90,130,200,diag,euclidean_gaussian_ar,44,36,3,3,10,8.0,0.03,0.05,20.0,1e-06,1.4603545852872784,1.4795529366712807,1.4013974615661162,2.075555398957882,0.0015077858035669983,1.4780451508677137,70,0.1867891439531102,1.063521109506594,1.0637789199425949,0.8593602726668812
Shorter series,23,200,8,0.7,0.35,90,130,200,diag,cholesky_gaussian_ar,44,36,3,3,10,8.0,0.03,0.05,20.0,1e-06,1.4673521741174693,1.4006365199904458,1.3416535492019492,2.127439982743964,0.0015077858035669983,1.399128734186879,70,0.10932919168981968,1.0067950046498717,1.0069811824355952,0.8593602726668812
Shorter series,23,200,8,0.7,0.35,90,130,200,diag,log_euclidean_gaussian_ar,44,36,3,3,10,8.0,0.03,0.05,20.0,1e-06,1.3898119306959245,1.3317054483246096,1.317364162352614,2.031115320883884,0.0015077858035669983,1.3301976625210425,70,0.09135677376768503,0.9572464903652381,0.9573700992260458,0.8593602726668812
Shorter series,23,200,8,0.7,0.35,90,130,200,diag,bwar_barycenter,44,36,3,3,10,8.0,0.03,0.05,20.0,1e-06,1.2921648256813583,1.2716355148426477,1.1404182310619038,1.9430800025248138,0.0015077858035669669,1.2701277290390809,70,0.1210190289919525,0.9140674727570853,0.9141365559726814,0.8593602726668633
Shorter series,24,200,8,0.7,0.35,90,130,200,diag,persistence,44,36,3,3,10,8.0,0.03,0.05,20.0,,1.7319768566520295,1.7854505820927602,,,0.0017222962075181363,1.7837282858852423,70,0.04999999999999762,1.0,1.0,1.0
Shorter series,24,200,8,0.7,0.35,90,130,200,diag,euclidean_gaussian_ar,44,36,3,3,10,8.0,0.03,0.05,20.0,1e-06,1.6795077332983557,1.75386820818686,1.6292839152967524,2.5176267619702877,0.0014670772129079278,1.752401130973952,70,0.09499268089447087,0.9823112584449792,0.9824372606751913,0.8518146916331052
Shorter series,24,200,8,0.7,0.35,90,130,200,diag,cholesky_gaussian_ar,44,36,3,3,10,8.0,0.03,0.05,20.0,1e-06,1.6872028330731923,1.73350160661636,1.6539009022347382,2.6293460764904095,0.0014670772129079278,1.7320345294034525,70,0.08166306952066396,0.9709042770506088,0.9710192651589113,0.8518146916331052
Shorter series,24,200,8,0.7,0.35,90,130,200,diag,log_euclidean_gaussian_ar,44,36,3,3,10,8.0,0.03,0.05,20.0,1e-06,1.6616430827274784,1.7228961298067988,1.5795981091919309,2.829376333023885,0.0014670772129079278,1.7214290525938911,70,0.09962580979654953,0.9649643328617697,0.9650735855991469,0.8518146916331052
Shorter series,24,200,8,0.7,0.35,90,130,200,diag,bwar_barycenter,44,36,3,3,10,8.0,0.03,0.05,20.0,1e-06,1.5362370760863877,1.581736660824784,1.4351364643226685,2.491181788982387,0.001467077212908077,1.5802695836118759,70,0.13011055595132665,0.8859033549787756,0.8859362696194547,0.8518146916331919
Shorter series,25,200,8,0.7,0.35,90,130,200,diag,persistence,44,36,3,3,10,8.0,0.03,0.05,20.0,,1.537400177936708,1.6367979840472877,,,0.0014721816598672584,1.6353258023874202,70,0.04999999999999833,1.0,1.0,1.0
Shorter series,25,200,8,0.7,0.35,90,130,200,diag,euclidean_gaussian_ar,44,36,3,3,10,8.0,0.03,0.05,20.0,1e-06,1.5723162209140944,1.5823673112471937,1.5449496757487786,2.2770726662511613,0.0012217990204866568,1.581145512226707,70,0.1690931747410208,0.966745637928082,0.9668688098227185,0.8299240873553759
Shorter series,25,200,8,0.7,0.35,90,130,200,diag,cholesky_gaussian_ar,44,36,3,3,10,8.0,0.03,0.05,20.0,1e-06,1.5845362985634135,1.5399390909833077,1.5614085646462632,2.2976376291353406,0.0012217990204866568,1.5387172919628211,70,0.07184822952382426,0.9408241615593402,0.9409239979681359,0.8299240873553759
Shorter series,25,200,8,0.7,0.35,90,130,200,diag,log_euclidean_gaussian_ar,44,36,3,3,10,8.0,0.03,0.05,20.0,1e-06,1.612227375679128,1.4809496587686963,1.5017682803470336,2.253703483090016,0.0012217990204866568,1.4797278597482095,70,0.10041544080088523,0.9047846302368803,0.9048520225070427,0.8299240873553759
Shorter series,25,200,8,0.7,0.35,90,130,200,diag,bwar_barycenter,44,36,3,3,10,8.0,0.03,0.05,20.0,1e-06,1.452858392667463,1.405293971211209,1.3903265253606394,2.158714050751403,0.0012217990204866568,1.4040721721907221,70,0.12545884020272968,0.8585628678111871,0.8585886495161454,0.8299240873553759
Shorter series,26,200,8,0.7,0.35,90,130,200,diag,persistence,44,36,3,3,10,8.0,0.03,0.05,20.0,,1.6461791652005637,1.5163647100249327,,,0.0016309815573649195,1.5147337284675677,70,0.04999999999999773,1.0,1.0,1.0
Shorter series,26,200,8,0.7,0.35,90,130,200,diag,euclidean_gaussian_ar,44,36,3,3,10,8.0,0.03,0.05,20.0,0.001,1.5617375700556608,1.4006827697490525,1.3165449035629342,2.1693239383863494,0.001349240653062435,1.3993335290959898,70,0.0899628364141435,0.9237110046738175,0.9238148611846608,0.8272568423411994
Shorter series,26,200,8,0.7,0.35,90,130,200,diag,cholesky_gaussian_ar,44,36,3,3,10,8.0,0.03,0.05,20.0,1e-06,1.6081705037945433,1.5734367042517017,1.5315365452066962,2.4106677602203117,0.0013491168384359375,1.5720875874132663,70,0.08654677607633532,1.0376373796155085,1.0378639874902122,0.8271809281618278
Shorter series,26,200,8,0.7,0.35,90,130,200,diag,log_euclidean_gaussian_ar,44,36,3,3,10,8.0,0.03,0.05,20.0,1e-06,1.4694330910913969,1.4164190891637214,1.3241270493660084,2.209341590442842,0.0013491168384359375,1.4150699723252855,70,0.09814856694647205,0.9340886660046527,0.934203778347822,0.8271809281618278
Shorter series,26,200,8,0.7,0.35,90,130,200,diag,bwar_barycenter,44,36,3,3,10,8.0,0.03,0.05,20.0,1e-06,1.4295737052750128,1.3061624867812616,1.188772311970118,2.1524337678627297,0.001349116838436013,1.3048133699428253,70,0.1295799351779663,0.8613775288662482,0.8614143498757927,0.827180928161874
Shorter series,27,200,8,0.7,0.35,90,130,200,diag,persistence,44,36,3,3,10,8.0,0.03,0.05,20.0,,1.3980121596893942,1.6054674470163606,,,0.0020289660295733625,1.6034384809867874,70,0.04999999999999894,1.0,1.0,1.0
Shorter series,27,200,8,0.7,0.35,90,130,200,diag,euclidean_gaussian_ar,44,36,3,3,10,8.0,0.03,0.05,20.0,1e-06,1.3666774139309328,1.543847113826512,1.3967220689288813,2.3151021144352533,0.0016835379842661767,1.5421635758422456,70,0.14317133317431566,0.961618447446963,0.9617853095886585,0.829751686192686
Shorter series,27,200,8,0.7,0.35,90,130,200,diag,cholesky_gaussian_ar,44,36,3,3,10,8.0,0.03,0.05,20.0,1e-06,1.295258770714431,1.7548449554923158,1.5540773690648249,3.059091045040696,0.0016835379842661767,1.7531614175080499,70,0.07302632738859186,1.0930430005002978,1.0933761652203333,0.829751686192686
Shorter series,27,200,8,0.7,0.35,90,130,200,diag,log_euclidean_gaussian_ar,44,36,3,3,10,8.0,0.03,0.05,20.0,1e-06,1.2721269669099176,1.5936779600318043,1.434479311043238,2.4857311053110265,0.0016835379842661767,1.5919944220475382,70,0.08561365545882975,0.9926566639476458,0.9928628013640995,0.829751686192686
Shorter series,27,200,8,0.7,0.35,90,130,200,diag,bwar_barycenter,44,36,3,3,10,8.0,0.03,0.05,20.0,1e-06,1.214659610003133,1.4425137312200949,1.2733513294196732,2.294373875618124,0.0016835379842662366,1.4408301932358287,70,0.1025145339157099,0.8985007661792814,0.898587760192155,0.8297516861927154
Shorter series,28,200,8,0.7,0.35,90,130,200,diag,persistence,44,36,3,3,10,8.0,0.03,0.05,20.0,,1.6107614917049418,1.2891399306043059,,,0.0017914482430567524,1.2873484823612493,70,0.04999999999999763,1.0,1.0,1.0
Shorter series,28,200,8,0.7,0.35,90,130,200,diag,euclidean_gaussian_ar,44,36,3,3,10,8.0,0.03,0.05,20.0,1e-06,1.5795469988707858,1.3176705843475025,1.3140437632633457,1.8429704856927893,0.0015880477597615163,1.3160825365877409,70,0.09593620802068291,1.0221315413989407,1.0223203387584594,0.886460307137775
Shorter series,28,200,8,0.7,0.35,90,130,200,diag,cholesky_gaussian_ar,44,36,3,3,10,8.0,0.03,0.05,20.0,1e-06,1.6529382487787039,1.398306782787722,1.3085548910744351,2.0352304375324834,0.0015880477597615163,1.3967187350279606,70,0.08264146699798912,1.0846819259816445,1.0849577671976627,0.886460307137775
Shorter series,28,200,8,0.7,0.35,90,130,200,diag,log_euclidean_gaussian_ar,44,36,3,3,10,8.0,0.03,0.05,20.0,1e-06,1.5792179644071855,1.3816708905726376,1.2837908787657617,2.082112846757904,0.0015880477597615163,1.3800828428128764,70,0.09479528599228823,1.07177728171445,1.072035165087183,0.886460307137775
Shorter series,28,200,8,0.7,0.35,90,130,200,diag,bwar_barycenter,44,36,3,3,10,8.0,0.03,0.05,20.0,1e-06,1.4493335156590736,1.2088873874113577,1.153395658405478,1.8363454215156698,0.0015880477597615438,1.2072993396515965,70,0.12668072639149286,0.9377472210054587,0.9378185908427631,0.8864603071377904
Shorter series,29,200,8,0.7,0.35,90,130,200,diag,persistence,44,36,3,3,10,8.0,0.03,0.05,20.0,,1.7699103073954467,1.6193687726652786,,,0.0016420942405403428,1.617726678424738,70,0.04999999999999765,1.0,1.0,1.0
Shorter series,29,200,8,0.7,0.35,90,130,200,diag,euclidean_gaussian_ar,44,36,3,3,10,8.0,0.03,0.05,20.0,1e-06,1.6871422705705315,1.6506189242474802,1.5955784018962584,2.282701785321927,0.0014230786618967092,1.6491958455855835,70,0.2075251677828438,1.0192977363215223,1.0194527095216657,0.866624233106399
Shorter series,29,200,8,0.7,0.35,90,130,200,diag,cholesky_gaussian_ar,44,36,3,3,10,8.0,0.03,0.05,20.0,1e-06,1.673842220203231,1.6742656982939008,1.6231519021609129,2.351912350226968,0.0014230786618967092,1.672842619632004,70,0.09888048930474677,1.0339002002232442,1.0340699958419028,0.866624233106399
Shorter series,29,200,8,0.7,0.35,90,130,200,diag,log_euclidean_gaussian_ar,44,36,3,3,10,8.0,0.03,0.05,20.0,1e-06,1.6438386987171683,1.5755756814949904,1.5001808477035583,2.2322680625304274,0.0014230786618967092,1.5741526028330937,70,0.11023305631138869,0.972956690341626,0.9730646244679141,0.866624233106399
Shorter series,29,200,8,0.7,0.35,90,130,200,diag,bwar_barycenter,44,36,3,3,10,8.0,0.03,0.05,20.0,1e-06,1.5454607475974549,1.4670997335244835,1.4609295691453372,2.0016978998174726,0.001423078661896706,1.4656766548625866,70,0.13745499334576092,0.9059701275515032,0.9060100661069581,0.866624233106397
Shorter series,30,200,8,0.7,0.35,90,130,200,diag,persistence,44,36,3,3,10,8.0,0.03,0.05,20.0,,1.640854548288256,1.4362859305589297,,,0.001534319549221535,1.4347516110097076,70,0.049999999999996846,1.0,1.0,1.0
Shorter series,30,200,8,0.7,0.35,90,130,200,diag,euclidean_gaussian_ar,44,36,3,3,10,8.0,0.03,0.05,20.0,1e-06,1.537441585647968,1.404362089190683,1.2909194655960272,2.1950460689246007,0.0013288277326794313,1.403033261458003,70,0.03697142075324078,0.9777733383798979,0.97789279391059,0.8660697397446552
Shorter series,30,200,8,0.7,0.35,90,130,200,diag,cholesky_gaussian_ar,44,36,3,3,10,8.0,0.03,0.05,20.0,1e-06,1.5718493777159566,1.4431140951184525,1.3047937414605473,2.168822009960189,0.0013288277326794313,1.4417852673857732,70,0.09386532379808754,1.0047540426416803,1.0049023512656072,0.8660697397446552
Shorter series,30,200,8,0.7,0.35,90,130,200,diag,log_euclidean_gaussian_ar,44,36,3,3,10,8.0,0.03,0.05,20.0,1e-06,1.605185625071595,1.4356095833917613,1.2517937315862233,2.202972813757885,0.0013288277326794313,1.4342807556590824,70,0.09718399527705648,0.9995290999147327,0.9996718209988321,0.8660697397446552
Shorter series,30,200,8,0.7,0.35,90,130,200,diag,bwar_barycenter,44,36,3,3,10,8.0,0.03,0.05,20.0,1e-06,1.4461076812428217,1.294843305104453,1.1298000621424218,2.0829983830585643,0.0013288277326794216,1.2935144773717735,70,0.12290489023462485,0.9015219585146014,0.9015598710228746,0.8660697397446487
Shorter series,31,200,8,0.7,0.35,90,130,200,diag,persistence,44,36,3,3,10,8.0,0.03,0.05,20.0,,1.5193976343610163,1.6315925878268045,,,0.001614633545418804,1.6299779542813855,70,0.04999999999999796,1.0,1.0,1.0
Shorter series,31,200,8,0.7,0.35,90,130,200,diag,euclidean_gaussian_ar,44,36,3,3,10,8.0,0.03,0.05,20.0,1e-06,1.4758849539753292,1.5813279537247786,1.5097743848693552,2.2210383720627274,0.0013794059357513475,1.5799485477890267,70,0.005306730193312985,0.9691929011708886,0.969306697455049,0.8543151724210938
Shorter series,31,200,8,0.7,0.35,90,130,200,diag,cholesky_gaussian_ar,44,36,3,3,10,8.0,0.03,0.05,20.0,1e-06,1.6222647974268931,1.6968645783429337,1.5470889319207295,2.7259748256649643,0.0013794059357513475,1.6954851724071824,70,0.06297501001828414,1.0400050790884434,1.0401890209335238,0.8543151724210938
Shorter series,31,200,8,0.7,0.35,90,130,200,diag,log_euclidean_gaussian_ar,44,36,3,3,10,8.0,0.03,0.05,20.0,1e-06,1.529093133768294,1.5557091849875078,1.4647846292824367,2.4357106598036085,0.0013794059357513475,1.5543297790517565,70,0.09736858542407777,0.9534912064412051,0.9535894488444292,0.8543151724210938
Shorter series,31,200,8,0.7,0.35,90,130,200,diag,bwar_barycenter,44,36,3,3,10,8.0,0.03,0.05,20.0,1e-06,1.3620929497449683,1.4462672964824095,1.3498871858813506,2.1331967874740245,0.0013794059357513473,1.444887890546658,70,0.13127532543149073,0.8864144807183523,0.8864462778477707,0.8543151724210937
Shorter series,32,200,8,0.7,0.35,90,130,200,diag,persistence,44,36,3,3,10,8.0,0.03,0.05,20.0,,1.6605010315644946,1.4807720947628535,,,0.0021432553573454624,1.4786288394055078,70,0.049999999999996596,1.0,1.0,1.0
Shorter series,32,200,8,0.7,0.35,90,130,200,diag,euclidean_gaussian_ar,44,36,3,3,10,8.0,0.03,0.05,20.0,1e-06,1.566757333787481,1.4949953680661694,1.3703596543097751,2.377434420573631,0.0017648005233936188,1.4932305675427755,70,0.10336643664385069,1.0096053088477426,1.0098751814844478,0.8234205585187103
Shorter series,32,200,8,0.7,0.35,90,130,200,diag,cholesky_gaussian_ar,44,36,3,3,10,8.0,0.03,0.05,20.0,1e-06,1.6623132100508649,1.6323322912010387,1.4587436299941277,2.61327307082446,0.0017648005233936188,1.6305674906776453,70,0.06526620850899631,1.1023521424898661,1.1027564505864942,0.8234205585187103
Shorter series,32,200,8,0.7,0.35,90,130,200,diag,log_euclidean_gaussian_ar,44,36,3,3,10,8.0,0.03,0.05,20.0,1e-06,1.565144747204674,1.534574813596499,1.3616214737299683,2.5894209607622543,0.0017648005233936188,1.5328100130731053,70,0.0973936568678582,1.0363342333529468,1.0366428492557884,0.8234205585187103
Shorter series,32,200,8,0.7,0.35,90,130,200,diag,bwar_barycenter,44,36,3,3,10,8.0,0.03,0.05,20.0,1e-06,1.4664210151295343,1.3852321024071366,1.232085948066083,2.300489369787139,0.0017648005233936227,1.3834673018837431,70,0.11899812065960053,0.9354796104723883,0.9356420387688198,0.8234205585187122
Shorter series,33,200,8,0.7,0.35,90,130,200,diag,persistence,44,36,3,3,10,8.0,0.03,0.05,20.0,,1.358313780962693,1.491917186981473,,,0.001686598372853787,1.4902305886086191,70,0.049999999999998344,1.0,1.0,1.0
Shorter series,33,200,8,0.7,0.35,90,130,200,diag,euclidean_gaussian_ar,44,36,3,3,10,8.0,0.03,0.05,20.0,0.0001,1.377142277227073,1.527954209850556,1.5633884936812532,2.1200583852137647,0.001403979253071814,1.5265502305974845,70,0.131966151644719,1.024154841289814,1.024371826928325,0.8324324721695474
Shorter series,33,200,8,0.7,0.35,90,130,200,diag,cholesky_gaussian_ar,44,36,3,3,10,8.0,0.03,0.05,20.0,1e-06,1.5112589212128165,1.5296803296463524,1.4950266288113883,2.208088373598282,0.0014038174108451265,1.5282765122355073,70,0.10095840336204259,1.025311822260915,1.0255302259379941,0.832336514394838
Shorter series,33,200,8,0.7,0.35,90,130,200,diag,log_euclidean_gaussian_ar,44,36,3,3,10,8.0,0.03,0.05,20.0,1e-06,1.4434481882192247,1.4778747750338412,1.4602336683668504,2.1904649836923893,0.0014038174108451265,1.4764709576229962,70,0.09803437568841031,0.9905876733171477,0.9907667772418564,0.832336514394838
Shorter series,33,200,8,0.7,0.35,90,130,200,diag,bwar_barycenter,44,36,3,3,10,8.0,0.03,0.05,20.0,1e-06,1.2317742299235708,1.365881734598508,1.3457865717432984,2.007448371471812,0.0014038174108451315,1.3644779171876624,70,0.13034113218916663,0.9155211472307209,0.915615293108184,0.832336514394841
Shorter series,34,200,8,0.7,0.35,90,130,200,diag,persistence,44,36,3,3,10,8.0,0.03,0.05,20.0,,1.6702631799298302,1.4089746174180708,,,0.0016691068336686463,1.407305510584402,70,0.04999999999999841,1.0,1.0,1.0
Shorter series,34,200,8,0.7,0.35,90,130,200,diag,euclidean_gaussian_ar,44,36,3,3,10,8.0,0.03,0.05,20.0,1e-06,1.5612396819486012,1.398306075004118,1.3470340655887334,2.005703423752847,0.001400731276441667,1.3969053437276762,70,0.2014839031476128,0.9924281514499511,0.9926098727117135,0.8392100782206385
Shorter series,34,200,8,0.7,0.35,90,130,200,diag,cholesky_gaussian_ar,44,36,3,3,10,8.0,0.03,0.05,20.0,1e-06,1.7342694105679672,1.5754953484226255,1.4190213150222164,2.440364016243916,0.001400731276441667,1.5740946171461836,70,0.0932005638636136,1.11818575646856,1.1185166300475298,0.8392100782206385
Shorter series,34,200,8,0.7,0.35,90,130,200,diag,log_euclidean_gaussian_ar,44,36,3,3,10,8.0,0.03,0.05,20.0,1e-06,1.4979074706798752,1.4071136810259064,1.2246774509707883,2.129906012443947,0.001400731276441667,1.4057129497494645,70,0.09371398287936232,0.9986792264607474,0.9988683616862439,0.8392100782206385
Shorter series,34,200,8,0.7,0.35,90,130,200,diag,bwar_barycenter,44,36,3,3,10,8.0,0.03,0.05,20.0,0.001,1.4129394254613428,1.2626616108789435,1.2303849396149595,1.8401821798684719,0.0014009214291320498,1.2612606894498115,70,0.11899792657589695,0.8961563929325823,0.8962237978632348,0.839324003037521
Shorter series,35,200,8,0.7,0.35,90,130,200,diag,persistence,44,36,3,3,10,8.0,0.03,0.05,20.0,,1.588586444370892,1.636454920407077,,,0.0017443819889526454,1.6347105384181249,70,0.04999999999999712,1.0,1.0,1.0
Shorter series,35,200,8,0.7,0.35,90,130,200,diag,euclidean_gaussian_ar,44,36,3,3,10,8.0,0.03,0.05,20.0,1e-06,1.563043630663363,1.5852923215766883,1.4579773190111642,2.458253635731947,0.0014728504142992604,1.5838194711623894,70,0.1009437557202233,0.9687357114501743,0.9688684534296931,0.8443393841641206
Shorter series,35,200,8,0.7,0.35,90,130,200,diag,cholesky_gaussian_ar,44,36,3,3,10,8.0,0.03,0.05,20.0,1e-06,1.7118532487591689,1.65711147243465,1.5889125926917855,2.4234940735335546,0.0014728504142992604,1.6556386220203507,70,0.08676142808093634,1.012622744305376,1.0128023176644334,0.8443393841641206
Shorter series,35,200,8,0.7,0.35,90,130,200,diag,log_euclidean_gaussian_ar,44,36,3,3,10,8.0,0.03,0.05,20.0,1e-06,1.6386572456515551,1.6128616076977766,1.57056897840934,2.44454922127426,0.0014728504142992604,1.6113887572834777,70,0.10383313204176826,0.9855826687218299,0.9857333879077974,0.8443393841641206
Shorter series,35,200,8,0.7,0.35,90,130,200,diag,bwar_barycenter,44,36,3,3,10,8.0,0.03,0.05,20.0,1e-06,1.4765279180702102,1.4672043902935343,1.3311185556512939,2.3434232108403794,0.001472850414299333,1.465731539879235,70,0.12984837930162504,0.8965748900241989,0.8966306299692621,0.8443393841641622
Shorter series,36,200,8,0.7,0.35,90,130,200,diag,persistence,44,36,3,3,10,8.0,0.03,0.05,20.0,,1.3135545236082806,1.5073528659963966,,,0.001396097102279895,1.5059567688941167,70,0.04999999999999782,1.0,1.0,1.0
Shorter series,36,200,8,0.7,0.35,90,130,200,diag,euclidean_gaussian_ar,44,36,3,3,10,8.0,0.03,0.05,20.0,1e-06,1.3011805278668536,1.4510737868145605,1.4334429620790166,2.0723661948172114,0.0011855385765605735,1.4498882482379998,70,0.21723341002054194,0.962663633412317,0.96276883784832,0.8491806011376507
Shorter series,36,200,8,0.7,0.35,90,130,200,diag,cholesky_gaussian_ar,44,36,3,3,10,8.0,0.03,0.05,20.0,1e-06,1.3550846271623755,1.4512334977730497,1.4805639864492264,2.113830330441473,0.0011855385765605735,1.4500479591964892,70,0.07687215926352259,0.9627695880046968,0.9628748906658964,0.8491806011376507
Shorter series,36,200,8,0.7,0.35,90,130,200,diag,log_euclidean_gaussian_ar,44,36,3,3,10,8.0,0.03,0.05,20.0,1e-06,1.345588671751062,1.456037804821416,1.5039320329412298,2.2632613543409486,0.0011855385765605735,1.4548522662448555,70,0.09468660746057153,0.9659568357664812,0.9660650931654637,0.8491806011376507
Shorter series,36,200,8,0.7,0.35,90,130,200,diag,bwar_barycenter,44,36,3,3,10,8.0,0.03,0.05,20.0,1e-06,1.207511922521325,1.3360463426759104,1.31557322316399,2.0057889988383266,0.0011855385765605858,1.33486080409935,70,0.1303202351294249,0.886352739836237,0.8863872002644476,0.8491806011376595
Shorter series,37,200,8,0.7,0.35,90,130,200,diag,persistence,44,36,3,3,10,8.0,0.03,0.05,20.0,,1.6023301399389958,1.6622406166113481,,,0.0013528913841763686,1.6608877252271714,70,0.04999999999999745,1.0,1.0,1.0
Shorter series,37,200,8,0.7,0.35,90,130,200,diag,euclidean_gaussian_ar,44,36,3,3,10,8.0,0.03,0.05,20.0,1e-06,1.573186673129919,1.653638285764785,1.5613717475895075,2.285238197423821,0.0012329556732043642,1.6524053300915809,70,0.21689325189314484,0.9948248582301521,0.9948928545820698,0.9113486031659367
Shorter series,37,200,8,0.7,0.35,90,130,200,diag,cholesky_gaussian_ar,44,36,3,3,10,8.0,0.03,0.05,20.0,1e-06,1.5603454786792101,1.714463396335422,1.6538976983715896,2.4857388543756627,0.0012329556732043642,1.7132304406622179,70,0.09791451172566785,1.0314171000288368,1.0315149029281236,0.9113486031659367
Shorter series,37,200,8,0.7,0.35,90,130,200,diag,log_euclidean_gaussian_ar,44,36,3,3,10,8.0,0.03,0.05,20.0,1e-06,1.4440682168866503,1.6871225706725401,1.6078656664018742,2.6785890817820146,0.0012329556732043642,1.6858896149993357,70,0.10019445521518616,1.014968924361815,1.0150533292482156,0.9113486031659367
Shorter series,37,200,8,0.7,0.35,90,130,200,diag,bwar_barycenter,44,36,3,3,10,8.0,0.03,0.05,20.0,1e-06,1.4000852148071652,1.5034283337882695,1.3669203270629082,2.2371785475860606,0.0012329556732043878,1.502195378115065,70,0.1352771502465695,0.9044589085141992,0.9044532964500048,0.9113486031659542
Shorter series,38,200,8,0.7,0.35,90,130,200,diag,persistence,44,36,3,3,10,8.0,0.03,0.05,20.0,,1.6665930943936913,1.3631708823835698,,,0.0013626417617225077,1.3618082406218472,70,0.0499999999999973,1.0,1.0,1.0
Shorter series,38,200,8,0.7,0.35,90,130,200,diag,euclidean_gaussian_ar,44,36,3,3,10,8.0,0.03,0.05,20.0,1e-06,1.6958812955536193,1.3830850152067848,1.2805331527501516,2.0892480968555627,0.0011828993106101603,1.3819021158961748,70,0.06330349667987281,1.0146086841206543,1.0147552898234424,0.8680926593023716
Shorter series,38,200,8,0.7,0.35,90,130,200,diag,cholesky_gaussian_ar,44,36,3,3,10,8.0,0.03,0.05,20.0,1e-06,1.780638849918359,1.4007241096074208,1.2679236819665474,2.2792563514616964,0.0011828993106101603,1.399541210296811,70,0.08368852776149956,1.0275484370368793,1.0277079904126103,0.8680926593023716
Shorter series,38,200,8,0.7,0.35,90,130,200,diag,log_euclidean_gaussian_ar,44,36,3,3,10,8.0,0.03,0.05,20.0,1e-06,1.6420687650370382,1.300037785649835,1.1909454312601895,2.1377993988999,0.0011828993106101603,1.2988548863392246,70,0.08924067690107891,0.9536865865097239,0.9537722328263515,0.8680926593023716
Shorter series,38,200,8,0.7,0.35,90,130,200,diag,bwar_barycenter,44,36,3,3,10,8.0,0.03,0.05,20.0,0.001,1.521837282656438,1.22186203705652,1.1561068748190118,1.937613316410472,0.00118205455126654,1.2206799825052534,70,0.12110824898526455,0.8963381281443128,0.8963670112231441,0.8674727169467576
Shorter series,39,200,8,0.7,0.35,90,130,200,diag,persistence,44,36,3,3,10,8.0,0.03,0.05,20.0,,1.5198420016081056,1.2270262270555392,,,0.0018031299098377601,1.2252230971457017,70,0.04999999999999753,1.0,1.0,1.0
Shorter series,39,200,8,0.7,0.35,90,130,200,diag,euclidean_gaussian_ar,44,36,3,3,10,8.0,0.03,0.05,20.0,1e-06,1.523154698143242,1.309809150129115,1.2122369177682488,1.9728682500414187,0.0014989976397977696,1.3083101524893166,70,0.14602533981239305,1.0674663028778346,1.067813817366956,0.8313309161027919
Shorter series,39,200,8,0.7,0.35,90,130,200,diag,cholesky_gaussian_ar,44,36,3,3,10,8.0,0.03,0.05,20.0,1e-06,1.5939095316220948,1.318345793264251,1.1764871652634765,1.9159285260574395,0.0014989976397977696,1.3168467956244536,70,0.0750424744376059,1.074423483536981,1.0747812367332936,0.8313309161027919
Shorter series,39,200,8,0.7,0.35,90,130,200,diag,log_euclidean_gaussian_ar,44,36,3,3,10,8.0,0.03,0.05,20.0,1e-06,1.421065341936485,1.241318714246687,1.1113309263432116,1.8812410018536827,0.0014989976397977696,1.2398197166068896,70,0.08682041796909354,1.011648069842358,1.0119134380466648,0.8313309161027919
Shorter series,39,200,8,0.7,0.35,90,130,200,diag,bwar_barycenter,44,36,3,3,10,8.0,0.03,0.05,20.0,1e-06,1.3481992150123965,1.1408562727439011,1.0464427035069832,1.7300649622694266,0.0014989976397977642,1.1393572751041035,70,0.11349817944322371,0.9297733394677163,0.9299182146976885,0.8313309161027889
Shorter series,40,200,8,0.7,0.35,90,130,200,diag,persistence,44,36,3,3,10,8.0,0.03,0.05,20.0,,1.3977546112947112,1.5307556842824812,,,0.0016765264630576758,1.5290791578194236,70,0.049999999999998386,1.0,1.0,1.0
Shorter series,40,200,8,0.7,0.35,90,130,200,diag,euclidean_gaussian_ar,44,36,3,3,10,8.0,0.03,0.05,20.0,1e-06,1.4018572093058903,1.48674039536556,1.4709864003035742,2.163392535959171,0.0014152960012664244,1.4853250993642935,70,1.0000000948234173e-08,0.9712460392152307,0.9713853542301063,0.8441835142197427
Shorter series,40,200,8,0.7,0.35,90,130,200,diag,cholesky_gaussian_ar,44,36,3,3,10,8.0,0.03,0.05,20.0,1e-06,1.478765614243466,1.5891000395630674,1.529701620880671,2.3641261266464024,0.0014152960012664244,1.587684743561801,70,0.08134648064900052,1.0381147402421271,1.0383273720282429,0.8441835142197427
Shorter series,40,200,8,0.7,0.35,90,130,200,diag,log_euclidean_gaussian_ar,44,36,3,3,10,8.0,0.03,0.05,20.0,1e-06,1.4490591116902665,1.5126182298791602,1.4364008215171566,2.3705552526013425,0.0014152960012664244,1.5112029338778943,70,0.088588441581625,0.9881513068417429,0.9883091572793248,0.8441835142197427
Shorter series,40,200,8,0.7,0.35,90,130,200,diag,bwar_barycenter,44,36,3,3,10,8.0,0.03,0.05,20.0,1e-06,1.2850161359302112,1.3803401475042254,1.3362667590480395,2.0496231134412826,0.0014152960012663851,1.3789248515029586,70,0.11984795643140504,0.9017377244960153,0.9018008285911138,0.8441835142197193
Shorter series,41,200,8,0.7,0.35,90,130,200,diag,persistence,44,36,3,3,10,8.0,0.03,0.05,20.0,,1.5864021956575587,1.6686603984880075,,,0.0017580971234122127,1.6669023013645954,70,0.049999999999998504,1.0,1.0,1.0
Shorter series,41,200,8,0.7,0.35,90,130,200,diag,euclidean_gaussian_ar,44,36,3,3,10,8.0,0.03,0.05,20.0,1e-06,1.5880207673613205,1.563220055129594,1.4855282475629124,2.094332237496857,0.001543745230249699,1.5616763098993443,70,0.219463043211506,0.9368113826792113,0.9368733300211364,0.878077331275938
Shorter series,41,200,8,0.7,0.35,90,130,200,diag,cholesky_gaussian_ar,44,36,3,3,10,8.0,0.03,0.05,20.0,1e-06,1.6910591724128388,1.5761607962087385,1.4588607357371584,2.265714301964979,0.001543745230249699,1.574617050978489,70,0.06615036985980025,0.9445665502920283,0.9446366770802597,0.878077331275938
Shorter series,41,200,8,0.7,0.35,90,130,200,diag,log_euclidean_gaussian_ar,44,36,3,3,10,8.0,0.03,0.05,20.0,1e-06,1.7018166608072005,1.5510165763339725,1.4299991875436113,2.205393869767272,0.001543745230249699,1.5494728311037225,70,0.09263954470725543,0.9294980439035807,0.9295522778001204,0.878077331275938
Shorter series,41,200,8,0.7,0.35,90,130,200,diag,bwar_barycenter,44,36,3,3,10,8.0,0.03,0.05,20.0,1e-06,1.477627045385193,1.437351308163347,1.3635050801942228,2.1147794678627494,0.001543745230249698,1.4358075629330975,70,0.12283697938631274,0.8613803680279989,0.8613627575879438,0.8780773312759373
Shorter series,42,200,8,0.7,0.35,90,130,200,diag,persistence,44,36,3,3,10,8.0,0.03,0.05,20.0,,1.7268821410977169,1.6568024397264156,,,0.0015699851732998143,1.6552324545531159,70,0.04999999999999835,1.0,1.0,1.0
Shorter series,42,200,8,0.7,0.35,90,130,200,diag,euclidean_gaussian_ar,44,36,3,3,10,8.0,0.03,0.05,20.0,1e-06,1.7157024595179948,1.6693572999988986,1.5765940195063421,2.336612472762104,0.0013840966945691618,1.667973203304329,70,0.27443015004153376,1.0075777654423035,1.007697256488759,0.8815985769216216
Shorter series,42,200,8,0.7,0.35,90,130,200,diag,cholesky_gaussian_ar,44,36,3,3,10,8.0,0.03,0.05,20.0,1e-06,1.8095080285544185,1.6494542271960215,1.5083248599329613,2.4682691141568323,0.0013840966945691618,1.6480701305014522,70,0.0894989936099661,0.9955648227246651,0.9956729195153454,0.8815985769216216
Shorter series,42,200,8,0.7,0.35,90,130,200,diag,log_euclidean_gaussian_ar,44,36,3,3,10,8.0,0.03,0.05,20.0,1e-06,1.7898127673412205,1.5976000586936159,1.5280895123266593,2.4888591528319406,0.0013840966945691618,1.5962159619990466,70,0.09044017955322312,0.9642670848296339,0.9643454957690504,0.8815985769216216
Shorter series,42,200,8,0.7,0.35,90,130,200,diag,bwar_barycenter,44,36,3,3,10,8.0,0.03,0.05,20.0,1e-06,1.5905005536876478,1.4769791863415074,1.3931584784064412,2.196594649449238,0.0013840966945691208,1.4755950896469379,70,0.1352778594434013,0.8914636717853928,0.8914730288111243,0.8815985769215955
Shorter series,43,200,8,0.7,0.35,90,130,200,diag,persistence,44,36,3,3,10,8.0,0.03,0.05,20.0,,1.372766160971659,1.545572604435087,,,0.001586990372718651,1.5439856140623682,70,0.04999999999999769,1.0,1.0,1.0
Shorter series,43,200,8,0.7,0.35,90,130,200,diag,euclidean_gaussian_ar,44,36,3,3,10,8.0,0.03,0.05,20.0,0.01,1.468505162612015,1.5148018578435138,1.3951614394015874,2.246430227204658,0.0013379340562867752,1.5134639237872267,70,0.0565776754676356,0.9800910377789596,0.9802318816981487,0.8430637509128547
Shorter series,43,200,8,0.7,0.35,90,130,200,diag,cholesky_gaussian_ar,44,36,3,3,10,8.0,0.03,0.05,20.0,1e-06,1.4880115411718833,1.5068076469390768,1.3911371149076386,2.4073091875304917,0.0013223012661056817,1.505485345672971,70,0.08661498388559029,0.9749187081960611,0.9750643606787893,0.8332131617411552
Shorter series,43,200,8,0.7,0.35,90,130,200,diag,log_euclidean_gaussian_ar,44,36,3,3,10,8.0,0.03,0.05,20.0,1e-06,1.5351911894850534,1.4693441513075307,1.3032056715000446,2.4094593210885136,0.0013223012661056817,1.4680218500414253,70,0.09492767707748591,0.9506794744492653,0.9508002125608701,0.8332131617411552
Shorter series,43,200,8,0.7,0.35,90,130,200,diag,bwar_barycenter,44,36,3,3,10,8.0,0.03,0.05,20.0,1e-06,1.3238427248117586,1.3566227343749093,1.2810405986408653,2.091733876533956,0.0013223012661057719,1.3553004331088037,70,0.10918987851244402,0.8777476583642995,0.8777934332839303,0.8332131617412121
Shorter series,44,200,8,0.7,0.35,90,130,200,diag,persistence,44,36,3,3,10,8.0,0.03,0.05,20.0,,1.473359064340816,1.4627380424595464,,,0.0017898296006392486,1.4609482128589073,70,0.0499999999999987,1.0,1.0,1.0
Shorter series,44,200,8,0.7,0.35,90,130,200,diag,euclidean_gaussian_ar,44,36,3,3,10,8.0,0.03,0.05,20.0,0.0001,1.4998342689745885,1.4427573463024654,1.2824721521993219,2.18334690238146,0.0015230553404792712,1.4412342909619862,70,0.13157618948428168,0.9863402088568887,0.9865060775437459,0.8509499116202474
Shorter series,44,200,8,0.7,0.35,90,130,200,diag,cholesky_gaussian_ar,44,36,3,3,10,8.0,0.03,0.05,20.0,1e-06,1.465093758168169,1.4681486897154261,1.2966994990372145,2.3998716597918253,0.0015229327432927178,1.4666257569721335,70,0.08862247932518817,1.0036989858052654,1.003886204906686,0.8508814150513507
Shorter series,44,200,8,0.7,0.35,90,130,200,diag,log_euclidean_gaussian_ar,44,36,3,3,10,8.0,0.03,0.05,20.0,1e-06,1.4874898328770385,1.5110056160789214,1.3084217494497477,2.3755501569637265,0.0015229327432927178,1.509482683335629,70,0.09276869440318952,1.03299809823652,1.0332212121206852,0.8508814150513507
Shorter series,44,200,8,0.7,0.35,90,130,200,diag,bwar_barycenter,44,36,3,3,10,8.0,0.03,0.05,20.0,1e-06,1.3700746837561053,1.3272864542998195,1.1048893054609528,2.104913913528509,0.0015229327432927083,1.3257635215565269,70,0.1256588830336962,0.9073986016443727,0.9074678416986187,0.8508814150513454
Shorter series,45,200,8,0.7,0.35,90,130,200,diag,persistence,44,36,3,3,10,8.0,0.03,0.05,20.0,,1.3111581232629668,1.3501298110474984,,,0.0013691669411870504,1.3487606441063114,70,0.049999999999998795,1.0,1.0,1.0
Shorter series,45,200,8,0.7,0.35,90,130,200,diag,euclidean_gaussian_ar,44,36,3,3,10,8.0,0.03,0.05,20.0,1e-06,1.2688206145953733,1.2728412509247093,1.14766083276824,1.8655378775526092,0.0012008647462087403,1.2716403861785008,70,0.11676388116406379,0.9427547192200543,0.9428213906857354,0.877076936408942
Shorter series,45,200,8,0.7,0.35,90,130,200,diag,cholesky_gaussian_ar,44,36,3,3,10,8.0,0.03,0.05,20.0,1e-06,1.3077205344030756,1.3408801590187513,1.2319987679667868,1.972991195724945,0.0012008647462087403,1.3396792942725426,70,0.07929049155429013,0.9931490646654408,0.9932668929261456,0.877076936408942
Shorter series,45,200,8,0.7,0.35,90,130,200,diag,log_euclidean_gaussian_ar,44,36,3,3,10,8.0,0.03,0.05,20.0,1e-06,1.2222534915741623,1.30543175051423,1.174417007563417,2.135012549299921,0.0012008647462087403,1.3042308857680214,70,0.09638770823090029,0.9668935089296419,0.9669846843968409,0.877076936408942
Shorter series,45,200,8,0.7,0.35,90,130,200,diag,bwar_barycenter,44,36,3,3,10,8.0,0.03,0.05,20.0,1e-06,1.156813254469012,1.1874588559527017,1.0265634062182065,1.7786216613142738,0.001200864746208784,1.1862579912064926,70,0.13677832369584078,0.8795145816619008,0.8795170561879102,0.877076936408974
Shorter series,46,200,8,0.7,0.35,90,130,200,diag,persistence,44,36,3,3,10,8.0,0.03,0.05,20.0,,1.914737811223199,1.5386014879596395,,,0.0015401623922972028,1.5370613255673418,70,0.04999999999999847,1.0,1.0,1.0
Shorter series,46,200,8,0.7,0.35,90,130,200,diag,euclidean_gaussian_ar,44,36,3,3,10,8.0,0.03,0.05,20.0,1e-06,1.8452399024252126,1.6446121441409838,1.6020172351154511,2.320485494447499,0.0013112810619701166,1.6433008630790134,70,0.22473293196556662,1.0689006588196703,1.0691186068795646,0.8513914302337287
Shorter series,46,200,8,0.7,0.35,90,130,200,diag,cholesky_gaussian_ar,44,36,3,3,10,8.0,0.03,0.05,20.0,1e-06,1.8656937461478655,1.7067155893795771,1.6683974761666924,2.5571745356126625,0.0013112810619701166,1.7054043083176071,70,0.09182181228198268,1.1092642264650843,1.109522619527317,0.8513914302337287
Shorter series,46,200,8,0.7,0.35,90,130,200,diag,log_euclidean_gaussian_ar,44,36,3,3,10,8.0,0.03,0.05,20.0,1e-06,1.7681581739444194,1.697475517595075,1.599978000661583,2.7740206359432484,0.0013112810619701166,1.6961642365331053,70,0.10016189173688944,1.1032587261085525,1.1035111015541539,0.8513914302337287
Shorter series,46,200,8,0.7,0.35,90,130,200,diag,bwar_barycenter,44,36,3,3,10,8.0,0.03,0.05,20.0,1e-06,1.6725359312100352,1.4590336780285322,1.426681665863563,2.2524267523187165,0.0013112810619701337,1.4577223969665623,70,0.13893256992558398,0.9482856278550574,0.9483827175395915,0.8513914302337398
Shorter series,47,200,8,0.7,0.35,90,130,200,diag,persistence,44,36,3,3,10,8.0,0.03,0.05,20.0,,1.7136228382754481,1.4334422091052736,,,0.0017725178621796703,1.4316696912430937,70,0.04999999999999868,1.0,1.0,1.0
Shorter series,47,200,8,0.7,0.35,90,130,200,diag,euclidean_gaussian_ar,44,36,3,3,10,8.0,0.03,0.05,20.0,0.01,1.6148872603737594,1.4898242052617,1.3771233027791534,2.2688686873781583,0.0015042773191853778,1.4883199279425148,70,9.999999730921456e-09,1.039333288637858,1.039569348325194,0.8486669450741465
Shorter series,47,200,8,0.7,0.35,90,130,200,diag,cholesky_gaussian_ar,44,36,3,3,10,8.0,0.03,0.05,20.0,1e-06,1.67269648918001,1.5079791972402266,1.3659410404436065,2.468824947312982,0.0014895164424874616,1.5064896807977393,70,0.10267829267670467,1.0519986000562083,1.0522606506321166,0.8403393129453708
Shorter series,47,200,8,0.7,0.35,90,130,200,diag,log_euclidean_gaussian_ar,44,36,3,3,10,8.0,0.03,0.05,20.0,1e-06,1.5735744330673527,1.3413028075506002,1.178242087948942,2.23040369366571,0.0014895164424874616,1.339813291108113,70,0.09740190293445995,0.9357215791683816,0.9358396697947672,0.8403393129453708
Shorter series,47,200,8,0.7,0.35,90,130,200,diag,bwar_barycenter,44,36,3,3,10,8.0,0.03,0.05,20.0,1e-06,1.4556950387528036,1.2706322937217567,1.0921095668306462,2.1489182846991093,0.0014895164424874804,1.2691427772792694,70,0.11378978443956782,0.8864203144365759,0.8864773662822287,0.8403393129453814
Shorter series,48,200,8,0.7,0.35,90,130,200,diag,persistence,44,36,3,3,10,8.0,0.03,0.05,20.0,,1.814365641061211,1.6281898233681946,,,0.001576576805306338,1.6266132465628884,70,0.049999999999997394,1.0,1.0,1.0
Shorter series,48,200,8,0.7,0.35,90,130,200,diag,euclidean_gaussian_ar,44,36,3,3,10,8.0,0.03,0.05,20.0,1e-06,1.6640258507240024,1.656603898289217,1.4971641605305939,2.5027793723890084,0.0014149093777657315,1.6551889889114513,70,9.99999933804871e-09,1.0174513281640853,1.0175676316475013,0.89745667512266
Shorter series,48,200,8,0.7,0.35,90,130,200,diag,cholesky_gaussian_ar,44,36,3,3,10,8.0,0.03,0.05,20.0,1e-06,1.8956241304039068,1.776430981639681,1.6843005107390927,2.5925922559845898,0.0014149093777657315,1.7750160722619155,70,0.06973553373194631,1.0910466065712312,1.0912342414600456,0.89745667512266
Shorter series,48,200,8,0.7,0.35,90,130,200,diag,log_euclidean_gaussian_ar,44,36,3,3,10,8.0,0.03,0.05,20.0,1e-06,1.899419352238964,1.7560857627064697,1.643851005891738,2.8682665369658666,0.0014149093777657315,1.7546708533287037,70,0.08973711866741545,1.0785510003211418,1.0787265239825183,0.89745667512266
Shorter series,48,200,8,0.7,0.35,90,130,200,diag,bwar_barycenter,44,36,3,3,10,8.0,0.03,0.05,20.0,1e-06,1.5740896724701987,1.51531950750391,1.3792743826141884,2.3660109646012435,0.0014149093777657473,1.5139045981261443,70,0.12258226487308908,0.930677422101317,0.9307096209409933,0.8974566751226701
Shorter series,49,200,8,0.7,0.35,90,130,200,diag,persistence,44,36,3,3,10,8.0,0.03,0.05,20.0,,1.6896249333908444,1.5458115861020942,,,0.0014824921701040085,1.5443290939319905,70,0.04999999999999846,1.0,1.0,1.0
Shorter series,49,200,8,0.7,0.35,90,130,200,diag,euclidean_gaussian_ar,44,36,3,3,10,8.0,0.03,0.05,20.0,1e-06,1.6017825221117252,1.5339370064121833,1.5150790233784583,2.122802673280504,0.0011948723199833565,1.5327421340921996,70,0.1068476149928785,0.9923182231284384,0.9924970915297014,0.805988958376439
Shorter series,49,200,8,0.7,0.35,90,130,200,diag,cholesky_gaussian_ar,44,36,3,3,10,8.0,0.03,0.05,20.0,1e-06,1.6285762486199835,1.5964015311640358,1.5671175164937627,2.2834548568139645,0.0011948723199833565,1.5952066588440525,70,0.09898282152142436,1.032727109511133,1.0329447687749789,0.805988958376439
Shorter series,49,200,8,0.7,0.35,90,130,200,diag,log_euclidean_gaussian_ar,44,36,3,3,10,8.0,0.03,0.05,20.0,1e-06,1.52977923121743,1.4748570767633773,1.3510658197223009,2.2795388881796095,0.0011948723199833565,1.4736622044433938,70,0.09552780127911648,0.9540988630330847,0.9542410424266029,0.805988958376439
Shorter series,49,200,8,0.7,0.35,90,130,200,diag,bwar_barycenter,44,36,3,3,10,8.0,0.03,0.05,20.0,1e-06,1.44614424599493,1.3838045371503114,1.342957165147766,2.053663547071466,0.0011948723199832875,1.382609664830328,70,0.12939386847138976,0.8951961219541001,0.8952817571480757,0.8059889583763925
Higher dimension,0,320,10,0.7,0.32,144,208,320,diag,persistence,65,55,4,4,16,8.0,0.03,0.05,20.0,,1.993458333008168,2.0603791364315485,,,0.002299839924337734,2.0580792965072106,112,0.049999999999997956,1.0,1.0,1.0
Higher dimension,0,320,10,0.7,0.32,144,208,320,diag,euclidean_gaussian_ar,65,55,4,4,16,8.0,0.03,0.05,20.0,1e-06,1.9141540998100728,1.957024927232658,1.931779488221535,2.6072340178261735,0.0019029607127256534,1.9551219665199326,112,0.14780432820900039,0.9498372860744971,0.9499740704053493,0.8274318106177034
Higher dimension,0,320,10,0.7,0.32,144,208,320,diag,cholesky_gaussian_ar,65,55,4,4,16,8.0,0.03,0.05,20.0,1e-06,1.9263879896192517,2.0028713123142423,1.9524814213366448,2.847484479708845,0.0019029607127256534,2.0009683516015166,112,0.06557684849690068,0.9720887175081251,0.9722503671250095,0.8274318106177034
Higher dimension,0,320,10,0.7,0.32,144,208,320,diag,log_euclidean_gaussian_ar,65,55,4,4,16,8.0,0.03,0.05,20.0,1e-06,1.8777383690697689,1.9124419931249916,1.897680358416471,2.7061275557514395,0.0019029607127256534,1.9105390324122655,112,0.09957972141345593,0.9281990674964924,0.9283116717877017,0.8274318106177034
Higher dimension,0,320,10,0.7,0.32,144,208,320,diag,bwar_barycenter,65,55,4,4,16,8.0,0.03,0.05,20.0,1e-06,1.7534674616675088,1.7887792489352812,1.7782240951752457,2.608809833237587,0.001902960712725715,1.7868762882225557,112,0.1247626939565163,0.8681796555333686,0.8682251899890755,0.8274318106177302
Higher dimension,1,320,10,0.7,0.32,144,208,320,diag,persistence,65,55,4,4,16,8.0,0.03,0.05,20.0,,1.8720143835757017,1.8165724149227533,,,0.0020584130517540752,1.814514001870999,112,0.049999999999997866,1.0,1.0,1.0
Higher dimension,1,320,10,0.7,0.32,144,208,320,diag,euclidean_gaussian_ar,65,55,4,4,16,8.0,0.03,0.05,20.0,1e-06,1.873693227060917,1.7531021917265903,1.7514167885619054,2.439680482313009,0.0017791059231854899,1.7513230858034048,112,0.17184715632412498,0.965060449737776,0.9651747432081338,0.8643094842745124
Higher dimension,1,320,10,0.7,0.32,144,208,320,diag,cholesky_gaussian_ar,65,55,4,4,16,8.0,0.03,0.05,20.0,1e-06,1.998275781935188,1.8697654527162462,1.8808199603419358,2.72772119074333,0.0017791059231854899,1.8679863467930606,112,0.09091604759400805,1.0292820904669273,1.0294692379705666,0.8643094842745124
Higher dimension,1,320,10,0.7,0.32,144,208,320,diag,log_euclidean_gaussian_ar,65,55,4,4,16,8.0,0.03,0.05,20.0,1e-06,1.8630381632533994,1.7417424178281153,1.667368627281205,2.563421115916757,0.0017791059231854899,1.7399633119049298,112,0.09592003192096014,0.9588070387506021,0.9589142382537705,0.8643094842745124
Higher dimension,1,320,10,0.7,0.32,144,208,320,diag,bwar_barycenter,65,55,4,4,16,8.0,0.03,0.05,20.0,1e-06,1.6975714830318869,1.611242585897529,1.6256248419300703,2.3311666703195435,0.0017791059231854862,1.6094634799743432,112,0.13478854947573854,0.8869685417776446,0.8869942465667269,0.8643094842745106
Higher dimension,2,320,10,0.7,0.32,144,208,320,diag,persistence,65,55,4,4,16,8.0,0.03,0.05,20.0,,2.079082109677082,1.8537362969698243,,,0.0022417296533672744,1.8514945673164573,112,0.04999999999999794,1.0,1.0,1.0
Higher dimension,2,320,10,0.7,0.32,144,208,320,diag,euclidean_gaussian_ar,65,55,4,4,16,8.0,0.03,0.05,20.0,0.0001,1.9896620144313735,1.8455502110191355,1.7924603763566695,2.5368353356311757,0.0019285943999287733,1.8436216166192065,112,0.14667855422611448,0.9955840073024033,0.9957477862283648,0.8603153359870382
Higher dimension,2,320,10,0.7,0.32,144,208,320,diag,cholesky_gaussian_ar,65,55,4,4,16,8.0,0.03,0.05,20.0,1e-06,2.1214201894284477,1.9389302511906297,1.8810494440766723,2.878763960514623,0.0019285305141542813,1.9370017206764756,112,0.06506084257205146,1.0459579684338414,1.0461827730253357,0.8602868375575349
Higher dimension,2,320,10,0.7,0.32,144,208,320,diag,log_euclidean_gaussian_ar,65,55,4,4,16,8.0,0.03,0.05,20.0,1e-06,1.9810429151996987,1.8393848779704849,1.814517467490806,2.8074838249587093,0.0019285305141542813,1.8374563474563306,112,0.0898703141438003,0.9922581118885148,0.9924178984330083,0.8602868375575349
Higher dimension,2,320,10,0.7,0.32,144,208,320,diag,bwar_barycenter,65,55,4,4,16,8.0,0.03,0.05,20.0,1e-06,1.835198833181912,1.6808157951404712,1.6095684964069799,2.5206711612745893,0.0019285305141542833,1.6788872646263167,112,0.12451821466223972,0.9067178529589055,0.906774070128482,0.8602868375575358
Higher dimension,3,320,10,0.7,0.32,144,208,320,diag,persistence,65,55,4,4,16,8.0,0.03,0.05,20.0,,1.7275549700250552,1.9322105713213678,,,0.0021543515053063576,1.9300562198160613,112,0.04999999999999827,1.0,1.0,1.0
Higher dimension,3,320,10,0.7,0.32,144,208,320,diag,euclidean_gaussian_ar,65,55,4,4,16,8.0,0.03,0.05,20.0,1e-06,1.8167277191192612,1.8511116721344008,1.7343244229762613,2.6289233827477103,0.0018486418903731643,1.8492630302440278,112,0.18546584862259005,0.9580279187006484,0.9581394631189897,0.8580966874810338
Higher dimension,3,320,10,0.7,0.32,144,208,320,diag,cholesky_gaussian_ar,65,55,4,4,16,8.0,0.03,0.05,20.0,1e-06,1.8295594840154967,1.8786945813202038,1.7671180939772912,2.739953525431985,0.0018486418903731643,1.8768459394298307,112,0.0972561930946107,0.9723032309234463,0.9724307096135771,0.8580966874810338
Higher dimension,3,320,10,0.7,0.32,144,208,320,diag,log_euclidean_gaussian_ar,65,55,4,4,16,8.0,0.03,0.05,20.0,1e-06,1.8479211808798337,1.8207983165930417,1.665178387986245,2.7676731591861903,0.0018486418903731643,1.8189496747026686,112,0.09528784302012985,0.9423394859846278,0.9424335187894259,0.8580966874810338
Higher dimension,3,320,10,0.7,0.32,144,208,320,diag,bwar_barycenter,65,55,4,4,16,8.0,0.03,0.05,20.0,1e-06,1.6089330565021909,1.6829876691948,1.5578293281294715,2.5378458971287996,0.0018486418903731424,1.6811390273044269,112,0.12969419730296913,0.8710166967174114,0.8710311181840305,0.8580966874810236
Higher dimension,4,320,10,0.7,0.32,144,208,320,diag,persistence,65,55,4,4,16,8.0,0.03,0.05,20.0,,1.8933459986643806,1.921925665107821,,,0.0020988852511314624,1.9198267798566893,112,0.04999999999999802,1.0,1.0,1.0
Higher dimension,4,320,10,0.7,0.32,144,208,320,diag,euclidean_gaussian_ar,65,55,4,4,16,8.0,0.03,0.05,20.0,1e-06,1.8682180848215704,1.8503565009087535,1.6947462610631296,2.675225543497847,0.001747938846901184,1.848608562061852,112,0.18366211749794328,0.962761741778888,0.9629038314591312,0.8327939061741985
Higher dimension,4,320,10,0.7,0.32,144,208,320,diag,cholesky_gaussian_ar,65,55,4,4,16,8.0,0.03,0.05,20.0,1e-06,1.940047521373438,1.9062344843988297,1.7978794474817639,2.750016672259142,0.001747938846901184,1.9044865455519282,112,0.09184466605278963,0.9918356984383624,0.9920095737460719,0.8327939061741985
Higher dimension,4,320,10,0.7,0.32,144,208,320,diag,log_euclidean_gaussian_ar,65,55,4,4,16,8.0,0.03,0.05,20.0,1e-06,1.8835522032703635,1.8595814871306087,1.7668786615189518,2.7019406392519145,0.001747938846901184,1.8578335482837074,112,0.09736303935144194,0.9675616080741006,0.9677089452947367,0.8327939061741985
Higher dimension,4,320,10,0.7,0.32,144,208,320,diag,bwar_barycenter,65,55,4,4,16,8.0,0.03,0.05,20.0,1e-06,1.6999537252139154,1.6933830999843416,1.5428009846736828,2.5354948791407357,0.001747938846901174,1.6916351611374405,112,0.12909024892727852,0.8810866781829161,0.8811394751268743,0.8327939061741937
Higher dimension,5,320,10,0.7,0.32,144,208,320,diag,persistence,65,55,4,4,16,8.0,0.03,0.05,20.0,,2.0309326363588074,1.7687549920403265,,,0.0023462715989028037,1.7664087204414234,112,0.04999999999999713,1.0,1.0,1.0
Higher dimension,5,320,10,0.7,0.32,144,208,320,diag,euclidean_gaussian_ar,65,55,4,4,16,8.0,0.03,0.05,20.0,1e-06,2.0678343725356383,1.8273955811404636,1.791420070256725,2.560000489803566,0.002028072350487299,1.8253675087899766,112,0.15100411323531235,1.0331535963793905,1.0333777724635664,0.8643808975208559
Higher dimension,5,320,10,0.7,0.32,144,208,320,diag,cholesky_gaussian_ar,65,55,4,4,16,8.0,0.03,0.05,20.0,1e-06,2.0195209852384646,1.802814331933313,1.697356621951735,2.7169381337048026,0.002028072350487299,1.8007862595828255,112,0.08319049703169593,1.0192561095495187,1.0194618259882748,0.8643808975208559
Higher dimension,5,320,10,0.7,0.32,144,208,320,diag,log_euclidean_gaussian_ar,65,55,4,4,16,8.0,0.03,0.05,20.0,1e-06,1.929299686030111,1.6925622164567993,1.6497056463881603,2.545303133285046,0.002028072350487299,1.690534144106312,112,0.080851408571499,0.9569229339697094,0.9570458549841452,0.8643808975208559
Higher dimension,5,320,10,0.7,0.32,144,208,320,diag,bwar_barycenter,65,55,4,4,16,8.0,0.03,0.05,20.0,1e-06,1.8307346227369492,1.5943342532930076,1.5648724008002897,2.3684488772386314,0.002028072350487347,1.5923061809425205,112,0.12009273699709358,0.9013878465178957,0.9014370018194913,0.8643808975208764
Higher dimension,6,320,10,0.7,0.32,144,208,320,diag,persistence,65,55,4,4,16,8.0,0.03,0.05,20.0,,1.8043678968388581,1.9053192922802253,,,0.0020360335118730258,1.9032832587683524,112,0.049999999999998476,1.0,1.0,1.0
Higher dimension,6,320,10,0.7,0.32,144,208,320,diag,euclidean_gaussian_ar,65,55,4,4,16,8.0,0.03,0.05,20.0,1e-06,1.849257827338059,1.9118982675394112,1.8517533398446435,2.7201080457307554,0.0017523242078722244,1.9101459433315386,112,0.10335347254301859,1.0034529515792139,1.0036057084680223,0.8606558770539066
Higher dimension,6,320,10,0.7,0.32,144,208,320,diag,cholesky_gaussian_ar,65,55,4,4,16,8.0,0.03,0.05,20.0,1e-06,2.010862538946329,1.9815544151516258,1.9088872749813148,2.8635774901626565,0.0017523242078722244,1.9798020909437537,112,0.09048585872918234,1.0400117309367947,1.0402035965077094,0.8606558770539066
Higher dimension,6,320,10,0.7,0.32,144,208,320,diag,log_euclidean_gaussian_ar,65,55,4,4,16,8.0,0.03,0.05,20.0,1e-06,1.9035343091440433,1.8859613579239178,1.7953722940593324,2.8293676313465337,0.0017523242078722244,1.8842090337160455,112,0.09652046041985839,0.9898400575511201,0.9899782520733934,0.8606558770539066
Higher dimension,6,320,10,0.7,0.32,144,208,320,diag,bwar_barycenter,65,55,4,4,16,8.0,0.03,0.05,20.0,1e-06,1.695424819540348,1.7372741372229565,1.676397234327541,2.602900563396893,0.0017523242078721513,1.7355218130150847,112,0.12554656207349127,0.9118021028086281,0.9118568163827443,0.8606558770538706
Higher dimension,7,320,10,0.7,0.32,144,208,320,diag,persistence,65,55,4,4,16,8.0,0.03,0.05,20.0,,1.831030614893821,1.6968546824508632,,,0.0021046296737355736,1.6947500527771275,112,0.04999999999999764,1.0,1.0,1.0
Higher dimension,7,320,10,0.7,0.32,144,208,320,diag,euclidean_gaussian_ar,65,55,4,4,16,8.0,0.03,0.05,20.0,1e-06,1.7866681182179809,1.6947689939722943,1.6091379289609793,2.5998667084136966,0.0017349592311656193,1.6930340347411286,112,0.10170389144411053,0.9987708502677692,0.9989874506667299,0.8243536869297227
Higher dimension,7,320,10,0.7,0.32,144,208,320,diag,cholesky_gaussian_ar,65,55,4,4,16,8.0,0.03,0.05,20.0,1e-06,1.788271915157957,1.6623102918796946,1.5436601933785412,2.71049105370644,0.0017349592311656193,1.6605753326485289,112,0.07840529477916279,0.9796421043425626,0.9798349496596281,0.8243536869297227
Higher dimension,7,320,10,0.7,0.32,144,208,320,diag,log_euclidean_gaussian_ar,65,55,4,4,16,8.0,0.03,0.05,20.0,1e-06,1.6766443980819714,1.6158246912370977,1.4844977143950644,2.817372870255295,0.0017349592311656193,1.6140897320059324,112,0.09694783974367707,0.9522469472184092,0.9524057717897575,0.8243536869297227
Higher dimension,7,320,10,0.7,0.32,144,208,320,diag,bwar_barycenter,65,55,4,4,16,8.0,0.03,0.05,20.0,1e-06,1.5983808989098474,1.5226393372541263,1.4018636119780132,2.540546325138438,0.001734959231165614,1.5209043780229605,112,0.12235195173018339,0.897330427290858,0.8974210536419266,0.8243536869297201
Higher dimension,8,320,10,0.7,0.32,144,208,320,diag,persistence,65,55,4,4,16,8.0,0.03,0.05,20.0,,1.8668815664999427,1.9517336443120359,,,0.0022373201591963108,1.9494963241528396,112,0.04999999999999849,1.0,1.0,1.0
Higher dimension,8,320,10,0.7,0.32,144,208,320,diag,euclidean_gaussian_ar,65,55,4,4,16,8.0,0.03,0.05,20.0,1e-06,1.8090601863927311,1.8697743945327165,1.8091760663804266,2.625722287777021,0.0018937984475251636,1.8678805960851914,112,0.07685771158996621,0.9580069493508121,0.9581349669365935,0.8464584023618028
Higher dimension,8,320,10,0.7,0.32,144,208,320,diag,cholesky_gaussian_ar,65,55,4,4,16,8.0,0.03,0.05,20.0,1e-06,1.9325302575137897,2.0214889820016806,1.938073709292694,2.859611053529989,0.0018937984475251636,2.0195951835541552,112,0.07133641580596252,1.035740193285561,1.0359574206592963,0.8464584023618028
Higher dimension,8,320,10,0.7,0.32,144,208,320,diag,log_euclidean_gaussian_ar,65,55,4,4,16,8.0,0.03,0.05,20.0,1e-06,1.86386781968566,1.953083089414692,1.9417752142026312,2.819699629041595,0.0018937984475251636,1.9511892909671669,112,0.09314911285744781,1.0006914084340293,1.0008684124167626,0.8464584023618028
Higher dimension,8,320,10,0.7,0.32,144,208,320,diag,bwar_barycenter,65,55,4,4,16,8.0,0.03,0.05,20.0,1e-06,1.6705702239003877,1.7539482285976746,1.6978880284308442,2.567088365746199,0.0018937984475251614,1.7520544301501493,112,0.12301038637502026,0.8986616763559054,0.8987215869265671,0.8464584023618018
Higher dimension,9,320,10,0.7,0.32,144,208,320,diag,persistence,65,55,4,4,16,8.0,0.03,0.05,20.0,,1.812830936539637,1.9701078939260432,,,0.002222080412091937,1.967885813513951,112,0.049999999999996964,1.0,1.0,1.0
Higher dimension,9,320,10,0.7,0.32,144,208,320,diag,euclidean_gaussian_ar,65,55,4,4,16,8.0,0.03,0.05,20.0,0.0001,1.821844478484519,1.880639264941473,1.9078456324053832,2.4947367799910856,0.0019482727478066697,1.8786909921936663,112,0.13087283862220792,0.9545869394968635,0.9546747983507162,0.8767786877579754
Higher dimension,9,320,10,0.7,0.32,144,208,320,diag,cholesky_gaussian_ar,65,55,4,4,16,8.0,0.03,0.05,20.0,1e-06,2.0067786638520695,2.0481101171371283,1.9745167734575197,2.8739565989586398,0.001948095997300829,2.0461620211398275,112,0.0973277242769391,1.0395928687213378,1.0397768036581871,0.8766991449543582
Higher dimension,9,320,10,0.7,0.32,144,208,320,diag,log_euclidean_gaussian_ar,65,55,4,4,16,8.0,0.03,0.05,20.0,1e-06,1.864082007568235,1.84539474982772,1.8230929745353466,2.5856150793915433,0.001948095997300829,1.8434466538304188,112,0.09889429203922061,0.9366973024762648,0.9367650506807975,0.8766991449543582
Higher dimension,9,320,10,0.7,0.32,144,208,320,diag,bwar_barycenter,65,55,4,4,16,8.0,0.03,0.05,20.0,1e-06,1.6707119142655895,1.71744229658891,1.6786298366684098,2.360370564115163,0.0019480959973008467,1.7154942005916094,112,0.12683410881623125,0.8717503756438336,0.8717447876349802,0.8766991449543662
Higher dimension,10,320,10,0.7,0.32,144,208,320,diag,persistence,65,55,4,4,16,8.0,0.03,0.05,20.0,,1.8453024052348521,1.8977490022900112,,,0.001987628773563604,1.895761373516447,112,0.04999999999999704,1.0,1.0,1.0
Higher dimension,10,320,10,0.7,0.32,144,208,320,diag,euclidean_gaussian_ar,65,55,4,4,16,8.0,0.03,0.05,20.0,1e-06,1.8197919703774414,1.8428452509195634,1.7223278161311522,2.8853846169031634,0.0016996838119136724,1.84114556710765,112,1.0000001459787065e-08,0.971069013181303,0.9711905690390293,0.8551314181603049
Higher dimension,10,320,10,0.7,0.32,144,208,320,diag,cholesky_gaussian_ar,65,55,4,4,16,8.0,0.03,0.05,20.0,1e-06,1.9716005870486657,2.00959686184343,1.8855449624454095,3.2469213028852835,0.0016996838119136724,2.007897178031517,112,0.09251304641947668,1.058937119407494,1.0591508014044348,0.8551314181603049
Higher dimension,10,320,10,0.7,0.32,144,208,320,diag,log_euclidean_gaussian_ar,65,55,4,4,16,8.0,0.03,0.05,20.0,1e-06,1.8915968044182265,1.9228408091643359,1.775855041701054,3.1930451969989564,0.0016996838119136724,1.921141125352422,112,0.10053671230885075,1.0132218785751153,1.0133876299994964,0.8551314181603049
Higher dimension,10,320,10,0.7,0.32,144,208,320,diag,bwar_barycenter,65,55,4,4,16,8.0,0.03,0.05,20.0,1e-06,1.691862605490642,1.7100703690244239,1.5943516201018155,2.90613538784324,0.001699683811913696,1.7083706852125105,112,0.13160319057333214,0.9011046070691563,0.9011528080897937,0.8551314181603168
Higher dimension,11,320,10,0.7,0.32,144,208,320,diag,persistence,65,55,4,4,16,8.0,0.03,0.05,20.0,,1.894798906989496,1.7767102580995657,,,0.0020873218545251677,1.774622936245041,112,0.049999999999998074,1.0,1.0,1.0
Higher dimension,11,320,10,0.7,0.32,144,208,320,diag,euclidean_gaussian_ar,65,55,4,4,16,8.0,0.03,0.05,20.0,1e-06,1.816076266746173,1.7429526790906704,1.6785045552089461,2.5058181467173943,0.0017630957875309848,1.7411895833031394,112,0.10078883159372859,0.9809999526625103,0.9811603060802067,0.8446688677688668
Higher dimension,11,320,10,0.7,0.32,144,208,320,diag,cholesky_gaussian_ar,65,55,4,4,16,8.0,0.03,0.05,20.0,1e-06,1.9309646394459563,1.876612858805284,1.799521865581311,2.7833291446936475,0.0017630957875309848,1.874849763017753,112,0.10427038228892703,1.0562289772630558,1.0564778154985328,0.8446688677688668
Higher dimension,11,320,10,0.7,0.32,144,208,320,diag,log_euclidean_gaussian_ar,65,55,4,4,16,8.0,0.03,0.05,20.0,1e-06,1.8694176265893665,1.7718139110040663,1.731533929540033,2.5356584296279387,0.0017630957875309848,1.770050815216535,112,0.10104506421627049,0.9972441499264282,0.9974236098637493,0.8446688677688668
Higher dimension,11,320,10,0.7,0.32,144,208,320,diag,bwar_barycenter,65,55,4,4,16,8.0,0.03,0.05,20.0,1e-06,1.6980624479563193,1.6098303044555171,1.549907666245932,2.440536401753786,0.0017630957875309657,1.6080672086679861,112,0.12652111052012854,0.9060736251826735,0.9061458498167091,0.8446688677688577
Higher dimension,12,320,10,0.7,0.32,144,208,320,diag,persistence,65,55,4,4,16,8.0,0.03,0.05,20.0,,1.8907726612884728,2.0299160077054985,,,0.0023065765744379753,2.0276094311310606,112,0.04999999999999717,1.0,1.0,1.0
Higher dimension,12,320,10,0.7,0.32,144,208,320,diag,euclidean_gaussian_ar,65,55,4,4,16,8.0,0.03,0.05,20.0,1e-06,1.8813898817765629,2.0207195075561484,2.0233817043914613,2.8105509693136215,0.001989619418843497,2.018729888137305,112,0.1488847551033285,0.9954695169088571,0.9956206837187562,0.86258546145527
Higher dimension,12,320,10,0.7,0.32,144,208,320,diag,cholesky_gaussian_ar,65,55,4,4,16,8.0,0.03,0.05,20.0,1e-06,1.8776039393131243,2.1561419688924213,2.109287785226331,3.036410318272886,0.001989619418843497,2.1541523494735775,112,0.07825745351346966,1.0621828492941445,1.0624099081409024,0.86258546145527
Higher dimension,12,320,10,0.7,0.32,144,208,320,diag,log_euclidean_gaussian_ar,65,55,4,4,16,8.0,0.03,0.05,20.0,1e-06,1.759221302764491,2.0526836519055673,1.9743433760918685,2.931569005124228,0.001989619418843497,2.0506940324867236,112,0.09268208373647314,1.011216052345833,1.0113851321665956,0.86258546145527
Higher dimension,12,320,10,0.7,0.32,144,208,320,diag,bwar_barycenter,65,55,4,4,16,8.0,0.03,0.05,20.0,1e-06,1.6707819403471464,1.8573901143795755,1.8025882426654363,2.623587920334367,0.0019896194188434796,1.8554004949607321,112,0.11585916555674212,0.9150083586360125,0.915067994098713,0.8625854614552625
Higher dimension,13,320,10,0.7,0.32,144,208,320,diag,persistence,65,55,4,4,16,8.0,0.03,0.05,20.0,,1.8751185587048522,1.744957327702156,,,0.002196762163729209,1.7427605655384268,112,0.04999999999999801,1.0,1.0,1.0
Higher dimension,13,320,10,0.7,0.32,144,208,320,diag,euclidean_gaussian_ar,65,55,4,4,16,8.0,0.03,0.05,20.0,1e-06,1.846000098589951,1.7278997351193326,1.636466903209514,2.3720387976677,0.0018397453675583725,1.7260599897517743,112,0.12483736802581437,0.990224636263578,0.9904171714021468,0.8374804509720947
Higher dimension,13,320,10,0.7,0.32,144,208,320,diag,cholesky_gaussian_ar,65,55,4,4,16,8.0,0.03,0.05,20.0,1e-06,1.9642050165070466,1.7705669757322073,1.6993763834600362,2.4831928598645043,0.0018397453675583725,1.768727230364649,112,0.0934741640020014,1.0146763749597105,1.0148997316898778,0.8374804509720947
Higher dimension,13,320,10,0.7,0.32,144,208,320,diag,log_euclidean_gaussian_ar,65,55,4,4,16,8.0,0.03,0.05,20.0,1e-06,1.9297540913516822,1.6841273667346879,1.5727824007118076,2.3606560365667906,0.0018397453675583725,1.6822876213671294,112,0.0988296623627047,0.9651395710360597,0.965300486270405,0.8374804509720947
Higher dimension,13,320,10,0.7,0.32,144,208,320,diag,bwar_barycenter,65,55,4,4,16,8.0,0.03,0.05,20.0,1e-06,1.6948107158026544,1.546126497373115,1.46773660239651,2.2077894759559937,0.0018397453675583727,1.5442867520055568,112,0.14276455694848578,0.8860540443181663,0.8861152716801625,0.8374804509720948
Higher dimension,14,320,10,0.7,0.32,144,208,320,diag,persistence,65,55,4,4,16,8.0,0.03,0.05,20.0,,2.0669453893853214,2.02947003366797,,,0.002187480320253947,2.0272825533477166,112,0.049999999999997866,1.0,1.0,1.0
Higher dimension,14,320,10,0.7,0.32,144,208,320,diag,euclidean_gaussian_ar,65,55,4,4,16,8.0,0.03,0.05,20.0,0.001,1.935473520091562,1.9651988950652535,1.8257110231907183,2.840986386360345,0.0018856767972135842,1.96331321826804,112,0.23131926732201508,0.9683310728729727,0.9684457724089609,0.8620314339535059
Higher dimension,14,320,10,0.7,0.32,144,208,320,diag,cholesky_gaussian_ar,65,55,4,4,16,8.0,0.03,0.05,20.0,1e-06,2.0054975139412448,2.0797755819287156,1.9392859951118995,3.1281330384059465,0.0018846892212542974,2.0778908927074613,112,0.08515079005762835,1.0247875294664122,1.024963633843824,0.861579966596226
Higher dimension,14,320,10,0.7,0.32,144,208,320,diag,log_euclidean_gaussian_ar,65,55,4,4,16,8.0,0.03,0.05,20.0,1e-06,1.9536674282447755,2.036399849628836,1.9276109251825466,3.1499710116181308,0.0018846892212542974,2.0345151604075817,112,0.09497809294479229,1.003414593882099,1.0035676364145303,0.861579966596226
Higher dimension,14,320,10,0.7,0.32,144,208,320,diag,bwar_barycenter,65,55,4,4,16,8.0,0.03,0.05,20.0,1e-06,1.8018832042855248,1.8242767262590698,1.6914937178686804,2.763866624741897,0.0018846892212542442,1.8223920370378155,112,0.14316354818373075,0.8988931573244058,0.8989334190384272,0.8615799665962017
Higher dimension,15,320,10,0.7,0.32,144,208,320,diag,persistence,65,55,4,4,16,8.0,0.03,0.05,20.0,,2.2453454725407926,1.879015948835326,,,0.0019224132664133026,1.8770935355689127,112,0.04999999999999763,1.0,1.0,1.0
Higher dimension,15,320,10,0.7,0.32,144,208,320,diag,euclidean_gaussian_ar,65,55,4,4,16,8.0,0.03,0.05,20.0,0.0001,2.072366183138476,1.861212402248155,1.8286887706647597,2.506495193366407,0.0016209620850201633,1.8595914401631348,112,0.13546097447276503,0.9905250689339778,0.9906759598953745,0.8431912707533668
Higher dimension,15,320,10,0.7,0.32,144,208,320,diag,cholesky_gaussian_ar,65,55,4,4,16,8.0,0.03,0.05,20.0,1e-06,2.184204053370654,1.9542111188066862,1.8718103485893698,2.769846135904167,0.0016208721765198122,1.9525902466301661,112,0.07566553182137349,1.0400183777141268,1.0402200048269687,0.8431445021932856
Higher dimension,15,320,10,0.7,0.32,144,208,320,diag,log_euclidean_gaussian_ar,65,55,4,4,16,8.0,0.03,0.05,20.0,1e-06,2.0628920842348313,1.8416082283466177,1.7866187293048557,2.6547476867493853,0.0016208721765198122,1.8399873561700981,112,0.09211305036895784,0.9800918557865915,0.9802321095375951,0.8431445021932856
Higher dimension,15,320,10,0.7,0.32,144,208,320,diag,bwar_barycenter,65,55,4,4,16,8.0,0.03,0.05,20.0,1e-06,1.9220629830399285,1.6883841951529763,1.6406678863633632,2.4308195690281207,0.0016208721765197792,1.686763322976457,112,0.12127895604495077,0.8985470273413543,0.8986037674810008,0.8431445021932684
Higher dimension,16,320,10,0.7,0.32,144,208,320,diag,persistence,65,55,4,4,16,8.0,0.03,0.05,20.0,,1.8334267921675793,1.8370969010596714,,,0.002405769253996828,1.8346911318056744,112,0.04999999999999829,1.0,1.0,1.0
Higher dimension,16,320,10,0.7,0.32,144,208,320,diag,euclidean_gaussian_ar,65,55,4,4,16,8.0,0.03,0.05,20.0,1e-06,1.7842350939449287,1.7960208099703279,1.7576412640469203,2.494391995908671,0.0019742355426072425,1.7940465744277208,112,0.08266763929802631,0.977640759686846,0.9778466485865923,0.8206254774132407
Higher dimension,16,320,10,0.7,0.32,144,208,320,diag,cholesky_gaussian_ar,65,55,4,4,16,8.0,0.03,0.05,20.0,1e-06,1.9260005856746036,1.903755297252768,1.8600156724067616,2.5697381439816542,0.0019742355426072425,1.9017810617101607,112,0.07837824496758694,1.0362846380910267,1.0365674247514662,0.8206254774132407
Higher dimension,16,320,10,0.7,0.32,144,208,320,diag,log_euclidean_gaussian_ar,65,55,4,4,16,8.0,0.03,0.05,20.0,1e-06,1.8390982931562148,1.7439610172386482,1.6857174282253724,2.4815950282045383,0.0019742355426072425,1.7419867816960408,112,0.09299141362713978,0.9493026830716982,0.9494714131972746,0.8206254774132407
Higher dimension,16,320,10,0.7,0.32,144,208,320,diag,bwar_barycenter,65,55,4,4,16,8.0,0.03,0.05,20.0,1e-06,1.6576398577237477,1.627049137600561,1.5297634127933781,2.367981388357698,0.0019742355426072273,1.6250749020579534,112,0.11904797492632721,0.8856632095247937,0.8857484913324783,0.8206254774132343
Higher dimension,17,320,10,0.7,0.32,144,208,320,diag,persistence,65,55,4,4,16,8.0,0.03,0.05,20.0,,1.9637343840837624,1.9523218642666933,,,0.0022421622386872564,1.950079702028006,112,0.04999999999999762,1.0,1.0,1.0
Higher dimension,17,320,10,0.7,0.32,144,208,320,diag,euclidean_gaussian_ar,65,55,4,4,16,8.0,0.03,0.05,20.0,1e-06,1.9482148269535042,1.951870589329855,1.8654790659025684,2.7540767084245226,0.0020063169829207758,1.949864272346934,112,0.21163587330794334,0.9997688521830862,0.9998895277557897,0.8948134743788373
Higher dimension,17,320,10,0.7,0.32,144,208,320,diag,cholesky_gaussian_ar,65,55,4,4,16,8.0,0.03,0.05,20.0,1e-06,2.0651154145369586,1.9597650492883005,1.9079569633468407,2.867743925101505,0.0020063169829207758,1.9577587323053802,112,0.11178852389442004,1.00381247844315,1.0039378032956234,0.8948134743788373
Higher dimension,17,320,10,0.7,0.32,144,208,320,diag,log_euclidean_gaussian_ar,65,55,4,4,16,8.0,0.03,0.05,20.0,1e-06,1.9362549915556642,1.8578489580329847,1.810717125787103,2.7013206327587604,0.0020063169829207758,1.8558426410500637,112,0.09210776096404383,0.9516099737636277,0.9516752772310078,0.8948134743788373
Higher dimension,17,320,10,0.7,0.32,144,208,320,diag,bwar_barycenter,65,55,4,4,16,8.0,0.03,0.05,20.0,1e-06,1.7576510889001562,1.7477652758197928,1.691336395758757,2.7086488178133314,0.0020063169829207575,1.7457589588368718,112,0.1360432205967065,0.8952239422244377,0.8952244141720727,0.8948134743788292
Higher dimension,18,320,10,0.7,0.32,144,208,320,diag,persistence,65,55,4,4,16,8.0,0.03,0.05,20.0,,1.8962462347070395,2.0152720152322794,,,0.0020219188226930007,2.013250096409586,112,0.049999999999998115,1.0,1.0,1.0
Higher dimension,18,320,10,0.7,0.32,144,208,320,diag,euclidean_gaussian_ar,65,55,4,4,16,8.0,0.03,0.05,20.0,1e-06,1.854480694227755,1.9502083897410465,1.8325786680135518,2.7663423230306816,0.0017430511211779774,1.9484653386198687,112,0.1402948248915889,0.9677147179142793,0.9678208097914641,0.8620776965003973
Higher dimension,18,320,10,0.7,0.32,144,208,320,diag,cholesky_gaussian_ar,65,55,4,4,16,8.0,0.03,0.05,20.0,1e-06,1.968928804676735,2.0593512647406653,1.9147503784737903,3.1549119580624487,0.0017430511211779774,2.0576082136194875,112,0.07645796235945757,1.02187260537298,1.0220330883326465,0.8620776965003973
Higher dimension,18,320,10,0.7,0.32,144,208,320,diag,log_euclidean_gaussian_ar,65,55,4,4,16,8.0,0.03,0.05,20.0,1e-06,1.82918695921337,1.9428126061997903,1.8450121216094433,3.0644611225348464,0.0017430511211779774,1.9410695550786123,112,0.09910710815004489,0.9640448492884285,0.9641472554951321,0.8620776965003973
Higher dimension,18,320,10,0.7,0.32,144,208,320,diag,bwar_barycenter,65,55,4,4,16,8.0,0.03,0.05,20.0,1e-06,1.677799728985152,1.7868311318490409,1.6494038459561764,2.7860946049594246,0.0017430511211780314,1.7850880807278624,112,0.13968322870402994,0.8866451369062908,0.8866698101300848,0.8620776965004241
Higher dimension,19,320,10,0.7,0.32,144,208,320,diag,persistence,65,55,4,4,16,8.0,0.03,0.05,20.0,,1.754730573419918,1.7937135348605098,,,0.002413298207972815,1.7913002366525372,112,0.049999999999998344,1.0,1.0,1.0
Higher dimension,19,320,10,0.7,0.32,144,208,320,diag,euclidean_gaussian_ar,65,55,4,4,16,8.0,0.03,0.05,20.0,1e-06,1.764503136905481,1.7617003097464994,1.7732052325986438,2.3463380889879684,0.0019766952761177065,1.7597236144703812,112,0.24353076126243786,0.982152543038875,0.9823722335675206,0.8190845497615242
Higher dimension,19,320,10,0.7,0.32,144,208,320,diag,cholesky_gaussian_ar,65,55,4,4,16,8.0,0.03,0.05,20.0,1e-06,1.922233895329071,1.7860390529811372,1.7602644917672419,2.5972635189234943,0.0019766952761177065,1.7840623577050196,112,0.0701207993790698,0.995721456224631,0.995959427236473,0.8190845497615242
Higher dimension,19,320,10,0.7,0.32,144,208,320,diag,log_euclidean_gaussian_ar,65,55,4,4,16,8.0,0.03,0.05,20.0,1e-06,1.7765102464816604,1.6694311529779877,1.6590928709348725,2.4013882111799845,0.0019766952761177065,1.6674544577018702,112,0.08946551296377024,0.9307122461490558,0.9308626346289655,0.8190845497615242
Higher dimension,19,320,10,0.7,0.32,144,208,320,diag,bwar_barycenter,65,55,4,4,16,8.0,0.03,0.05,20.0,1e-06,1.599839140759562,1.5745343069798832,1.5212317551415824,2.20101409376831,0.0019766952761176185,1.5725576117037658,112,0.1313311611258098,0.8778070056221818,0.8778861184334218,0.8190845497614877
Higher dimension,20,320,10,0.7,0.32,144,208,320,diag,persistence,65,55,4,4,16,8.0,0.03,0.05,20.0,,2.0985544252610904,2.032456268513209,,,0.0024600212290769373,2.0299962472841315,112,0.04999999999999797,1.0,1.0,1.0
Higher dimension,20,320,10,0.7,0.32,144,208,320,diag,euclidean_gaussian_ar,65,55,4,4,16,8.0,0.03,0.05,20.0,1e-06,2.1088895946907424,1.9983761723493474,1.9123858763148047,2.84140548024098,0.0021379794380358757,1.9962381929113115,112,0.19201022924252514,0.9832320642309358,0.9833703858231345,0.8690898325451037
Higher dimension,20,320,10,0.7,0.32,144,208,320,diag,cholesky_gaussian_ar,65,55,4,4,16,8.0,0.03,0.05,20.0,1e-06,2.048204762073321,2.034349545820352,2.010216459914671,2.9765996096420078,0.0021379794380358757,2.0322115663823164,112,0.10463490470480809,1.0009315217928543,1.001091292213544,0.8690898325451037
Higher dimension,20,320,10,0.7,0.32,144,208,320,diag,log_euclidean_gaussian_ar,65,55,4,4,16,8.0,0.03,0.05,20.0,1e-06,2.0039865721176517,1.960351575174378,1.892209319963343,2.8294708732351674,0.0021379794380358757,1.9582135957363422,112,0.10595732779120927,0.9645233727997616,0.964639022538182,0.8690898325451037
Higher dimension,20,320,10,0.7,0.32,144,208,320,diag,bwar_barycenter,65,55,4,4,16,8.0,0.03,0.05,20.0,1e-06,1.8832880092312227,1.8016312421271294,1.7713392386984195,2.699241276332923,0.0021379794380358614,1.7994932626890938,112,0.1465038967664892,0.8864305077742541,0.8864515218176288,0.869089832545098
Higher dimension,21,320,10,0.7,0.32,144,208,320,diag,persistence,65,55,4,4,16,8.0,0.03,0.05,20.0,,1.7899648003560682,1.7943705827706897,,,0.002121781607738201,1.7922488011629514,112,0.04999999999999809,1.0,1.0,1.0
Higher dimension,21,320,10,0.7,0.32,144,208,320,diag,euclidean_gaussian_ar,65,55,4,4,16,8.0,0.03,0.05,20.0,1e-06,1.822475666410817,1.7797870649226522,1.7000846574949082,2.489889772289824,0.0018174251102606172,1.7779696398123916,112,0.10648716964485434,0.9918726276567023,0.9920328241585129,0.8565561618747252
Higher dimension,21,320,10,0.7,0.32,144,208,320,diag,cholesky_gaussian_ar,65,55,4,4,16,8.0,0.03,0.05,20.0,1e-06,1.8228857346338239,1.779879279836424,1.7250516910730938,2.6651801193749645,0.0018174251102606172,1.7780618547261635,112,0.06899889540282125,0.9919240188880663,0.9920842762301851,0.8565561618747252
Higher dimension,21,320,10,0.7,0.32,144,208,320,diag,log_euclidean_gaussian_ar,65,55,4,4,16,8.0,0.03,0.05,20.0,1e-06,1.7348421630811621,1.695383561140763,1.6610124826205395,2.5103223865317865,0.0018174251102606172,1.6935661360305019,112,0.08644515261668646,0.9448346832140545,0.9449391931140272,0.8565561618747252
Higher dimension,21,320,10,0.7,0.32,144,208,320,diag,bwar_barycenter,65,55,4,4,16,8.0,0.03,0.05,20.0,1e-06,1.6206946781654323,1.594092499017677,1.5131122040434302,2.3449886965030027,0.0018174251102606345,1.5922750739074165,112,0.13273012506894058,0.8883853281612748,0.8884230096146382,0.8565561618747334
Higher dimension,22,320,10,0.7,0.32,144,208,320,diag,persistence,65,55,4,4,16,8.0,0.03,0.05,20.0,,1.7623843488190778,1.7699832167499567,,,0.0020198473890507772,1.7679633693609058,112,0.049999999999998615,1.0,1.0,1.0
Higher dimension,22,320,10,0.7,0.32,144,208,320,diag,euclidean_gaussian_ar,65,55,4,4,16,8.0,0.03,0.05,20.0,1e-06,1.750094487259489,1.7449217540007436,1.7050824981060955,2.4393410176424273,0.0017770110403563858,1.743144742960387,112,0.23232880908699266,0.9858408472396529,0.9859620245358984,0.8797749027917837
Higher dimension,22,320,10,0.7,0.32,144,208,320,diag,cholesky_gaussian_ar,65,55,4,4,16,8.0,0.03,0.05,20.0,1e-06,1.8504422657794186,1.8380297627693085,1.7740484732238286,2.5769168890268745,0.0017770110403563858,1.8362527517289517,112,0.07826232900460017,1.0384447408175423,1.0386260165518766,0.8797749027917837
Higher dimension,22,320,10,0.7,0.32,144,208,320,diag,log_euclidean_gaussian_ar,65,55,4,4,16,8.0,0.03,0.05,20.0,1e-06,1.7081833147833656,1.7498455052650819,1.688522003688798,2.56574592894898,0.0017770110403563858,1.7480684942247255,112,0.09112847957884532,0.9886226539922499,0.9887470094228411,0.8797749027917837
Higher dimension,22,320,10,0.7,0.32,144,208,320,diag,bwar_barycenter,65,55,4,4,16,8.0,0.03,0.05,20.0,1e-06,1.5633482218702834,1.5896295667821863,1.5284394180850949,2.2886393511902603,0.001777011040356351,1.58785255574183,112,0.12533370887938525,0.8981043163228769,0.8981252571515758,0.8797749027917666
Higher dimension,23,320,10,0.7,0.32,144,208,320,diag,persistence,65,55,4,4,16,8.0,0.03,0.05,20.0,,2.128251877739973,1.931964685771954,,,0.002269939931384327,1.92969474584057,112,0.04999999999999854,1.0,1.0,1.0
Higher dimension,23,320,10,0.7,0.32,144,208,320,diag,euclidean_gaussian_ar,65,55,4,4,16,8.0,0.03,0.05,20.0,1e-06,2.034851929164994,1.9424634186283416,1.8822374773332644,2.849652031171146,0.0018931624851892487,1.9405702561431524,112,0.09424615176427799,1.0054342260672289,1.0056358708163684,0.8340143538664919
Higher dimension,23,320,10,0.7,0.32,144,208,320,diag,cholesky_gaussian_ar,65,55,4,4,16,8.0,0.03,0.05,20.0,1e-06,2.1940921178544848,1.9497045897807344,1.8488550426428862,2.88784061778922,0.0018931624851892487,1.947811427295545,112,0.08738871837352531,1.009182312771774,1.0093883664730006,0.8340143538664919
Higher dimension,23,320,10,0.7,0.32,144,208,320,diag,log_euclidean_gaussian_ar,65,55,4,4,16,8.0,0.03,0.05,20.0,1e-06,2.081850633706881,1.8094920264345504,1.691043225413849,2.8188082031310104,0.0018931624851892487,1.807598863949361,112,0.09449513309434283,0.9366071956494033,0.9367278777359036,0.8340143538664919
Higher dimension,23,320,10,0.7,0.32,144,208,320,diag,bwar_barycenter,65,55,4,4,16,8.0,0.03,0.05,20.0,1e-06,1.8983877022940432,1.7262655199268617,1.6453516048503043,2.6746826352666058,0.0018931624851892556,1.7243723574416723,112,0.12591530842586646,0.8935285063127844,0.8935985140440128,0.834014353866495
Higher dimension,24,320,10,0.7,0.32,144,208,320,diag,persistence,65,55,4,4,16,8.0,0.03,0.05,20.0,,2.1306297165567134,2.1007773645602508,,,0.00245262840901329,2.098324736151237,112,0.049999999999995,1.0,1.0,1.0
Higher dimension,24,320,10,0.7,0.32,144,208,320,diag,euclidean_gaussian_ar,65,55,4,4,16,8.0,0.03,0.05,20.0,1e-06,2.0501949041948495,1.936279097126233,1.860773956986041,2.721860343654947,0.002009698867746857,1.934269398258486,112,0.15242068100639927,0.9216964775948775,0.9218160396880882,0.8194061768025321
Higher dimension,24,320,10,0.7,0.32,144,208,320,diag,cholesky_gaussian_ar,65,55,4,4,16,8.0,0.03,0.05,20.0,1e-06,2.139750233175306,2.0643764567589327,2.023762877633901,2.899334374411138,0.002009698867746857,2.0623667578911857,112,0.09078699812779549,0.9826726485084069,0.9828634826437752,0.8194061768025321
Higher dimension,24,320,10,0.7,0.32,144,208,320,diag,log_euclidean_gaussian_ar,65,55,4,4,16,8.0,0.03,0.05,20.0,1e-06,2.0330040263779767,1.9798933426414542,1.911089493035039,2.7507711201389347,0.002009698867746857,1.977883643773708,112,0.093809019154065,0.9424574807601752,0.9426013093671844,0.8194061768025321
Higher dimension,24,320,10,0.7,0.32,144,208,320,diag,bwar_barycenter,65,55,4,4,16,8.0,0.03,0.05,20.0,1e-06,1.903114164000145,1.817565244693464,1.7533162408543106,2.635875735780629,0.0020096988677468,1.815555545825717,112,0.1338614475237091,0.8651869899949771,0.8652405009321019,0.8194061768025089
Higher dimension,25,320,10,0.7,0.32,144,208,320,diag,persistence,65,55,4,4,16,8.0,0.03,0.05,20.0,,1.9188836216694938,2.036918562800186,,,0.0021308182104549404,2.034787744589731,112,0.049999999999997644,1.0,1.0,1.0
Higher dimension,25,320,10,0.7,0.32,144,208,320,diag,euclidean_gaussian_ar,65,55,4,4,16,8.0,0.03,0.05,20.0,1e-06,2.0010211650674523,2.021150278946842,1.826817298573312,2.932649295260579,0.0018011526819650616,2.0193491262648773,112,0.11456620161121549,0.9922587558769816,0.992412663991169,0.8452868823476529
Higher dimension,25,320,10,0.7,0.32,144,208,320,diag,cholesky_gaussian_ar,65,55,4,4,16,8.0,0.03,0.05,20.0,1e-06,2.0162611304718294,2.217456095973898,2.067326017980245,3.475196979795029,0.0018011526819650616,2.2156549432919332,112,0.07352939692906701,1.0886326711685146,1.0888875015013766,0.8452868823476529
Higher dimension,25,320,10,0.7,0.32,144,208,320,diag,log_euclidean_gaussian_ar,65,55,4,4,16,8.0,0.03,0.05,20.0,1e-06,1.9560505584066403,2.0024801009140756,1.854610288280529,3.323090459857459,0.0018011526819650616,2.000678948232111,112,0.09527188142554177,0.9830928626627236,0.9832371723054105,0.8452868823476529
Higher dimension,25,320,10,0.7,0.32,144,208,320,diag,bwar_barycenter,65,55,4,4,16,8.0,0.03,0.05,20.0,1e-06,1.757221463212236,1.821630675111576,1.637531207708851,2.892376495656617,0.001801152681965078,1.819829522429611,112,0.11494387384497477,0.894307071661888,0.8943584053267132,0.8452868823476607
Higher dimension,26,320,10,0.7,0.32,144,208,320,diag,persistence,65,55,4,4,16,8.0,0.03,0.05,20.0,,1.8594895144381185,1.8918239347488846,,,0.0023888213696675003,1.8894351133792173,112,0.04999999999999652,1.0,1.0,1.0
Higher dimension,26,320,10,0.7,0.32,144,208,320,diag,euclidean_gaussian_ar,65,55,4,4,16,8.0,0.03,0.05,20.0,1e-06,1.9318085598851065,1.8107589840464087,1.7483202363851236,2.629198667748801,0.001977011710674522,1.808781972335734,112,0.20937530257853781,0.9571498440137686,0.9573136222184223,0.8276096889361393
Higher dimension,26,320,10,0.7,0.32,144,208,320,diag,cholesky_gaussian_ar,65,55,4,4,16,8.0,0.03,0.05,20.0,1e-06,2.0431069217487163,1.852338724544835,1.812905143628255,2.6549443833051427,0.001977011710674522,1.8503617128341605,112,0.07577581428240371,0.9791284963263293,0.9793200622406266,0.8276096889361393
Higher dimension,26,320,10,0.7,0.32,144,208,320,diag,log_euclidean_gaussian_ar,65,55,4,4,16,8.0,0.03,0.05,20.0,1e-06,1.9106372620422793,1.7806593744603945,1.6572566695356337,2.6139051963765536,0.001977011710674522,1.77868236274972,112,0.0934306779072329,0.9412394788718825,0.9413831415298415,0.8276096889361393
Higher dimension,26,320,10,0.7,0.32,144,208,320,diag,bwar_barycenter,65,55,4,4,16,8.0,0.03,0.05,20.0,1e-06,1.7357640876735712,1.6457187380643055,1.5315227664728726,2.536818496443587,0.0019770117106745755,1.6437417263536307,112,0.13053542265548293,0.869911151791593,0.8699646337226321,0.8276096889361616
Higher dimension,27,320,10,0.7,0.32,144,208,320,diag,persistence,65,55,4,4,16,8.0,0.03,0.05,20.0,,1.9005605173303763,1.9656063967221098,,,0.0023096169731847437,1.963296779748925,112,0.04999999999999797,1.0,1.0,1.0
Higher dimension,27,320,10,0.7,0.32,144,208,320,diag,euclidean_gaussian_ar,65,55,4,4,16,8.0,0.03,0.05,20.0,1e-06,1.9745758338367625,1.911969706133979,1.8786682801146632,2.608463751435703,0.0019769312205411282,1.9099927749134378,112,0.14874419285709684,0.9727123951786194,0.9728497467192383,0.8559563094200536
Higher dimension,27,320,10,0.7,0.32,144,208,320,diag,cholesky_gaussian_ar,65,55,4,4,16,8.0,0.03,0.05,20.0,1e-06,1.9592293520498638,2.054457510180736,1.9759381747144324,2.8421246111937677,0.0019769312205411282,2.052480578960195,112,0.07016383009287368,1.0452029020697107,1.0454255312447847,0.8559563094200536
Higher dimension,27,320,10,0.7,0.32,144,208,320,diag,log_euclidean_gaussian_ar,65,55,4,4,16,8.0,0.03,0.05,20.0,1e-06,1.8653563677361422,1.9477229215121734,1.9172888993328938,2.810362767683626,0.0019769312205411282,1.945745990291632,112,0.08922909254411536,0.9909018024973061,0.9910605520070495,0.8559563094200536
Higher dimension,27,320,10,0.7,0.32,144,208,320,diag,bwar_barycenter,65,55,4,4,16,8.0,0.03,0.05,20.0,1e-06,1.7416208555442227,1.7598514905751195,1.7145975698473714,2.517711877920883,0.001976931220541376,1.7578745593545781,112,0.12177538679245209,0.8953224274757592,0.8953687376695962,0.8559563094201609
Higher dimension,28,320,10,0.7,0.32,144,208,320,diag,persistence,65,55,4,4,16,8.0,0.03,0.05,20.0,,2.0799112105194433,1.9370335240504641,,,0.0019812366002097868,1.9350522874502545,112,0.049999999999997956,1.0,1.0,1.0
Higher dimension,28,320,10,0.7,0.32,144,208,320,diag,euclidean_gaussian_ar,65,55,4,4,16,8.0,0.03,0.05,20.0,1e-06,2.000627279647002,1.9268366002746453,1.8195411618683432,2.7384461517025236,0.001754223876658095,1.9250823763979874,112,0.12931347596526,0.9947358041824199,0.9948477304117689,0.8854186705779339
Higher dimension,28,320,10,0.7,0.32,144,208,320,diag,cholesky_gaussian_ar,65,55,4,4,16,8.0,0.03,0.05,20.0,1e-06,2.068869079773521,2.0627690497533138,1.8925747829434203,3.11356753100093,0.001754223876658095,2.0610148258766556,112,0.08315901379029109,1.0649113833817023,1.065095160086024,0.8854186705779339
Higher dimension,28,320,10,0.7,0.32,144,208,320,diag,log_euclidean_gaussian_ar,65,55,4,4,16,8.0,0.03,0.05,20.0,1e-06,1.9998921546027146,1.9389731210660701,1.7580298510936836,2.993394152345328,0.001754223876658095,1.937218897189412,112,0.09453908907149493,1.0010013234110426,1.0011196647001268,0.8854186705779339
Higher dimension,28,320,10,0.7,0.32,144,208,320,diag,bwar_barycenter,65,55,4,4,16,8.0,0.03,0.05,20.0,1e-06,1.8536553357242926,1.7671475782413455,1.6643615032891308,2.653208769249023,0.0017542238766581311,1.7653933543646876,112,0.12684149023311858,0.9122958153796554,0.9123233340071032,0.8854186705779522
Higher dimension,29,320,10,0.7,0.32,144,208,320,diag,persistence,65,55,4,4,16,8.0,0.03,0.05,20.0,,2.179207032095023,1.9485880828090123,,,0.0022059904098752714,1.946382092399137,112,0.04999999999999724,1.0,1.0,1.0
Higher dimension,29,320,10,0.7,0.32,144,208,320,diag,euclidean_gaussian_ar,65,55,4,4,16,8.0,0.03,0.05,20.0,1e-06,2.137371818964864,1.9462618622413543,1.845114123117749,2.8323048538669298,0.0019040974297606897,1.9443577648115937,112,0.08162939659442547,0.9988062019940589,0.9989599536517272,0.8631485527937308
Higher dimension,29,320,10,0.7,0.32,144,208,320,diag,cholesky_gaussian_ar,65,55,4,4,16,8.0,0.03,0.05,20.0,1e-06,2.1061082275617715,1.969873648000343,1.863240394957248,2.798591606549364,0.0019040974297606897,1.9679695505705823,112,0.1008188963845833,1.0109235837882402,1.011091069043302,0.8631485527937308
Higher dimension,29,320,10,0.7,0.32,144,208,320,diag,log_euclidean_gaussian_ar,65,55,4,4,16,8.0,0.03,0.05,20.0,1e-06,2.1237879773341346,1.9832695791705486,1.9049861438775428,2.951658171404146,0.0019040974297606897,1.981365481740788,112,0.09513153494708862,1.017798269766456,1.0179735466526667,0.8631485527937308
Higher dimension,29,320,10,0.7,0.32,144,208,320,diag,bwar_barycenter,65,55,4,4,16,8.0,0.03,0.05,20.0,1e-06,1.9369677587138303,1.7615615670524734,1.675969148978389,2.637458111372121,0.0019040974297607675,1.7596574696227127,112,0.13532229145374572,0.9040194706071852,0.9040657928853707,0.8631485527937661
Higher dimension,30,320,10,0.7,0.32,144,208,320,diag,persistence,65,55,4,4,16,8.0,0.03,0.05,20.0,,1.9076001789159562,1.9623320892185672,,,0.002308806408457474,1.9600232828101098,112,0.049999999999997456,1.0,1.0,1.0
Higher dimension,30,320,10,0.7,0.32,144,208,320,diag,euclidean_gaussian_ar,65,55,4,4,16,8.0,0.03,0.05,20.0,1e-06,1.9836007362926977,1.937546494879238,1.9163212600638853,2.538997315235116,0.0019070631673400215,1.935639431711898,112,0.11807682840426063,0.9873693171122737,0.9875594074253788,0.8259952676647934
Higher dimension,30,320,10,0.7,0.32,144,208,320,diag,cholesky_gaussian_ar,65,55,4,4,16,8.0,0.03,0.05,20.0,1e-06,1.915981317466934,1.969536887178037,1.9180100737686594,2.675835808477435,0.0019070631673400215,1.9676298240106966,112,0.08253832115864551,1.0036715487653973,1.00388084226718,0.8259952676647934
Higher dimension,30,320,10,0.7,0.32,144,208,320,diag,log_euclidean_gaussian_ar,65,55,4,4,16,8.0,0.03,0.05,20.0,1e-06,1.7817716745843437,1.9014980284713017,1.8290721401242163,2.63693998701799,0.0019070631673400215,1.8995909653039615,112,0.09728603604283509,0.9689991000598219,0.9691675512040318,0.8259952676647934
Higher dimension,30,320,10,0.7,0.32,144,208,320,diag,bwar_barycenter,65,55,4,4,16,8.0,0.03,0.05,20.0,1e-06,1.7497517426126614,1.755815381765175,1.7015610198492865,2.4790070950649086,0.001907063167340024,1.753908318597835,112,0.14420757950552376,0.8947595523774824,0.8948405531607945,0.8259952676647945
Higher dimension,31,320,10,0.7,0.32,144,208,320,diag,persistence,65,55,4,4,16,8.0,0.03,0.05,20.0,,1.8591455726295434,1.8026308670602293,,,0.0022724920908969355,1.8003583749693324,112,0.04999999999999697,1.0,1.0,1.0
Higher dimension,31,320,10,0.7,0.32,144,208,320,diag,euclidean_gaussian_ar,65,55,4,4,16,8.0,0.03,0.05,20.0,1e-06,1.806546474714309,1.81229345651164,1.7554507429312871,2.58442972456825,0.001970545022794985,1.8103229114888448,112,0.07806347106651512,1.0053602707176366,1.0055347516683628,0.8671295405992923
Higher dimension,31,320,10,0.7,0.32,144,208,320,diag,cholesky_gaussian_ar,65,55,4,4,16,8.0,0.03,0.05,20.0,1e-06,1.7796508968437406,1.7806587253018311,1.7240834553054376,2.6302799825877172,0.001970545022794985,1.7786881802790357,112,0.09448064356480029,0.9878110698313788,0.987963399403374,0.8671295405992923
Higher dimension,31,320,10,0.7,0.32,144,208,320,diag,log_euclidean_gaussian_ar,65,55,4,4,16,8.0,0.03,0.05,20.0,1e-06,1.7481393623023562,1.7666123807152403,1.7696365901516162,2.5855635267956845,0.001970545022794985,1.7646418356924454,112,0.09509507641199319,0.9800189339907793,0.9801614279837505,0.8671295405992923
Higher dimension,31,320,10,0.7,0.32,144,208,320,diag,bwar_barycenter,65,55,4,4,16,8.0,0.03,0.05,20.0,1e-06,1.639962610782473,1.622850267622311,1.5832748225220388,2.3595774824260274,0.001970545022794933,1.620879722599516,112,0.13532764842698466,0.9002676572763294,0.9003094856751097,0.8671295405992694
Higher dimension,32,320,10,0.7,0.32,144,208,320,diag,persistence,65,55,4,4,16,8.0,0.03,0.05,20.0,,2.094122647716209,1.7662427702288486,,,0.0022468085127967828,1.763995961716052,112,0.04999999999999857,1.0,1.0,1.0
Higher dimension,32,320,10,0.7,0.32,144,208,320,diag,euclidean_gaussian_ar,65,55,4,4,16,8.0,0.03,0.05,20.0,0.001,1.9614313329298123,1.8134046279464602,1.7679344496423175,2.5949075660776466,0.0018254242572175953,1.8115792036892429,112,0.2805324792176009,1.0267017980271766,1.026974688721453,0.8124520833977718
Higher dimension,32,320,10,0.7,0.32,144,208,320,diag,cholesky_gaussian_ar,65,55,4,4,16,8.0,0.03,0.05,20.0,1e-06,1.9951438440391909,1.853950421804287,1.798159075280131,2.4956874597542296,0.0018255054490195484,1.8521249163552673,112,0.08164961402507137,1.049657755464768,1.0499598392240543,0.8124882199005002
Higher dimension,32,320,10,0.7,0.32,144,208,320,diag,log_euclidean_gaussian_ar,65,55,4,4,16,8.0,0.03,0.05,20.0,1e-06,1.9343637990596299,1.7452393251880625,1.6336765926883685,2.49137865007006,0.0018255054490195484,1.743413819739043,112,0.10398977676201891,0.988108404238187,0.9883320923495843,0.8124882199005002
Higher dimension,32,320,10,0.7,0.32,144,208,320,diag,bwar_barycenter,65,55,4,4,16,8.0,0.03,0.05,20.0,1e-06,1.7990717769423679,1.612150532856106,1.5414618827385733,2.327190212223281,0.0018255054490195204,1.6103250274070864,112,0.14977984129280963,0.9127570456507647,0.9128847584438508,0.8124882199004878
Higher dimension,33,320,10,0.7,0.32,144,208,320,diag,persistence,65,55,4,4,16,8.0,0.03,0.05,20.0,,1.9596863683694004,1.80943558172746,,,0.002308845360338033,1.8071267363671224,112,0.04999999999999739,1.0,1.0,1.0
Higher dimension,33,320,10,0.7,0.32,144,208,320,diag,euclidean_gaussian_ar,65,55,4,4,16,8.0,0.03,0.05,20.0,1e-06,1.9122077620274789,1.737483260462671,1.6495651070042898,2.34393978747445,0.0019149087702501773,1.735568351692421,112,9.999999823548674e-09,0.9602349362467514,0.9604021216472312,0.8293793959288029
Higher dimension,33,320,10,0.7,0.32,144,208,320,diag,cholesky_gaussian_ar,65,55,4,4,16,8.0,0.03,0.05,20.0,1e-06,2.020273231771368,1.856631971962875,1.8318510414559004,2.6010183437601553,0.0019149087702501773,1.8547170631926249,112,0.08314162879963635,1.026083487421175,1.0263348031257473,0.8293793959288029
Higher dimension,33,320,10,0.7,0.32,144,208,320,diag,log_euclidean_gaussian_ar,65,55,4,4,16,8.0,0.03,0.05,20.0,1e-06,1.844536945753668,1.7155653172002654,1.684994411843431,2.466374462814615,0.0019149087702501773,1.713650408430015,112,0.09305301221041606,0.9481217980484405,0.9482735072997573,0.8293793959288029
Higher dimension,33,320,10,0.7,0.32,144,208,320,diag,bwar_barycenter,65,55,4,4,16,8.0,0.03,0.05,20.0,1e-06,1.767327300025424,1.5912871035480003,1.560760556402799,2.313462313146763,0.0019149087702502112,1.5893721947777502,112,0.11854238072669446,0.8794383837797671,0.8795023408114001,0.8293793959288176
Higher dimension,34,320,10,0.7,0.32,144,208,320,diag,persistence,65,55,4,4,16,8.0,0.03,0.05,20.0,,2.1623683813016332,1.809551392830299,,,0.0022480528991387565,1.8073033399311609,112,0.04999999999999708,1.0,1.0,1.0
Higher dimension,34,320,10,0.7,0.32,144,208,320,diag,euclidean_gaussian_ar,65,55,4,4,16,8.0,0.03,0.05,20.0,0.01,2.0513170832954097,1.8430738576405814,1.741334441697624,2.5457998518583795,0.0018361249908549477,1.8412377326497267,112,0.13766933410200138,1.018525290269789,1.0187762574045032,0.81676235979962
Higher dimension,34,320,10,0.7,0.32,144,208,320,diag,cholesky_gaussian_ar,65,55,4,4,16,8.0,0.03,0.05,20.0,1e-06,2.2258184991244825,1.9288908244812557,1.839502693823742,2.7013725038514647,0.001842117508376669,1.927048706972879,112,0.09771087587888619,1.0659497332453758,1.0662563745642606,0.8194280077138737
Higher dimension,34,320,10,0.7,0.32,144,208,320,diag,log_euclidean_gaussian_ar,65,55,4,4,16,8.0,0.03,0.05,20.0,1e-06,2.0631028772815503,1.7464560817763803,1.6347178683653119,2.536942952683484,0.001842117508376669,1.7446139642680036,112,0.09975965784070503,0.9651320701341165,0.9653133072472798,0.8194280077138737
Higher dimension,34,320,10,0.7,0.32,144,208,320,diag,bwar_barycenter,65,55,4,4,16,8.0,0.03,0.05,20.0,1e-06,1.9045664705259542,1.633457149325457,1.517388270329251,2.408973489842802,0.0018421175083766545,1.6316150318170806,112,0.13450931977498398,0.9026862435614967,0.9027898060981993,0.8194280077138673
Higher dimension,35,320,10,0.7,0.32,144,208,320,diag,persistence,65,55,4,4,16,8.0,0.03,0.05,20.0,,1.890319316613542,1.932060270709244,,,0.0019834003459267982,1.9300768703633173,112,0.04999999999999676,1.0,1.0,1.0
Higher dimension,35,320,10,0.7,0.32,144,208,320,diag,euclidean_gaussian_ar,65,55,4,4,16,8.0,0.03,0.05,20.0,1e-06,1.899677658193345,1.943044375255644,1.7337016266834557,2.7459889764447034,0.0016996932013542316,1.94134468205429,112,0.18163557109106743,1.0056851769651927,1.005838011876103,0.8569592139301576
Higher dimension,35,320,10,0.7,0.32,144,208,320,diag,cholesky_gaussian_ar,65,55,4,4,16,8.0,0.03,0.05,20.0,1e-06,1.8904773016967944,1.9477269668137664,1.7693143593105822,2.8924720097697785,0.0016996932013542316,1.9460272736124122,112,0.08133464321609066,1.0081088029923473,1.0082641284883604,0.8569592139301576
Higher dimension,35,320,10,0.7,0.32,144,208,320,diag,log_euclidean_gaussian_ar,65,55,4,4,16,8.0,0.03,0.05,20.0,1e-06,1.785439556095858,1.839229483125963,1.6307511738678868,2.825671670943176,0.0016996932013542316,1.8375297899246086,112,0.09797967219036563,0.9519524369965935,0.9520500546585547,0.8569592139301576
Higher dimension,35,320,10,0.7,0.32,144,208,320,diag,bwar_barycenter,65,55,4,4,16,8.0,0.03,0.05,20.0,1e-06,1.6852167161945162,1.7210228247224368,1.5246629792335775,2.6760958495163853,0.0016996932013541661,1.7193231315210826,112,0.13209204483118045,0.8907707750186608,0.8908055207135027,0.8569592139301245
Higher dimension,36,320,10,0.7,0.32,144,208,320,diag,persistence,65,55,4,4,16,8.0,0.03,0.05,20.0,,1.7973183137713056,1.9359968885384975,,,0.0023650827498981728,1.9336318057885993,112,0.049999999999997845,1.0,1.0,1.0
Higher dimension,36,320,10,0.7,0.32,144,208,320,diag,euclidean_gaussian_ar,65,55,4,4,16,8.0,0.03,0.05,20.0,0.0001,1.783004787201148,1.9356316424850044,1.8371486223841642,2.735739441743967,0.001986524372106527,1.9336451181128982,112,0.17384507278204578,0.9998113395451949,1.0000068846221184,0.839938633095208
Higher dimension,36,320,10,0.7,0.32,144,208,320,diag,cholesky_gaussian_ar,65,55,4,4,16,8.0,0.03,0.05,20.0,1e-06,1.8189052534293413,1.9838789714177778,1.871085570968396,2.878176534899118,0.0019864553473264734,1.9818925160704512,112,0.07683299391501677,1.024732520575189,1.0249585831890935,0.8399094481628598
Higher dimension,36,320,10,0.7,0.32,144,208,320,diag,log_euclidean_gaussian_ar,65,55,4,4,16,8.0,0.03,0.05,20.0,1e-06,1.7393069776673313,1.9026449247285044,1.8048363537305456,2.8774856118503833,0.0019864553473264734,1.9006584693811779,112,0.09585128767587558,0.9827727182789169,0.9829474586067983,0.8399094481628598
Higher dimension,36,320,10,0.7,0.32,144,208,320,diag,bwar_barycenter,65,55,4,4,16,8.0,0.03,0.05,20.0,1e-06,1.5934550844004423,1.739859065527414,1.6170760641667823,2.592434809374168,0.001986455347326465,1.7378726101800874,112,0.13472765521386074,0.8986889781836634,0.8987608731804684,0.8399094481628564
Higher dimension,37,320,10,0.7,0.32,144,208,320,diag,persistence,65,55,4,4,16,8.0,0.03,0.05,20.0,,1.9357911576727962,1.9706673217272415,,,0.0021789520129611704,1.96848836971428,112,0.04999999999999825,1.0,1.0,1.0
Higher dimension,37,320,10,0.7,0.32,144,208,320,diag,euclidean_gaussian_ar,65,55,4,4,16,8.0,0.03,0.05,20.0,1e-06,1.847410278669423,1.8712023658278034,1.7388371266681073,2.6361159100361147,0.0018338621335109038,1.8693685036942926,112,0.145190998821363,0.9495272719028702,0.9496467098587053,0.8416257552265718
Higher dimension,37,320,10,0.7,0.32,144,208,320,diag,cholesky_gaussian_ar,65,55,4,4,16,8.0,0.03,0.05,20.0,1e-06,1.8691698036796165,1.9331874253707892,1.8970620898059212,2.623062495438528,0.0018338621335109038,1.9313535632372785,112,0.09560412825733389,0.9809811143955023,0.9811353691246895,0.8416257552265718
Higher dimension,37,320,10,0.7,0.32,144,208,320,diag,log_euclidean_gaussian_ar,65,55,4,4,16,8.0,0.03,0.05,20.0,1e-06,1.7482853912927605,1.8725139830711355,1.804470913125102,2.6007585246425933,0.0018338621335109038,1.8706801209376245,112,0.10374763417450804,0.9501928420013191,0.9503130166875956,0.8416257552265718
Higher dimension,37,320,10,0.7,0.32,144,208,320,diag,bwar_barycenter,65,55,4,4,16,8.0,0.03,0.05,20.0,1e-06,1.6684841454193444,1.7209067260648516,1.6399717157393043,2.5009230885391776,0.0018338621335109602,1.7190728639313406,112,0.1185642359418179,0.873260903599152,0.8732959210629518,0.8416257552265977
Higher dimension,38,320,10,0.7,0.32,144,208,320,diag,persistence,65,55,4,4,16,8.0,0.03,0.05,20.0,,1.754907386745026,1.8403294308542393,,,0.0022336610542126978,1.8380957698000269,112,0.04999999999999494,1.0,1.0,1.0
Higher dimension,38,320,10,0.7,0.32,144,208,320,diag,euclidean_gaussian_ar,65,55,4,4,16,8.0,0.03,0.05,20.0,1e-06,1.7977242652587078,1.801834565486945,1.7569229035159182,2.5000974384295773,0.0019447628053610069,1.7998898026815837,112,0.16222288222951256,0.9790826225338222,0.979214376233182,0.8706615543540829
Higher dimension,38,320,10,0.7,0.32,144,208,320,diag,cholesky_gaussian_ar,65,55,4,4,16,8.0,0.03,0.05,20.0,1e-06,1.7630043822944332,1.8297115887330844,1.788822926349954,2.802984539894778,0.0019447628053610069,1.827766825927723,112,0.07408353483560742,0.9942304665984577,0.9943806280162282,0.8706615543540829
Higher dimension,38,320,10,0.7,0.32,144,208,320,diag,log_euclidean_gaussian_ar,65,55,4,4,16,8.0,0.03,0.05,20.0,1e-06,1.694674109268941,1.7639353996798184,1.786329287222892,2.5744606131606664,0.0019447628053610069,1.761990636874457,112,0.09423734501715084,0.9584889368753069,0.9585956650485901,0.8706615543540829
Higher dimension,38,320,10,0.7,0.32,144,208,320,diag,bwar_barycenter,65,55,4,4,16,8.0,0.03,0.05,20.0,1e-06,1.5948075864122608,1.6357401962208027,1.6054458810955852,2.4327844775058916,0.0019447628053610032,1.6337954334154414,112,0.13518699977131338,0.888830102261381,0.8888521807507277,0.8706615543540812
Higher dimension,39,320,10,0.7,0.32,144,208,320,diag,persistence,65,55,4,4,16,8.0,0.03,0.05,20.0,,1.9347007953598823,1.8737379304812092,,,0.002340066633422378,1.8713978638477868,112,0.04999999999999733,1.0,1.0,1.0
Higher dimension,39,320,10,0.7,0.32,144,208,320,diag,euclidean_gaussian_ar,65,55,4,4,16,8.0,0.03,0.05,20.0,1e-06,1.9360953596169703,1.8874086267208223,1.8046207097740732,2.5680002530646573,0.002039999232857187,1.8853686274879653,112,0.08211994694255434,1.007295948924993,1.0074654160454437,0.8717697195971131
Higher dimension,39,320,10,0.7,0.32,144,208,320,diag,cholesky_gaussian_ar,65,55,4,4,16,8.0,0.03,0.05,20.0,1e-06,2.031513435624793,1.9715861553212268,1.9221079002289123,2.630193360575936,0.002039999232857187,1.9695461560883698,112,0.08686458451588829,1.0522208699777393,1.0524465129177716,0.8717697195971131
Higher dimension,39,320,10,0.7,0.32,144,208,320,diag,log_euclidean_gaussian_ar,65,55,4,4,16,8.0,0.03,0.05,20.0,1e-06,1.9567275569169464,1.8571759708951086,1.804081432230395,2.6116904112116854,0.002039999232857187,1.8551359716622515,112,0.0896772266596699,0.9911610053270111,0.9913102967040375,0.8717697195971131
Higher dimension,39,320,10,0.7,0.32,144,208,320,diag,bwar_barycenter,65,55,4,4,16,8.0,0.03,0.05,20.0,1e-06,1.7407007597921087,1.6794219100339212,1.5865612075657538,2.427437398569591,0.0020399992328571687,1.677381910801064,112,0.1163903616097773,0.8962949848608849,0.8963256521796994,0.8717697195971054
Higher dimension,40,320,10,0.7,0.32,144,208,320,diag,persistence,65,55,4,4,16,8.0,0.03,0.05,20.0,,1.9223265247260977,1.9308298859663473,,,0.002117119208743293,1.928712766757604,112,0.049999999999997935,1.0,1.0,1.0
Higher dimension,40,320,10,0.7,0.32,144,208,320,diag,euclidean_gaussian_ar,65,55,4,4,16,8.0,0.03,0.05,20.0,1e-06,1.8349208640826544,1.9002994916994826,1.8617617580058385,2.6547952705730524,0.0019068793180981685,1.8983926123813843,112,0.12814353630957562,0.9841879419369021,0.9842795905648556,0.9006952986979315
Higher dimension,40,320,10,0.7,0.32,144,208,320,diag,cholesky_gaussian_ar,65,55,4,4,16,8.0,0.03,0.05,20.0,1e-06,1.9167717761516843,1.9449138140282618,1.8436768111344355,2.7758818064758404,0.0019068793180981685,1.9430069347101635,112,0.07718931302796829,1.007294235584543,1.0074112476460606,0.9006952986979315
Higher dimension,40,320,10,0.7,0.32,144,208,320,diag,log_euclidean_gaussian_ar,65,55,4,4,16,8.0,0.03,0.05,20.0,1e-06,1.8541450959656833,1.8785646377886382,1.8223380593271385,2.7155559027227754,0.0019068793180981685,1.8766577584705402,112,0.09295425572557792,0.9729311999168941,0.9730104921871936,0.9006952986979315
Higher dimension,40,320,10,0.7,0.32,144,208,320,diag,bwar_barycenter,65,55,4,4,16,8.0,0.03,0.05,20.0,1e-06,1.6860660126483724,1.719123357371654,1.6771303084771596,2.564667192602157,0.0019068793180982305,1.7172164780535562,112,0.12303079901229672,0.8903546448429154,0.890343294061563,0.9006952986979607
Higher dimension,41,320,10,0.7,0.32,144,208,320,diag,persistence,65,55,4,4,16,8.0,0.03,0.05,20.0,,1.876357746871637,1.854364692739016,,,0.0023065247350892064,1.8520581680039268,112,0.04999999999999724,1.0,1.0,1.0
Higher dimension,41,320,10,0.7,0.32,144,208,320,diag,euclidean_gaussian_ar,65,55,4,4,16,8.0,0.03,0.05,20.0,0.0001,1.8285299026715478,1.8125147748013544,1.7136896348573112,2.5563117525160965,0.0019169717884202806,1.8105978030129342,112,0.24132453063865572,0.9774316680523901,0.9776138969567695,0.8311082726568464
Higher dimension,41,320,10,0.7,0.32,144,208,320,diag,cholesky_gaussian_ar,65,55,4,4,16,8.0,0.03,0.05,20.0,1e-06,1.9028523167873452,1.8393472057591593,1.7271424012159597,2.6662782499589226,0.0019170000826397831,1.8374302056765195,112,0.07534755151209475,0.9919015460989634,0.9921017802895615,0.8311205396917809
Higher dimension,41,320,10,0.7,0.32,144,208,320,diag,log_euclidean_gaussian_ar,65,55,4,4,16,8.0,0.03,0.05,20.0,1e-06,1.8384328189242036,1.7154741653002286,1.6222396217094572,2.587252734103611,0.0019170000826397831,1.7135571652175887,112,0.09314658076658607,0.9251007485298713,0.9252177900353914,0.8311205396917809
Higher dimension,41,320,10,0.7,0.32,144,208,320,diag,bwar_barycenter,65,55,4,4,16,8.0,0.03,0.05,20.0,1e-06,1.672740979743709,1.6217342905053405,1.523741118850347,2.481708800178957,0.001917000082639654,1.6198172904227008,112,0.13122181143188075,0.8745498104312667,0.8746038965765714,0.831120539691725
Higher dimension,42,320,10,0.7,0.32,144,208,320,diag,persistence,65,55,4,4,16,8.0,0.03,0.05,20.0,,1.9007413706897252,1.855087068853861,,,0.002408133606042833,1.8526789352478181,112,0.04999999999999731,1.0,1.0,1.0
Higher dimension,42,320,10,0.7,0.32,144,208,320,diag,euclidean_gaussian_ar,65,55,4,4,16,8.0,0.03,0.05,20.0,1e-06,1.903453763053716,1.8508169223393558,1.8089804736435737,2.6151644209810256,0.0019819906614402245,1.8488349316779156,112,0.05298773092576928,0.9976981422671749,0.9979251647456183,0.8230401571020521
Higher dimension,42,320,10,0.7,0.32,144,208,320,diag,cholesky_gaussian_ar,65,55,4,4,16,8.0,0.03,0.05,20.0,1e-06,1.967331053783185,1.8654803651364298,1.786582615400774,2.674715809003294,0.0019819906614402245,1.8634983744749896,112,0.09578301283124083,1.0056025921678113,1.0058398889420763,0.8230401571020521
Higher dimension,42,320,10,0.7,0.32,144,208,320,diag,log_euclidean_gaussian_ar,65,55,4,4,16,8.0,0.03,0.05,20.0,1e-06,1.8326126216376362,1.7494762606954362,1.6796192489178603,2.551187650306999,0.0019819906614402245,1.7474942700339962,112,0.08982135197489158,0.9430696219430418,0.9432256376360472,0.8230401571020521
Higher dimension,42,320,10,0.7,0.32,144,208,320,diag,bwar_barycenter,65,55,4,4,16,8.0,0.03,0.05,20.0,1e-06,1.7158889191296154,1.6645611147844224,1.6401623176244398,2.4480821433418543,0.0019819906614402284,1.6625791241229824,112,0.10396037084702689,0.8972954114832182,0.8973919293256241,0.8230401571020538
Higher dimension,43,320,10,0.7,0.32,144,208,320,diag,persistence,65,55,4,4,16,8.0,0.03,0.05,20.0,,2.0396963581944823,1.8510264934962506,,,0.002213640359525689,1.848812853136725,112,0.04999999999999701,1.0,1.0,1.0
Higher dimension,43,320,10,0.7,0.32,144,208,320,diag,euclidean_gaussian_ar,65,55,4,4,16,8.0,0.03,0.05,20.0,1e-06,1.9941220464428406,1.844589340611066,1.7491923038284556,2.639204493912885,0.0019013421245481148,1.8426879984865183,112,0.14031503641260865,0.9965223874926685,0.9966871418922607,0.8589209698704221
Higher dimension,43,320,10,0.7,0.32,144,208,320,diag,cholesky_gaussian_ar,65,55,4,4,16,8.0,0.03,0.05,20.0,1e-06,1.9746023351498183,1.9478013377822272,1.8666017262719174,2.67819601810343,0.0019013421245481148,1.9458999956576792,112,0.09571628909654033,1.052281717536731,1.0525132342931491,0.8589209698704221
Higher dimension,43,320,10,0.7,0.32,144,208,320,diag,log_euclidean_gaussian_ar,65,55,4,4,16,8.0,0.03,0.05,20.0,1e-06,1.8150739552846553,1.822241732234062,1.7147358394881453,2.61106872180222,0.0019013421245481148,1.8203403901095139,112,0.10155243780334108,0.9844492980714612,0.9845995969906287,0.8589209698704221
Higher dimension,43,320,10,0.7,0.32,144,208,320,diag,bwar_barycenter,65,55,4,4,16,8.0,0.03,0.05,20.0,1e-06,1.757584291213215,1.6525276507043711,1.554775483926759,2.3114396271857167,0.001901342124548308,1.6506263085798227,112,0.13804123597122775,0.89276282998146,0.8928033498790017,0.8589209698705095
Higher dimension,44,320,10,0.7,0.32,144,208,320,diag,persistence,65,55,4,4,16,8.0,0.03,0.05,20.0,,1.8343686468793827,1.8829346897293817,,,0.0022173783988421597,1.8807173113305393,112,0.04999999999999829,1.0,1.0,1.0
Higher dimension,44,320,10,0.7,0.32,144,208,320,diag,euclidean_gaussian_ar,65,55,4,4,16,8.0,0.03,0.05,20.0,1e-06,1.7534754743040368,1.8052238726681666,1.7305088271048028,2.6249839182802805,0.001843847854866517,1.8033800248133,112,0.203558521142678,0.958728883436534,0.9588788351915972,0.8315440683598759
Higher dimension,44,320,10,0.7,0.32,144,208,320,diag,cholesky_gaussian_ar,65,55,4,4,16,8.0,0.03,0.05,20.0,1e-06,1.8078749490807624,1.8906717676592346,1.8387227379324549,2.7821629701417003,0.001843847854866517,1.888827919804368,112,0.0876068219658229,1.0041090527313854,1.0043125080122173,0.8315440683598759
Higher dimension,44,320,10,0.7,0.32,144,208,320,diag,log_euclidean_gaussian_ar,65,55,4,4,16,8.0,0.03,0.05,20.0,1e-06,1.781839478728688,1.8166517670788704,1.672075053599965,2.6839273900497647,0.001843847854866517,1.8148079192240039,112,0.09499275115914711,0.9647980766342791,0.96495518400907,0.8315440683598759
Higher dimension,44,320,10,0.7,0.32,144,208,320,diag,bwar_barycenter,65,55,4,4,16,8.0,0.03,0.05,20.0,1e-06,1.6183376452706666,1.6693393323729246,1.5752825006567495,2.4214013993221006,0.0018438478548664975,1.667495484518058,112,0.13056490079791055,0.8865625247006548,0.886627391831878,0.831544068359867
Higher dimension,45,320,10,0.7,0.32,144,208,320,diag,persistence,65,55,4,4,16,8.0,0.03,0.05,20.0,,2.054441717932856,1.9451597842950838,,,0.002317038203175365,1.9428427460919084,112,0.04999999999999811,1.0,1.0,1.0
Higher dimension,45,320,10,0.7,0.32,144,208,320,diag,euclidean_gaussian_ar,65,55,4,4,16,8.0,0.03,0.05,20.0,1e-06,2.001807097554754,1.890623046868144,1.8762144933905296,2.633976216377764,0.0020165494352711237,1.8886064974328727,112,0.2107209229499881,0.9719628495986494,0.9720840769186627,0.8703134167177567
Higher dimension,45,320,10,0.7,0.32,144,208,320,diag,cholesky_gaussian_ar,65,55,4,4,16,8.0,0.03,0.05,20.0,1e-06,2.125587400599536,1.9352668913989175,1.861778616827541,2.875022848669234,0.0020165494352711237,1.933250341963646,112,0.08277992355830387,0.9949140975584422,0.9950626965833659,0.8703134167177567
Higher dimension,45,320,10,0.7,0.32,144,208,320,diag,log_euclidean_gaussian_ar,65,55,4,4,16,8.0,0.03,0.05,20.0,1e-06,2.046682244819129,1.8395190428755093,1.7732512609236992,2.6121694698262465,0.0020165494352711237,1.837502493440238,112,0.10026286016989452,0.9456904557288808,0.9457803505386291,0.8703134167177567
Higher dimension,45,320,10,0.7,0.32,144,208,320,diag,bwar_barycenter,65,55,4,4,16,8.0,0.03,0.05,20.0,1e-06,1.8370170567848245,1.7096506301651586,1.6525250556004347,2.5676680239702336,0.0020165494352711913,1.7076340807298873,112,0.13385885543302534,0.8789255484143825,0.8789358192601274,0.870313416717786
Higher dimension,46,320,10,0.7,0.32,144,208,320,diag,persistence,65,55,4,4,16,8.0,0.03,0.05,20.0,,1.768790299533008,1.8906414742026227,,,0.0019789949045369852,1.888662479298086,112,0.049999999999998226,1.0,1.0,1.0
Higher dimension,46,320,10,0.7,0.32,144,208,320,diag,euclidean_gaussian_ar,65,55,4,4,16,8.0,0.03,0.05,20.0,1e-06,1.7825097551607183,1.8567533601066064,1.7937279165117412,2.6862895454089606,0.001653075333855922,1.8551002847727507,112,0.15354759852395136,0.9820758644309817,0.9822296493453884,0.8353105559120594
Higher dimension,46,320,10,0.7,0.32,144,208,320,diag,cholesky_gaussian_ar,65,55,4,4,16,8.0,0.03,0.05,20.0,1e-06,1.7679635964067624,1.9257308965042774,1.8375902077913415,2.9022123813948784,0.001653075333855922,1.9240778211704215,112,0.08354715552637879,1.0185595327196837,1.0187515462717815,0.8353105559120594
Higher dimension,46,320,10,0.7,0.32,144,208,320,diag,log_euclidean_gaussian_ar,65,55,4,4,16,8.0,0.03,0.05,20.0,1e-06,1.6881976118627922,1.8710148508175755,1.7058184791128579,2.8753186131246062,0.001653075333855922,1.8693617754837193,112,0.09659321130723426,0.9896190665163924,0.9897807554150493,0.8353105559120594
Higher dimension,46,320,10,0.7,0.32,144,208,320,diag,bwar_barycenter,65,55,4,4,16,8.0,0.03,0.05,20.0,1e-06,1.5832870321621635,1.6981284469587206,1.6016754595625677,2.5823774680954283,0.0016530753338559086,1.6964753716248648,112,0.13727582925391807,0.8981758149968151,0.8982416870246468,0.8353105559120526
Higher dimension,47,320,10,0.7,0.32,144,208,320,diag,persistence,65,55,4,4,16,8.0,0.03,0.05,20.0,,1.8176846160158007,1.9949969001461108,,,0.0023671683468859226,1.9926297317992245,112,0.049999999999998025,1.0,1.0,1.0
Higher dimension,47,320,10,0.7,0.32,144,208,320,diag,euclidean_gaussian_ar,65,55,4,4,16,8.0,0.03,0.05,20.0,1e-06,1.835687856357368,1.9076034794379093,1.9016074534041327,2.64184547397306,0.0019524443745103349,1.9056510350633993,112,0.21875758391979547,0.9561937060143798,0.9563497947723139,0.8248016568313914
Higher dimension,47,320,10,0.7,0.32,144,208,320,diag,cholesky_gaussian_ar,65,55,4,4,16,8.0,0.03,0.05,20.0,1e-06,1.9497935901942696,1.9055469539107077,1.8590339958374598,2.7230716616556876,0.0019524443745103349,1.9035945095361975,112,0.10790406122785168,0.9551628645493876,0.9553177287068614,0.8248016568313914
Higher dimension,47,320,10,0.7,0.32,144,208,320,diag,log_euclidean_gaussian_ar,65,55,4,4,16,8.0,0.03,0.05,20.0,1e-06,1.8492998445370843,1.8616855807921258,1.8132388874680159,2.7557849519451234,0.0019524443745103349,1.8597331364176155,112,0.10062231308810521,0.9331771797017723,0.933305925701705,0.8248016568313914
Higher dimension,47,320,10,0.7,0.32,144,208,320,diag,bwar_barycenter,65,55,4,4,16,8.0,0.03,0.05,20.0,1e-06,1.6705567927439238,1.7389176982246932,1.7301725532450294,2.635503830936739,0.0019524443745103255,1.7369652538501832,112,0.1416875650787927,0.8716392983354196,0.8716949396724138,0.8248016568313875
Higher dimension,48,320,10,0.7,0.32,144,208,320,diag,persistence,65,55,4,4,16,8.0,0.03,0.05,20.0,,2.046181360761296,2.0466485190662747,,,0.0021960395101285387,2.0444524795561465,112,0.049999999999997824,1.0,1.0,1.0
Higher dimension,48,320,10,0.7,0.32,144,208,320,diag,euclidean_gaussian_ar,65,55,4,4,16,8.0,0.03,0.05,20.0,1e-06,2.0336383845151778,2.0035710400047484,2.0032811887899173,2.6774229795418245,0.0017689197298659408,2.0018021202748826,112,0.1643023796699407,0.9789521851650526,0.9791384932113837,0.8055045101453582
Higher dimension,48,320,10,0.7,0.32,144,208,320,diag,cholesky_gaussian_ar,65,55,4,4,16,8.0,0.03,0.05,20.0,1e-06,2.1411342943818674,2.044829514457597,1.9705623085372133,2.8942369826255914,0.0017689197298659408,2.043060594727731,112,0.08514785510129651,0.9991112276525588,0.9993191894444435,0.8055045101453582
Higher dimension,48,320,10,0.7,0.32,144,208,320,diag,log_euclidean_gaussian_ar,65,55,4,4,16,8.0,0.03,0.05,20.0,1e-06,1.944840674303989,1.9009246639416515,1.863620815069142,2.7258560983165494,0.0017689197298659408,1.8991557442117857,112,0.09344787773971919,0.928798787985782,0.9289312239842792,0.8055045101453582
Higher dimension,48,320,10,0.7,0.32,144,208,320,diag,bwar_barycenter,65,55,4,4,16,8.0,0.03,0.05,20.0,1e-06,1.8166821166702265,1.7804262337711978,1.6944535726388006,2.4415752016253474,0.0017689197298659447,1.7786573140413318,112,0.11896958603602029,0.8699228114573707,0.8699920060883395,0.80550451014536
Higher dimension,49,320,10,0.7,0.32,144,208,320,diag,persistence,65,55,4,4,16,8.0,0.03,0.05,20.0,,2.0777281236112435,1.9376452789888436,,,0.0022102481762816006,1.935435030812562,112,0.049999999999997796,1.0,1.0,1.0
Higher dimension,49,320,10,0.7,0.32,144,208,320,diag,euclidean_gaussian_ar,65,55,4,4,16,8.0,0.03,0.05,20.0,1e-06,2.0217287065894443,1.8783895688103687,1.794257651428784,2.805301734813712,0.0018461848577709815,1.876543383952598,112,0.07705109622319482,0.9694187007183289,0.969571881296765,0.8352839638473997
Higher dimension,49,320,10,0.7,0.32,144,208,320,diag,cholesky_gaussian_ar,65,55,4,4,16,8.0,0.03,0.05,20.0,1e-06,2.105369276410216,1.9719701665157874,1.8999688734862317,2.9388479579119897,0.0018461848577709815,1.9701239816580163,112,0.06483595512736887,1.0177147426823427,1.0179230768758436,0.8352839638473997
Higher dimension,49,320,10,0.7,0.32,144,208,320,diag,log_euclidean_gaussian_ar,65,55,4,4,16,8.0,0.03,0.05,20.0,1e-06,1.9892551833835983,1.8463118060498525,1.7442621761790247,2.7307849284648973,0.0018461848577709815,1.8444656211920811,112,0.09449325518182364,0.9528636774081511,0.9529979523093116,0.8352839638473997
Higher dimension,49,320,10,0.7,0.32,144,208,320,diag,bwar_barycenter,65,55,4,4,16,8.0,0.03,0.05,20.0,1e-06,1.84072157136575,1.7045139052593221,1.6235358955221293,2.6290012051482208,0.0018461848577709997,1.702667720401551,112,0.12376772400739199,0.8796831513706261,0.8797338548154275,0.8352839638474079
Weaker dynamics,0,320,8,0.5,0.35,144,208,320,diag,persistence,44,36,3,3,10,8.0,0.03,0.05,20.0,,3.0327983724942715,2.783893597910571,,,0.002729167944706259,2.7811644299658647,112,0.049999999999997685,1.0,1.0,1.0
Weaker dynamics,0,320,8,0.5,0.35,144,208,320,diag,euclidean_gaussian_ar,44,36,3,3,10,8.0,0.03,0.05,20.0,1e-06,2.4572091157646416,2.3617049719120837,2.344926604689677,3.2326469706190637,0.0019918807083687197,2.359713091203715,112,0.27460451615878195,0.848345990552456,0.8484622720536799,0.7298490780797684
Weaker dynamics,0,320,8,0.5,0.35,144,208,320,diag,cholesky_gaussian_ar,44,36,3,3,10,8.0,0.03,0.05,20.0,1e-06,2.538512283567295,2.4117689209140516,2.375887470917516,3.488104853661179,0.0019918807083687197,2.4097770402056824,112,0.09514124505490745,0.8663294181660482,0.8664633468777894,0.7298490780797684
Weaker dynamics,0,320,8,0.5,0.35,144,208,320,diag,log_euclidean_gaussian_ar,44,36,3,3,10,8.0,0.03,0.05,20.0,1e-06,2.5884081574580025,2.458269347437,2.3507607136245037,3.4386465003176014,0.0019918807083687197,2.4562774667286313,112,0.14380029139832487,0.8830327959667836,0.8831831157709648,0.7298490780797684
Weaker dynamics,0,320,8,0.5,0.35,144,208,320,diag,bwar_barycenter,44,36,3,3,10,8.0,0.03,0.05,20.0,0.01,2.2814798704959145,2.170243022314653,2.1285055593530644,3.096376827353,0.001982390181748851,2.168260632132904,112,0.2069387868712587,0.7795711100250066,0.7796233148859583,0.7263716348398691
Weaker dynamics,1,320,8,0.5,0.35,144,208,320,diag,persistence,44,36,3,3,10,8.0,0.03,0.05,20.0,,2.6313942654115343,2.862126116980313,,,0.002642556801152232,2.8594835601791604,112,0.04999999999999839,1.0,1.0,1.0
Weaker dynamics,1,320,8,0.5,0.35,144,208,320,diag,euclidean_gaussian_ar,44,36,3,3,10,8.0,0.03,0.05,20.0,1e-06,2.189058586268868,2.351652259262212,2.1972605051343637,3.3943272780063447,0.002052085452064678,2.3496001738101477,112,0.23863989214005243,0.821645225662985,0.8216868970783431,0.7765530153107433
Weaker dynamics,1,320,8,0.5,0.35,144,208,320,diag,cholesky_gaussian_ar,44,36,3,3,10,8.0,0.03,0.05,20.0,1e-06,2.3839782751850906,2.532662792577621,2.3250759728595707,3.857611626469345,0.002052085452064678,2.530610707125556,112,0.11754454863092015,0.88488860695269,0.8849887239662959,0.7765530153107433
Weaker dynamics,1,320,8,0.5,0.35,144,208,320,diag,log_euclidean_gaussian_ar,44,36,3,3,10,8.0,0.03,0.05,20.0,1e-06,2.326781760783456,2.5122298223959985,2.3813330369924097,3.8358099981961145,0.002052085452064678,2.510177736943934,112,0.14933178995887575,0.8777495189647783,0.8778430384774303,0.7765530153107433
Weaker dynamics,1,320,8,0.5,0.35,144,208,320,diag,bwar_barycenter,44,36,3,3,10,8.0,0.03,0.05,20.0,1e-06,2.043615279234177,2.217654259009462,2.101836040336585,3.378096183844621,0.0020520854520646578,2.215602173557397,112,0.20613400653099753,0.7748275821434447,0.7748259876054607,0.7765530153107356
Weaker dynamics,2,320,8,0.5,0.35,144,208,320,diag,persistence,44,36,3,3,10,8.0,0.03,0.05,20.0,,2.726605598584718,2.5234114519528537,,,0.00271263788953644,2.520698814063318,112,0.0499999999999963,1.0,1.0,1.0
Weaker dynamics,2,320,8,0.5,0.35,144,208,320,diag,euclidean_gaussian_ar,44,36,3,3,10,8.0,0.03,0.05,20.0,1e-06,2.271370935882027,2.189120681642757,2.1369180114774173,2.8754485733563087,0.0019202474663505974,2.1872004341764066,112,0.13142840312246737,0.8675242715366964,0.8676960618911395,0.7078893477664822
Weaker dynamics,2,320,8,0.5,0.35,144,208,320,diag,cholesky_gaussian_ar,44,36,3,3,10,8.0,0.03,0.05,20.0,1e-06,2.3895692819219265,2.2648570552086893,2.1669768316275104,3.1856267433804693,0.0019202474663505974,2.262936807742339,112,0.1269519387767387,0.8975377572515688,0.8977418464741246,0.7078893477664822
Weaker dynamics,2,320,8,0.5,0.35,144,208,320,diag,log_euclidean_gaussian_ar,44,36,3,3,10,8.0,0.03,0.05,20.0,1e-06,2.3266970076385345,2.2391592910046136,2.10082657762925,3.299103275460649,0.0019202474663505974,2.237239043538263,112,0.12612877467010394,0.8873540180186394,0.8875471480592625,0.7078893477664822
Weaker dynamics,2,320,8,0.5,0.35,144,208,320,diag,bwar_barycenter,44,36,3,3,10,8.0,0.03,0.05,20.0,0.01,2.098472476577604,2.002817647473186,1.902506567207997,2.8510628569136283,0.0019218725329691493,2.0008957749402168,112,0.15824940219414374,0.7936944432598246,0.7937861373111892,0.7084884202135716
Weaker dynamics,3,320,8,0.5,0.35,144,208,320,diag,persistence,44,36,3,3,10,8.0,0.03,0.05,20.0,,2.1010493683140625,2.287283269804466,,,0.002838057525383804,2.2844452122790817,112,0.04999999999999808,1.0,1.0,1.0
Weaker dynamics,3,320,8,0.5,0.35,144,208,320,diag,euclidean_gaussian_ar,44,36,3,3,10,8.0,0.03,0.05,20.0,1e-06,2.0231714951023614,2.062463472330067,2.0284387684422107,2.975086007408517,0.002133419500147017,2.06033005282992,112,0.34869737350426927,0.9017088086804317,0.9018951480015698,0.7517182019975104
Weaker dynamics,3,320,8,0.5,0.35,144,208,320,diag,cholesky_gaussian_ar,44,36,3,3,10,8.0,0.03,0.05,20.0,1e-06,2.1207279225412656,2.433393710368798,2.1336849345096205,3.978343870568044,0.002133419500147017,2.4312602908686523,112,0.1387008185159547,1.0638794689285787,1.0642672793378574,0.7517182019975104
Weaker dynamics,3,320,8,0.5,0.35,144,208,320,diag,log_euclidean_gaussian_ar,44,36,3,3,10,8.0,0.03,0.05,20.0,1e-06,1.8498252482171147,2.029596886354297,1.8672012453565214,3.1792055509248045,0.002133419500147017,2.02746346685415,112,0.1418578343912825,0.8873395408203208,0.8875080286261042,0.7517182019975104
Weaker dynamics,3,320,8,0.5,0.35,144,208,320,diag,bwar_barycenter,44,36,3,3,10,8.0,0.03,0.05,20.0,1e-06,1.760756766752256,1.8379959717494618,1.7381212690791816,2.694561424256079,0.0021334195001469765,1.8358625522493146,112,0.19855288336532287,0.8035716415250077,0.8036360611239007,0.7517182019974962
Weaker dynamics,4,320,8,0.5,0.35,144,208,320,diag,persistence,44,36,3,3,10,8.0,0.03,0.05,20.0,,2.577776918170171,2.7156405568589648,,,0.002606063667663316,2.7130344931913015,112,0.04999999999999709,1.0,1.0,1.0
Weaker dynamics,4,320,8,0.5,0.35,144,208,320,diag,euclidean_gaussian_ar,44,36,3,3,10,8.0,0.03,0.05,20.0,1e-06,2.152149413678523,2.239421244182151,2.141183100813987,3.1449470612891433,0.001961520030354397,2.237459724151797,112,0.29227204182098093,0.824638311769938,0.8247074372872816,0.7526754064735346
Weaker dynamics,4,320,8,0.5,0.35,144,208,320,diag,cholesky_gaussian_ar,44,36,3,3,10,8.0,0.03,0.05,20.0,1e-06,2.193618799920629,2.3913774283001743,2.255552228402257,3.471604349965767,0.001961520030354397,2.3894159082698203,112,0.13099237734365604,0.8805942385343338,0.8807171137213174,0.7526754064735346
Weaker dynamics,4,320,8,0.5,0.35,144,208,320,diag,log_euclidean_gaussian_ar,44,36,3,3,10,8.0,0.03,0.05,20.0,1e-06,2.1656859997826334,2.38351552628253,2.2869327570964173,3.455933249913311,0.001961520030354397,2.3815540062521756,112,0.1396145937921083,0.8776991933864083,0.8778192876754728,0.7526754064735346
Weaker dynamics,4,320,8,0.5,0.35,144,208,320,diag,bwar_barycenter,44,36,3,3,10,8.0,0.03,0.05,20.0,1e-06,1.9702342133932866,2.091816193076766,2.033290370129564,3.005375945233204,0.0019615200303544334,2.0898546730464114,112,0.17933811704288163,0.7702846342434424,0.770301549166132,0.7526754064735486
Weaker dynamics,5,320,8,0.5,0.35,144,208,320,diag,persistence,44,36,3,3,10,8.0,0.03,0.05,20.0,,2.3853186975646405,2.2421573825478722,,,0.0027364297947450205,2.2394209527531266,112,0.04999999999999784,1.0,1.0,1.0
Weaker dynamics,5,320,8,0.5,0.35,144,208,320,diag,euclidean_gaussian_ar,44,36,3,3,10,8.0,0.03,0.05,20.0,1e-06,2.0102895551593987,1.9474550729930675,1.8564896038665744,2.812115243781075,0.002032418610703662,1.9454226543823638,112,0.24236239961801545,0.868563058129345,0.8687168225298046,0.7427263855285723
Weaker dynamics,5,320,8,0.5,0.35,144,208,320,diag,cholesky_gaussian_ar,44,36,3,3,10,8.0,0.03,0.05,20.0,1e-06,2.200568001091062,2.1321272611934776,2.0451452307821336,2.9266948782365603,0.002032418610703662,2.130094842582774,112,0.1057769161554745,0.9509266734749181,0.9511810809682977,0.7427263855285723
Weaker dynamics,5,320,8,0.5,0.35,144,208,320,diag,log_euclidean_gaussian_ar,44,36,3,3,10,8.0,0.03,0.05,20.0,1e-06,2.0976558988951695,1.9428962751060435,1.8690351753677408,2.8391340569838066,0.002032418610703662,1.9408638564953395,112,0.1312082533964536,0.8665298387298024,0.8666811186656339,0.7427263855285723
Weaker dynamics,5,320,8,0.5,0.35,144,208,320,diag,bwar_barycenter,44,36,3,3,10,8.0,0.03,0.05,20.0,1e-06,1.8666171867707382,1.771421014808573,1.7077485208370953,2.7270801346148903,0.0020324186107036745,1.7693885961978693,112,0.18464715851588412,0.7900520403236018,0.7901098692599964,0.7427263855285768
Weaker dynamics,6,320,8,0.5,0.35,144,208,320,diag,persistence,44,36,3,3,10,8.0,0.03,0.05,20.0,,2.269394407867646,2.3513342987521364,,,0.002808393406214109,2.348525905345922,112,0.04999999999999796,1.0,1.0,1.0
Weaker dynamics,6,320,8,0.5,0.35,144,208,320,diag,euclidean_gaussian_ar,44,36,3,3,10,8.0,0.03,0.05,20.0,0.01,1.966250141163381,2.059585633943027,1.9281001980287131,2.9546389849001766,0.00207322465118697,2.05751240929184,112,0.32761268386877856,0.8759220817882248,0.87608674215956,0.7382244405643322
Weaker dynamics,6,320,8,0.5,0.35,144,208,320,diag,cholesky_gaussian_ar,44,36,3,3,10,8.0,0.03,0.05,20.0,1e-06,2.2629749143435633,2.2557268510628323,2.043048609199632,3.3820688495216302,0.0020729994326726077,2.253653851630159,112,0.14048687774914848,0.9593390664440852,0.9596035736715499,0.7381442457761433
Weaker dynamics,6,320,8,0.5,0.35,144,208,320,diag,log_euclidean_gaussian_ar,44,36,3,3,10,8.0,0.03,0.05,20.0,1e-06,2.018414094561648,2.0840600707439885,1.8816175351314086,2.948511885989106,0.0020729994326726077,2.081987071311316,112,0.11448770746349328,0.8863308257996357,0.8865080289606826,0.7381442457761433
Weaker dynamics,6,320,8,0.5,0.35,144,208,320,diag,bwar_barycenter,44,36,3,3,10,8.0,0.03,0.05,20.0,1e-06,1.823383621163695,1.898736542875368,1.7821514723190757,2.8052123697118168,0.002072999432672595,1.8966635434426955,112,0.1807674076193612,0.8075145009720803,0.8075974546950248,0.7381442457761389
Weaker dynamics,7,320,8,0.5,0.35,144,208,320,diag,persistence,44,36,3,3,10,8.0,0.03,0.05,20.0,,2.6580237216078455,2.6355254387984672,,,0.002383026601039658,2.633142412197427,112,0.04999999999999753,1.0,1.0,1.0
Weaker dynamics,7,320,8,0.5,0.35,144,208,320,diag,euclidean_gaussian_ar,44,36,3,3,10,8.0,0.03,0.05,20.0,0.001,2.2777340902373906,2.2720554720975685,2.124715210846995,3.133675814266919,0.0018408000900485832,2.2702146720075196,112,0.38088496469481886,0.8620882343421415,0.8621693462120665,0.7724630892686997
Weaker dynamics,7,320,8,0.5,0.35,144,208,320,diag,cholesky_gaussian_ar,44,36,3,3,10,8.0,0.03,0.05,20.0,1e-06,2.438729310382285,2.7580806190663654,2.545994076071984,4.07296525283185,0.0018400921731510204,2.756240526893214,112,0.11866414761651366,1.0465012321504175,1.0467495089234684,0.7721660229676965
Weaker dynamics,7,320,8,0.5,0.35,144,208,320,diag,log_euclidean_gaussian_ar,44,36,3,3,10,8.0,0.03,0.05,20.0,1e-06,2.2658740359687215,2.4952610951953145,2.4236958416097636,3.607969793032502,0.0018400921731510204,2.4934210030221635,112,0.15719278259565792,0.9467793626506982,0.9469373898927622,0.7721660229676965
Weaker dynamics,7,320,8,0.5,0.35,144,208,320,diag,bwar_barycenter,44,36,3,3,10,8.0,0.03,0.05,20.0,1e-06,2.0580918468713705,2.1127775132803044,2.0397564530528216,2.978597798798387,0.0018400921731510243,2.110937421107154,112,0.22812800488740564,0.8016532423392266,0.8016799286391505,0.7721660229676982
Weaker dynamics,8,320,8,0.5,0.35,144,208,320,diag,persistence,44,36,3,3,10,8.0,0.03,0.05,20.0,,2.3688070535753307,2.328325761133954,,,0.0023537533760412586,2.3259720077579127,112,0.04999999999999841,1.0,1.0,1.0
Weaker dynamics,8,320,8,0.5,0.35,144,208,320,diag,euclidean_gaussian_ar,44,36,3,3,10,8.0,0.03,0.05,20.0,0.001,2.0919474905763984,2.079482543054511,2.078970944917959,2.886398848609886,0.0018916600651721458,2.077590882989339,112,0.25556087183874665,0.8931235387103865,0.8932140524734873,0.8036781102163302
Weaker dynamics,8,320,8,0.5,0.35,144,208,320,diag,cholesky_gaussian_ar,44,36,3,3,10,8.0,0.03,0.05,20.0,1e-06,2.1322853254179406,2.124705133121444,2.135488486397973,3.0276378221893627,0.0018900111265534533,2.1228151219948908,112,0.12468142730279436,0.9125463320418954,0.9126572095083586,0.8029775531250576
Weaker dynamics,8,320,8,0.5,0.35,144,208,320,diag,log_euclidean_gaussian_ar,44,36,3,3,10,8.0,0.03,0.05,20.0,1e-06,2.1433029496805442,2.069188446167439,2.086517899174675,2.88215729512774,0.0018900111265534533,2.0672984350408856,112,0.14777500943057917,0.8887022944588696,0.8887890430949891,0.8029775531250576
Weaker dynamics,8,320,8,0.5,0.35,144,208,320,diag,bwar_barycenter,44,36,3,3,10,8.0,0.03,0.05,20.0,1e-06,1.9247621746970847,1.8836597583731565,1.9114029988871382,2.6807136490538186,0.001890011126553524,1.8817697472466028,112,0.21372079963691715,0.8090189911637476,0.8090251047606148,0.8029775531250876
Weaker dynamics,9,320,8,0.5,0.35,144,208,320,diag,persistence,44,36,3,3,10,8.0,0.03,0.05,20.0,,2.789358724791616,2.455445606151971,,,0.00263798301573717,2.4528076231362337,112,0.04999999999999792,1.0,1.0,1.0
Weaker dynamics,9,320,8,0.5,0.35,144,208,320,diag,euclidean_gaussian_ar,44,36,3,3,10,8.0,0.03,0.05,20.0,1e-06,2.3211846661717894,2.1174991999632864,2.0564456381012164,3.0656541112352254,0.0019907956908133567,2.115508404272473,112,0.36846483456043944,0.8623686041580476,0.8624844379631862,0.7546658484672009
Weaker dynamics,9,320,8,0.5,0.35,144,208,320,diag,cholesky_gaussian_ar,44,36,3,3,10,8.0,0.03,0.05,20.0,1e-06,2.3997513782437396,2.22140488254542,2.127499270209034,3.377355260204795,0.0019907956908133567,2.219414086854607,112,0.1210534363398324,0.9046850302771212,0.9048463751987191,0.7546658484672009
Weaker dynamics,9,320,8,0.5,0.35,144,208,320,diag,log_euclidean_gaussian_ar,44,36,3,3,10,8.0,0.03,0.05,20.0,1e-06,2.3970409540650124,2.145039850330686,2.044119012341234,3.2487090974941917,0.0019907956908133567,2.1430490546398726,112,0.13718066475151783,0.8735847558408208,0.8737126525641279,0.7546658484672009
Weaker dynamics,9,320,8,0.5,0.35,144,208,320,diag,bwar_barycenter,44,36,3,3,10,8.0,0.03,0.05,20.0,1e-06,2.1592434906930187,1.9301146179501092,1.8435453124596086,2.9920623556303396,0.0019907956908133697,1.928123822259296,112,0.20530628248286248,0.7860547238816138,0.7860884824688937,0.7546658484672059
Weaker dynamics,10,320,8,0.5,0.35,144,208,320,diag,persistence,44,36,3,3,10,8.0,0.03,0.05,20.0,,2.664930879949723,2.6692126126312794,,,0.0025049502098117315,2.666707662421468,112,0.049999999999998296,1.0,1.0,1.0
Weaker dynamics,10,320,8,0.5,0.35,144,208,320,diag,euclidean_gaussian_ar,44,36,3,3,10,8.0,0.03,0.05,20.0,1e-06,2.289060960477473,2.318364083635097,2.1876396422102324,3.3869032570041835,0.0018628028723703814,2.316501280762727,112,0.3194655911651569,0.8685572938866343,0.8686746257965371,0.7436486621865378
Weaker dynamics,10,320,8,0.5,0.35,144,208,320,diag,cholesky_gaussian_ar,44,36,3,3,10,8.0,0.03,0.05,20.0,1e-06,2.332450139269371,2.460703819444844,2.2534734670202905,3.654186098480161,0.0018628028723703814,2.458841016572474,112,0.12002565455919809,0.9218837824309208,0.9220512061452423,0.7436486621865378
Weaker dynamics,10,320,8,0.5,0.35,144,208,320,diag,log_euclidean_gaussian_ar,44,36,3,3,10,8.0,0.03,0.05,20.0,1e-06,2.2745374399730705,2.3706984835373843,2.080670742820471,3.628522407941798,0.0018628028723703814,2.368835680665014,112,0.13081234957212062,0.8881639747687153,0.8882997240552511,0.7436486621865378
Weaker dynamics,10,320,8,0.5,0.35,144,208,320,diag,bwar_barycenter,44,36,3,3,10,8.0,0.03,0.05,20.0,1e-06,2.0753217563080297,2.133132021589961,2.002676724969305,3.2249781189920386,0.001862802872370392,2.1312692187175903,112,0.17246338528833632,0.7991615248240356,0.799213670381222,0.7436486621865421
Weaker dynamics,11,320,8,0.5,0.35,144,208,320,diag,persistence,44,36,3,3,10,8.0,0.03,0.05,20.0,,2.3982015439466906,2.5507635771964345,,,0.0026417987335554754,2.548121778462879,112,0.0499999999999982,1.0,1.0,1.0
Weaker dynamics,11,320,8,0.5,0.35,144,208,320,diag,euclidean_gaussian_ar,44,36,3,3,10,8.0,0.03,0.05,20.0,1e-06,2.0745939386547545,2.10155245339985,1.9763123567139744,3.081325785767849,0.002031982468518487,2.0995204709313318,112,0.28084401916957535,0.8238915092670736,0.8239482463816309,0.7691662664186893
Weaker dynamics,11,320,8,0.5,0.35,144,208,320,diag,cholesky_gaussian_ar,44,36,3,3,10,8.0,0.03,0.05,20.0,1e-06,2.0424540884346154,2.1055898677251443,1.9402548773143429,3.0691593822717698,0.002031982468518487,2.103557885256626,112,0.09893176719816138,0.8254743350379088,0.8255327131678807,0.7691662664186893
Weaker dynamics,11,320,8,0.5,0.35,144,208,320,diag,log_euclidean_gaussian_ar,44,36,3,3,10,8.0,0.03,0.05,20.0,1e-06,2.0113374490543605,2.064261067849661,1.9833538087923959,3.2648136109496364,0.002031982468518487,2.062229085381143,112,0.13188595378929216,0.8092718142535608,0.8093133942072248,0.7691662664186893
Weaker dynamics,11,320,8,0.5,0.35,144,208,320,diag,bwar_barycenter,44,36,3,3,10,8.0,0.03,0.05,20.0,0.001,1.8753330383014428,1.9204095117253346,1.8150297194758234,2.8970469573669133,0.00203249796469565,1.9183770137606386,112,0.18793712559629866,0.7528763264826263,0.7528592353689918,0.7693613971720716
Weaker dynamics,12,320,8,0.5,0.35,144,208,320,diag,persistence,44,36,3,3,10,8.0,0.03,0.05,20.0,,2.464674829386958,2.4363318005040435,,,0.0028736642433742107,2.4334581362606693,112,0.04999999999999789,1.0,1.0,1.0
Weaker dynamics,12,320,8,0.5,0.35,144,208,320,diag,euclidean_gaussian_ar,44,36,3,3,10,8.0,0.03,0.05,20.0,1e-06,2.12415835876278,2.067084558764364,2.0222801319614065,2.8002488847076905,0.0020856922980175487,2.0649988664663463,112,0.3298014100139485,0.8484413158900248,0.8485861481223139,0.7257954031430485
Weaker dynamics,12,320,8,0.5,0.35,144,208,320,diag,cholesky_gaussian_ar,44,36,3,3,10,8.0,0.03,0.05,20.0,1e-06,2.268086623775474,2.2331901630909643,2.135805931067817,3.061483029481614,0.0020856922980175487,2.231104470792947,112,0.10288018238410243,0.9166198801940475,0.9168452243116598,0.7257954031430485
Weaker dynamics,12,320,8,0.5,0.35,144,208,320,diag,log_euclidean_gaussian_ar,44,36,3,3,10,8.0,0.03,0.05,20.0,1e-06,2.114398720624554,2.1677590906977726,2.0596656361438312,2.8668810847053683,0.0020856922980175487,2.165673398399755,112,0.1455590652006667,0.8897634920864609,0.8899571215667589,0.7257954031430485
Weaker dynamics,12,320,8,0.5,0.35,144,208,320,diag,bwar_barycenter,44,36,3,3,10,8.0,0.03,0.05,20.0,1e-06,1.9484959778352415,1.9314755974494293,1.8944192845284606,2.760945496763184,0.00208569229801756,1.9293899051514116,112,0.2010992445884054,0.7927801939989593,0.7928592961603912,0.7257954031430525
Weaker dynamics,13,320,8,0.5,0.35,144,208,320,diag,persistence,44,36,3,3,10,8.0,0.03,0.05,20.0,,2.7280258700928863,2.3438718592894268,,,0.002586335564895786,2.341285523724531,112,0.04999999999999758,1.0,1.0,1.0
Weaker dynamics,13,320,8,0.5,0.35,144,208,320,diag,euclidean_gaussian_ar,44,36,3,3,10,8.0,0.03,0.05,20.0,0.01,2.2722946321603725,2.1093005816047605,1.9898631195682328,3.064913636585112,0.0019390640984434818,2.107361517506317,112,0.2999659304923038,0.8999214582678682,0.9000873648908544,0.7497341508048336
Weaker dynamics,13,320,8,0.5,0.35,144,208,320,diag,cholesky_gaussian_ar,44,36,3,3,10,8.0,0.03,0.05,20.0,1e-06,2.433469520843925,2.2036266517725704,1.8886908002861977,3.5777026736053292,0.00193721187641814,2.2016894398961524,112,0.1244358833593081,0.9401651558036226,0.9403763093335544,0.7490179939184335
Weaker dynamics,13,320,8,0.5,0.35,144,208,320,diag,log_euclidean_gaussian_ar,44,36,3,3,10,8.0,0.03,0.05,20.0,1e-06,2.306132554297691,2.195230719546065,2.0250476588677615,3.468962503718723,0.00193721187641814,2.1932935076696474,112,0.14400530854247526,0.9365830776310339,0.9367902741655119,0.7490179939184335
Weaker dynamics,13,320,8,0.5,0.35,144,208,320,diag,bwar_barycenter,44,36,3,3,10,8.0,0.03,0.05,20.0,1e-06,2.1183921451622165,1.9306485333297623,1.7384195009232122,2.923802859951068,0.0019372118764181183,1.9287113214533442,112,0.20361484748333744,0.8237005473136496,0.8237830464970965,0.749017993918425
Weaker dynamics,14,320,8,0.5,0.35,144,208,320,diag,persistence,44,36,3,3,10,8.0,0.03,0.05,20.0,,2.5220903213418118,2.4847997675534055,,,0.0025585677464573736,2.4822411998069476,112,0.04999999999999572,1.0,1.0,1.0
Weaker dynamics,14,320,8,0.5,0.35,144,208,320,diag,euclidean_gaussian_ar,44,36,3,3,10,8.0,0.03,0.05,20.0,1e-06,2.175259046436601,2.1259695952055244,2.05705448797499,2.9449941422040387,0.002022479421235782,2.1239471157842886,112,0.31789773917361863,0.8555899042516436,0.8556570231569258,0.7904732731959643
Weaker dynamics,14,320,8,0.5,0.35,144,208,320,diag,cholesky_gaussian_ar,44,36,3,3,10,8.0,0.03,0.05,20.0,1e-06,2.116556372243987,2.0975715648747806,2.0040773981088407,3.1052239704517515,0.002022479421235782,2.095549085453545,112,0.11856679780014795,0.8441612045626118,0.8442165433466026,0.7904732731959643
Weaker dynamics,14,320,8,0.5,0.35,144,208,320,diag,log_euclidean_gaussian_ar,44,36,3,3,10,8.0,0.03,0.05,20.0,1e-06,2.170156025416095,2.0952329475438156,1.9572283893388778,3.1172892165349113,0.002022479421235782,2.0932104681225794,112,0.15203724971346771,0.8432200352331943,0.8432744039077973,0.7904732731959643
Weaker dynamics,14,320,8,0.5,0.35,144,208,320,diag,bwar_barycenter,44,36,3,3,10,8.0,0.03,0.05,20.0,1e-06,1.9879594956155475,1.9250927402029432,1.8488167102141244,2.8495832356075574,0.0020224794212357787,1.9230702607817076,112,0.2144662360201626,0.7747476337292306,0.7747314245413667,0.7904732731959629
Weaker dynamics,15,320,8,0.5,0.35,144,208,320,diag,persistence,44,36,3,3,10,8.0,0.03,0.05,20.0,,2.9648926187882174,2.3574094757036472,,,0.002742882503702548,2.354666593199944,112,0.049999999999997255,1.0,1.0,1.0
Weaker dynamics,15,320,8,0.5,0.35,144,208,320,diag,euclidean_gaussian_ar,44,36,3,3,10,8.0,0.03,0.05,20.0,1.0,2.425076398926155,2.1934337272229887,2.062595768493177,3.242568966061148,0.00260126379715112,2.1908324634258376,112,0.3750796460323022,0.930442398670806,0.9304215168944749,0.9483686572938286
Weaker dynamics,15,320,8,0.5,0.35,144,208,320,diag,cholesky_gaussian_ar,44,36,3,3,10,8.0,0.03,0.05,20.0,1e-06,2.7540299148263223,2.4393303085258644,2.14002513748751,3.889531014921315,0.002064517271321641,2.4372657912545423,112,0.08239239448332618,1.034750362067568,1.0350789357156283,0.7526816291017939
Weaker dynamics,15,320,8,0.5,0.35,144,208,320,diag,log_euclidean_gaussian_ar,44,36,3,3,10,8.0,0.03,0.05,20.0,1e-06,2.4760173521338324,2.19423543217791,1.9737655457930838,3.5126959489349114,0.002064517271321641,2.192170914906588,112,0.14456756821069927,0.9307824774577896,0.930989941946504,0.7526816291017939
Weaker dynamics,15,320,8,0.5,0.35,144,208,320,diag,bwar_barycenter,44,36,3,3,10,8.0,0.03,0.05,20.0,1e-06,2.245160506561306,1.9708544596409905,1.777307739770947,3.1504595506825437,0.0020645172713216263,1.9687899423696689,112,0.20924220297079263,0.8360255101853798,0.8361225950439647,0.7526816291017886
Weaker dynamics,16,320,8,0.5,0.35,144,208,320,diag,persistence,44,36,3,3,10,8.0,0.03,0.05,20.0,,2.9807795648092412,2.7862750127296994,,,0.002494502230250589,2.783780510499448,112,0.049999999999998504,1.0,1.0,1.0
Weaker dynamics,16,320,8,0.5,0.35,144,208,320,diag,euclidean_gaussian_ar,44,36,3,3,10,8.0,0.03,0.05,20.0,0.1,2.4501047333238795,2.3298507810965106,2.219284577779989,3.434781402635512,0.0022243694741716294,2.3276264116223393,112,0.27739149875421376,0.8361883771171489,0.8361386261752122,0.8917087534326145
Weaker dynamics,16,320,8,0.5,0.35,144,208,320,diag,cholesky_gaussian_ar,44,36,3,3,10,8.0,0.03,0.05,20.0,1e-06,2.565129794924582,2.441883784709431,2.291022056390503,3.7543682122374538,0.002013017907735889,2.4398707668016946,112,0.10567519632527912,0.876397259263051,0.8764594613689384,0.8069818031526346
Weaker dynamics,16,320,8,0.5,0.35,144,208,320,diag,log_euclidean_gaussian_ar,44,36,3,3,10,8.0,0.03,0.05,20.0,1e-06,2.5050931310710993,2.4733528968466985,2.2412670686783143,3.9533528923363734,0.002013017907735889,2.471339878938962,112,0.16063661522161685,0.8876915902223045,0.8877639130017366,0.8069818031526346
Weaker dynamics,16,320,8,0.5,0.35,144,208,320,diag,bwar_barycenter,44,36,3,3,10,8.0,0.03,0.05,20.0,1e-06,2.247494206055379,2.162043194898963,2.0076233912337513,3.424651171145443,0.0020130179077359335,2.160030176991227,112,0.22485809031413984,0.7759618792191013,0.7759340827498242,0.8069818031526526
Weaker dynamics,17,320,8,0.5,0.35,144,208,320,diag,persistence,44,36,3,3,10,8.0,0.03,0.05,20.0,,2.7646536718407146,2.55840132949589,,,0.0025587363088504103,2.5558425931870397,112,0.049999999999998275,1.0,1.0,1.0
Weaker dynamics,17,320,8,0.5,0.35,144,208,320,diag,euclidean_gaussian_ar,44,36,3,3,10,8.0,0.03,0.05,20.0,1e-06,2.263700173411961,2.1779241029962644,2.0616011615391496,3.184404573220294,0.0019299323704116684,2.175994170625853,112,0.30656574911740075,0.8512832126402173,0.8513803535578731,0.7542521531961802
Weaker dynamics,17,320,8,0.5,0.35,144,208,320,diag,cholesky_gaussian_ar,44,36,3,3,10,8.0,0.03,0.05,20.0,1e-06,2.4404799970872686,2.2950360899500777,2.2131270660651845,3.357166909505311,0.0019299323704116684,2.2931061575796656,112,0.09862852414946291,0.8970586684311542,0.8972016366314047,0.7542521531961802
Weaker dynamics,17,320,8,0.5,0.35,144,208,320,diag,log_euclidean_gaussian_ar,44,36,3,3,10,8.0,0.03,0.05,20.0,1e-06,2.410468704595627,2.2342817777039334,2.0852332500293245,3.2968513498699727,0.0019299323704116684,2.2323518453335223,112,0.12541567596059622,0.873311685678407,0.873430880009658,0.7542521531961802
Weaker dynamics,17,320,8,0.5,0.35,144,208,320,diag,bwar_barycenter,44,36,3,3,10,8.0,0.03,0.05,20.0,1e-06,2.1260640420718,2.0086319910646693,1.9462320161682363,3.0466575915572602,0.001929932370411566,2.0067020586942577,112,0.17363468299597687,0.7851121588732336,0.7851430538184966,0.7542521531961403
Weaker dynamics,18,320,8,0.5,0.35,144,208,320,diag,persistence,44,36,3,3,10,8.0,0.03,0.05,20.0,,2.6924067855394513,2.518357267844393,,,0.002451487901174085,2.5159057799432185,112,0.04999999999999852,1.0,1.0,1.0
Weaker dynamics,18,320,8,0.5,0.35,144,208,320,diag,euclidean_gaussian_ar,44,36,3,3,10,8.0,0.03,0.05,20.0,0.01,2.264103524967362,2.20085553074054,2.066892095690986,3.1060504667393647,0.0018592800968097317,2.1989962506437304,112,0.2900517408519643,0.8739250617226282,0.8740376003640962,0.7584292363504104
Weaker dynamics,18,320,8,0.5,0.35,144,208,320,diag,cholesky_gaussian_ar,44,36,3,3,10,8.0,0.03,0.05,20.0,1e-06,2.536770679766084,2.481404036925955,2.2565942537167913,3.845411525706859,0.0018567568791466242,2.479547280046808,112,0.10479807995663779,0.9853264541174223,0.985548544708526,0.7573999766661594
Weaker dynamics,18,320,8,0.5,0.35,144,208,320,diag,log_euclidean_gaussian_ar,44,36,3,3,10,8.0,0.03,0.05,20.0,1e-06,2.302808033402551,2.2660074917176574,2.133400310312437,3.530760070562387,0.0018567568791466242,2.2641507348385104,112,0.12522350370367574,0.8997958791038667,0.8999346290661211,0.7573999766661594
Weaker dynamics,18,320,8,0.5,0.35,144,208,320,diag,bwar_barycenter,44,36,3,3,10,8.0,0.03,0.05,20.0,0.1,2.089167728811529,2.024551151994648,1.887254141302511,2.9374659511979684,0.0019337168869332732,2.022617435107715,112,0.19674391604818361,0.8039173702020358,0.8039321071687205,0.7887931594551876
Weaker dynamics,19,320,8,0.5,0.35,144,208,320,diag,persistence,44,36,3,3,10,8.0,0.03,0.05,20.0,,2.790083079287699,2.298119884507942,,,0.002486096380420318,2.2956337881275215,112,0.04999999999999762,1.0,1.0,1.0
Weaker dynamics,19,320,8,0.5,0.35,144,208,320,diag,euclidean_gaussian_ar,44,36,3,3,10,8.0,0.03,0.05,20.0,0.1,2.351906469478009,2.0533646112305526,1.9480487217157725,2.8558475441670326,0.002215400201276949,2.051149211029276,112,0.27790999845223424,0.8934976043124075,0.8935001835385669,0.8911159755207868
Weaker dynamics,19,320,8,0.5,0.35,144,208,320,diag,cholesky_gaussian_ar,44,36,3,3,10,8.0,0.03,0.05,20.0,1e-06,2.537127064295124,2.1534266532344755,2.0352166220296,3.2113629489362956,0.0020367754214522063,2.1513898778130236,112,0.11157326272323886,0.9370384320466175,0.9371659752263216,0.8192664763495024
Weaker dynamics,19,320,8,0.5,0.35,144,208,320,diag,log_euclidean_gaussian_ar,44,36,3,3,10,8.0,0.03,0.05,20.0,1e-06,2.4033626286013265,2.0174124432544023,1.9191976531700359,2.983497900452804,0.0020367754214522063,2.01537566783295,112,0.12656363497401726,0.8778534387410156,0.8779168865068981,0.8192664763495024
Weaker dynamics,19,320,8,0.5,0.35,144,208,320,diag,bwar_barycenter,44,36,3,3,10,8.0,0.03,0.05,20.0,1e-06,2.1833182203605213,1.8486901396440005,1.7714728570328662,2.717349601587591,0.0020367754214521577,1.8466533642225487,112,0.1875190592835994,0.8044359008885343,0.804419839859914,0.8192664763494829
Weaker dynamics,20,320,8,0.5,0.35,144,208,320,diag,persistence,44,36,3,3,10,8.0,0.03,0.05,20.0,,2.887757547895177,2.4996523431976385,,,0.0025111923764678528,2.4971411508211707,112,0.04999999999999779,1.0,1.0,1.0
Weaker dynamics,20,320,8,0.5,0.35,144,208,320,diag,euclidean_gaussian_ar,44,36,3,3,10,8.0,0.03,0.05,20.0,0.01,2.3690092861777234,2.23838626892285,2.1228456390493466,3.09204270176851,0.001952782851709276,2.236433486071141,112,0.2177392169675854,0.8954790353203405,0.89559754575175,0.7776317218898162
Weaker dynamics,20,320,8,0.5,0.35,144,208,320,diag,cholesky_gaussian_ar,44,36,3,3,10,8.0,0.03,0.05,20.0,1e-06,2.541152620463332,2.425463838085338,2.4239200300142976,3.3536273822653984,0.0019499436229975613,2.4235138944623396,112,0.13322583051723402,0.9703204706389705,0.9705153806245117,0.7765010921784804
Weaker dynamics,20,320,8,0.5,0.35,144,208,320,diag,log_euclidean_gaussian_ar,44,36,3,3,10,8.0,0.03,0.05,20.0,1e-06,2.4262132274944204,2.253918471440598,2.2039153604216466,3.234995189644615,0.0019499436229975613,2.2519685278176005,112,0.13950134824332108,0.9016927804277417,0.901818676560215,0.7765010921784804
Weaker dynamics,20,320,8,0.5,0.35,144,208,320,diag,bwar_barycenter,44,36,3,3,10,8.0,0.03,0.05,20.0,0.0001,2.2126235841103084,2.046583336607655,1.9868335527651904,2.9279517591883835,0.0019499216738645315,2.0446334149337906,112,0.1839064272179389,0.8187471918553272,0.8187896844603375,0.776492351656155
Weaker dynamics,21,320,8,0.5,0.35,144,208,320,diag,persistence,44,36,3,3,10,8.0,0.03,0.05,20.0,,2.3183677416346544,2.3473175638004706,,,0.0026706301746023593,2.344646933625868,112,0.04999999999999724,1.0,1.0,1.0
Weaker dynamics,21,320,8,0.5,0.35,144,208,320,diag,euclidean_gaussian_ar,44,36,3,3,10,8.0,0.03,0.05,20.0,1e-06,2.2301233611355076,2.076167409244068,1.9970576241753268,3.1400414100401086,0.0022678168734252824,2.0738995923706427,112,0.2555795578029818,0.8844850996141349,0.8845253255949588,0.8491691942194679
Weaker dynamics,21,320,8,0.5,0.35,144,208,320,diag,cholesky_gaussian_ar,44,36,3,3,10,8.0,0.03,0.05,20.0,1e-06,2.213726566447971,2.1577299604597364,2.14881991548475,3.1104841165669197,0.0022678168734252824,2.1554621435863117,112,0.15283789098220382,0.919232230753738,0.9193120348627533,0.8491691942194679
Weaker dynamics,21,320,8,0.5,0.35,144,208,320,diag,log_euclidean_gaussian_ar,44,36,3,3,10,8.0,0.03,0.05,20.0,1e-06,2.0912636941721723,2.077429187117313,1.9504309738797732,3.1102892103092175,0.0022678168734252824,2.075161370243888,112,0.15115422450161406,0.8850226399506893,0.8850634782076824,0.8491691942194679
Weaker dynamics,21,320,8,0.5,0.35,144,208,320,diag,bwar_barycenter,44,36,3,3,10,8.0,0.03,0.05,20.0,1e-06,1.9552529871557485,1.8673985893843867,1.7718761651232728,2.917532171080383,0.00226781687342528,1.8651307725109618,112,0.20857768915123268,0.7955457830601065,0.7954847042265076,0.8491691942194671
Weaker dynamics,22,320,8,0.5,0.35,144,208,320,diag,persistence,44,36,3,3,10,8.0,0.03,0.05,20.0,,2.3421876650524016,2.3157641419551687,,,0.002699842297949433,2.3130642996572197,112,0.0499999999999987,1.0,1.0,1.0
Weaker dynamics,22,320,8,0.5,0.35,144,208,320,diag,euclidean_gaussian_ar,44,36,3,3,10,8.0,0.03,0.05,20.0,1e-06,2.064846177361418,1.9926382791987811,1.7819081052458001,3.1715443386329647,0.001988086767672636,1.9906501924311082,112,0.3824980061819018,0.8604668511346857,0.8606116971007286,0.7363714425774479
Weaker dynamics,22,320,8,0.5,0.35,144,208,320,diag,cholesky_gaussian_ar,44,36,3,3,10,8.0,0.03,0.05,20.0,1e-06,2.183477287144414,2.100902218026816,1.909960245437369,3.224599982513928,0.001988086767672636,2.0989141312591437,112,0.15711170441456074,0.9072176997494453,0.9074171139860611,0.7363714425774479
Weaker dynamics,22,320,8,0.5,0.35,144,208,320,diag,log_euclidean_gaussian_ar,44,36,3,3,10,8.0,0.03,0.05,20.0,1e-06,2.094224686364206,2.0446791352368208,1.7879098696560596,3.5091220256193805,0.001988086767672636,2.042691048469148,112,0.14649431491078974,0.8829392847885301,0.883110360906033,0.7363714425774479
Weaker dynamics,22,320,8,0.5,0.35,144,208,320,diag,bwar_barycenter,44,36,3,3,10,8.0,0.03,0.05,20.0,1e-06,1.871392979391175,1.8198398761494194,1.6042447972543192,3.0567754419168818,0.0019880867676728095,1.817851789381747,112,0.20598955359083795,0.7858485426814464,0.7859062930724149,0.7363714425775122
Weaker dynamics,23,320,8,0.5,0.35,144,208,320,diag,persistence,44,36,3,3,10,8.0,0.03,0.05,20.0,,2.2508714387533146,2.398127711633078,,,0.0025317980796676007,2.3955959135534104,112,0.04999999999999751,1.0,1.0,1.0
Weaker dynamics,23,320,8,0.5,0.35,144,208,320,diag,euclidean_gaussian_ar,44,36,3,3,10,8.0,0.03,0.05,20.0,1e-06,2.1078383583561355,2.1017108739776456,2.0529756726579977,2.7481954449813535,0.0019537881189530004,2.0997570858586925,112,0.26575350273938686,0.8763965587747709,0.8765072080725429,0.771699818655962
Weaker dynamics,23,320,8,0.5,0.35,144,208,320,diag,cholesky_gaussian_ar,44,36,3,3,10,8.0,0.03,0.05,20.0,1e-06,2.10594869932104,2.1651106963879694,2.1069670400062526,3.041577595522399,0.0019537881189530004,2.1631569082690163,112,0.15316250432044137,0.9028337756514108,0.9029723652602099,0.771699818655962
Weaker dynamics,23,320,8,0.5,0.35,144,208,320,diag,log_euclidean_gaussian_ar,44,36,3,3,10,8.0,0.03,0.05,20.0,1e-06,1.9951551601805586,2.0913917754005267,2.0870393592754413,2.8806386223943927,0.0019537881189530004,2.089437987281574,112,0.13097301004505957,0.8720935775252477,0.8721996791947648,0.771699818655962
Weaker dynamics,23,320,8,0.5,0.35,144,208,320,diag,bwar_barycenter,44,36,3,3,10,8.0,0.03,0.05,20.0,1e-06,1.8598874096936227,1.91880000873633,1.8583295719666728,2.581965765086414,0.0019537881189529934,1.9168462206173769,112,0.20327661142388806,0.800124196650755,0.8001542371034105,0.7716998186559593
Weaker dynamics,24,320,8,0.5,0.35,144,208,320,diag,persistence,44,36,3,3,10,8.0,0.03,0.05,20.0,,2.822977644391044,2.6611635772206754,,,0.00261036908607677,2.658553208134599,112,0.04999999999999842,1.0,1.0,1.0
Weaker dynamics,24,320,8,0.5,0.35,144,208,320,diag,euclidean_gaussian_ar,44,36,3,3,10,8.0,0.03,0.05,20.0,1e-06,2.4023495258161818,2.2911326682178283,2.2192126378434,3.214008485444883,0.0019575359256608824,2.289175132292168,112,0.23899155640467742,0.8609514604174359,0.8610604915815815,0.74990771845331
Weaker dynamics,24,320,8,0.5,0.35,144,208,320,diag,cholesky_gaussian_ar,44,36,3,3,10,8.0,0.03,0.05,20.0,1e-06,2.403522922008323,2.3765433233933697,2.2848855035534648,3.342243814075262,0.0019575359256608824,2.3745857874677085,112,0.1147986100467541,0.893046689702343,0.8931872343957565,0.74990771845331
Weaker dynamics,24,320,8,0.5,0.35,144,208,320,diag,log_euclidean_gaussian_ar,44,36,3,3,10,8.0,0.03,0.05,20.0,1e-06,2.414567102295935,2.399700268348071,2.2313545704052524,3.5609458127264624,0.0019575359256608824,2.3977427324224103,112,0.15696256325598887,0.9017485016288712,0.9018975904209234,0.74990771845331
Weaker dynamics,24,320,8,0.5,0.35,144,208,320,diag,bwar_barycenter,44,36,3,3,10,8.0,0.03,0.05,20.0,1e-06,2.1857264336999664,2.111731466996192,2.025755594992874,3.016414628422601,0.0019575359256608802,2.109773931070531,112,0.2381711352577139,0.7935368893037716,0.7935797277312631,0.7499077184533092
Weaker dynamics,25,320,8,0.5,0.35,144,208,320,diag,persistence,44,36,3,3,10,8.0,0.03,0.05,20.0,,2.5531370055271876,2.7761647098808413,,,0.0026693705955913214,2.77349533928525,112,0.049999999999997435,1.0,1.0,1.0
Weaker dynamics,25,320,8,0.5,0.35,144,208,320,diag,euclidean_gaussian_ar,44,36,3,3,10,8.0,0.03,0.05,20.0,1e-06,2.212474150162718,2.4271484137488186,2.3684069903796794,3.512431985589861,0.00199465914350659,2.4251537546053124,112,0.14178024709502568,0.8742811278848786,0.8744034000180768,0.7472394978804849
Weaker dynamics,25,320,8,0.5,0.35,144,208,320,diag,cholesky_gaussian_ar,44,36,3,3,10,8.0,0.03,0.05,20.0,1e-06,2.218046354787499,2.51444694085585,2.421437623188675,3.678276712493407,0.00199465914350659,2.512452281712343,112,0.10689522310187297,0.905726858318783,0.9058793956220673,0.7472394978804849
Weaker dynamics,25,320,8,0.5,0.35,144,208,320,diag,log_euclidean_gaussian_ar,44,36,3,3,10,8.0,0.03,0.05,20.0,1e-06,2.1819243032269413,2.53392657988176,2.4364757432513726,3.7245584562967986,0.00199465914350659,2.5319319207382533,112,0.14500414160360653,0.912743603022935,0.9129028936427744,0.7472394978804849
Weaker dynamics,25,320,8,0.5,0.35,144,208,320,diag,bwar_barycenter,44,36,3,3,10,8.0,0.03,0.05,20.0,1e-06,1.986884573608725,2.252874920850128,2.222557717880093,3.3325201263704853,0.001994659143506609,2.250880261706621,112,0.22410377909410617,0.811506216771564,0.8115680707387412,0.747239497880492
Weaker dynamics,26,320,8,0.5,0.35,144,208,320,diag,persistence,44,36,3,3,10,8.0,0.03,0.05,20.0,,2.4398544310101555,2.2411774070800776,,,0.0026297312102253234,2.238547675869852,112,0.04999999999999791,1.0,1.0,1.0
Weaker dynamics,26,320,8,0.5,0.35,144,208,320,diag,euclidean_gaussian_ar,44,36,3,3,10,8.0,0.03,0.05,20.0,1e-06,2.0182590781331555,1.9675071573474037,1.966206475022947,2.7617349876307857,0.0019534707075837725,1.96555368663982,112,0.24667317538539446,0.8778899658420054,0.8780486151031148,0.7428404469582247
Weaker dynamics,26,320,8,0.5,0.35,144,208,320,diag,cholesky_gaussian_ar,44,36,3,3,10,8.0,0.03,0.05,20.0,1e-06,2.296617755605829,2.1841391565881887,2.1324068556803546,2.908989433974265,0.0019534707075837725,2.182185685880605,112,0.11462766208870837,0.9745498726197667,0.9748220729909868,0.7428404469582247
Weaker dynamics,26,320,8,0.5,0.35,144,208,320,diag,log_euclidean_gaussian_ar,44,36,3,3,10,8.0,0.03,0.05,20.0,1e-06,2.0830507878507847,1.999605200550408,1.9838515372609122,2.8783815488613187,0.0019534707075837725,1.997651729842824,112,0.14465311828786143,0.8922119213916213,0.8923873953529173,0.7428404469582247
Weaker dynamics,26,320,8,0.5,0.35,144,208,320,diag,bwar_barycenter,44,36,3,3,10,8.0,0.03,0.05,20.0,1e-06,1.8696141833310795,1.7957683198180732,1.7827448158260415,2.5497683825322754,0.0019534707075837513,1.7938148491104893,112,0.23151584682879284,0.8012611202241653,0.8013297498403517,0.7428404469582166
Weaker dynamics,27,320,8,0.5,0.35,144,208,320,diag,persistence,44,36,3,3,10,8.0,0.03,0.05,20.0,,2.452403641758942,2.400123226333953,,,0.002731395869684141,2.397391830464269,112,0.04999999999999832,1.0,1.0,1.0
Weaker dynamics,27,320,8,0.5,0.35,144,208,320,diag,euclidean_gaussian_ar,44,36,3,3,10,8.0,0.03,0.05,20.0,1e-06,2.1230973476525037,2.089674918959604,2.0074771282952106,3.033668674901576,0.002046813210631603,2.0876281057489723,112,0.25272352950401533,0.8706531798167128,0.8707913655252135,0.7493652726612261
Weaker dynamics,27,320,8,0.5,0.35,144,208,320,diag,cholesky_gaussian_ar,44,36,3,3,10,8.0,0.03,0.05,20.0,1e-06,2.3624189568370273,2.21756164924025,2.061844337688383,3.1790226213267507,0.002046813210631603,2.215514836029618,112,0.09492955302273028,0.9239365816343708,0.9241354741751041,0.7493652726612261
Weaker dynamics,27,320,8,0.5,0.35,144,208,320,diag,log_euclidean_gaussian_ar,44,36,3,3,10,8.0,0.03,0.05,20.0,1e-06,2.1618077824187902,2.0599593848175455,1.9060785384392471,2.983222778208733,0.002046813210631603,2.057912571606914,112,0.12535226290295587,0.8582723429429964,0.8583964229194805,0.7493652726612261
Weaker dynamics,27,320,8,0.5,0.35,144,208,320,diag,bwar_barycenter,44,36,3,3,10,8.0,0.03,0.05,20.0,0.001,1.954008927507286,1.9074782361390665,1.7684120325936152,2.7952727365044696,0.0020467887132320068,1.9054314474258347,112,0.17859778983448982,0.7947417929256188,0.7947935015098623,0.7493563038406066
Weaker dynamics,28,320,8,0.5,0.35,144,208,320,diag,persistence,44,36,3,3,10,8.0,0.03,0.05,20.0,,2.4233755019166905,2.762505907221733,,,0.0027547617639160312,2.7597511454578165,112,0.0499999999999964,1.0,1.0,1.0
Weaker dynamics,28,320,8,0.5,0.35,144,208,320,diag,euclidean_gaussian_ar,44,36,3,3,10,8.0,0.03,0.05,20.0,1e-06,2.0536902261643917,2.2803127870532083,2.199492550328939,3.16117361271656,0.0021279492436467847,2.2781848378095613,112,0.15967957934635602,0.8254508274867478,0.8255037203478113,0.7724621676982327
Weaker dynamics,28,320,8,0.5,0.35,144,208,320,diag,cholesky_gaussian_ar,44,36,3,3,10,8.0,0.03,0.05,20.0,1e-06,2.256286609718878,2.4219092252656274,2.3207679628761726,3.335834024705064,0.0021279492436467847,2.4197812760219812,112,0.11878330553904838,0.8767073470989803,0.8768114038124849,0.7724621676982327
Weaker dynamics,28,320,8,0.5,0.35,144,208,320,diag,log_euclidean_gaussian_ar,44,36,3,3,10,8.0,0.03,0.05,20.0,1e-06,2.2376995512150746,2.4047165883371204,2.353330849933906,3.534374829000666,0.0021279492436467847,2.4025886390934734,112,0.1365704471730769,0.8704837814285642,0.8705816258280443,0.7724621676982327
Weaker dynamics,28,320,8,0.5,0.35,144,208,320,diag,bwar_barycenter,44,36,3,3,10,8.0,0.03,0.05,20.0,1e-06,1.9342451714761864,2.134827990255512,2.000685752301135,2.9361930840092914,0.0021279492436467678,2.132700041011865,112,0.1823651328354847,0.772786760265255,0.7727870842709879,0.7724621676982266
Weaker dynamics,29,320,8,0.5,0.35,144,208,320,diag,persistence,44,36,3,3,10,8.0,0.03,0.05,20.0,,2.7234970183795335,2.705088002589258,,,0.002593678144154184,2.7024943244451043,112,0.049999999999997435,1.0,1.0,1.0
Weaker dynamics,29,320,8,0.5,0.35,144,208,320,diag,euclidean_gaussian_ar,44,36,3,3,10,8.0,0.03,0.05,20.0,1e-06,2.3749800879010885,2.384768048189915,2.3768153688601994,3.1313849401284584,0.0020158497024180357,2.382752198487496,112,0.266874966123401,0.8815861243357928,0.8816862914140403,0.7772165975803517
Weaker dynamics,29,320,8,0.5,0.35,144,208,320,diag,cholesky_gaussian_ar,44,36,3,3,10,8.0,0.03,0.05,20.0,1e-06,2.4915107741944484,2.4947385449741475,2.52222030523128,3.3517102429806673,0.0020158497024180357,2.49272269527173,112,0.12589239528609011,0.9222393292145142,0.9223785125926413,0.7772165975803517
Weaker dynamics,29,320,8,0.5,0.35,144,208,320,diag,log_euclidean_gaussian_ar,44,36,3,3,10,8.0,0.03,0.05,20.0,1e-06,2.364018782335758,2.453297748918502,2.37539418239269,3.542990915168652,0.0020158497024180357,2.4512818992160845,112,0.15502030963977992,0.9069197551319043,0.9070442357799954,0.7772165975803517
Weaker dynamics,29,320,8,0.5,0.35,144,208,320,diag,bwar_barycenter,44,36,3,3,10,8.0,0.03,0.05,20.0,1e-06,2.155875647374483,2.177892971939816,2.184463374309863,3.014105382801106,0.0020158497024180488,2.1758771222373983,112,0.20427957503741823,0.8051098411050506,0.8051366112245824,0.7772165975803567
Weaker dynamics,30,320,8,0.5,0.35,144,208,320,diag,persistence,44,36,3,3,10,8.0,0.03,0.05,20.0,,2.3559774897572616,2.666007666909517,,,0.002890121733619759,2.6631175451758966,112,0.04999999999999766,1.0,1.0,1.0
Weaker dynamics,30,320,8,0.5,0.35,144,208,320,diag,euclidean_gaussian_ar,44,36,3,3,10,8.0,0.03,0.05,20.0,1e-06,2.038041359962026,2.2008809593748704,2.191578444450678,2.882542386386695,0.002319986729082417,2.198560972645788,112,0.20263487067272706,0.8255343698715504,0.8255591183454785,0.8027297612051547
Weaker dynamics,30,320,8,0.5,0.35,144,208,320,diag,cholesky_gaussian_ar,44,36,3,3,10,8.0,0.03,0.05,20.0,1e-06,2.1193225841676258,2.2729219384827273,2.1883531887154755,3.1135949708857966,0.002319986729082417,2.2706019517536453,112,0.12556507487987073,0.8525564148574031,0.8526104887359277,0.8027297612051547
Weaker dynamics,30,320,8,0.5,0.35,144,208,320,diag,log_euclidean_gaussian_ar,44,36,3,3,10,8.0,0.03,0.05,20.0,1e-06,2.131583265565605,2.2254553222987523,2.1886925832436206,3.167402793995499,0.002319986729082417,2.2231353355696695,112,0.1322423848106069,0.8347520338823854,0.8347867857341735,0.8027297612051547
Weaker dynamics,30,320,8,0.5,0.35,144,208,320,diag,bwar_barycenter,44,36,3,3,10,8.0,0.03,0.05,20.0,1e-06,1.8860740822789754,2.054090797148413,2.0061461357175254,2.8164303476083195,0.0023199867290824355,2.051770810419331,112,0.18634293932081092,0.770474452359528,0.7704394476075646,0.8027297612051612
Weaker dynamics,31,320,8,0.5,0.35,144,208,320,diag,persistence,44,36,3,3,10,8.0,0.03,0.05,20.0,,2.629629427991332,2.468150579439491,,,0.0029124729623404635,2.4652381064771505,112,0.04999999999999782,1.0,1.0,1.0
Weaker dynamics,31,320,8,0.5,0.35,144,208,320,diag,euclidean_gaussian_ar,44,36,3,3,10,8.0,0.03,0.05,20.0,1e-06,2.263523296370326,2.158409566012987,2.028703240451151,3.280227177171196,0.002109939355554421,2.156299626657433,112,0.21683005147380482,0.8745048150600093,0.874682092975922,0.7244494224794016
Weaker dynamics,31,320,8,0.5,0.35,144,208,320,diag,cholesky_gaussian_ar,44,36,3,3,10,8.0,0.03,0.05,20.0,1e-06,2.471999738698888,2.468515773134358,2.247547922094724,3.66957340956699,0.002109939355554421,2.4664058337788037,112,0.10127419083696174,1.0001479624857206,1.0004736772884475,0.7244494224794016
Weaker dynamics,31,320,8,0.5,0.35,144,208,320,diag,log_euclidean_gaussian_ar,44,36,3,3,10,8.0,0.03,0.05,20.0,1e-06,2.253664238306813,2.273455928685746,2.097089891050368,3.527466681351859,0.002109939355554421,2.271345989330191,112,0.14418357934322557,0.9211171909949029,0.9213495375406016,0.7244494224794016
Weaker dynamics,31,320,8,0.5,0.35,144,208,320,diag,bwar_barycenter,44,36,3,3,10,8.0,0.03,0.05,20.0,1e-06,2.058983808805116,1.99160079743645,1.7589710615921421,3.1906050523053313,0.0021099393555544625,1.9894908580808957,112,0.19439765911863263,0.8069202965277491,0.8070177289786817,0.7244494224794159
Weaker dynamics,32,320,8,0.5,0.35,144,208,320,diag,persistence,44,36,3,3,10,8.0,0.03,0.05,20.0,,2.521760508945965,2.6580361679185196,,,0.002859039227317715,2.6551771286912023,112,0.049999999999997775,1.0,1.0,1.0
Weaker dynamics,32,320,8,0.5,0.35,144,208,320,diag,euclidean_gaussian_ar,44,36,3,3,10,8.0,0.03,0.05,20.0,1e-06,2.295956014947766,2.2828136620013417,2.161469731844694,3.4361960190890715,0.002220560762194068,2.2805931012391474,112,0.21269027218524145,0.8588346876366958,0.8589231492677493,0.7766807607873738
Weaker dynamics,32,320,8,0.5,0.35,144,208,320,diag,cholesky_gaussian_ar,44,36,3,3,10,8.0,0.03,0.05,20.0,1e-06,2.5664504270770605,2.5484059750933996,2.4025122356352715,3.7669693284247106,0.002220560762194068,2.546185414331206,112,0.09638151093335864,0.9587551914649189,0.9589512454057177,0.7766807607873738
Weaker dynamics,32,320,8,0.5,0.35,144,208,320,diag,log_euclidean_gaussian_ar,44,36,3,3,10,8.0,0.03,0.05,20.0,1e-06,2.312157042299483,2.358913004208324,2.2447726181012695,3.6160729368985054,0.002220560762194068,2.35669244344613,112,0.1477902257388268,0.8874645998724556,0.8875838895945136,0.7766807607873738
Weaker dynamics,32,320,8,0.5,0.35,144,208,320,diag,bwar_barycenter,44,36,3,3,10,8.0,0.03,0.05,20.0,1e-06,2.1028679297190713,2.1243048728853937,1.9932788964240271,3.31839234136454,0.002220560762194057,2.1220843121232,112,0.1820624825206494,0.7992008906895028,0.7992251398946119,0.7766807607873699
Weaker dynamics,33,320,8,0.5,0.35,144,208,320,diag,persistence,44,36,3,3,10,8.0,0.03,0.05,20.0,,2.4980919470538767,2.6353076989621704,,,0.003015577412340314,2.6322921215498303,112,0.049999999999997755,1.0,1.0,1.0
Weaker dynamics,33,320,8,0.5,0.35,144,208,320,diag,euclidean_gaussian_ar,44,36,3,3,10,8.0,0.03,0.05,20.0,1e-06,2.2222948422089215,2.236072997709704,2.179543649841813,3.2115710832736477,0.002154619179802007,2.2339183785299013,112,0.23779010478303086,0.8485054700027279,0.8486589920022342,0.7144963916313
Weaker dynamics,33,320,8,0.5,0.35,144,208,320,diag,cholesky_gaussian_ar,44,36,3,3,10,8.0,0.03,0.05,20.0,1e-06,2.360952522165671,2.4523717805314282,2.3231403676306175,3.6931239040869657,0.002154619179802007,2.450217161351626,112,0.1636469271392801,0.9305827101318053,0.9308302605521599,0.7144963916313
Weaker dynamics,33,320,8,0.5,0.35,144,208,320,diag,log_euclidean_gaussian_ar,44,36,3,3,10,8.0,0.03,0.05,20.0,1e-06,2.296702154777868,2.4915502664765796,2.4084467334648316,3.924467710719106,0.002154619179802007,2.4893956472967775,112,0.14938443030280973,0.9454494696986598,0.9457140516118254,0.7144963916313
Weaker dynamics,33,320,8,0.5,0.35,144,208,320,diag,bwar_barycenter,44,36,3,3,10,8.0,0.03,0.05,20.0,1e-06,2.0306353513751905,2.103584272950054,2.0417505640903233,3.244767901055731,0.0021546191798020226,2.101429653770252,112,0.19343573814609366,0.7982309897923804,0.7983269168974229,0.7144963916313051
Weaker dynamics,34,320,8,0.5,0.35,144,208,320,diag,persistence,44,36,3,3,10,8.0,0.03,0.05,20.0,,2.362228072382825,2.4290511784164104,,,0.00291934395606473,2.4261318344603455,112,0.04999999999999789,1.0,1.0,1.0
Weaker dynamics,34,320,8,0.5,0.35,144,208,320,diag,euclidean_gaussian_ar,44,36,3,3,10,8.0,0.03,0.05,20.0,1e-06,2.029060933879236,2.076425361160712,2.014907555715947,3.1226355056218544,0.002152768227544899,2.074272592933167,112,0.30012989768802434,0.854829811578697,0.8549710957461453,0.7374150699415448
Weaker dynamics,34,320,8,0.5,0.35,144,208,320,diag,cholesky_gaussian_ar,44,36,3,3,10,8.0,0.03,0.05,20.0,1e-06,2.404678577152113,2.3049062559946942,2.1986941125038673,3.387045345540546,0.002152768227544899,2.3027534877671494,112,0.12528682368332766,0.9488915986930128,0.9491460666148673,0.7374150699415448
Weaker dynamics,34,320,8,0.5,0.35,144,208,320,diag,log_euclidean_gaussian_ar,44,36,3,3,10,8.0,0.03,0.05,20.0,1e-06,2.115631564455853,1.989766103756002,1.8855642392239087,2.965487158734643,0.002152768227544899,1.9876133355284569,112,0.1303959851318015,0.8191536355578992,0.8192519908839042,0.7374150699415448
Weaker dynamics,34,320,8,0.5,0.35,144,208,320,diag,bwar_barycenter,44,36,3,3,10,8.0,0.03,0.05,20.0,1e-06,1.8734888587750858,1.8718900757685215,1.8283508378666933,2.8589412909605283,0.0021527682275449644,1.8697373075409764,112,0.1897418102077111,0.7706260339022074,0.7706659963747888,0.7374150699415672
Weaker dynamics,35,320,8,0.5,0.35,144,208,320,diag,persistence,44,36,3,3,10,8.0,0.03,0.05,20.0,,2.819131333555064,2.6999507982582647,,,0.0030584754162332724,2.6968923228420314,112,0.049999999999997706,1.0,1.0,1.0
Weaker dynamics,35,320,8,0.5,0.35,144,208,320,diag,euclidean_gaussian_ar,44,36,3,3,10,8.0,0.03,0.05,20.0,1e-06,2.422705978181492,2.252225640855681,2.19729515457397,3.2611531158032805,0.002223843449805398,2.2500017974058757,112,0.08152240686147291,0.8341728457824451,0.8342942646797203,0.7271084926830039
Weaker dynamics,35,320,8,0.5,0.35,144,208,320,diag,cholesky_gaussian_ar,44,36,3,3,10,8.0,0.03,0.05,20.0,1e-06,2.4983909927080656,2.418162287334865,2.4486578316992142,3.4788154034345715,0.002223843449805398,2.41593844388506,112,0.12395636523796458,0.8956319829586594,0.8958231010643771,0.7271084926830039
Weaker dynamics,35,320,8,0.5,0.35,144,208,320,diag,log_euclidean_gaussian_ar,44,36,3,3,10,8.0,0.03,0.05,20.0,1e-06,2.4107281433656502,2.29035048264049,2.3078061785035535,3.302536135984961,0.002223843449805398,2.288126639190685,112,0.1399294332673447,0.8482934148718534,0.8484308475391475,0.7271084926830039
Weaker dynamics,35,320,8,0.5,0.35,144,208,320,diag,bwar_barycenter,44,36,3,3,10,8.0,0.03,0.05,20.0,1e-06,2.2269389942532163,2.077708452628556,1.9888528798781056,3.122336084931793,0.0022238434498053996,2.0754846091787504,112,0.1924456411548745,0.7695356722681329,0.7695837878286401,0.7271084926830046
Weaker dynamics,36,320,8,0.5,0.35,144,208,320,diag,persistence,44,36,3,3,10,8.0,0.03,0.05,20.0,,2.3688277755779836,2.4261171728994717,,,0.002626998278873937,2.4234901746205986,112,0.049999999999998226,1.0,1.0,1.0
Weaker dynamics,36,320,8,0.5,0.35,144,208,320,diag,euclidean_gaussian_ar,44,36,3,3,10,8.0,0.03,0.05,20.0,0.001,2.0384671980193296,2.137738531876244,1.9971709718911423,3.0146176897272032,0.0019546419818829495,2.1357838898943613,112,0.31927296310724185,0.8811357323362152,0.8812843197223698,0.7440591025894416
Weaker dynamics,36,320,8,0.5,0.35,144,208,320,diag,cholesky_gaussian_ar,44,36,3,3,10,8.0,0.03,0.05,20.0,1e-06,2.071785996483118,2.2007089569310376,2.0749948028662057,3.11959341237295,0.001955619854206557,2.1987533370768313,112,0.11223773494648565,0.9070909606154566,0.9072672792746311,0.7444313420124635
Weaker dynamics,36,320,8,0.5,0.35,144,208,320,diag,log_euclidean_gaussian_ar,44,36,3,3,10,8.0,0.03,0.05,20.0,1e-06,2.0458196619081432,2.1229914372501453,1.973491768269895,3.1738921242550933,0.001955619854206557,2.1210358173959385,112,0.12861214205785831,0.8750572564938986,0.8751988514779063,0.7444313420124635
Weaker dynamics,36,320,8,0.5,0.35,144,208,320,diag,bwar_barycenter,44,36,3,3,10,8.0,0.03,0.05,20.0,1e-06,1.8715244643666702,1.9577467729154827,1.8304565814848246,2.8744250366734794,0.001955619854206568,1.9557911530612766,112,0.1784013979137514,0.8069465048037083,0.8070142695616495,0.7444313420124677
Weaker dynamics,37,320,8,0.5,0.35,144,208,320,diag,persistence,44,36,3,3,10,8.0,0.03,0.05,20.0,,2.798910800035605,2.6541207780012543,,,0.003089646767309984,2.6510311312339447,112,0.04999999999999715,1.0,1.0,1.0
Weaker dynamics,37,320,8,0.5,0.35,144,208,320,diag,euclidean_gaussian_ar,44,36,3,3,10,8.0,0.03,0.05,20.0,1e-06,2.378568769138435,2.253828041779625,2.1689389144780478,3.1502878147292432,0.0022889316907430722,2.251539110088882,112,0.28336769731045214,0.8491806629376231,0.8493069295044017,0.7408392813577009
Weaker dynamics,37,320,8,0.5,0.35,144,208,320,diag,cholesky_gaussian_ar,44,36,3,3,10,8.0,0.03,0.05,20.0,1e-06,2.5906289961220494,2.4534359980895926,2.298590710641727,3.335395551169747,0.0022889316907430722,2.45114706639885,112,0.13411487334506783,0.9243874726519447,0.9246013890670318,0.7408392813577009
Weaker dynamics,37,320,8,0.5,0.35,144,208,320,diag,log_euclidean_gaussian_ar,44,36,3,3,10,8.0,0.03,0.05,20.0,1e-06,2.5420861381313955,2.3781169867997494,2.2499791684370702,3.4264171886755213,0.0022889316907430722,2.3758280551090065,112,0.13785057013351418,0.896009332548402,0.8961901756329649,0.7408392813577009
Weaker dynamics,37,320,8,0.5,0.35,144,208,320,diag,bwar_barycenter,44,36,3,3,10,8.0,0.03,0.05,20.0,0.001,2.2138127884704457,2.096874331599046,1.9965183755923528,3.132917763317201,0.002288721050558992,2.0945856105484864,112,0.19168438897458076,0.7900448046596225,0.7901022307397589,0.7407711052197977
Weaker dynamics,38,320,8,0.5,0.35,144,208,320,diag,persistence,44,36,3,3,10,8.0,0.03,0.05,20.0,,2.4672352914849114,2.703200913373455,,,0.0026787705994712396,2.7005221427739836,112,0.04999999999999819,1.0,1.0,1.0
Weaker dynamics,38,320,8,0.5,0.35,144,208,320,diag,euclidean_gaussian_ar,44,36,3,3,10,8.0,0.03,0.05,20.0,0.001,2.143356255681783,2.223070754089367,2.210231098717028,3.007967025395465,0.002001274581817688,2.221069479507549,112,0.2829624737003252,0.8223845823265462,0.8224592734596358,0.7470869592986865
Weaker dynamics,38,320,8,0.5,0.35,144,208,320,diag,cholesky_gaussian_ar,44,36,3,3,10,8.0,0.03,0.05,20.0,1e-06,2.3798867111088917,2.537848136162562,2.426961120248105,3.7701220587700965,0.0020021707951304616,2.535845965367431,112,0.08019740179404433,0.9388307482463295,0.9390206157549233,0.7474215207250925
Weaker dynamics,38,320,8,0.5,0.35,144,208,320,diag,log_euclidean_gaussian_ar,44,36,3,3,10,8.0,0.03,0.05,20.0,1e-06,2.1980216656187737,2.318388217853979,2.2290229886676514,3.3915067446483116,0.0020021707951304616,2.316386047058849,112,0.13339948036616686,0.8576455439861296,0.857754880202334,0.7474215207250925
Weaker dynamics,38,320,8,0.5,0.35,144,208,320,diag,bwar_barycenter,44,36,3,3,10,8.0,0.03,0.05,20.0,1e-06,1.9579014925793048,2.07077430216524,2.0125107157529136,2.951745309965554,0.002002170795130455,2.06877213137011,112,0.1841283812039015,0.7660452805859039,0.7660637543393967,0.74742152072509
Weaker dynamics,39,320,8,0.5,0.35,144,208,320,diag,persistence,44,36,3,3,10,8.0,0.03,0.05,20.0,,2.2406076110662267,2.4371683161829596,,,0.002539979586533373,2.4346283365964263,112,0.04999999999999435,1.0,1.0,1.0
Weaker dynamics,39,320,8,0.5,0.35,144,208,320,diag,euclidean_gaussian_ar,44,36,3,3,10,8.0,0.03,0.05,20.0,1e-06,2.009726982813984,2.0811196673574828,2.00428668968158,3.2257335617138603,0.0018426682218747896,2.0792769991356077,112,0.2552742766023743,0.85390888004686,0.8540428811579535,0.7254657602936521
Weaker dynamics,39,320,8,0.5,0.35,144,208,320,diag,cholesky_gaussian_ar,44,36,3,3,10,8.0,0.03,0.05,20.0,1e-06,2.1135538214279084,2.2770427189187394,2.104378728916526,3.5260758935591476,0.0018426682218747896,2.2752000506968644,112,0.0855508155725684,0.9342985069184695,0.9345163762767831,0.7254657602936521
Weaker dynamics,39,320,8,0.5,0.35,144,208,320,diag,log_euclidean_gaussian_ar,44,36,3,3,10,8.0,0.03,0.05,20.0,1e-06,1.9977707266319642,2.203350889176877,2.0200151357610707,3.6475591018655313,0.0018426682218747896,2.201508220955002,112,0.13282981555241738,0.9040618469173757,0.9042481712147806,0.7254657602936521
Weaker dynamics,39,320,8,0.5,0.35,144,208,320,diag,bwar_barycenter,44,36,3,3,10,8.0,0.03,0.05,20.0,1e-06,1.8136236503829206,1.9604456141941846,1.7957061321084002,3.1549044655222716,0.0018426682218747766,1.9586029459723098,112,0.1910685795700729,0.8043948385413906,0.8044771830391193,0.725465760293647
Weaker dynamics,40,320,8,0.5,0.35,144,208,320,diag,persistence,44,36,3,3,10,8.0,0.03,0.05,20.0,,2.6027707503726365,2.6039371537160116,,,0.0027532327437628902,2.6011839209722494,112,0.04999999999999808,1.0,1.0,1.0
Weaker dynamics,40,320,8,0.5,0.35,144,208,320,diag,euclidean_gaussian_ar,44,36,3,3,10,8.0,0.03,0.05,20.0,0.1,2.158079550846155,2.2059466668050223,2.0960385111539193,3.169564048339729,0.002394432610075314,2.203552234194947,112,0.310224237950632,0.8471581826224079,0.8471343438765073,0.869680420407467
Weaker dynamics,40,320,8,0.5,0.35,144,208,320,diag,cholesky_gaussian_ar,44,36,3,3,10,8.0,0.03,0.05,20.0,1e-06,2.334320587696026,2.2973989633588525,2.234498099814441,3.360466845827445,0.0022038144151042714,2.2951951489437485,112,0.12184464548419918,0.8822789597975872,0.8823655760896251,0.8004461010776301
Weaker dynamics,40,320,8,0.5,0.35,144,208,320,diag,log_euclidean_gaussian_ar,44,36,3,3,10,8.0,0.03,0.05,20.0,1e-06,2.245626296808731,2.19462395099111,2.076216401032114,3.3512896534141894,0.0022038144151042714,2.1924201365760054,112,0.12386910797684257,0.8428098765207211,0.8428547166155558,0.8004461010776301
Weaker dynamics,40,320,8,0.5,0.35,144,208,320,diag,bwar_barycenter,44,36,3,3,10,8.0,0.03,0.05,20.0,1e-06,2.0260030532038993,2.019557855771826,1.9962342820047534,3.1243699589289915,0.002203814415104283,2.0173540413567217,112,0.16977477153420611,0.7755785706616487,0.7755522495320867,0.8004461010776344
Weaker dynamics,41,320,8,0.5,0.35,144,208,320,diag,persistence,44,36,3,3,10,8.0,0.03,0.05,20.0,,2.9009479568392447,2.563660957559935,,,0.003266442716401949,2.5603945148435328,112,0.049999999999998414,1.0,1.0,1.0
Weaker dynamics,41,320,8,0.5,0.35,144,208,320,diag,euclidean_gaussian_ar,44,36,3,3,10,8.0,0.03,0.05,20.0,0.001,2.3633056060514135,2.1661531358756223,2.056538006191407,3.1174152002600803,0.002440403452090689,2.1637127324235315,112,0.33294606065353277,0.8449452449973508,0.8450700545871764,0.7471135005174195
Weaker dynamics,41,320,8,0.5,0.35,144,208,320,diag,cholesky_gaussian_ar,44,36,3,3,10,8.0,0.03,0.05,20.0,1e-06,2.4309572214995443,2.2818509767099946,2.191120895440563,3.2165509020557415,0.0024403866433244403,2.27941059006667,112,0.08565070812296274,0.8900751754950608,0.8902575665008274,0.7471083546239483
Weaker dynamics,41,320,8,0.5,0.35,144,208,320,diag,log_euclidean_gaussian_ar,44,36,3,3,10,8.0,0.03,0.05,20.0,1e-06,2.383622013031723,2.2240482824888828,2.060798824376601,3.2453129120772295,0.0024403866433244403,2.2216078958455583,112,0.13191961420904724,0.8675282415681472,0.8676818681519953,0.7471083546239483
Weaker dynamics,41,320,8,0.5,0.35,144,208,320,diag,bwar_barycenter,44,36,3,3,10,8.0,0.03,0.05,20.0,1e-06,2.183820605044608,1.9807930737327077,1.7629865521774009,2.8962868063322196,0.0024403866433244472,1.9783526870893833,112,0.18443540510009182,0.7726423682864857,0.7726749434980263,0.7471083546239504
Weaker dynamics,42,320,8,0.5,0.35,144,208,320,diag,persistence,44,36,3,3,10,8.0,0.03,0.05,20.0,,2.5828297189924356,2.745845784602428,,,0.002811767922825663,2.743034016679603,112,0.049999999999996686,1.0,1.0,1.0
Weaker dynamics,42,320,8,0.5,0.35,144,208,320,diag,euclidean_gaussian_ar,44,36,3,3,10,8.0,0.03,0.05,20.0,1e-06,2.3163518812160837,2.36314271590108,2.260294249847604,3.3600090423702618,0.0020525219977358647,2.361090193903344,112,0.25581504719662623,0.8606247041085158,0.8607586269605961,0.729975607543456
Weaker dynamics,42,320,8,0.5,0.35,144,208,320,diag,cholesky_gaussian_ar,44,36,3,3,10,8.0,0.03,0.05,20.0,1e-06,2.4579786599266815,2.5475606271755518,2.4051566143998895,3.7204900247083255,0.0020525219977358647,2.545508105177816,112,0.12662878902063193,0.9277872200475432,0.9279899883484171,0.729975607543456
Weaker dynamics,42,320,8,0.5,0.35,144,208,320,diag,log_euclidean_gaussian_ar,44,36,3,3,10,8.0,0.03,0.05,20.0,1e-06,2.3155038071259026,2.466591836914163,2.4159505830241876,3.5876846701413267,0.0020525219977358647,2.464539314916427,112,0.16182534144596358,0.8982994787055391,0.8984720203724309,0.729975607543456
Weaker dynamics,42,320,8,0.5,0.35,144,208,320,diag,bwar_barycenter,44,36,3,3,10,8.0,0.03,0.05,20.0,1e-06,2.1056272111382075,2.1807090872320893,2.0802226557299326,3.0764248245491643,0.0020525219977359207,2.1786565652343532,112,0.2133416332568304,0.7941848371312794,0.7942506552913918,0.7299756075434759
Weaker dynamics,43,320,8,0.5,0.35,144,208,320,diag,persistence,44,36,3,3,10,8.0,0.03,0.05,20.0,,2.52296961355157,2.4708953369315423,,,0.0026304457321513985,2.4682648911993916,112,0.04999999999999724,1.0,1.0,1.0
Weaker dynamics,43,320,8,0.5,0.35,144,208,320,diag,euclidean_gaussian_ar,44,36,3,3,10,8.0,0.03,0.05,20.0,1e-06,2.162560866450667,2.1955490262344672,2.130232362348532,3.3260881862955345,0.002014855191770464,2.1935341710426965,112,0.15522132001421016,0.8885641546278479,0.8886947988701502,0.7659748183143649
Weaker dynamics,43,320,8,0.5,0.35,144,208,320,diag,cholesky_gaussian_ar,44,36,3,3,10,8.0,0.03,0.05,20.0,1e-06,2.254884164178641,2.2268894770289425,2.08556066546679,3.5635266666768883,0.002014855191770464,2.224874621837172,112,0.12878089906842488,0.9012479985471112,0.9013921600432643,0.7659748183143649
Weaker dynamics,43,320,8,0.5,0.35,144,208,320,diag,log_euclidean_gaussian_ar,44,36,3,3,10,8.0,0.03,0.05,20.0,1e-06,2.2257331326034926,2.197203779844355,2.0112315086734713,3.599868604438175,0.002014855191770464,2.195188924652584,112,0.14264495279924763,0.8892338526054007,0.8893652105491348,0.7659748183143649
Weaker dynamics,43,320,8,0.5,0.35,144,208,320,diag,bwar_barycenter,44,36,3,3,10,8.0,0.03,0.05,20.0,1e-06,1.9807410294966599,2.0102510675780754,1.9399176571319696,3.266309033772394,0.0020148551917704466,2.008236212386305,112,0.1883451026379662,0.8135719216964027,0.8136226462348832,0.7659748183143583
Weaker dynamics,44,320,8,0.5,0.35,144,208,320,diag,persistence,44,36,3,3,10,8.0,0.03,0.05,20.0,,2.43329193556718,2.3338297883882535,,,0.00239335019437081,2.331436438193883,112,0.04999999999999707,1.0,1.0,1.0
Weaker dynamics,44,320,8,0.5,0.35,144,208,320,diag,euclidean_gaussian_ar,44,36,3,3,10,8.0,0.03,0.05,20.0,1e-06,2.101036219668047,2.0614088565360964,1.8971515375896748,3.1516582617718103,0.002018534747170389,2.0593903217889262,112,0.20567231784347473,0.8832730076513886,0.8833139467376149,0.8433929777255366
Weaker dynamics,44,320,8,0.5,0.35,144,208,320,diag,cholesky_gaussian_ar,44,36,3,3,10,8.0,0.03,0.05,20.0,1e-06,2.2465867675570474,2.186240645412981,2.0232616384193376,3.4925218414295665,0.002018534747170389,2.1842221106658104,112,0.10625101705587028,0.9367609652985028,0.9368568127715647,0.8433929777255366
Weaker dynamics,44,320,8,0.5,0.35,144,208,320,diag,log_euclidean_gaussian_ar,44,36,3,3,10,8.0,0.03,0.05,20.0,1e-06,2.32813960183414,2.208349701087413,2.0532060564050525,3.5485301295372627,0.002018534747170389,2.2063311663402425,112,0.13391730709565877,0.9462342592741105,0.9463398316144715,0.8433929777255366
Weaker dynamics,44,320,8,0.5,0.35,144,208,320,diag,bwar_barycenter,44,36,3,3,10,8.0,0.03,0.05,20.0,1e-06,1.9700386201186886,1.900077709850242,1.7286599546666443,3.0796183469716425,0.0020185347471703857,1.8980591751030718,112,0.19586078245282662,0.8141457955948187,0.8141157717228868,0.8433929777255351
Weaker dynamics,45,320,8,0.5,0.35,144,208,320,diag,persistence,44,36,3,3,10,8.0,0.03,0.05,20.0,,2.426554103229946,2.251814623104081,,,0.002825709393444047,2.248988913710637,112,0.04999999999999755,1.0,1.0,1.0
Weaker dynamics,45,320,8,0.5,0.35,144,208,320,diag,euclidean_gaussian_ar,44,36,3,3,10,8.0,0.03,0.05,20.0,0.0001,2.0019017320994257,1.9808313533031288,1.9309124294519608,2.8845170237556412,0.002148881865863774,1.978682471437265,112,0.2650253159995011,0.879660045271663,0.8798097933584786,0.7604751822142127
Weaker dynamics,45,320,8,0.5,0.35,144,208,320,diag,cholesky_gaussian_ar,44,36,3,3,10,8.0,0.03,0.05,20.0,1e-06,2.0925370096280536,2.0472418735887414,1.9562435906248827,3.103947406654936,0.0021489594910444818,2.045092914097697,112,0.09971758982179474,0.9091520467908942,0.9093388151582618,0.7605026532559581
Weaker dynamics,45,320,8,0.5,0.35,144,208,320,diag,log_euclidean_gaussian_ar,44,36,3,3,10,8.0,0.03,0.05,20.0,1e-06,2.0245529174039048,2.0041077288571723,1.9232599714324259,3.1921690577618467,0.0021489594910444818,2.0019587693661274,112,0.13923519430203565,0.8899967645180978,0.8901594655098004,0.7605026532559581
Weaker dynamics,45,320,8,0.5,0.35,144,208,320,diag,bwar_barycenter,44,36,3,3,10,8.0,0.03,0.05,20.0,1e-06,1.8715667078666232,1.827125515358652,1.7140975223753858,2.861499018266838,0.0021489594910444466,1.8249765558676074,112,0.2077061059848265,0.8114013900664684,0.8114653410436578,0.7605026532559457
Weaker dynamics,46,320,8,0.5,0.35,144,208,320,diag,persistence,44,36,3,3,10,8.0,0.03,0.05,20.0,,2.561532545285176,2.998797921407502,,,0.0028722578257733716,2.9959256635817284,112,0.04999999999999799,1.0,1.0,1.0
Weaker dynamics,46,320,8,0.5,0.35,144,208,320,diag,euclidean_gaussian_ar,44,36,3,3,10,8.0,0.03,0.05,20.0,1e-06,2.343621925486554,2.44314851228584,2.3425287448494165,3.613270230321885,0.0020981995161236727,2.441050312769715,112,0.2154464373568744,0.8147092856257333,0.8147900137987264,0.7305052830898705
Weaker dynamics,46,320,8,0.5,0.35,144,208,320,diag,cholesky_gaussian_ar,44,36,3,3,10,8.0,0.03,0.05,20.0,1e-06,2.5079842593283983,2.6632944596814268,2.5063431643434093,4.10334040121701,0.0020981995161236727,2.6611962601653034,112,0.09733864208754751,0.8881206835142113,0.8882717927599563,0.7305052830898705
Weaker dynamics,46,320,8,0.5,0.35,144,208,320,diag,log_euclidean_gaussian_ar,44,36,3,3,10,8.0,0.03,0.05,20.0,1e-06,2.4479744209955974,2.5849548940217244,2.5449074051970233,3.94651184490812,0.0020981995161236727,2.5828566945056006,112,0.14686828962235499,0.8619970273983857,0.8621230913378904,0.7305052830898705
Weaker dynamics,46,320,8,0.5,0.35,144,208,320,diag,bwar_barycenter,44,36,3,3,10,8.0,0.03,0.05,20.0,1e-06,2.1337966370049863,2.284925919772656,2.1113172644021367,3.6016188608010693,0.0020981995161236666,2.2828277202565324,112,0.21235229715620094,0.761947280095557,0.7619774242086288,0.7305052830898684
Weaker dynamics,47,320,8,0.5,0.35,144,208,320,diag,persistence,44,36,3,3,10,8.0,0.03,0.05,20.0,,2.3214890868009195,2.68320235244007,,,0.002301978528044933,2.680900373912025,112,0.049999999999998684,1.0,1.0,1.0
Weaker dynamics,47,320,8,0.5,0.35,144,208,320,diag,euclidean_gaussian_ar,44,36,3,3,10,8.0,0.03,0.05,20.0,1e-06,2.1272640105123872,2.221066306882819,2.108332714327017,3.3240162428719486,0.0017736494244157577,2.2192926574584035,112,0.22433517530929833,0.8277669795805783,0.8278161617098684,0.7704891261180076
Weaker dynamics,47,320,8,0.5,0.35,144,208,320,diag,cholesky_gaussian_ar,44,36,3,3,10,8.0,0.03,0.05,20.0,1e-06,2.2315758360583784,2.4681842072307583,2.3673114541666784,3.6161515146957806,0.0017736494244157577,2.466410557806342,112,0.16755490987067814,0.9198651026025759,0.9199933655898243,0.7704891261180076
Weaker dynamics,47,320,8,0.5,0.35,144,208,320,diag,log_euclidean_gaussian_ar,44,36,3,3,10,8.0,0.03,0.05,20.0,1e-06,1.98841025954439,2.3040183675207433,2.184222136101975,3.4653422437703396,0.0017736494244157577,2.3022447180963277,112,0.15112553291985212,0.8586823000604104,0.8587580278997256,0.7704891261180076
Weaker dynamics,47,320,8,0.5,0.35,144,208,320,diag,bwar_barycenter,44,36,3,3,10,8.0,0.03,0.05,20.0,1e-06,1.863190227092435,2.0549970689390924,1.9339381806806328,3.1667234272856155,0.0017736494244157963,2.053223419514677,112,0.20604077441699162,0.7658748014551732,0.765870839324988,0.7704891261180243
Weaker dynamics,48,320,8,0.5,0.35,144,208,320,diag,persistence,44,36,3,3,10,8.0,0.03,0.05,20.0,,2.7582372623318383,2.71879117338664,,,0.0023208439092632102,2.7164703294773767,112,0.049999999999998226,1.0,1.0,1.0
Weaker dynamics,48,320,8,0.5,0.35,144,208,320,diag,euclidean_gaussian_ar,44,36,3,3,10,8.0,0.03,0.05,20.0,1e-06,2.4230675641522046,2.293193080898487,2.223483544022062,3.219243726011803,0.0018019121331083936,2.291391168765379,112,0.2148683017869993,0.8434605435481055,0.8435178341175628,0.7764038442725086
Weaker dynamics,48,320,8,0.5,0.35,144,208,320,diag,cholesky_gaussian_ar,44,36,3,3,10,8.0,0.03,0.05,20.0,1e-06,2.6348040160529806,2.416337057123072,2.337237406026688,3.4710323784213495,0.0018019121331083936,2.4145351449899644,112,0.10488315277330515,0.8887541936930674,0.8888501813507745,0.7764038442725086
Weaker dynamics,48,320,8,0.5,0.35,144,208,320,diag,log_euclidean_gaussian_ar,44,36,3,3,10,8.0,0.03,0.05,20.0,1e-06,2.6211511802667293,2.389679657664233,2.309269371054052,3.4653521514105403,0.0018019121331083936,2.387877745531125,112,0.12654127478493,0.8789493216897375,0.8790369324558498,0.7764038442725086
Weaker dynamics,48,320,8,0.5,0.35,144,208,320,diag,bwar_barycenter,44,36,3,3,10,8.0,0.03,0.05,20.0,1e-06,2.2527887855405755,2.1248193488326765,2.1099198176371283,3.0909924470496732,0.0018019121331082845,2.1230174366995684,112,0.18018538115658744,0.7815309133087676,0.7815352936720708,0.7764038442724616
Weaker dynamics,49,320,8,0.5,0.35,144,208,320,diag,persistence,44,36,3,3,10,8.0,0.03,0.05,20.0,,2.4888645697150484,2.479150968713211,,,0.002949794614809875,2.4762011740984016,112,0.04999999999999855,1.0,1.0,1.0
Weaker dynamics,49,320,8,0.5,0.35,144,208,320,diag,euclidean_gaussian_ar,44,36,3,3,10,8.0,0.03,0.05,20.0,0.01,2.2183135379441428,2.1734080873320436,1.9876308429632834,3.074115606468112,0.00224338058975659,2.1711647067422875,112,0.3217522378594172,0.876674359391731,0.8768127280824913,0.760520945591727
Weaker dynamics,49,320,8,0.5,0.35,144,208,320,diag,cholesky_gaussian_ar,44,36,3,3,10,8.0,0.03,0.05,20.0,1e-06,2.3188240772890474,2.320056959457234,2.0652242251388495,3.439217852360755,0.002231168942681191,2.317825790514553,112,0.13193375734756027,0.9358272201799174,0.9360409867984519,0.7563811159866118
Weaker dynamics,49,320,8,0.5,0.35,144,208,320,diag,log_euclidean_gaussian_ar,44,36,3,3,10,8.0,0.03,0.05,20.0,1e-06,2.194004477635667,2.1635284937486503,1.9459294840922055,3.217469002162991,0.002231168942681191,2.161297324805969,112,0.13770869021984727,0.872689288007183,0.8728278410549213,0.7563811159866118
Weaker dynamics,49,320,8,0.5,0.35,144,208,320,diag,bwar_barycenter,44,36,3,3,10,8.0,0.03,0.05,20.0,1e-06,2.0182263750768783,1.9677082654935698,1.7939099689648632,2.9741811324585825,0.0022311689426812733,1.9654770965508885,112,0.18735388171628264,0.7937024773101645,0.7937469366827715,0.7563811159866397
Larger variation,0,320,8,0.7,0.5,144,208,320,diag,persistence,44,36,3,3,10,8.0,0.03,0.05,20.0,,2.3313157061190704,2.1853646976736063,,,0.0016221468745212973,2.183742550799085,112,0.04999999999999814,1.0,1.0,1.0
Larger variation,0,320,8,0.7,0.5,144,208,320,diag,euclidean_gaussian_ar,44,36,3,3,10,8.0,0.03,0.05,20.0,1e-06,2.157492260407185,2.1141264267073865,1.990293615791276,3.126483867516403,0.0013483375143501044,2.1127780891930366,112,0.16205818857862564,0.9674021132298626,0.9675032839470564,0.8312055680827328
Larger variation,0,320,8,0.7,0.5,144,208,320,diag,cholesky_gaussian_ar,44,36,3,3,10,8.0,0.03,0.05,20.0,1e-06,2.1838225975380214,2.108377359893114,1.9540083792882026,3.0876523203981985,0.0013483375143501044,2.107029022378764,112,0.06836218350056575,0.9647714004612374,0.964870617009203,0.8312055680827328
Larger variation,0,320,8,0.7,0.5,144,208,320,diag,log_euclidean_gaussian_ar,44,36,3,3,10,8.0,0.03,0.05,20.0,1e-06,2.217736338634512,2.1333401502770593,1.9787861655602161,3.337652615853701,0.0013483375143501044,2.1319918127627093,112,0.0989231998674781,0.9761941119246921,0.9763018135917905,0.8312055680827328
Larger variation,0,320,8,0.7,0.5,144,208,320,diag,bwar_barycenter,44,36,3,3,10,8.0,0.03,0.05,20.0,0.01,1.996362958795171,1.9075556468375008,1.7751105433412864,2.996679150636684,0.001342400533530573,1.9062132463039703,112,0.13641146743905289,0.8728774876194154,0.8729111614399967,0.8275456153911595
Larger variation,1,320,8,0.7,0.5,144,208,320,diag,persistence,44,36,3,3,10,8.0,0.03,0.05,20.0,,1.9460440873625968,2.1795374077343164,,,0.0016227077688292927,2.177914699965487,112,0.049999999999997914,1.0,1.0,1.0
Larger variation,1,320,8,0.7,0.5,144,208,320,diag,euclidean_gaussian_ar,44,36,3,3,10,8.0,0.03,0.05,20.0,1e-06,1.8572715775694495,2.0424764028927695,1.84966827874938,3.1823927226081774,0.0014040358528711794,2.0410723670398982,112,0.14520130336957443,0.937114635263808,0.9371681852701774,0.8652425777711813
Larger variation,1,320,8,0.7,0.5,144,208,320,diag,cholesky_gaussian_ar,44,36,3,3,10,8.0,0.03,0.05,20.0,1e-06,1.9421860174921957,2.137642040808489,1.988164081397232,3.4925723133441204,0.0014040358528711794,2.1362380049556178,112,0.07678693459261748,0.9807778628725723,0.9808639452176298,0.8652425777711813
Larger variation,1,320,8,0.7,0.5,144,208,320,diag,log_euclidean_gaussian_ar,44,36,3,3,10,8.0,0.03,0.05,20.0,1e-06,1.9110342306658143,2.168987844141353,1.9696614482706327,3.48600155198149,0.0014040358528711794,2.1675838082884815,112,0.10160285785674619,0.9951597235470576,0.9952565214435767,0.8652425777711813
Larger variation,1,320,8,0.7,0.5,144,208,320,diag,bwar_barycenter,44,36,3,3,10,8.0,0.03,0.05,20.0,1e-06,1.6962933207103512,1.9035509763518133,1.6938159640541088,3.205501355877433,0.0014040358528711677,1.9021469404989422,112,0.14315736365281462,0.8733738496971255,0.8733799080969908,0.8652425777711741
Larger variation,2,320,8,0.7,0.5,144,208,320,diag,persistence,44,36,3,3,10,8.0,0.03,0.05,20.0,,2.2059342845861285,1.862447712168425,,,0.0016205732021846273,1.860827138966241,112,0.04999999999999775,1.0,1.0,1.0
Larger variation,2,320,8,0.7,0.5,144,208,320,diag,euclidean_gaussian_ar,44,36,3,3,10,8.0,0.03,0.05,20.0,1e-06,2.0829353853240153,1.866535800286701,1.7890417096207794,2.5539522761830242,0.001312612616315132,1.8652231876703862,112,0.11488402496856005,1.0021950082633548,1.002362416482483,0.8099681116197983
Larger variation,2,320,8,0.7,0.5,144,208,320,diag,cholesky_gaussian_ar,44,36,3,3,10,8.0,0.03,0.05,20.0,1e-06,2.130115217672029,1.8741363592710252,1.7018035198084447,2.7048834785226523,0.001312612616315132,1.87282374665471,112,0.07165432579901536,1.006275959870568,1.00644692214406,0.8099681116197983
Larger variation,2,320,8,0.7,0.5,144,208,320,diag,log_euclidean_gaussian_ar,44,36,3,3,10,8.0,0.03,0.05,20.0,1e-06,2.085549392997908,1.842105727566042,1.6539831861031886,2.818979977434797,0.001312612616315132,1.840793114949727,112,0.08633546634471538,0.9890778224432947,0.9892338070544029,0.8099681116197983
Larger variation,2,320,8,0.7,0.5,144,208,320,diag,bwar_barycenter,44,36,3,3,10,8.0,0.03,0.05,20.0,1e-06,1.9043821027692076,1.6561430773021242,1.536600897284052,2.3853981233134243,0.0013126126163151236,1.654830464685809,112,0.10078186566765568,0.889229301033046,0.8892983287018961,0.809968111619793
Larger variation,3,320,8,0.7,0.5,144,208,320,diag,persistence,44,36,3,3,10,8.0,0.03,0.05,20.0,,1.4843907405858436,1.6750263116245854,,,0.0017307523722792284,1.6732955592523062,112,0.049999999999996075,1.0,1.0,1.0
Larger variation,3,320,8,0.7,0.5,144,208,320,diag,euclidean_gaussian_ar,44,36,3,3,10,8.0,0.03,0.05,20.0,1e-06,1.7004217757866291,1.7744910133169078,1.6450786402716662,2.7559725778056543,0.001456728807779986,1.773034284509128,112,0.25831556539929607,1.0593809786760024,1.0596061614490802,0.8416737316740576
Larger variation,3,320,8,0.7,0.5,144,208,320,diag,cholesky_gaussian_ar,44,36,3,3,10,8.0,0.03,0.05,20.0,1e-06,1.6309787652844552,1.9748082819505055,1.664448632830714,3.1394544496514523,0.001456728807779986,1.9733515531427257,112,0.09075172769800087,1.1789714992806086,1.179320379015705,0.8416737316740576
Larger variation,3,320,8,0.7,0.5,144,208,320,diag,log_euclidean_gaussian_ar,44,36,3,3,10,8.0,0.03,0.05,20.0,1e-06,1.4087430657729216,1.6459405907997187,1.3781251483978791,2.852233775533599,0.001456728807779986,1.6444838619919389,112,0.0997178744295768,0.9826356633188306,0.9827814655330577,0.8416737316740576
Larger variation,3,320,8,0.7,0.5,144,208,320,diag,bwar_barycenter,44,36,3,3,10,8.0,0.03,0.05,20.0,1e-06,1.3737115624779253,1.51185479060465,1.3748031938275367,2.590340023499461,0.0014567288077799484,1.5103980617968702,112,0.14325131816882705,0.9025856967812778,0.902648700311961,0.8416737316740359
Larger variation,4,320,8,0.7,0.5,144,208,320,diag,persistence,44,36,3,3,10,8.0,0.03,0.05,20.0,,2.0034999175172477,1.943312895902187,,,0.0016222210209448906,1.9416906748812424,112,0.049999999999997546,1.0,1.0,1.0
Larger variation,4,320,8,0.7,0.5,144,208,320,diag,euclidean_gaussian_ar,44,36,3,3,10,8.0,0.03,0.05,20.0,1e-06,1.964588446661407,1.8793096104438745,1.6572968086875637,3.0037373829773153,0.0013519654073170918,1.8779576450365576,112,0.15443122893309888,0.9670648583698104,0.9671765278222894,0.8334039504244719
Larger variation,4,320,8,0.7,0.5,144,208,320,diag,cholesky_gaussian_ar,44,36,3,3,10,8.0,0.03,0.05,20.0,1e-06,1.9103445548697686,1.9403435587606508,1.6710893680569012,3.342361960736605,0.0013519654073170918,1.938991593353334,112,0.08803393556255426,0.9984720231375,0.9986099322807566,0.8334039504244719
Larger variation,4,320,8,0.7,0.5,144,208,320,diag,log_euclidean_gaussian_ar,44,36,3,3,10,8.0,0.03,0.05,20.0,1e-06,1.8705398748768625,1.923284302458131,1.7060884044923532,3.3258890392807383,0.0013519654073170918,1.9219323370508137,112,0.09497990123655956,0.9896935828057901,0.9898241578403639,0.8334039504244719
Larger variation,4,320,8,0.7,0.5,144,208,320,diag,bwar_barycenter,44,36,3,3,10,8.0,0.03,0.05,20.0,1e-06,1.74471079120144,1.6997918073573373,1.4551921856945573,2.907309727507779,0.0013519654073171302,1.69843984195002,112,0.12201176874310343,0.8746876588642228,0.8747221500942213,0.8334039504244956
Larger variation,5,320,8,0.7,0.5,144,208,320,diag,persistence,44,36,3,3,10,8.0,0.03,0.05,20.0,,1.7830813627416817,1.785456966323661,,,0.001661578880670515,1.7837953874429904,112,0.049999999999997526,1.0,1.0,1.0
Larger variation,5,320,8,0.7,0.5,144,208,320,diag,euclidean_gaussian_ar,44,36,3,3,10,8.0,0.03,0.05,20.0,1e-06,1.7405137935597241,1.757213509744261,1.6236705002547887,2.644155542734987,0.0013911709249656528,1.7558223388192953,112,0.08089144024811898,0.9841813848711489,0.9843182414190489,0.8372584300086063
Larger variation,5,320,8,0.7,0.5,144,208,320,diag,cholesky_gaussian_ar,44,36,3,3,10,8.0,0.03,0.05,20.0,1e-06,1.8332683770982676,1.835329727326911,1.711837086814588,2.8239407251270863,0.0013911709249656528,1.833938556401945,112,0.06954538872964557,1.0279327712422777,1.0281103815560557,0.8372584300086063
Larger variation,5,320,8,0.7,0.5,144,208,320,diag,log_euclidean_gaussian_ar,44,36,3,3,10,8.0,0.03,0.05,20.0,1e-06,1.7642362761451482,1.6997841835279863,1.6206598507929924,2.715102508926461,0.0013911709249656528,1.6983930126030207,112,0.0903223599554815,0.9520163272419391,0.9521232225169104,0.8372584300086063
Larger variation,5,320,8,0.7,0.5,144,208,320,diag,bwar_barycenter,44,36,3,3,10,8.0,0.03,0.05,20.0,1e-06,1.5836355550741161,1.5609035952688808,1.4368391846662039,2.607584220142185,0.0013911709249656036,1.559512424343915,112,0.12733483839856588,0.874231989182497,0.8742664295031184,0.8372584300085767
Larger variation,6,320,8,0.7,0.5,144,208,320,diag,persistence,44,36,3,3,10,8.0,0.03,0.05,20.0,,1.718761200588711,1.7504979467141994,,,0.0017120384285118848,1.7487859082856878,112,0.049999999999997734,1.0,1.0,1.0
Larger variation,6,320,8,0.7,0.5,144,208,320,diag,euclidean_gaussian_ar,44,36,3,3,10,8.0,0.03,0.05,20.0,0.0001,1.7078987819528757,1.7474200990279602,1.5896698665683444,2.631934589037937,0.0014182242504309631,1.746001874777529,112,0.1721438769845953,0.9982417301933907,0.9984080192463993,0.8283834210799188
Larger variation,6,320,8,0.7,0.5,144,208,320,diag,cholesky_gaussian_ar,44,36,3,3,10,8.0,0.03,0.05,20.0,1e-06,1.8476689107134785,1.818426699131487,1.6906110333811593,2.7920090234734323,0.001418247311463829,1.8170084518200231,112,0.0949158278705859,1.0388053882295574,1.0390113753839731,0.8283968910070431
Larger variation,6,320,8,0.7,0.5,144,208,320,diag,log_euclidean_gaussian_ar,44,36,3,3,10,8.0,0.03,0.05,20.0,1e-06,1.6955476611914904,1.695109102149082,1.5971835517200792,2.646157825671042,0.001418247311463829,1.6936908548376184,112,0.07864253054426715,0.9683582350558675,0.968495255372867,0.8283968910070431
Larger variation,6,320,8,0.7,0.5,144,208,320,diag,bwar_barycenter,44,36,3,3,10,8.0,0.03,0.05,20.0,1e-06,1.5530214388793564,1.5747321012518987,1.4530635117070656,2.4815175767537507,0.0014182473114638103,1.573313853940435,112,0.11916732965403795,0.8995909445125457,0.899660642555574,0.8283968910070321
Larger variation,7,320,8,0.7,0.5,144,208,320,diag,persistence,44,36,3,3,10,8.0,0.03,0.05,20.0,,1.9534817261957056,2.095226450501978,,,0.0014522322520690034,2.093774218249909,112,0.049999999999998414,1.0,1.0,1.0
Larger variation,7,320,8,0.7,0.5,144,208,320,diag,euclidean_gaussian_ar,44,36,3,3,10,8.0,0.03,0.05,20.0,1e-06,1.964787273820518,2.053499462816327,1.8933197800492443,3.1762862574064052,0.001253048733533244,2.052246414082794,112,0.15795313454436924,0.9800847361030336,0.9801660542931767,0.8628432068961549
Larger variation,7,320,8,0.7,0.5,144,208,320,diag,cholesky_gaussian_ar,44,36,3,3,10,8.0,0.03,0.05,20.0,1e-06,2.0045256215549365,2.4094804257401483,2.160745785886764,3.889252977500673,0.001253048733533244,2.4082273770066154,112,0.07753298203897836,1.1499856853959058,1.1501848461098845,0.8628432068961549
Larger variation,7,320,8,0.7,0.5,144,208,320,diag,log_euclidean_gaussian_ar,44,36,3,3,10,8.0,0.03,0.05,20.0,1e-06,1.8704611161679416,2.2711869071579027,2.051823549629572,3.561036736073137,0.001253048733533244,2.26993385842437,112,0.10489522730187287,1.0839815937860882,1.084134974363045,0.8628432068961549
Larger variation,7,320,8,0.7,0.5,144,208,320,diag,bwar_barycenter,44,36,3,3,10,8.0,0.03,0.05,20.0,1e-06,1.7277426473527382,1.8889776004654686,1.670249907385743,2.97607617170386,0.001253048733533249,1.8877245517319354,112,0.15270112220973037,0.9015625017586543,0.9015893572850462,0.8628432068961583
Larger variation,8,320,8,0.7,0.5,144,208,320,diag,persistence,44,36,3,3,10,8.0,0.03,0.05,20.0,,1.5102450575922686,1.6749521122356639,,,0.0014434214293753747,1.6735086908062886,112,0.04999999999999809,1.0,1.0,1.0
Larger variation,8,320,8,0.7,0.5,144,208,320,diag,euclidean_gaussian_ar,44,36,3,3,10,8.0,0.03,0.05,20.0,1e-06,1.6073403033385447,1.7051531807954043,1.6870685365513147,2.516877708838348,0.0012909098800255368,1.7038622709153783,112,0.02776969071353085,1.0180310041935643,1.0181376889620248,0.8943402486300652
Larger variation,8,320,8,0.7,0.5,144,208,320,diag,cholesky_gaussian_ar,44,36,3,3,10,8.0,0.03,0.05,20.0,1e-06,1.574337559990157,1.6740066100187647,1.6068182587105007,2.5597055927760373,0.0012909098800255368,1.6727157001387394,112,0.08158323617960384,0.9994355049257874,0.9995261508518566,0.8943402486300652
Larger variation,8,320,8,0.7,0.5,144,208,320,diag,log_euclidean_gaussian_ar,44,36,3,3,10,8.0,0.03,0.05,20.0,1e-06,1.5627969458155573,1.6061874610279432,1.540274659337644,2.502807071016658,0.0012909098800255368,1.6048965511479178,112,0.09101700028247411,0.9589453031490338,0.9590010257877336,0.8943402486300652
Larger variation,8,320,8,0.7,0.5,144,208,320,diag,bwar_barycenter,44,36,3,3,10,8.0,0.03,0.05,20.0,1e-06,1.4023326213040124,1.4991605978671696,1.4536683703535322,2.378213743641059,0.001290909880025597,1.497869687987144,112,0.13877503620010068,0.8950468415876951,0.8950474510326429,0.8943402486301069
Larger variation,9,320,8,0.7,0.5,144,208,320,diag,persistence,44,36,3,3,10,8.0,0.03,0.05,20.0,,2.12838203068682,1.8247921891784264,,,0.001600554463040087,1.8231916347153867,112,0.04999999999999688,1.0,1.0,1.0
Larger variation,9,320,8,0.7,0.5,144,208,320,diag,euclidean_gaussian_ar,44,36,3,3,10,8.0,0.03,0.05,20.0,1e-06,2.041010819349069,1.8205082895355944,1.6085788572550606,3.0394455828610627,0.0013472266464828772,1.8191610628891115,112,0.22980714479635758,0.9976523904101317,0.9977892769199194,0.8417249631880442
Larger variation,9,320,8,0.7,0.5,144,208,320,diag,cholesky_gaussian_ar,44,36,3,3,10,8.0,0.03,0.05,20.0,1e-06,2.0370070599035492,1.8748106732778977,1.6571965986472519,3.035241390918246,0.0013472266464828772,1.873463446631415,112,0.08138211512408858,1.0274105097534372,1.027573520500425,0.8417249631880442
Larger variation,9,320,8,0.7,0.5,144,208,320,diag,log_euclidean_gaussian_ar,44,36,3,3,10,8.0,0.03,0.05,20.0,1e-06,2.035451011478712,1.7996505189320489,1.6434274777057334,3.0563202341438878,0.0013472266464828772,1.798303292285566,112,0.09890396647391445,0.986222173464203,0.9863490255462334,0.8417249631880442
Larger variation,9,320,8,0.7,0.5,144,208,320,diag,bwar_barycenter,44,36,3,3,10,8.0,0.03,0.05,20.0,1e-06,1.846454502652862,1.610486991965627,1.3843916400565512,2.904572855623873,0.001347226646482886,1.6091397653191442,112,0.14870867333673132,0.882559121809215,0.882594969546546,0.8417249631880498
Larger variation,10,320,8,0.7,0.5,144,208,320,diag,persistence,44,36,3,3,10,8.0,0.03,0.05,20.0,,2.024766782372696,2.1251397020036813,,,0.0014913203107116205,2.12364838169297,112,0.04999999999999764,1.0,1.0,1.0
Larger variation,10,320,8,0.7,0.5,144,208,320,diag,euclidean_gaussian_ar,44,36,3,3,10,8.0,0.03,0.05,20.0,1e-06,1.9818574950168086,2.0784623346308955,1.9484672074472806,3.374981434547098,0.0012593960269523554,2.0772029386039432,112,0.20519293832983196,0.9780356240444916,0.978129409986412,0.8444839233440087
Larger variation,10,320,8,0.7,0.5,144,208,320,diag,cholesky_gaussian_ar,44,36,3,3,10,8.0,0.03,0.05,20.0,1e-06,1.9528070386739795,2.116128356777104,1.7958483542805288,3.362045718994331,0.0012593960269523554,2.114868960750152,112,0.07835828872959746,0.9957596457220761,0.9958658782600257,0.8444839233440087
Larger variation,10,320,8,0.7,0.5,144,208,320,diag,log_euclidean_gaussian_ar,44,36,3,3,10,8.0,0.03,0.05,20.0,1e-06,1.92014769301791,2.083611048318588,1.7261547854920924,3.400183403390997,0.0012593960269523554,2.082351652291636,112,0.09038693997739955,0.9804583888551242,0.9805538761702103,0.8444839233440087
Larger variation,10,320,8,0.7,0.5,144,208,320,diag,bwar_barycenter,44,36,3,3,10,8.0,0.03,0.05,20.0,1e-06,1.7825548820347166,1.8783622304292622,1.6228208820024004,3.2434559430636405,0.001259396026952364,1.87710283440231,112,0.1240005421389209,0.8838770593096794,0.8839047229211673,0.8444839233440146
Larger variation,11,320,8,0.7,0.5,144,208,320,diag,persistence,44,36,3,3,10,8.0,0.03,0.05,20.0,,1.7773022895170658,2.0016646672233587,,,0.0015963042587668803,2.000068362964592,112,0.0499999999999974,1.0,1.0,1.0
Larger variation,11,320,8,0.7,0.5,144,208,320,diag,euclidean_gaussian_ar,44,36,3,3,10,8.0,0.03,0.05,20.0,1e-06,1.7435580870110097,1.891000966255787,1.737614179879606,3.1324853637697565,0.0013897062869581496,1.8896112599688288,112,0.1778217317810102,0.9447141657742899,0.9447733362313483,0.870577322165184
Larger variation,11,320,8,0.7,0.5,144,208,320,diag,cholesky_gaussian_ar,44,36,3,3,10,8.0,0.03,0.05,20.0,1e-06,1.651494701588724,1.840725189871365,1.7042637375815395,3.162905005096192,0.0013897062869581496,1.839335483584407,112,0.0715834751723104,0.919597183290824,0.9196363072600481,0.870577322165184
Larger variation,11,320,8,0.7,0.5,144,208,320,diag,log_euclidean_gaussian_ar,44,36,3,3,10,8.0,0.03,0.05,20.0,1e-06,1.632059646855013,1.8064284824913823,1.626644652110209,3.2639597475712003,0.0013897062869581496,1.8050387762044242,112,0.09125646672437515,0.9024630908818502,0.9024885397061698,0.870577322165184
Larger variation,11,320,8,0.7,0.5,144,208,320,diag,bwar_barycenter,44,36,3,3,10,8.0,0.03,0.05,20.0,1e-06,1.5533367068236257,1.7076147126299284,1.6059602998672995,2.839170253504745,0.0013897062869581251,1.7062250063429703,112,0.11598640918831168,0.8530972947625006,0.8530833435182816,0.8705773221651687
Larger variation,12,320,8,0.7,0.5,144,208,320,diag,persistence,44,36,3,3,10,8.0,0.03,0.05,20.0,,1.6758410117311469,1.818585805439901,,,0.0017433532367685755,1.8168424522031326,112,0.0499999999999985,1.0,1.0,1.0
Larger variation,12,320,8,0.7,0.5,144,208,320,diag,euclidean_gaussian_ar,44,36,3,3,10,8.0,0.03,0.05,20.0,1e-06,1.6545342189106436,1.7730327406360404,1.6679185880480565,2.6006342264756004,0.0014288391636382142,1.771603901472402,112,0.22174208778813836,0.9749513799857018,0.975100454816061,0.8195924575140408
Larger variation,12,320,8,0.7,0.5,144,208,320,diag,cholesky_gaussian_ar,44,36,3,3,10,8.0,0.03,0.05,20.0,1e-06,1.7133301482133638,1.844652298448478,1.7074207994226345,2.7831859784474906,0.0014288391636382142,1.8432234592848398,112,0.07384567180952319,1.0143333863767137,1.0145202502559962,0.8195924575140408
Larger variation,12,320,8,0.7,0.5,144,208,320,diag,log_euclidean_gaussian_ar,44,36,3,3,10,8.0,0.03,0.05,20.0,1e-06,1.5964265999772478,1.8084063919893896,1.651664933498227,2.81628879993867,0.0014288391636382142,1.8069775528257512,112,0.09436691386810792,0.9944025663127569,0.9945703055510294,0.8195924575140408
Larger variation,12,320,8,0.7,0.5,144,208,320,diag,bwar_barycenter,44,36,3,3,10,8.0,0.03,0.05,20.0,1e-06,1.4814085630375393,1.6213990646065757,1.5326298277668529,2.4834957092800454,0.0014288391636382435,1.6199702254429373,112,0.13408225037704877,0.8915713846201349,0.8916404520813213,0.8195924575140576
Larger variation,13,320,8,0.7,0.5,144,208,320,diag,persistence,44,36,3,3,10,8.0,0.03,0.05,20.0,,2.1527424797679755,1.6409648838943465,,,0.001552717177275713,1.6394121667170707,112,0.04999999999999555,1.0,1.0,1.0
Larger variation,13,320,8,0.7,0.5,144,208,320,diag,euclidean_gaussian_ar,44,36,3,3,10,8.0,0.03,0.05,20.0,0.0001,2.02922987580633,1.6939835599931796,1.5659421282974568,2.752626432339931,0.0013234468959748302,1.6926601130972048,112,0.1421742903938522,1.0323094519688982,1.0324799019192126,0.8523425356167282
Larger variation,13,320,8,0.7,0.5,144,208,320,diag,cholesky_gaussian_ar,44,36,3,3,10,8.0,0.03,0.05,20.0,1e-06,2.1260007684903597,1.7105369111407067,1.4841632057681744,3.0420645840544576,0.0013233857721799776,1.7092135253685268,112,0.08941499257800752,1.0423970238054403,1.0425770651630784,0.8523031699191322
Larger variation,13,320,8,0.7,0.5,144,208,320,diag,log_euclidean_gaussian_ar,44,36,3,3,10,8.0,0.03,0.05,20.0,1e-06,2.0410414073867704,1.7331327727049894,1.5731336308008195,2.9362340148396076,0.0013233857721799776,1.7318093869328095,112,0.0889225121902968,1.056166886759886,1.0563599698059851,0.8523031699191322
Larger variation,13,320,8,0.7,0.5,144,208,320,diag,bwar_barycenter,44,36,3,3,10,8.0,0.03,0.05,20.0,1e-06,1.8837238008541526,1.5087968862708383,1.2749024681887369,2.570447668388443,0.0013233857721799568,1.5074735004986586,112,0.131701932131869,0.9194571444394066,0.9195207471940264,0.8523031699191189
Larger variation,14,320,8,0.7,0.5,144,208,320,diag,persistence,44,36,3,3,10,8.0,0.03,0.05,20.0,,2.0350564500598245,1.8070632507601978,,,0.0015602621083826318,1.8055029886518152,112,0.04999999999999764,1.0,1.0,1.0
Larger variation,14,320,8,0.7,0.5,144,208,320,diag,euclidean_gaussian_ar,44,36,3,3,10,8.0,0.03,0.05,20.0,1e-06,2.0078614197068525,1.7993312957813004,1.7371369126583924,2.557708243774509,0.0013943092454430917,1.7979369865358572,112,0.2213223434763012,0.9957212593551196,0.9958094768252875,0.8936378304337808
Larger variation,14,320,8,0.7,0.5,144,208,320,diag,cholesky_gaussian_ar,44,36,3,3,10,8.0,0.03,0.05,20.0,1e-06,1.936374268311619,1.7318908100395949,1.656445839746461,2.8111217995447144,0.0013943092454430917,1.7304965007941517,112,0.07898611507566236,0.9584007694866357,0.9584567356968644,0.8936378304337808
Larger variation,14,320,8,0.7,0.5,144,208,320,diag,log_euclidean_gaussian_ar,44,36,3,3,10,8.0,0.03,0.05,20.0,1e-06,1.9855446810553556,1.7321588291106387,1.5729059269116838,2.8427047221972703,0.0013943092454430917,1.7307645198651955,112,0.09837620941347343,0.9585490869685672,0.9586051813503629,0.8936378304337808
Larger variation,14,320,8,0.7,0.5,144,208,320,diag,bwar_barycenter,44,36,3,3,10,8.0,0.03,0.05,20.0,1e-06,1.803660523346906,1.5821821672201435,1.4880883609759543,2.5340480401405676,0.001394309245443155,1.5807878579747003,112,0.1326299913587276,0.8755543927721119,0.8755387656018716,0.8936378304338214
Larger variation,15,320,8,0.7,0.5,144,208,320,diag,persistence,44,36,3,3,10,8.0,0.03,0.05,20.0,,2.2979817779483245,1.670387274922968,,,0.0016693578946661207,1.6687179170283015,112,0.04999999999999861,1.0,1.0,1.0
Larger variation,15,320,8,0.7,0.5,144,208,320,diag,euclidean_gaussian_ar,44,36,3,3,10,8.0,0.03,0.05,20.0,1e-06,2.2005171833294757,1.8057680469428792,1.602244941553168,3.01022428250365,0.001408365381911079,1.8043596815609682,112,0.1405866266138247,1.0810475355340303,1.0812850171670843,0.8436569452308839
Larger variation,15,320,8,0.7,0.5,144,208,320,diag,cholesky_gaussian_ar,44,36,3,3,10,8.0,0.03,0.05,20.0,1e-06,2.3487829813434513,1.8925931276920454,1.5113354246431356,3.4765707621636586,0.001408365381911079,1.891184762310134,112,0.06113563191445656,1.1330265478580857,1.1333160284381723,0.8436569452308839
Larger variation,15,320,8,0.7,0.5,144,208,320,diag,log_euclidean_gaussian_ar,44,36,3,3,10,8.0,0.03,0.05,20.0,1e-06,2.1346677467387636,1.7132355737536962,1.3899561304201389,3.2050412307451404,0.001408365381911079,1.7118272083717851,112,0.10279013298794251,1.0256517153081786,1.0258337798759025,0.8436569452308839
Larger variation,15,320,8,0.7,0.5,144,208,320,diag,bwar_barycenter,44,36,3,3,10,8.0,0.03,0.05,20.0,1e-06,1.9759748615873391,1.5362109934851877,1.3388569278022175,2.77469999164753,0.0014083653819110687,1.5348026281032765,112,0.16332227736866428,0.9196735490912022,0.9197495948485379,0.8436569452308778
Larger variation,16,320,8,0.7,0.5,144,208,320,diag,persistence,44,36,3,3,10,8.0,0.03,0.05,20.0,,2.385650896801163,2.2049712297966737,,,0.0015280091630467077,2.203443220633627,112,0.04999999999999809,1.0,1.0,1.0
Larger variation,16,320,8,0.7,0.5,144,208,320,diag,euclidean_gaussian_ar,44,36,3,3,10,8.0,0.03,0.05,20.0,1e-06,2.269795521691342,2.1358438900067225,2.0233465067152068,3.3344021431916535,0.0013734326108733703,2.134470457395849,112,0.1804708749748713,0.9686493234669888,0.9686977351665346,0.8988379416095083
Larger variation,16,320,8,0.7,0.5,144,208,320,diag,cholesky_gaussian_ar,44,36,3,3,10,8.0,0.03,0.05,20.0,1e-06,2.2842583009416098,2.152059826819291,1.9534967036990147,3.5067144631357468,0.0013734326108733703,2.150686394208418,112,0.07153998934680296,0.9760035857781865,0.9760570973959392,0.8988379416095083
Larger variation,16,320,8,0.7,0.5,144,208,320,diag,log_euclidean_gaussian_ar,44,36,3,3,10,8.0,0.03,0.05,20.0,1e-06,2.221963125659576,2.209736569910356,2.0799498134502485,3.6604216624475354,0.0013734326108733703,2.2083631372994827,112,0.10172395615675069,1.0021611801774493,1.0022328311525273,0.8988379416095083
Larger variation,16,320,8,0.7,0.5,144,208,320,diag,bwar_barycenter,44,36,3,3,10,8.0,0.03,0.05,20.0,1e-06,2.0381030441445414,1.9385319950051223,1.7466342607203016,3.196659371699597,0.0013734326108734158,1.9371585623942487,112,0.15000492521058212,0.8791643032838481,0.8791506603184425,0.8988379416095381
Larger variation,17,320,8,0.7,0.5,144,208,320,diag,persistence,44,36,3,3,10,8.0,0.03,0.05,20.0,,2.24683786364414,1.945479248076094,,,0.0015550818578313017,1.9439241662182627,112,0.049999999999997796,1.0,1.0,1.0
Larger variation,17,320,8,0.7,0.5,144,208,320,diag,euclidean_gaussian_ar,44,36,3,3,10,8.0,0.03,0.05,20.0,1e-06,2.0761700934494316,1.9240864221306686,1.7883731375857153,3.0038350823624578,0.0013252845775048162,1.9227611375531635,112,0.20030167813056077,0.9890038272232505,0.9891132436990738,0.8522281774626591
Larger variation,17,320,8,0.7,0.5,144,208,320,diag,cholesky_gaussian_ar,44,36,3,3,10,8.0,0.03,0.05,20.0,1e-06,2.1939546960992105,1.9823650191210755,1.8491563642604165,3.13656335715891,0.0013252845775048162,1.9810397345435706,112,0.07203456478971117,1.0189597350274788,1.0190931153438527,0.8522281774626591
Larger variation,17,320,8,0.7,0.5,144,208,320,diag,log_euclidean_gaussian_ar,44,36,3,3,10,8.0,0.03,0.05,20.0,1e-06,2.1670868982262173,1.9173435965914254,1.7447390296098444,3.0324983134392656,0.0013252845775048162,1.9160183120139203,112,0.08926064382676488,0.9855379328705293,0.985644576733345,0.8522281774626591
Larger variation,17,320,8,0.7,0.5,144,208,320,diag,bwar_barycenter,44,36,3,3,10,8.0,0.03,0.05,20.0,1e-06,1.9383732621565053,1.731235501849335,1.5751770732366572,2.8936427356550554,0.001325284577504721,1.7299102172718304,112,0.12171106847103333,0.8898761081935842,0.8899062254250494,0.8522281774625979
Larger variation,18,320,8,0.7,0.5,144,208,320,diag,persistence,44,36,3,3,10,8.0,0.03,0.05,20.0,,2.1321940139514144,1.8350350294542899,,,0.0015161502335009366,1.833518879220789,112,0.049999999999996374,1.0,1.0,1.0
Larger variation,18,320,8,0.7,0.5,144,208,320,diag,euclidean_gaussian_ar,44,36,3,3,10,8.0,0.03,0.05,20.0,1e-06,2.039387758939085,1.8194921910115907,1.5456947954820965,2.818849303611938,0.0012766231147453,1.8182155678968452,112,0.10345372153984304,0.9915299500046485,0.9916535839923026,0.8420162372678957
Larger variation,18,320,8,0.7,0.5,144,208,320,diag,cholesky_gaussian_ar,44,36,3,3,10,8.0,0.03,0.05,20.0,1e-06,2.1823012050214325,1.941212264776554,1.6157839143530999,3.270605702343412,0.0012766231147453,1.9399356416618088,112,0.06847442344269809,1.0578611490342174,1.0580396327777355,0.8420162372678957
Larger variation,18,320,8,0.7,0.5,144,208,320,diag,log_euclidean_gaussian_ar,44,36,3,3,10,8.0,0.03,0.05,20.0,1e-06,2.042483996176117,1.8242200823273151,1.457843503952328,3.0986831205644587,0.0012766231147453,1.82294345921257,112,0.09080644144041435,0.9941064083500406,0.994232172830032,0.8420162372678957
Larger variation,18,320,8,0.7,0.5,144,208,320,diag,bwar_barycenter,44,36,3,3,10,8.0,0.03,0.05,20.0,1e-06,1.868907600755334,1.6357039258400998,1.3903637419492356,2.7390138148199887,0.0012766231147453581,1.6344273027253544,112,0.12745883267772173,0.8913747691925707,0.8914155841252942,0.842016237267934
Larger variation,19,320,8,0.7,0.5,144,208,320,diag,persistence,44,36,3,3,10,8.0,0.03,0.05,20.0,,2.242382948515134,1.703016673455757,,,0.0015024893411263187,1.7015141841146308,112,0.0499999999999981,1.0,1.0,1.0
Larger variation,19,320,8,0.7,0.5,144,208,320,diag,euclidean_gaussian_ar,44,36,3,3,10,8.0,0.03,0.05,20.0,1e-06,2.221312078898168,1.7856510380950321,1.6664576299536282,2.641725990556586,0.0014004709738292833,1.7842505671212028,112,0.14894934746072533,1.048522346214963,1.0486251503390336,0.9321004385824402
Larger variation,19,320,8,0.7,0.5,144,208,320,diag,cholesky_gaussian_ar,44,36,3,3,10,8.0,0.03,0.05,20.0,1e-06,2.298699909273548,1.7739384115509307,1.480145547700424,3.0101471947293628,0.0014004709738292833,1.7725379405771018,112,0.07314177136477036,1.0416447702483496,1.0417415012613764,0.9321004385824402
Larger variation,19,320,8,0.7,0.5,144,208,320,diag,log_euclidean_gaussian_ar,44,36,3,3,10,8.0,0.03,0.05,20.0,1e-06,2.1820598886843228,1.672938294291321,1.4733393406740478,2.818678949480711,0.0014004709738292833,1.6715378233174916,112,0.09278661179219,0.9823381769343449,0.9823825384019721,0.9321004385824402
Larger variation,19,320,8,0.7,0.5,144,208,320,diag,bwar_barycenter,44,36,3,3,10,8.0,0.03,0.05,20.0,1e-06,1.9957661251784464,1.5354959655870988,1.40719716277563,2.4416671218876376,0.0014004709738292783,1.5340954946132694,112,0.13073313698194283,0.9016329608043557,0.9016060570846922,0.9321004385824369
Larger variation,20,320,8,0.7,0.5,144,208,320,diag,persistence,44,36,3,3,10,8.0,0.03,0.05,20.0,,2.31025342541124,1.8644825780493568,,,0.0015454519577633337,1.862937126091594,112,0.04999999999999414,1.0,1.0,1.0
Larger variation,20,320,8,0.7,0.5,144,208,320,diag,euclidean_gaussian_ar,44,36,3,3,10,8.0,0.03,0.05,20.0,1e-06,2.14804943681707,1.9078415738794505,1.7526425175694251,2.9228243932519593,0.0013342111542699717,1.9065073627251807,112,0.12617918970398084,1.0232552432189828,1.0233879265292203,0.8633145453456336
Larger variation,20,320,8,0.7,0.5,144,208,320,diag,cholesky_gaussian_ar,44,36,3,3,10,8.0,0.03,0.05,20.0,1e-06,2.2134188636679273,1.9786260520581112,1.7382132146407887,3.3576017943532284,0.0013342111542699717,1.9772918409038411,112,0.08562779344105505,1.0612199198601109,1.0613840978370328,0.8633145453456336
Larger variation,20,320,8,0.7,0.5,144,208,320,diag,log_euclidean_gaussian_ar,44,36,3,3,10,8.0,0.03,0.05,20.0,1e-06,2.118990114104869,1.840084911419666,1.5785461101581837,3.245922819317248,0.0013342111542699717,1.8387507002653962,112,0.09155956252829953,0.9869145108048069,0.9870170466370273,0.8633145453456336
Larger variation,20,320,8,0.7,0.5,144,208,320,diag,bwar_barycenter,44,36,3,3,10,8.0,0.03,0.05,20.0,1e-06,1.9850736127241007,1.6940252916802148,1.5498486384458077,2.7890899288473086,0.0013342111542699816,1.6926910805259447,112,0.125430062701419,0.9085766269012412,0.9086141753356851,0.86331454534564
Larger variation,21,320,8,0.7,0.5,144,208,320,diag,persistence,44,36,3,3,10,8.0,0.03,0.05,20.0,,1.721051446818742,1.7555025665156943,,,0.00167762312385754,1.753824943391837,112,0.049999999999997775,1.0,1.0,1.0
Larger variation,21,320,8,0.7,0.5,144,208,320,diag,euclidean_gaussian_ar,44,36,3,3,10,8.0,0.03,0.05,20.0,1e-06,2.006217153897288,1.7766997420709263,1.722736196660099,2.5038877118872525,0.00153503509821752,1.7751647069727086,112,0.1499824109626406,1.0120747049645755,1.0121675562098011,0.9150059249826314
Larger variation,21,320,8,0.7,0.5,144,208,320,diag,cholesky_gaussian_ar,44,36,3,3,10,8.0,0.03,0.05,20.0,1e-06,1.9117690414358783,1.797545139099116,1.698704417979791,2.9529960528313306,0.00153503509821752,1.7960101040008989,112,0.10491846224031431,1.0239490237071356,1.0240532333446446,0.9150059249826314
Larger variation,21,320,8,0.7,0.5,144,208,320,diag,log_euclidean_gaussian_ar,44,36,3,3,10,8.0,0.03,0.05,20.0,1e-06,1.7974461046660102,1.708749519785057,1.5377778928372385,2.887008006462405,0.00153503509821752,1.7072144846868398,112,0.10028509039531246,0.9733677138260002,0.9734235398574876,0.9150059249826314
Larger variation,21,320,8,0.7,0.5,144,208,320,diag,bwar_barycenter,44,36,3,3,10,8.0,0.03,0.05,20.0,1e-06,1.6563758715670363,1.549214677409294,1.4818494206921635,2.4317710248196867,0.0015350350982175354,1.5476796423110766,112,0.146762089022105,0.8824906935249668,0.8824595910455678,0.9150059249826406
Larger variation,22,320,8,0.7,0.5,144,208,320,diag,persistence,44,36,3,3,10,8.0,0.03,0.05,20.0,,1.6961795328017748,1.809977642710533,,,0.0016334395221663594,1.808344203188366,112,0.049999999999997304,1.0,1.0,1.0
Larger variation,22,320,8,0.7,0.5,144,208,320,diag,euclidean_gaussian_ar,44,36,3,3,10,8.0,0.03,0.05,20.0,1e-06,1.6915702741042455,1.7848462332275083,1.5773829692832115,2.927417775201284,0.001356243974656093,1.7834899892528526,112,0.24592856862757714,0.9861150718716122,0.9862558168452157,0.8302994731371297
Larger variation,22,320,8,0.7,0.5,144,208,320,diag,cholesky_gaussian_ar,44,36,3,3,10,8.0,0.03,0.05,20.0,1e-06,1.7477122079653633,1.809768187593674,1.670374877196915,3.1807990620983158,0.001356243974656093,1.8084119436190178,112,0.10020319044364612,0.9998842775115468,1.0000374599208117,0.8302994731371297
Larger variation,22,320,8,0.7,0.5,144,208,320,diag,log_euclidean_gaussian_ar,44,36,3,3,10,8.0,0.03,0.05,20.0,1e-06,1.6549160991673935,1.7709031908462591,1.6016638646210537,3.2016221444513904,0.001356243974656093,1.7695469468716034,112,0.09805706780622679,0.9784116383858986,0.9785454250090455,0.8302994731371297
Larger variation,22,320,8,0.7,0.5,144,208,320,diag,bwar_barycenter,44,36,3,3,10,8.0,0.03,0.05,20.0,1e-06,1.4964355759570518,1.5948041531514874,1.4640713209694178,2.892792537792694,0.0013562439746562284,1.593447909176831,112,0.14861317041451025,0.881118150588417,0.8811640540375872,0.8302994731372125
Larger variation,23,320,8,0.7,0.5,144,208,320,diag,persistence,44,36,3,3,10,8.0,0.03,0.05,20.0,,1.680425112631929,1.6032170974821198,,,0.0015644396774155984,1.6016526578047043,112,0.049999999999998664,1.0,1.0,1.0
Larger variation,23,320,8,0.7,0.5,144,208,320,diag,euclidean_gaussian_ar,44,36,3,3,10,8.0,0.03,0.05,20.0,1e-06,1.7948882757613351,1.6579604033512847,1.5678855242108762,2.2939466643983377,0.0013492785944113925,1.656611124756873,112,0.2225347239509358,1.0341459094686178,1.0343135989469134,0.8624676386630358
Larger variation,23,320,8,0.7,0.5,144,208,320,diag,cholesky_gaussian_ar,44,36,3,3,10,8.0,0.03,0.05,20.0,1e-06,1.7354260969148048,1.636677502919806,1.5634727267815698,2.515173214807754,0.0013492785944113925,1.6353282243253946,112,0.09812479100665078,1.020870788797248,1.021025511590539,0.8624676386630358
Larger variation,23,320,8,0.7,0.5,144,208,320,diag,log_euclidean_gaussian_ar,44,36,3,3,10,8.0,0.03,0.05,20.0,1e-06,1.6346468641324878,1.5520544697333831,1.4479098677316804,2.3848616203887163,0.0013492785944113925,1.5507051911389718,112,0.09304904285911855,0.9680875236241626,0.9681906895246792,0.8624676386630358
Larger variation,23,320,8,0.7,0.5,144,208,320,diag,bwar_barycenter,44,36,3,3,10,8.0,0.03,0.05,20.0,1e-06,1.5339576184564923,1.435713390098629,1.3601080010533084,2.049906185077061,0.001349278594411391,1.4343641115042176,112,0.139678321923629,0.8955202588304738,0.8955525435022973,0.8624676386630348
Larger variation,24,320,8,0.7,0.5,144,208,320,diag,persistence,44,36,3,3,10,8.0,0.03,0.05,20.0,,2.224514838953723,1.9031335780525587,,,0.0015910883021248389,1.9015424897504336,112,0.04999999999999752,1.0,1.0,1.0
Larger variation,24,320,8,0.7,0.5,144,208,320,diag,euclidean_gaussian_ar,44,36,3,3,10,8.0,0.03,0.05,20.0,1e-06,2.222795311699729,1.8826010816784386,1.7702438954646043,2.6362812480859787,0.001335323408701659,1.8812657582697365,112,0.07278214951426369,0.9892112163797085,0.9893366929269309,0.8392516033952261
Larger variation,24,320,8,0.7,0.5,144,208,320,diag,cholesky_gaussian_ar,44,36,3,3,10,8.0,0.03,0.05,20.0,1e-06,2.127839180638257,1.9016035117485681,1.7532976507411644,2.8258031521688745,0.001335323408701659,1.9002681883398662,112,0.07507982653197091,0.9991960278975498,0.9993298590920603,0.8392516033952261
Larger variation,24,320,8,0.7,0.5,144,208,320,diag,log_euclidean_gaussian_ar,44,36,3,3,10,8.0,0.03,0.05,20.0,1e-06,2.1552278912012577,1.935999897087011,1.7887408313199482,3.0976427484666007,0.001335323408701659,1.9346645736783095,112,0.10396527759577284,1.017269580765888,1.0174185347455595,0.8392516033952261
Larger variation,24,320,8,0.7,0.5,144,208,320,diag,bwar_barycenter,44,36,3,3,10,8.0,0.03,0.05,20.0,1e-06,1.9753528085953291,1.6901843207145397,1.5745788369393696,2.662751669182536,0.001335323408701667,1.6888489973058383,112,0.14924010648326427,0.8881059848904952,0.8881468630908635,0.8392516033952311
Larger variation,25,320,8,0.7,0.5,144,208,320,diag,persistence,44,36,3,3,10,8.0,0.03,0.05,20.0,,2.009387224329377,2.076106663008038,,,0.0016201666741611656,2.074486496333877,112,0.04999999999999747,1.0,1.0,1.0
Larger variation,25,320,8,0.7,0.5,144,208,320,diag,euclidean_gaussian_ar,44,36,3,3,10,8.0,0.03,0.05,20.0,1e-06,1.9951939996829875,2.1115440820692872,1.9395205425870985,3.1499325177455755,0.0013724033873607042,2.1101716786819265,112,0.058224856694882074,1.0170691707187647,1.0172019352312556,0.847075433193477
Larger variation,25,320,8,0.7,0.5,144,208,320,diag,cholesky_gaussian_ar,44,36,3,3,10,8.0,0.03,0.05,20.0,1e-06,1.9262552393262928,2.108022023066048,1.9695263419023237,3.3571127706584565,0.0013724033873607042,2.106649619678687,112,0.06682024980638808,1.0153726976685138,1.0155041372415055,0.847075433193477
Larger variation,25,320,8,0.7,0.5,144,208,320,diag,log_euclidean_gaussian_ar,44,36,3,3,10,8.0,0.03,0.05,20.0,1e-06,1.8739098718019012,2.14211026661438,1.9207910172396425,3.6097330935018688,0.0013724033873607042,2.1407378632270193,112,0.09683653959926175,1.0317920099108542,1.0319362729090908,0.847075433193477
Larger variation,25,320,8,0.7,0.5,144,208,320,diag,bwar_barycenter,44,36,3,3,10,8.0,0.03,0.05,20.0,1e-06,1.7234661981804102,1.8944659115593663,1.8269506632240944,2.956614179413254,0.001372403387360735,1.8930935081720055,112,0.14333345030673364,0.9125089501974357,0.9125600535446063,0.847075433193496
Larger variation,26,320,8,0.7,0.5,144,208,320,diag,persistence,44,36,3,3,10,8.0,0.03,0.05,20.0,,1.8721049355735073,1.5868972786064461,,,0.0015790960759831123,1.585318182530463,112,0.04999999999999806,1.0,1.0,1.0
Larger variation,26,320,8,0.7,0.5,144,208,320,diag,euclidean_gaussian_ar,44,36,3,3,10,8.0,0.03,0.05,20.0,1e-06,1.7926365020260664,1.5765281536345062,1.530654421670452,2.3337715046389,0.0013258991759443354,1.575202254458562,112,0.10839489240479673,0.9934657869090016,0.9936189919579714,0.8396570646398815
Larger variation,26,320,8,0.7,0.5,144,208,320,diag,cholesky_gaussian_ar,44,36,3,3,10,8.0,0.03,0.05,20.0,1e-06,2.000748023353635,1.6982185360780846,1.5773303295938623,2.7102841239595334,0.0013258991759443354,1.6968926369021404,112,0.08267577648432972,1.0701502604941113,1.070379849043038,0.8396570646398815
Larger variation,26,320,8,0.7,0.5,144,208,320,diag,log_euclidean_gaussian_ar,44,36,3,3,10,8.0,0.03,0.05,20.0,1e-06,1.8067805322968324,1.5756976108247212,1.5716423407423243,2.561347792753814,0.0013258991759443354,1.5743717116487768,112,0.09894851393430447,0.9929424116275755,0.9930950953554235,0.8396570646398815
Larger variation,26,320,8,0.7,0.5,144,208,320,diag,bwar_barycenter,44,36,3,3,10,8.0,0.03,0.05,20.0,1e-06,1.6402109039275703,1.4030873744355652,1.3273874796956733,2.2973242167951238,0.0013258991759443116,1.4017614752596212,112,0.1522532615964389,0.8841702568597912,0.8842145953452378,0.8396570646398664
Larger variation,27,320,8,0.7,0.5,144,208,320,diag,persistence,44,36,3,3,10,8.0,0.03,0.05,20.0,,1.9533110793177508,1.8235032255758046,,,0.0016693735739312498,1.8218338520018733,112,0.04999999999999743,1.0,1.0,1.0
Larger variation,27,320,8,0.7,0.5,144,208,320,diag,euclidean_gaussian_ar,44,36,3,3,10,8.0,0.03,0.05,20.0,1e-06,1.9236259859030358,1.8774040783328008,1.7282789494829873,3.07350530857544,0.0014099288904555966,1.875994149442345,112,0.13414526169248137,1.0295589566286487,1.0297284504736584,0.8445856053269848
Larger variation,27,320,8,0.7,0.5,144,208,320,diag,cholesky_gaussian_ar,44,36,3,3,10,8.0,0.03,0.05,20.0,1e-06,2.145410171106483,1.8846480894638502,1.69506780354364,3.13306501403402,0.0014099288904555966,1.8832381605733945,112,0.0683982594219088,1.0335315359087112,1.0337046698874592,0.8445856053269848
Larger variation,27,320,8,0.7,0.5,144,208,320,diag,log_euclidean_gaussian_ar,44,36,3,3,10,8.0,0.03,0.05,20.0,1e-06,1.944668750028002,1.746394687545137,1.5224674884373797,2.9888817690259417,0.0014099288904555966,1.7449847586546814,112,0.0867324122848572,0.9577140654597311,0.9578177267577126,0.8445856053269848
Larger variation,27,320,8,0.7,0.5,144,208,320,diag,bwar_barycenter,44,36,3,3,10,8.0,0.03,0.05,20.0,1e-06,1.7334895161388664,1.635364089774358,1.3891361564496818,2.749964106257453,0.0014099288904556029,1.6339541608839023,112,0.11619172135508368,0.8968254439242693,0.8968733120687573,0.8445856053269886
Larger variation,28,320,8,0.7,0.5,144,208,320,diag,persistence,44,36,3,3,10,8.0,0.03,0.05,20.0,,1.726052811710782,2.222537081976646,,,0.0016713944962902982,2.220865687480356,112,0.04999999999999632,1.0,1.0,1.0
Larger variation,28,320,8,0.7,0.5,144,208,320,diag,euclidean_gaussian_ar,44,36,3,3,10,8.0,0.03,0.05,20.0,1e-06,1.6768918492172618,2.0773111505195443,1.8166896015546992,3.100502316840625,0.00143859532852814,2.075872555191016,112,0.019331915398713873,0.9346575890072697,0.9347132367766736,0.8607156070701072
Larger variation,28,320,8,0.7,0.5,144,208,320,diag,cholesky_gaussian_ar,44,36,3,3,10,8.0,0.03,0.05,20.0,1e-06,1.8319966583296698,2.1430114962045415,1.8888142968923725,3.4712203857230404,0.00143859532852814,2.1415729008760134,112,0.08041783785545976,0.9642185561640316,0.9642964511310439,0.8607156070701072
Larger variation,28,320,8,0.7,0.5,144,208,320,diag,log_euclidean_gaussian_ar,44,36,3,3,10,8.0,0.03,0.05,20.0,1e-06,1.8373523975845258,2.1503307981194473,1.968381412808422,3.382142625682321,0.00143859532852814,2.148892202790919,112,0.09366875276340311,0.9675117754197464,0.967592148820538,0.8607156070701072
Larger variation,28,320,8,0.7,0.5,144,208,320,diag,bwar_barycenter,44,36,3,3,10,8.0,0.03,0.05,20.0,1e-06,1.5682265129436972,1.9273911751624233,1.6736350684453047,2.8998766854158475,0.0014385953285281222,1.925952579833895,112,0.12640902565398887,0.8672031575051471,0.8672080399508313,0.8607156070700965
Larger variation,29,320,8,0.7,0.5,144,208,320,diag,persistence,44,36,3,3,10,8.0,0.03,0.05,20.0,,1.9760781189412189,2.0959267238969352,,,0.0015946892192644515,2.094332034677671,112,0.04999999999999801,1.0,1.0,1.0
Larger variation,29,320,8,0.7,0.5,144,208,320,diag,euclidean_gaussian_ar,44,36,3,3,10,8.0,0.03,0.05,20.0,1e-06,2.0245927511572708,2.0954572070636117,1.9417356883833334,3.4771111668391574,0.0013816217934341918,2.094075585270178,112,0.1275146707374197,0.9997759860457094,0.9998775507401658,0.8663893733924302
Larger variation,29,320,8,0.7,0.5,144,208,320,diag,cholesky_gaussian_ar,44,36,3,3,10,8.0,0.03,0.05,20.0,1e-06,2.0755838954754173,2.111020350201495,1.9532004533309637,3.519291780156297,0.0013816217934341918,2.109638728408061,112,0.08055398646607598,1.0072014093491284,1.0073086279906642,0.8663893733924302
Larger variation,29,320,8,0.7,0.5,144,208,320,diag,log_euclidean_gaussian_ar,44,36,3,3,10,8.0,0.03,0.05,20.0,1e-06,1.9455145853728364,2.0945511424775454,1.8836097078360863,3.5306134216813323,0.0013816217934341918,2.093169520684111,112,0.09773691267036617,0.9993436882102289,0.9994449237397359,0.8663893733924302
Larger variation,29,320,8,0.7,0.5,144,208,320,diag,bwar_barycenter,44,36,3,3,10,8.0,0.03,0.05,20.0,1e-06,1.7701220839275795,1.8676532765191298,1.717443495702721,3.3822663846710097,0.0013816217934341751,1.8662716547256957,112,0.12739698087271956,0.8910871049187354,0.8911059105357785,0.8663893733924197
Larger variation,30,320,8,0.7,0.5,144,208,320,diag,persistence,44,36,3,3,10,8.0,0.03,0.05,20.0,,1.9981661666718231,1.9542352358484762,,,0.001758065087402742,1.9524771707610735,112,0.049999999999997984,1.0,1.0,1.0
Larger variation,30,320,8,0.7,0.5,144,208,320,diag,euclidean_gaussian_ar,44,36,3,3,10,8.0,0.03,0.05,20.0,1e-06,1.9118485622694847,1.8711561668417003,1.7819510154101725,2.666078026512114,0.0015814230704915184,1.8695747437712087,112,0.11254999199568735,0.957487682402418,0.957539873842648,0.8995247569746216
Larger variation,30,320,8,0.7,0.5,144,208,320,diag,cholesky_gaussian_ar,44,36,3,3,10,8.0,0.03,0.05,20.0,1e-06,1.931936463163025,1.8653958519207485,1.7872714138333323,2.798848535603533,0.0015814230704915184,1.863814428850257,112,0.09553719454223818,0.9545400767020987,0.9545896140356632,0.8995247569746216
Larger variation,30,320,8,0.7,0.5,144,208,320,diag,log_euclidean_gaussian_ar,44,36,3,3,10,8.0,0.03,0.05,20.0,1e-06,1.954263053876542,1.8187974379727048,1.696533710989792,2.7697696737697126,0.0015814230704915184,1.8172160149022132,112,0.09228377953386091,0.9306952431358817,0.9307233099139717,0.8995247569746216
Larger variation,30,320,8,0.7,0.5,144,208,320,diag,bwar_barycenter,44,36,3,3,10,8.0,0.03,0.05,20.0,1e-06,1.7594268535368898,1.6999748456428205,1.613717126303499,2.5833243256718843,0.0015814230704915427,1.6983934225723287,112,0.11748246989957602,0.8698926385414074,0.869865956952673,0.8995247569746354
Larger variation,31,320,8,0.7,0.5,144,208,320,diag,persistence,44,36,3,3,10,8.0,0.03,0.05,20.0,,1.9270289766571325,1.9405303826789544,,,0.0017353999215380838,1.9387949827574167,112,0.04999999999999659,1.0,1.0,1.0
Larger variation,31,320,8,0.7,0.5,144,208,320,diag,euclidean_gaussian_ar,44,36,3,3,10,8.0,0.03,0.05,20.0,1e-06,1.9347805474126734,1.893095101317601,1.7351025696763205,2.9367070336137004,0.0014407419457124464,1.8916543593718889,112,0.10602375785605998,0.9755555069970779,0.9756856068822279,0.8302074512228385
Larger variation,31,320,8,0.7,0.5,144,208,320,diag,cholesky_gaussian_ar,44,36,3,3,10,8.0,0.03,0.05,20.0,1e-06,2.049655891759228,2.106825289804466,1.9662725437461868,3.6134886028687143,0.0014407419457124464,2.1053845478587534,112,0.06793454699428665,1.0856955957040657,1.0859242811039296,0.8302074512228385
Larger variation,31,320,8,0.7,0.5,144,208,320,diag,log_euclidean_gaussian_ar,44,36,3,3,10,8.0,0.03,0.05,20.0,1e-06,1.8572997755419054,1.9544101923162722,1.7467077472670505,3.176985308659201,0.0014407419457124464,1.95296945037056,112,0.09706398866001631,1.007152585582379,1.0073109677604921,0.8302074512228385
Larger variation,31,320,8,0.7,0.5,144,208,320,diag,bwar_barycenter,44,36,3,3,10,8.0,0.03,0.05,20.0,1e-06,1.7146953429842768,1.7233934239989548,1.4947433934524843,2.7702002212201786,0.0014407419457124883,1.7219526820532423,112,0.13896817401850706,0.8881043241486195,0.8881561471776792,0.8302074512228627
Larger variation,32,320,8,0.7,0.5,144,208,320,diag,persistence,44,36,3,3,10,8.0,0.03,0.05,20.0,,1.7427683219247398,2.008206513727838,,,0.001722267967475211,2.0064842457603627,112,0.049999999999996,1.0,1.0,1.0
Larger variation,32,320,8,0.7,0.5,144,208,320,diag,euclidean_gaussian_ar,44,36,3,3,10,8.0,0.03,0.05,20.0,1e-06,1.8214690587733924,1.9516345811617761,1.7628170708523077,3.0211764369557654,0.001521022034469257,1.9501135591273067,112,0.06857689483810006,0.9718296240056271,0.9719057417210399,0.8831506264957282
Larger variation,32,320,8,0.7,0.5,144,208,320,diag,cholesky_gaussian_ar,44,36,3,3,10,8.0,0.03,0.05,20.0,1e-06,1.909790468602,2.060020296390665,1.8806429532736135,3.475621064837818,0.001521022034469257,2.0584992743561954,112,0.0666113559162269,1.0258010231062566,1.0259234672316708,0.8831506264957282
Larger variation,32,320,8,0.7,0.5,144,208,320,diag,log_euclidean_gaussian_ar,44,36,3,3,10,8.0,0.03,0.05,20.0,1e-06,1.7750078710979693,1.959962511575214,1.8392205060762643,3.304626220135654,0.001521022034469257,1.9584414895407447,112,0.09403428578626813,0.9759765732145402,0.9760562504683848,0.8831506264957282
Larger variation,32,320,8,0.7,0.5,144,208,320,diag,bwar_barycenter,44,36,3,3,10,8.0,0.03,0.05,20.0,1e-06,1.6236652873229,1.7876386403203486,1.541763876122662,2.867482929578241,0.0015210220344694751,1.7861176182858791,112,0.12221294438489938,0.8901667373849671,0.8901727596714945,0.8831506264958549
Larger variation,33,320,8,0.7,0.5,144,208,320,diag,persistence,44,36,3,3,10,8.0,0.03,0.05,20.0,,1.7140416347952534,2.06074851315753,,,0.0017845746458593442,2.0589639385116705,112,0.04999999999999786,1.0,1.0,1.0
Larger variation,33,320,8,0.7,0.5,144,208,320,diag,euclidean_gaussian_ar,44,36,3,3,10,8.0,0.03,0.05,20.0,1e-06,1.7846774341812388,1.9586022936605585,1.7699904976874978,3.04394615241416,0.0014458686905244069,1.9571564249700342,112,0.14263407581880452,0.9504324672104406,0.950554008432402,0.8102035372289866
Larger variation,33,320,8,0.7,0.5,144,208,320,diag,cholesky_gaussian_ar,44,36,3,3,10,8.0,0.03,0.05,20.0,1e-06,1.8156979248748533,2.098763787321224,1.9134317633835143,3.3507223727565263,0.0014458686905244069,2.0973179186307,112,0.096923428734011,1.0184473136440342,1.0186278056655784,0.8102035372289866
Larger variation,33,320,8,0.7,0.5,144,208,320,diag,log_euclidean_gaussian_ar,44,36,3,3,10,8.0,0.03,0.05,20.0,1e-06,1.7641404157645137,2.13799421921472,1.909761351782826,3.5629476042236856,0.0014458686905244069,2.1365483505241953,112,0.10346395945349525,1.0374842954217796,1.0376812874481944,0.8102035372289866
Larger variation,33,320,8,0.7,0.5,144,208,320,diag,bwar_barycenter,44,36,3,3,10,8.0,0.03,0.05,20.0,1e-06,1.5734319703614685,1.8269911205246117,1.7504567574604386,3.112228192537432,0.0014458686905244277,1.8255452518340871,112,0.13214943512107946,0.886566754196149,0.8866329408147329,0.8102035372289983
Larger variation,34,320,8,0.7,0.5,144,208,320,diag,persistence,44,36,3,3,10,8.0,0.03,0.05,20.0,,1.785976722822903,1.77667047553211,,,0.0017516750011202335,1.77491880053099,112,0.04999999999999813,1.0,1.0,1.0
Larger variation,34,320,8,0.7,0.5,144,208,320,diag,euclidean_gaussian_ar,44,36,3,3,10,8.0,0.03,0.05,20.0,1e-06,1.8191315806528963,1.7856541163605333,1.699443790742444,2.6955056954733454,0.0014730003855305907,1.7841811159750027,112,0.13158629612652964,1.0050564474122488,1.0052184446078558,0.8409096348287071
Larger variation,34,320,8,0.7,0.5,144,208,320,diag,cholesky_gaussian_ar,44,36,3,3,10,8.0,0.03,0.05,20.0,1e-06,2.049850527789375,1.847053295917832,1.7808269256157812,2.797269826783081,0.0014730003855305907,1.8455802955323013,112,0.08750674282772347,1.0396150109741888,1.039811114164869,0.8409096348287071
Larger variation,34,320,8,0.7,0.5,144,208,320,diag,log_euclidean_gaussian_ar,44,36,3,3,10,8.0,0.03,0.05,20.0,1e-06,1.8574259203603638,1.6390605321722431,1.523991323528003,2.700155725304201,0.0014730003855305907,1.6375875317867126,112,0.0898935533220105,0.9225461641564945,0.9226267315985425,0.8409096348287071
Larger variation,34,320,8,0.7,0.5,144,208,320,diag,bwar_barycenter,44,36,3,3,10,8.0,0.03,0.05,20.0,1e-06,1.6041195048851762,1.5451834935085453,1.512603261613456,2.4599931266892696,0.0014730003855306759,1.5437104931230146,112,0.12461297146302798,0.8697074188986932,0.8697358395556989,0.8409096348287557
Larger variation,35,320,8,0.7,0.5,144,208,320,diag,persistence,44,36,3,3,10,8.0,0.03,0.05,20.0,,2.276852561603781,2.0238648960144126,,,0.0018409964555737015,2.0220238995588384,112,0.04999999999999762,1.0,1.0,1.0
Larger variation,35,320,8,0.7,0.5,144,208,320,diag,euclidean_gaussian_ar,44,36,3,3,10,8.0,0.03,0.05,20.0,1e-06,2.2161635672687385,1.9546286237056054,1.8480564355354123,2.9547847060132773,0.0015273369543338275,1.9531012867512716,112,9.999999892286667e-09,0.9657900720324001,0.9659140464053841,0.8296251465937072
Larger variation,35,320,8,0.7,0.5,144,208,320,diag,cholesky_gaussian_ar,44,36,3,3,10,8.0,0.03,0.05,20.0,1e-06,2.199742559771869,2.029945783687237,1.8040766063535538,3.2475085222575855,0.0015273369543338275,2.028418446732903,112,0.07748383396272704,1.0030045917021435,1.0031624488590167,0.8296251465937072
Larger variation,35,320,8,0.7,0.5,144,208,320,diag,log_euclidean_gaussian_ar,44,36,3,3,10,8.0,0.03,0.05,20.0,1e-06,2.1616664026911496,1.9245040932633903,1.7541401309308993,3.0649394642804584,0.0015273369543338275,1.9229767563090563,112,0.09661545774864355,0.9509054171814072,0.9510158394906252,0.8296251465937072
Larger variation,35,320,8,0.7,0.5,144,208,320,diag,bwar_barycenter,44,36,3,3,10,8.0,0.03,0.05,20.0,1e-06,1.9942707408216425,1.7576558448430404,1.5835242896318762,2.7859856351611656,0.0015273369543338379,1.7561285078887068,112,0.12952584963280056,0.8684650088572531,0.8685003714703153,0.8296251465937129
Larger variation,36,320,8,0.7,0.5,144,208,320,diag,persistence,44,36,3,3,10,8.0,0.03,0.05,20.0,,1.8439367172015202,1.7604817313602141,,,0.001597508968726039,1.7588842223914882,112,0.04999999999999787,1.0,1.0,1.0
Larger variation,36,320,8,0.7,0.5,144,208,320,diag,euclidean_gaussian_ar,44,36,3,3,10,8.0,0.03,0.05,20.0,1e-06,1.798511208465353,1.7488051343948716,1.577529517771511,2.9819331867032095,0.0013341749881410918,1.7474709594067306,112,0.15916934693682983,0.9933673853256513,0.9935110777392503,0.8351596230505376
Larger variation,36,320,8,0.7,0.5,144,208,320,diag,cholesky_gaussian_ar,44,36,3,3,10,8.0,0.03,0.05,20.0,1e-06,1.7561624875017054,1.7346154053363863,1.550160465075309,3.016346320921973,0.0013341749881410918,1.733281230348245,112,0.08228604378936082,0.9853072454186488,0.9854436171992993,0.8351596230505376
Larger variation,36,320,8,0.7,0.5,144,208,320,diag,log_euclidean_gaussian_ar,44,36,3,3,10,8.0,0.03,0.05,20.0,1e-06,1.7440825307150243,1.6755256723824186,1.3841985384803102,3.006311251321994,0.0013341749881410918,1.6741914973942775,112,0.09012103310470095,0.9517427204926714,0.9518486072482604,0.8351596230505376
Larger variation,36,320,8,0.7,0.5,144,208,320,diag,bwar_barycenter,44,36,3,3,10,8.0,0.03,0.05,20.0,1e-06,1.6239535424085072,1.5630750634132353,1.3183779549581662,2.895976171117876,0.0013341749881410972,1.561740888425094,112,0.12134263596536758,0.8878678122979129,0.8879156845819302,0.835159623050541
Larger variation,37,320,8,0.7,0.5,144,208,320,diag,persistence,44,36,3,3,10,8.0,0.03,0.05,20.0,,1.9885576739287827,2.053535076305152,,,0.0018267558564957595,2.0517083204486566,112,0.04999999999999747,1.0,1.0,1.0
Larger variation,37,320,8,0.7,0.5,144,208,320,diag,euclidean_gaussian_ar,44,36,3,3,10,8.0,0.03,0.05,20.0,1e-06,1.9487760503250182,1.9798609221956478,1.8674659892646621,2.917655597413977,0.0015517468312015146,1.978309175364446,112,0.18110243037613774,0.9641232550835882,0.9642253509659892,0.8494549644845312
Larger variation,37,320,8,0.7,0.5,144,208,320,diag,cholesky_gaussian_ar,44,36,3,3,10,8.0,0.03,0.05,20.0,1e-06,2.0615561471822863,2.0947940603461292,1.9608251038060125,3.0335125755149157,0.0015517468312015146,2.0932423135149274,112,0.09157410131065935,1.0200916870215886,1.0202436148707474,0.8494549644845312
Larger variation,37,320,8,0.7,0.5,144,208,320,diag,log_euclidean_gaussian_ar,44,36,3,3,10,8.0,0.03,0.05,20.0,1e-06,2.0500082375159727,2.0349901307753058,1.866747908515281,3.1050744546514184,0.0015517468312015146,2.0334383839441044,112,0.09524343485233452,0.9909692579669914,0.9910952564151239,0.8494549644845312
Larger variation,37,320,8,0.7,0.5,144,208,320,diag,bwar_barycenter,44,36,3,3,10,8.0,0.03,0.05,20.0,1e-06,1.7758420946939448,1.8134965573782769,1.634041355757839,2.703045359137389,0.0015517468312015016,1.8119448105470752,112,0.14095211147044726,0.8831096085493862,0.8831395732463808,0.849454964484524
Larger variation,38,320,8,0.7,0.5,144,208,320,diag,persistence,44,36,3,3,10,8.0,0.03,0.05,20.0,,1.8115773125649772,2.1116814460542424,,,0.0016376173203853518,2.110043828733857,112,0.04999999999999775,1.0,1.0,1.0
Larger variation,38,320,8,0.7,0.5,144,208,320,diag,euclidean_gaussian_ar,44,36,3,3,10,8.0,0.03,0.05,20.0,1e-06,1.8021868473068539,1.9704256609552573,1.8160817234350257,3.0573764310364457,0.0013733812994174588,1.9690522796558396,112,0.12279370630943269,0.9331074365582332,0.9331807485901275,0.8386460513829233
Larger variation,38,320,8,0.7,0.5,144,208,320,diag,cholesky_gaussian_ar,44,36,3,3,10,8.0,0.03,0.05,20.0,1e-06,1.943695925197984,2.177533901909975,1.9086996873572106,3.675345991950304,0.0013733812994174588,2.176160520610558,112,0.06343978495242039,1.0311848437077384,1.0313342741872686,0.8386460513829233
Larger variation,38,320,8,0.7,0.5,144,208,320,diag,log_euclidean_gaussian_ar,44,36,3,3,10,8.0,0.03,0.05,20.0,1e-06,1.7746890950137744,1.9927012327826528,1.8050834203787933,3.3763376393574163,0.0013733812994174588,1.9913278514832353,112,0.09257593703976665,0.9436561733807395,0.9437376723487976,0.8386460513829233
Larger variation,38,320,8,0.7,0.5,144,208,320,diag,bwar_barycenter,44,36,3,3,10,8.0,0.03,0.05,20.0,1e-06,1.6010195067893491,1.807780659208391,1.6493627168259544,2.9911918903665815,0.001373381299417415,1.8064072779089737,112,0.1332265009874386,0.8560858753512743,0.8560994105003581,0.8386460513828965
Larger variation,39,320,8,0.7,0.5,144,208,320,diag,persistence,44,36,3,3,10,8.0,0.03,0.05,20.0,,1.4928944517359506,1.917828476056678,,,0.001513270174743069,1.9163152058819353,112,0.04999999999999767,1.0,1.0,1.0
Larger variation,39,320,8,0.7,0.5,144,208,320,diag,euclidean_gaussian_ar,44,36,3,3,10,8.0,0.03,0.05,20.0,1e-06,1.6009225436364098,1.8209156523221515,1.5786073646315364,3.248930748692274,0.0012665936257401178,1.8196490586964114,112,0.13768099895032304,0.9494674185181603,0.9495562385098146,0.836991071971115
Larger variation,39,320,8,0.7,0.5,144,208,320,diag,cholesky_gaussian_ar,44,36,3,3,10,8.0,0.03,0.05,20.0,1e-06,1.5937979049287412,1.9231323728348677,1.6027146469999474,3.4978655173968605,0.0012665936257401178,1.9218657792091278,112,0.06910906216352662,1.0027655741086374,1.0028964824315727,0.836991071971115
Larger variation,39,320,8,0.7,0.5,144,208,320,diag,log_euclidean_gaussian_ar,44,36,3,3,10,8.0,0.03,0.05,20.0,1e-06,1.4897032550276152,1.883321297753973,1.5534177155041649,3.6552131475862577,0.0012665936257401178,1.8820547041282334,112,0.08641253512551587,0.9820071613632224,0.9821216772436274,0.836991071971115
Larger variation,39,320,8,0.7,0.5,144,208,320,diag,bwar_barycenter,44,36,3,3,10,8.0,0.03,0.05,20.0,1e-06,1.3781408939609348,1.6986636393333774,1.4688485704922583,3.288833630066735,0.0012665936257401059,1.6973970457076373,112,0.13160473651189103,0.8857223993388951,0.885760881350651,0.8369910719711071
Larger variation,40,320,8,0.7,0.5,144,208,320,diag,persistence,44,36,3,3,10,8.0,0.03,0.05,20.0,,1.8812861087022403,2.020902549676379,,,0.0016889249605637616,2.019213624715815,112,0.04999999999999848,1.0,1.0,1.0
Larger variation,40,320,8,0.7,0.5,144,208,320,diag,euclidean_gaussian_ar,44,36,3,3,10,8.0,0.03,0.05,20.0,0.01,1.8117267861880448,1.913531645311632,1.7479147796406578,2.9344788778562982,0.00153247709267257,1.911999168218959,112,0.14881207427359358,0.9468698258696635,0.9469028659550842,0.9073683724592657
Larger variation,40,320,8,0.7,0.5,144,208,320,diag,cholesky_gaussian_ar,44,36,3,3,10,8.0,0.03,0.05,20.0,1e-06,1.9001046158045656,1.9165469234770833,1.7621442113463224,3.136411483930628,0.0015080384143380274,1.9150388850627453,112,0.0758816885229941,0.9483618711768131,0.948408262316608,0.8928984114454946
Larger variation,40,320,8,0.7,0.5,144,208,320,diag,log_euclidean_gaussian_ar,44,36,3,3,10,8.0,0.03,0.05,20.0,1e-06,1.8234635796629526,1.8565879950415725,1.7195017855600674,3.305894988540719,0.0015080384143380274,1.8550799566272345,112,0.08671569402159501,0.9186924898179185,0.9187140646836311,0.8928984114454946
Larger variation,40,320,8,0.7,0.5,144,208,320,diag,bwar_barycenter,44,36,3,3,10,8.0,0.03,0.05,20.0,1e-06,1.6739072923844143,1.7349242700784908,1.5471423361275511,3.0005092425395854,0.0015080384143380276,1.7334162316641526,112,0.11277154618666704,0.8584898219641101,0.858461041688006,0.8928984114454948
Larger variation,41,320,8,0.7,0.5,144,208,320,diag,persistence,44,36,3,3,10,8.0,0.03,0.05,20.0,,2.099369892094553,1.8056101107353335,,,0.0019872690090608288,1.8036228417262732,112,0.04999999999999868,1.0,1.0,1.0
Larger variation,41,320,8,0.7,0.5,144,208,320,diag,euclidean_gaussian_ar,44,36,3,3,10,8.0,0.03,0.05,20.0,0.0001,1.9711144234935598,1.7835140996666807,1.5991069999461658,2.7042771727967554,0.0016782026152034597,1.7818358970514774,112,0.19073581318336483,0.9877625790101197,0.9879204542264817,0.8444768209798471
Larger variation,41,320,8,0.7,0.5,144,208,320,diag,cholesky_gaussian_ar,44,36,3,3,10,8.0,0.03,0.05,20.0,1e-06,1.9630619328137935,1.8071429777801014,1.591256770270564,2.704337316115025,0.0016781716468362538,1.8054648061332652,112,0.056321137248775854,1.0008489468660229,1.0010212580836628,0.8444612376003123
Larger variation,41,320,8,0.7,0.5,144,208,320,diag,log_euclidean_gaussian_ar,44,36,3,3,10,8.0,0.03,0.05,20.0,1e-06,1.9518040987620595,1.755096200459797,1.5772057747664538,2.781768265202797,0.0016781716468362538,1.753418028812961,112,0.0983544460831586,0.9720239103806498,0.9721644615759798,0.8444612376003123
Larger variation,41,320,8,0.7,0.5,144,208,320,diag,bwar_barycenter,44,36,3,3,10,8.0,0.03,0.05,20.0,1e-06,1.7867731503565527,1.5784248296136352,1.4274269894889349,2.4192096783133414,0.0016781716468362608,1.576746657966799,112,0.13835755431152394,0.8741781075709765,0.874210850233895,0.8444612376003159
Larger variation,42,320,8,0.7,0.5,144,208,320,diag,persistence,44,36,3,3,10,8.0,0.03,0.05,20.0,,1.9552065715733353,2.204156725163531,,,0.001701779794784582,2.202454945368746,112,0.0499999999999978,1.0,1.0,1.0
Larger variation,42,320,8,0.7,0.5,144,208,320,diag,euclidean_gaussian_ar,44,36,3,3,10,8.0,0.03,0.05,20.0,1e-06,2.085541777797168,2.1591208035342535,1.987084083994161,3.2694517857611722,0.0014190977762292948,2.1577017057580243,112,0.12012526582730507,0.9795677316793633,0.979680292800165,0.8338903661792094
Larger variation,42,320,8,0.7,0.5,144,208,320,diag,cholesky_gaussian_ar,44,36,3,3,10,8.0,0.03,0.05,20.0,1e-06,2.0283344628112916,2.2046695487531913,2.0359795214928953,3.4095531099182494,0.0014190977762292948,2.203250450976962,112,0.08116771635299827,1.0002326620352382,1.0003611904115854,0.8338903661792094
Larger variation,42,320,8,0.7,0.5,144,208,320,diag,log_euclidean_gaussian_ar,44,36,3,3,10,8.0,0.03,0.05,20.0,1e-06,1.9167839758351541,2.1207172789238267,1.943070626293339,3.3713537836817955,0.0014190977762292948,2.1192981811475975,112,0.08632349201610208,0.9621445039333518,0.9622436025781105,0.8338903661792094
Larger variation,42,320,8,0.7,0.5,144,208,320,diag,bwar_barycenter,44,36,3,3,10,8.0,0.03,0.05,20.0,1e-06,1.7951015356020212,1.931211867348652,1.771705087496108,3.0362385982063844,0.0014190977762293497,1.9297927695724224,112,0.12729590464831697,0.876168126023512,0.8762007929516701,0.8338903661792416
Larger variation,43,320,8,0.7,0.5,144,208,320,diag,persistence,44,36,3,3,10,8.0,0.03,0.05,20.0,,1.8902678440973362,1.8307617931062015,,,0.0016324054707598235,1.8291293876354418,112,0.04999999999999773,1.0,1.0,1.0
Larger variation,43,320,8,0.7,0.5,144,208,320,diag,euclidean_gaussian_ar,44,36,3,3,10,8.0,0.03,0.05,20.0,1e-06,1.8943759216309306,1.8803720068053222,1.6606947084900483,2.9980903363935947,0.0013897575201423473,1.8789822492851798,112,0.04542479464153345,1.0270981259746241,1.0272549673012383,0.8513555884467033
Larger variation,43,320,8,0.7,0.5,144,208,320,diag,cholesky_gaussian_ar,44,36,3,3,10,8.0,0.03,0.05,20.0,1e-06,1.8845588418588657,1.8375092113461402,1.639143487445749,3.0304605440350825,0.0013897575201423473,1.8361194538259984,112,0.09349466001166234,1.0036855795578357,1.003821526370856,0.8513555884467033
Larger variation,43,320,8,0.7,0.5,144,208,320,diag,log_euclidean_gaussian_ar,44,36,3,3,10,8.0,0.03,0.05,20.0,1e-06,1.845467617671929,1.8029888505528044,1.529327721702229,3.003081100848199,0.0013897575201423473,1.8015990930326622,112,0.0941560150297552,0.9848298436978655,0.9849489627202542,0.8513555884467033
Larger variation,43,320,8,0.7,0.5,144,208,320,diag,bwar_barycenter,44,36,3,3,10,8.0,0.03,0.05,20.0,1e-06,1.6670718389359351,1.6552040799345857,1.4475351865178796,2.7549415926865137,0.0013897575201423187,1.6538143224144435,112,0.12376368585852719,0.9041067418859818,0.9041538196225516,0.8513555884466858
Larger variation,44,320,8,0.7,0.5,144,208,320,diag,persistence,44,36,3,3,10,8.0,0.03,0.05,20.0,,1.752343940373483,1.6758833295346256,,,0.0015187114763779877,1.6743646180582474,112,0.049999999999998136,1.0,1.0,1.0
Larger variation,44,320,8,0.7,0.5,144,208,320,diag,euclidean_gaussian_ar,44,36,3,3,10,8.0,0.03,0.05,20.0,1e-06,1.6804273426566902,1.681208044667974,1.452893312291602,2.789918497540105,0.0013910254169269413,1.6798170192510469,112,1.0000000546973589e-08,1.0031772588458332,1.0032564001496416,0.9159247418373581
Larger variation,44,320,8,0.7,0.5,144,208,320,diag,cholesky_gaussian_ar,44,36,3,3,10,8.0,0.03,0.05,20.0,1e-06,1.7643360020479728,1.7427120778191925,1.4780136800416164,3.225701490544359,0.0013910254169269413,1.7413210524022655,112,0.08123193054774887,1.0398767307406325,1.039989159841222,0.9159247418373581
Larger variation,44,320,8,0.7,0.5,144,208,320,diag,log_euclidean_gaussian_ar,44,36,3,3,10,8.0,0.03,0.05,20.0,1e-06,1.8265869092410818,1.752950110055865,1.4773247831927396,3.420057755187642,0.0013910254169269413,1.7515590846389382,112,0.08938790049797224,1.0459857671253523,1.0461037373509556,0.9159247418373581
Larger variation,44,320,8,0.7,0.5,144,208,320,diag,bwar_barycenter,44,36,3,3,10,8.0,0.03,0.05,20.0,1e-06,1.5645381498759048,1.523895704844356,1.3094441873788087,2.729120437494943,0.0013910254169269343,1.5225046794274293,112,0.12201358205487914,0.9093089465049605,0.9093029457305845,0.9159247418373535
Larger variation,45,320,8,0.7,0.5,144,208,320,diag,persistence,44,36,3,3,10,8.0,0.03,0.05,20.0,,1.754893139663205,1.5172835977598527,,,0.0017321514218306372,1.5155514463380222,112,0.04999999999999764,1.0,1.0,1.0
Larger variation,45,320,8,0.7,0.5,144,208,320,diag,euclidean_gaussian_ar,44,36,3,3,10,8.0,0.03,0.05,20.0,1e-06,1.6547656285872483,1.5217024261010705,1.4681265855200296,2.2948721928653,0.0014726776259606123,1.5202297484751097,112,0.21354687133489839,1.0029123285506691,1.0030868646184143,0.8502014358561112
Larger variation,45,320,8,0.7,0.5,144,208,320,diag,cholesky_gaussian_ar,44,36,3,3,10,8.0,0.03,0.05,20.0,1e-06,1.6792849664974367,1.511953871644676,1.3929617297901387,2.456463502535591,0.0014726776259606123,1.5104811940187155,112,0.07026995990292174,0.9964873237125574,0.9966545165249535,0.8502014358561112
Larger variation,45,320,8,0.7,0.5,144,208,320,diag,log_euclidean_gaussian_ar,44,36,3,3,10,8.0,0.03,0.05,20.0,1e-06,1.6347744957364818,1.4837878150938868,1.3373579284218207,2.5400765004828028,0.0014726776259606123,1.4823151374679264,112,0.09505375737841545,0.9779238484384727,0.9780698247160111,0.8502014358561112
Larger variation,45,320,8,0.7,0.5,144,208,320,diag,bwar_barycenter,44,36,3,3,10,8.0,0.03,0.05,20.0,1e-06,1.5179340856616852,1.3636128598463715,1.2578396252474442,2.273034015481711,0.0014726776259605602,1.362140182220411,112,0.13983984102438293,0.8987198318492576,0.8987752844099791,0.8502014358560811
Larger variation,46,320,8,0.7,0.5,144,208,320,diag,persistence,44,36,3,3,10,8.0,0.03,0.05,20.0,,1.7625121572978404,2.2839846961772334,,,0.0017465745710496439,2.2822381216061842,112,0.049999999999997595,1.0,1.0,1.0
Larger variation,46,320,8,0.7,0.5,144,208,320,diag,euclidean_gaussian_ar,44,36,3,3,10,8.0,0.03,0.05,20.0,1e-06,1.918945353863303,2.1252675209448566,1.8744895495785767,3.554047815872413,0.0014352845276082804,2.123832236417248,112,0.141633948061707,0.9305086520509415,0.9305918678295261,0.8217711120949811
Larger variation,46,320,8,0.7,0.5,144,208,320,diag,cholesky_gaussian_ar,44,36,3,3,10,8.0,0.03,0.05,20.0,1e-06,1.9459361260503345,2.2164201444617126,1.9532127322963615,3.9249834854208463,0.0014352845276082804,2.2149848599341047,112,0.05992027751286439,0.9704181241544195,0.970531882262685,0.8217711120949811
Larger variation,46,320,8,0.7,0.5,144,208,320,diag,log_euclidean_gaussian_ar,44,36,3,3,10,8.0,0.03,0.05,20.0,1e-06,1.975244592283278,2.181212317963661,1.9082419108070436,4.000525719088723,0.0014352845276082804,2.1797770334360527,112,0.09684587917066997,0.9550030355345265,0.9551049966258465,0.8217711120949811
Larger variation,46,320,8,0.7,0.5,144,208,320,diag,bwar_barycenter,44,36,3,3,10,8.0,0.03,0.05,20.0,1e-06,1.6783819388326866,1.961058646584057,1.6488017413898413,3.5715711925640057,0.0014352845276082813,1.959623362056449,112,0.13701277231570705,0.8586128663061243,0.8586410609412278,0.8217711120949815
Larger variation,47,320,8,0.7,0.5,144,208,320,diag,persistence,44,36,3,3,10,8.0,0.03,0.05,20.0,,1.797322294282587,2.1691543814831626,,,0.001435449026322436,2.16771893245684,112,0.04999999999999813,1.0,1.0,1.0
Larger variation,47,320,8,0.7,0.5,144,208,320,diag,euclidean_gaussian_ar,44,36,3,3,10,8.0,0.03,0.05,20.0,1e-06,1.936479968042228,2.1380392059062796,1.9044489154159114,3.2154878080301446,0.0012202893717128875,2.136818916534567,112,1.000000123099658e-08,0.9856556196080392,0.9857453771060384,0.8501098606331016
Larger variation,47,320,8,0.7,0.5,144,208,320,diag,cholesky_gaussian_ar,44,36,3,3,10,8.0,0.03,0.05,20.0,1e-06,1.9315681440607089,2.2926123261028866,2.14415665882599,3.679654444408797,0.0012202893717128875,2.2913920367311738,112,0.06845692817358573,1.0569152411066793,1.057052186250994,0.8501098606331016
Larger variation,47,320,8,0.7,0.5,144,208,320,diag,log_euclidean_gaussian_ar,44,36,3,3,10,8.0,0.03,0.05,20.0,1e-06,1.7218360797539867,2.1580152697163295,1.9685034166584878,3.5417538463401383,0.0012202893717128875,2.1567949803446167,112,0.09523979856725576,0.9948647676431326,0.9949606233775694,0.8501098606331016
Larger variation,47,320,8,0.7,0.5,144,208,320,diag,bwar_barycenter,44,36,3,3,10,8.0,0.03,0.05,20.0,1e-06,1.6110699100315373,1.925679004992807,1.7699373891010426,3.1560262370137036,0.001220289371712923,1.924458715621094,112,0.10381028142168104,0.8877556256167074,0.8877805543913201,0.8501098606331263
Larger variation,48,320,8,0.7,0.5,144,208,320,diag,persistence,44,36,3,3,10,8.0,0.03,0.05,20.0,,2.15060289554063,2.2123265612386183,,,0.0014498517759476775,2.2108767094626702,112,0.04999999999999645,1.0,1.0,1.0
Larger variation,48,320,8,0.7,0.5,144,208,320,diag,euclidean_gaussian_ar,44,36,3,3,10,8.0,0.03,0.05,20.0,1e-06,2.154746769789223,2.1192261554701406,1.9050160372456446,3.566437123659804,0.0012352320371278403,2.1179909234330125,112,0.07714709667861776,0.957917421686447,0.9579868992096657,0.8519712550067032
Larger variation,48,320,8,0.7,0.5,144,208,320,diag,cholesky_gaussian_ar,44,36,3,3,10,8.0,0.03,0.05,20.0,1e-06,2.3125672360507066,2.1884730184620826,1.9200418123855765,3.598661395657173,0.0012352320371278403,2.1872377864249546,112,0.07593670220573391,0.9892178925143941,0.9893078963035162,0.8519712550067032
Larger variation,48,320,8,0.7,0.5,144,208,320,diag,log_euclidean_gaussian_ar,44,36,3,3,10,8.0,0.03,0.05,20.0,1e-06,2.337786980031504,2.1746730114446993,1.8986169417592595,3.7798539099684443,0.0012352320371278403,2.1734377794075717,112,0.08401820455181104,0.9829801122250063,0.9830660253939725,0.8519712550067032
Larger variation,48,320,8,0.7,0.5,144,208,320,diag,bwar_barycenter,44,36,3,3,10,8.0,0.03,0.05,20.0,1e-06,1.9581678557592765,1.9299305831355038,1.7071282405864627,3.4510612172269775,0.001235232037127734,1.928695351098376,112,0.11769849450072654,0.8723533934587808,0.8723667596856293,0.85197125500663
Larger variation,49,320,8,0.7,0.5,144,208,320,diag,persistence,44,36,3,3,10,8.0,0.03,0.05,20.0,,1.8993170526227234,1.808774541606313,,,0.001819686011140665,1.8069548555951722,112,0.049999999999997574,1.0,1.0,1.0
Larger variation,49,320,8,0.7,0.5,144,208,320,diag,euclidean_gaussian_ar,44,36,3,3,10,8.0,0.03,0.05,20.0,1e-06,1.9911525708494215,1.8362273041004429,1.614449398500499,2.904567366087722,0.0015322905204476459,1.8346950135799953,112,0.11920970278439963,1.0151775480374408,1.015351882145216,0.8420631422489938
Larger variation,49,320,8,0.7,0.5,144,208,320,diag,cholesky_gaussian_ar,44,36,3,3,10,8.0,0.03,0.05,20.0,1e-06,1.9617132267213466,1.8510836134519302,1.5934895752809055,3.0544427347516,0.0015322905204476459,1.8495513229314824,112,0.08298453341947183,1.023391014674523,1.023573620118074,0.8420631422489938
Larger variation,49,320,8,0.7,0.5,144,208,320,diag,log_euclidean_gaussian_ar,44,36,3,3,10,8.0,0.03,0.05,20.0,1e-06,1.8824367204054364,1.7369548090241622,1.4677924185424096,2.9705642282965043,0.0015322905204476459,1.7354225185037144,112,0.0883072715973916,0.9602937066339013,0.9604127702084198,0.8420631422489938
Larger variation,49,320,8,0.7,0.5,144,208,320,diag,bwar_barycenter,44,36,3,3,10,8.0,0.03,0.05,20.0,1e-06,1.7309480879957464,1.59534747148142,1.3362998338849557,2.7541993100066318,0.0015322905204477194,1.5938151809609724,112,0.13251640357797964,0.8820046029974772,0.8820448258714265,0.8420631422490341
