origin,fit_end,val_end,test_end,horizon,source_index,target_index,method,window_length,ridge,raw_rmse,w2,min_pred_eig,reference_residual,reference_refreshed,reference_fallback
0,127,181,224,3,178,181,cholesky_gaussian_ar,181.0,0.1,0.2840255582671221,13.404226432037136,0.0970652281814561,,,
0,127,181,224,3,178,181,euclidean_gaussian_ar,181.0,1.0,0.2939329553451502,9.62310599709479,0.17739020404797992,,,
0,127,181,224,3,178,181,fixed_bwar,181.0,0.1,0.2867628092716921,10.887610517458693,0.09100928256385811,,,
0,127,181,224,3,178,181,local_bwar,24.0,0.1,0.1816797361389592,8.406284878418298,0.09610174640304982,5.468124700803897e-11,1.0,0.0
0,127,181,224,3,178,181,log_euclidean_gaussian_ar,181.0,0.1,0.2700336733771735,13.816369451069189,0.07930550291249136,,,
0,127,181,224,3,178,181,persistence,,,0.15559363219926212,11.886337637353648,0.04253534473373748,,,
0,127,181,224,3,178,181,raw_var_window_ar,72.0,10.0,0.5871146668923554,86.1565450097291,9.999999983064013e-09,,,
0,127,181,224,3,178,181,seasonal_window_naive,72.0,,0.15559363219926223,11.886413817552045,0.0425253547337351,,,
0,127,181,224,3,179,182,cholesky_gaussian_ar,181.0,0.1,0.41996802171158104,18.05067587648162,0.09459032140118617,,,
0,127,181,224,3,179,182,euclidean_gaussian_ar,181.0,1.0,0.37913283510426454,12.731375662044154,0.1791178758295927,,,
0,127,181,224,3,179,182,fixed_bwar,181.0,0.1,0.4214001357364856,15.308712205835626,0.09306335116721225,,,
0,127,181,224,3,179,182,local_bwar,24.0,0.1,0.300478607103054,11.160253494368853,0.08794425368555263,9.739157678321313e-10,1.0,0.0
0,127,181,224,3,179,182,log_euclidean_gaussian_ar,181.0,0.1,0.4100273020673604,20.09925811607015,0.08198699687106356,,,
0,127,181,224,3,179,182,persistence,,,0.5158154813891338,33.466793269153605,0.031071602170496242,,,
0,127,181,224,3,179,182,raw_var_window_ar,72.0,10.0,0.735547735834514,91.23714465437183,9.999999994067244e-09,,,
0,127,181,224,3,179,182,seasonal_window_naive,72.0,,0.5158154813891337,33.46689777548209,0.03106161217048355,,,
0,127,181,224,3,180,183,cholesky_gaussian_ar,181.0,0.1,0.5533128757762467,26.29875364375149,0.10165329086456341,,,
0,127,181,224,3,180,183,euclidean_gaussian_ar,181.0,1.0,0.49409934781891496,19.735785683539397,0.19358070600930707,,,
0,127,181,224,3,180,183,fixed_bwar,181.0,0.1,0.5366934468611703,21.975384379049423,0.10146976185206193,,,
0,127,181,224,3,180,183,local_bwar,24.0,0.1,0.4617826676637385,18.396767168741036,0.08617567152437276,9.156377426307832e-10,1.0,0.0
0,127,181,224,3,180,183,log_euclidean_gaussian_ar,181.0,0.1,0.5623770160066587,30.71126858866418,0.08037086058056202,,,
0,127,181,224,3,180,183,persistence,,,0.618739007405732,32.492747570726515,0.035558803873924905,,,
0,127,181,224,3,180,183,raw_var_window_ar,72.0,10.0,0.8583752140756757,97.1984687150574,9.999999947788643e-09,,,
0,127,181,224,3,180,183,seasonal_window_naive,72.0,,0.6187390074057322,32.492776405737374,0.035548813873921475,,,
0,127,181,224,3,181,184,cholesky_gaussian_ar,181.0,0.1,0.6547112434437172,31.80786758685789,0.13663887365129615,,,
0,127,181,224,3,181,184,euclidean_gaussian_ar,181.0,1.0,0.656701095548448,31.111174335434026,0.20117313300129247,,,
0,127,181,224,3,181,184,fixed_bwar,181.0,0.1,0.634044985566647,29.637061211213023,0.11486922421648499,,,
0,127,181,224,3,181,184,local_bwar,24.0,0.1,0.5577832105831712,24.98510436967689,0.08678415830566777,9.606182869187867e-10,1.0,0.0
0,127,181,224,3,181,184,log_euclidean_gaussian_ar,181.0,0.1,0.6737760751146522,33.76982756059395,0.09458991211753337,,,
0,127,181,224,3,181,184,persistence,,,0.50981870020101,32.57470689532012,0.037531691814572235,,,
0,127,181,224,3,181,184,raw_var_window_ar,72.0,10.0,0.9876448391288613,106.17503080901665,9.999999974904474e-09,,,
0,127,181,224,3,181,184,seasonal_window_naive,72.0,,0.5098187002010097,32.57473159078449,0.03752170181457343,,,
0,127,181,224,3,182,185,cholesky_gaussian_ar,181.0,0.1,0.8225985768521459,46.736123323817914,0.13477528875983574,,,
0,127,181,224,3,182,185,euclidean_gaussian_ar,181.0,1.0,0.842831039995872,47.56993553082651,0.17638129783255077,,,
0,127,181,224,3,182,185,fixed_bwar,181.0,0.1,0.8101315307183208,45.635842777405806,0.11252456898192366,,,
0,127,181,224,3,182,185,local_bwar,24.0,0.1,0.7321406021932889,39.79148527510489,0.0867108220681203,4.540174321174041e-11,1.0,0.0
0,127,181,224,3,182,185,log_euclidean_gaussian_ar,181.0,0.1,0.8315722097953441,46.647847691584346,0.09692237118173218,,,
0,127,181,224,3,182,185,persistence,,,0.6816791323040724,44.77456731053782,0.04072622436026174,,,
0,127,181,224,3,182,185,raw_var_window_ar,72.0,10.0,1.1638874642404187,134.23624759854565,9.999999988877452e-09,,,
0,127,181,224,3,182,185,seasonal_window_naive,72.0,,0.6816791323040724,44.774602861310605,0.04071623436026327,,,
0,127,181,224,3,183,186,cholesky_gaussian_ar,181.0,0.1,0.7325928131777937,49.52497907507578,0.0043710050335388105,,,
0,127,181,224,3,183,186,euclidean_gaussian_ar,181.0,1.0,0.7315392766327998,39.96280329546616,0.14021311625312047,,,
0,127,181,224,3,183,186,fixed_bwar,181.0,0.1,0.6920240609632535,37.271229199209735,0.09450434421022616,,,
0,127,181,224,3,183,186,local_bwar,24.0,0.1,0.6348996355293187,34.99574004896333,0.08934329525077683,7.03769051433883e-11,1.0,0.0
0,127,181,224,3,183,186,log_euclidean_gaussian_ar,181.0,0.1,0.6826572885496227,71.45576807588873,0.011816314237108418,,,
0,127,181,224,3,183,186,persistence,,,0.3896297731615597,24.540266219648814,9.999999999038756e-06,,,
0,127,181,224,3,183,186,raw_var_window_ar,72.0,10.0,1.0501972693046027,123.14548102653893,9.999999986380495e-09,,,
0,127,181,224,3,183,186,seasonal_window_naive,72.0,,0.38962977316155967,24.54028229123299,9.999999974120177e-09,,,
0,127,181,224,3,184,187,cholesky_gaussian_ar,181.0,0.1,0.4817888048389638,31.593119113709207,0.0036993378503674583,,,
0,127,181,224,3,184,187,euclidean_gaussian_ar,181.0,1.0,0.45220600924763904,19.24953695257342,9.999999800339928e-09,,,
0,127,181,224,3,184,187,fixed_bwar,181.0,0.1,0.46370348292748886,20.590153543956955,0.09267951588074416,,,
0,127,181,224,3,184,187,local_bwar,24.0,0.1,0.40433958330784553,16.86714903355501,0.088193136173197,1.6890097184843776e-10,1.0,0.0
0,127,181,224,3,184,187,log_euclidean_gaussian_ar,181.0,0.1,0.4662007445706922,58.87351181121027,0.00749308156859284,,,
0,127,181,224,3,184,187,persistence,,,0.21192256823801936,11.033771846103805,9.999999999843752e-06,,,
0,127,181,224,3,184,187,raw_var_window_ar,72.0,10.0,0.8078239570002415,106.37927322019694,9.999999999011523e-09,,,
0,127,181,224,3,184,187,seasonal_window_naive,72.0,,0.21192256823801928,11.038034037850531,1.0000000190460326e-08,,,
0,127,181,224,3,185,188,cholesky_gaussian_ar,181.0,0.1,0.2953365558283659,12.499132274126247,0.0027004340051027457,,,
0,127,181,224,3,185,188,euclidean_gaussian_ar,181.0,1.0,0.4523189135936615,16.936656851896046,9.999999921175678e-09,,,
0,127,181,224,3,185,188,fixed_bwar,181.0,0.1,0.3905878731625912,12.057301424343425,0.09058975345446373,,,
0,127,181,224,3,185,188,local_bwar,24.0,0.1,0.4945572683485466,16.830152478825664,0.08804512247083293,3.3961041573034585e-10,1.0,0.0
0,127,181,224,3,185,188,log_euclidean_gaussian_ar,181.0,0.1,0.3792016307554419,30.728110241614498,0.006643565198168421,,,
0,127,181,224,3,185,188,persistence,,,0.8924562980394541,53.45455559518646,9.999999999558016e-06,,,
0,127,181,224,3,185,188,raw_var_window_ar,72.0,10.0,0.34476498423043017,55.842854689945185,9.99999998771157e-09,,,
0,127,181,224,3,185,188,seasonal_window_naive,72.0,,0.8924562980394541,53.458529801335985,9.999999891995536e-09,,,
0,127,181,224,3,186,189,cholesky_gaussian_ar,181.0,0.1,0.29088408293313905,15.026121003957893,0.0021574586811088877,,,
0,127,181,224,3,186,189,euclidean_gaussian_ar,181.0,1.0,0.47044033481667724,17.017856207019413,1.0000000233161631e-08,,,
0,127,181,224,3,186,189,fixed_bwar,181.0,0.1,0.3444555834724145,10.547192702427346,0.09136412328013914,,,
0,127,181,224,3,186,189,local_bwar,24.0,0.1,0.5253369148513314,19.471377824180657,0.0847555763593803,5.663169327523186e-10,1.0,0.0
0,127,181,224,3,186,189,log_euclidean_gaussian_ar,181.0,0.1,0.4275808586702737,42.815351094112714,0.0053738042283875,,,
0,127,181,224,3,186,189,persistence,,,0.8492634833702957,57.02287805298671,9.999999999558107e-06,,,
0,127,181,224,3,186,189,raw_var_window_ar,72.0,10.0,0.4755599770852347,69.34179840308855,9.999999995228793e-09,,,
0,127,181,224,3,186,189,seasonal_window_naive,72.0,,0.8492634833702956,57.02728294649624,1.0000000021432078e-08,,,
0,127,181,224,3,187,190,cholesky_gaussian_ar,181.0,0.1,0.2468255482687382,9.958891184325076,0.10878737043543371,,,
0,127,181,224,3,187,190,euclidean_gaussian_ar,181.0,1.0,0.3080963870189034,11.465686625576247,9.999999715186181e-09,,,
0,127,181,224,3,187,190,fixed_bwar,181.0,0.1,0.30367421494771324,10.079483129445872,0.10564463579006822,,,
0,127,181,224,3,187,190,local_bwar,24.0,0.1,0.472189342770039,18.00879712099762,0.08541561156543809,5.82168564957197e-10,1.0,0.0
0,127,181,224,3,187,190,log_euclidean_gaussian_ar,181.0,0.1,0.26773460139106187,13.192748897350334,0.08661169233612041,,,
0,127,181,224,3,187,190,persistence,,,0.5878985462153022,32.65412947055406,0.038615806960128424,,,
0,127,181,224,3,187,190,raw_var_window_ar,72.0,10.0,0.5366475133070988,78.390356045011,9.999999933621688e-09,,,
0,127,181,224,3,187,190,seasonal_window_naive,72.0,,0.5878985462153022,32.6541823781762,0.03860581696013723,,,
0,127,181,224,3,188,191,cholesky_gaussian_ar,181.0,0.1,0.39519966613251833,17.834035859051806,0.10517853505355845,,,
0,127,181,224,3,188,191,euclidean_gaussian_ar,181.0,1.0,0.5080251068743097,17.860420129278147,0.15931060834001273,,,
0,127,181,224,3,188,191,fixed_bwar,181.0,0.1,0.33480854093580503,12.639331991332911,0.09814202797266183,,,
0,127,181,224,3,188,191,local_bwar,24.0,0.1,0.2336487766389173,10.248781935004017,0.08258171390339109,7.312239710168073e-10,1.0,0.0
0,127,181,224,3,188,191,log_euclidean_gaussian_ar,181.0,0.1,0.3406585267037687,22.58404255726071,0.08772775315161602,,,
0,127,181,224,3,188,191,persistence,,,0.45185054576518086,19.85366156380678,0.03657682181150887,,,
0,127,181,224,3,188,191,raw_var_window_ar,72.0,10.0,0.7743649331866845,92.5130745948769,9.999999941810843e-09,,,
0,127,181,224,3,188,191,seasonal_window_naive,72.0,,0.4518505457651807,19.853774281652747,0.03656683181150857,,,
0,127,181,224,3,189,192,cholesky_gaussian_ar,181.0,0.1,0.5913750475249724,31.943598720026763,0.10572372589713935,,,
0,127,181,224,3,189,192,euclidean_gaussian_ar,181.0,1.0,0.6131716440259685,25.914101232737103,0.1896910920228991,,,
0,127,181,224,3,189,192,fixed_bwar,181.0,0.1,0.591802159236462,28.137115108907903,0.09452368059699395,,,
0,127,181,224,3,189,192,local_bwar,24.0,0.1,0.25939190248324984,11.052707078560244,0.08341702979404604,8.731063394404038e-10,1.0,0.0
0,127,181,224,3,189,192,log_euclidean_gaussian_ar,181.0,0.1,0.5644275320394949,38.63840252121009,0.0739886790976425,,,
0,127,181,224,3,189,192,persistence,,,0.6903893010587754,33.24945968957603,0.026875865375861435,,,
0,127,181,224,3,189,192,raw_var_window_ar,72.0,10.0,0.960783116745106,122.4798868043975,9.99999997368924e-09,,,
0,127,181,224,3,189,192,seasonal_window_naive,72.0,,0.6903893010587754,33.249607368385206,0.026865875375871345,,,
0,127,181,224,3,190,193,cholesky_gaussian_ar,181.0,0.1,0.5284085058351151,26.574466772045767,0.11423284146400522,,,
0,127,181,224,3,190,193,euclidean_gaussian_ar,181.0,1.0,0.5309139068556297,24.25085974020397,0.18909907372542578,,,
0,127,181,224,3,190,193,fixed_bwar,181.0,0.1,0.5550344258192741,26.276242644602135,0.09716737520592952,,,
0,127,181,224,3,190,193,local_bwar,24.0,0.1,0.34891204770879236,14.768894462096943,0.08586953064248412,7.850768970677918e-10,1.0,0.0
0,127,181,224,3,190,193,log_euclidean_gaussian_ar,181.0,0.1,0.5398979206677276,31.12363676538199,0.07695089304278048,,,
0,127,181,224,3,190,193,persistence,,,0.697146369605924,40.1693274686491,0.032326855367465254,,,
0,127,181,224,3,190,193,raw_var_window_ar,72.0,10.0,0.9435824275446714,110.42040194800941,9.999999998749249e-09,,,
0,127,181,224,3,190,193,seasonal_window_naive,72.0,,0.697146369605924,40.169402450042234,0.032316865367467584,,,
0,127,181,224,3,191,194,cholesky_gaussian_ar,181.0,0.1,0.35076318714674665,17.086015011989595,0.12652405557402052,,,
0,127,181,224,3,191,194,euclidean_gaussian_ar,181.0,1.0,0.36974247746705696,16.95345546205736,0.20106796761817505,,,
0,127,181,224,3,191,194,fixed_bwar,181.0,0.1,0.3954457103044383,18.67756495408669,0.102638914893963,,,
0,127,181,224,3,191,194,local_bwar,24.0,0.1,0.2959872920979711,12.984581190283972,0.08793836493641455,7.559820781063786e-10,1.0,0.0
0,127,181,224,3,191,194,log_euclidean_gaussian_ar,181.0,0.1,0.3780937745207688,20.984086771036697,0.07816973003156558,,,
0,127,181,224,3,191,194,persistence,,,0.41593949795438256,25.216786955521336,0.03602546388772396,,,
0,127,181,224,3,191,194,raw_var_window_ar,72.0,10.0,0.8345222904192797,111.80196248310682,9.999999998860273e-09,,,
0,127,181,224,3,191,194,seasonal_window_naive,72.0,,0.41593949795438256,25.21683509890355,0.03601547388772103,,,
0,127,181,224,3,192,195,cholesky_gaussian_ar,181.0,0.1,0.21177035966766097,9.783438921665404,0.13089209996371914,,,
0,127,181,224,3,192,195,euclidean_gaussian_ar,181.0,1.0,0.13824001008153744,8.42679896917951,0.1610067778926363,,,
0,127,181,224,3,192,195,fixed_bwar,181.0,0.1,0.25510803556972916,9.445995785554453,0.12070372001446321,,,
0,127,181,224,3,192,195,local_bwar,24.0,0.1,0.2255606103209572,9.379738633354581,0.09007762753475149,7.765616868295323e-10,1.0,0.0
0,127,181,224,3,192,195,log_euclidean_gaussian_ar,181.0,0.1,0.18928179076275145,9.306255773269607,0.10025707531450911,,,
0,127,181,224,3,192,195,persistence,,,0.43275206681282347,20.737807975187096,0.03798753098823863,,,
0,127,181,224,3,192,195,raw_var_window_ar,72.0,10.0,0.587122762465185,90.68197371010083,9.999999975741796e-09,,,
0,127,181,224,3,192,195,seasonal_window_naive,72.0,,0.4327520668128235,20.73782802423252,0.03797754098824008,,,
0,127,181,224,3,193,196,cholesky_gaussian_ar,181.0,0.1,0.31427824804651444,18.85680162643661,0.10607358834170033,,,
0,127,181,224,3,193,196,euclidean_gaussian_ar,181.0,1.0,0.32445815222792856,16.65025358395408,0.05702375244676373,,,
0,127,181,224,3,193,196,fixed_bwar,181.0,0.1,0.2935261934020313,15.22322873051057,0.10587182939573937,,,
0,127,181,224,3,193,196,local_bwar,24.0,0.1,0.31092701006527745,15.669439397025705,0.0929659354533155,7.724068707450165e-10,1.0,0.0
0,127,181,224,3,193,196,log_euclidean_gaussian_ar,181.0,0.1,0.3007025639482903,20.305438790806054,0.09213362291805598,,,
0,127,181,224,3,193,196,persistence,,,0.6204432347370552,42.954459932777084,0.01922086688389354,,,
0,127,181,224,3,193,196,raw_var_window_ar,72.0,10.0,0.7890223951031281,111.6645560084374,9.999999976503905e-09,,,
0,127,181,224,3,193,196,seasonal_window_naive,72.0,,0.620443234737055,42.954584969867696,0.019210876883885415,,,
0,127,181,224,3,194,197,cholesky_gaussian_ar,181.0,0.1,0.31591474188042945,19.499636493002814,0.12150465985300668,,,
0,127,181,224,3,194,197,euclidean_gaussian_ar,181.0,1.0,0.3535394278632896,19.01055095295041,0.014959730788249507,,,
0,127,181,224,3,194,197,fixed_bwar,181.0,0.1,0.2995443446688114,16.6302876921882,0.11078328863551754,,,
0,127,181,224,3,194,197,local_bwar,24.0,0.1,0.37510893737014783,20.40671238149513,0.0893031405218167,8.517283026958661e-10,1.0,0.0
0,127,181,224,3,194,197,log_euclidean_gaussian_ar,181.0,0.1,0.2923835837541716,17.631028953793937,0.09447388531535048,,,
0,127,181,224,3,194,197,persistence,,,0.5630609969879007,39.9598168107952,0.015871445187360958,,,
0,127,181,224,3,194,197,raw_var_window_ar,72.0,10.0,0.8727440105493932,119.78681697616294,9.999999914274635e-09,,,
0,127,181,224,3,194,197,seasonal_window_naive,72.0,,0.5630609969879006,39.959950370932404,0.015861455187358903,,,
0,127,181,224,3,195,198,cholesky_gaussian_ar,181.0,0.1,0.34385909382521607,17.11557552907492,0.12171640468166361,,,
0,127,181,224,3,195,198,euclidean_gaussian_ar,181.0,1.0,0.282998856138627,12.333258730671009,0.20174556387079934,,,
0,127,181,224,3,195,198,fixed_bwar,181.0,0.1,0.3622592457370777,15.533471168386063,0.10370879772701222,,,
0,127,181,224,3,195,198,local_bwar,24.0,0.1,0.33065185765725863,15.48893389878873,0.08990794883518141,9.413343072904368e-10,1.0,0.0
0,127,181,224,3,195,198,log_euclidean_gaussian_ar,181.0,0.1,0.33332096392575883,16.955707148640954,0.0878881307068738,,,
0,127,181,224,3,195,198,persistence,,,0.3336157885980393,15.483284655878922,0.01985175650150109,,,
0,127,181,224,3,195,198,raw_var_window_ar,72.0,10.0,0.9149526743760543,114.33493661046109,9.999999987725978e-09,,,
0,127,181,224,3,195,198,seasonal_window_naive,72.0,,0.33361578859803925,15.483418733341562,0.019841766501498423,,,
0,127,181,224,3,196,199,cholesky_gaussian_ar,181.0,0.1,0.41183637070035095,16.492577388174716,0.1163835895508147,,,
0,127,181,224,3,196,199,euclidean_gaussian_ar,181.0,1.0,0.31227251746303375,12.746525789717346,0.22253750421284144,,,
0,127,181,224,3,196,199,fixed_bwar,181.0,0.1,0.3756704002895599,13.293676573376597,0.1082394107030985,,,
0,127,181,224,3,196,199,local_bwar,24.0,0.1,0.3851895481618858,13.723851868651733,0.08895415645088746,9.679365609318891e-10,1.0,0.0
0,127,181,224,3,196,199,log_euclidean_gaussian_ar,181.0,0.1,0.3898858415905063,15.518694549392032,0.07921555745680664,,,
0,127,181,224,3,196,199,persistence,,,0.530278804975373,29.605715550299117,0.04019884868911989,,,
0,127,181,224,3,196,199,raw_var_window_ar,72.0,10.0,1.0734268764306938,127.45316509505668,9.99999999574669e-09,,,
0,127,181,224,3,196,199,seasonal_window_naive,72.0,,0.5302788049753728,29.605814279437045,0.040188858689119304,,,
0,127,181,224,3,197,200,cholesky_gaussian_ar,181.0,0.1,0.4966791170564354,17.882148602014347,0.12370463959106294,,,
0,127,181,224,3,197,200,euclidean_gaussian_ar,181.0,1.0,0.5218282508235841,24.31248911415699,0.23260445598418406,,,
0,127,181,224,3,197,200,fixed_bwar,181.0,0.1,0.48391568576882726,18.409990987684242,0.113632749882243,,,
0,127,181,224,3,197,200,local_bwar,24.0,0.1,0.5327505024963985,20.95796826634441,0.09080458148895221,8.708066523427746e-10,1.0,0.0
0,127,181,224,3,197,200,log_euclidean_gaussian_ar,181.0,0.1,0.4825387967801471,15.17397217610611,0.08164297737916686,,,
0,127,181,224,3,197,200,persistence,,,0.6998287022062896,49.98736966141418,0.05067816859772769,,,
0,127,181,224,3,197,200,raw_var_window_ar,72.0,10.0,1.1821197373595393,128.31397336502468,9.999999979777843e-09,,,
0,127,181,224,3,197,200,seasonal_window_naive,72.0,,0.6998287022062896,49.98743095988724,0.05066817859772825,,,
0,127,181,224,3,198,201,cholesky_gaussian_ar,181.0,0.1,0.43683096447834524,14.921435254114574,0.12522383650917288,,,
0,127,181,224,3,198,201,euclidean_gaussian_ar,181.0,1.0,0.4175722885673403,16.2733214420335,0.22589105689368394,,,
0,127,181,224,3,198,201,fixed_bwar,181.0,0.1,0.4078306361323093,14.141909785804598,0.1158818620949208,,,
0,127,181,224,3,198,201,local_bwar,24.0,0.1,0.4684457732886935,17.381233170211008,0.08820238598037038,8.471197780571607e-10,1.0,0.0
0,127,181,224,3,198,201,log_euclidean_gaussian_ar,181.0,0.1,0.4443667489788709,14.64865793372644,0.08164598353946853,,,
0,127,181,224,3,198,201,persistence,,,0.503044255897485,29.429280307258196,0.05534240930857545,,,
0,127,181,224,3,198,201,raw_var_window_ar,72.0,10.0,1.0500533225607616,127.73963886949467,9.999999996918428e-09,,,
0,127,181,224,3,198,201,seasonal_window_naive,72.0,,0.5030442558974851,29.42934055972606,0.05533241930856584,,,
0,127,181,224,3,199,202,cholesky_gaussian_ar,181.0,0.1,0.18612011553991842,8.923103249758693,0.13087239326499536,,,
0,127,181,224,3,199,202,euclidean_gaussian_ar,181.0,1.0,0.17409870084978177,8.00302423777401,0.221725176138893,,,
0,127,181,224,3,199,202,fixed_bwar,181.0,0.1,0.18098333796453178,8.052673627094908,0.12205061250678957,,,
0,127,181,224,3,199,202,local_bwar,24.0,0.1,0.22282152259295374,9.912621404201378,0.08816079683792995,9.100139405026132e-10,1.0,0.0
0,127,181,224,3,199,202,log_euclidean_gaussian_ar,181.0,0.1,0.206227593906925,10.126152859477413,0.08260389248772686,,,
0,127,181,224,3,199,202,persistence,,,0.30133833341790156,16.207711374994275,0.04448702088367999,,,
0,127,181,224,3,199,202,raw_var_window_ar,72.0,10.0,0.6605088411346617,94.50600370270601,9.999999981750136e-09,,,
0,127,181,224,3,199,202,seasonal_window_naive,72.0,,0.30133833341790167,16.2077546008504,0.04447703088368013,,,
0,127,181,224,3,200,203,cholesky_gaussian_ar,181.0,0.1,0.2935594559143199,15.693674393927068,0.11827442633135353,,,
0,127,181,224,3,200,203,euclidean_gaussian_ar,181.0,1.0,0.32800534644195023,16.94270767457907,0.2050754670533427,,,
0,127,181,224,3,200,203,fixed_bwar,181.0,0.1,0.2897267258499466,14.069321280187037,0.11859700848975016,,,
0,127,181,224,3,200,203,local_bwar,24.0,0.1,0.34124745318063787,17.103357915481794,0.08728803172498881,9.974245441608353e-10,1.0,0.0
0,127,181,224,3,200,203,log_euclidean_gaussian_ar,181.0,0.1,0.3010425251565957,16.89284892443726,0.08480738995248903,,,
0,127,181,224,3,200,203,persistence,,,0.7114628296881536,49.15477589747138,0.047019594503139195,,,
0,127,181,224,3,200,203,raw_var_window_ar,72.0,10.0,0.7371065747693598,106.65742296512416,9.999999994687664e-09,,,
0,127,181,224,3,200,203,seasonal_window_naive,72.0,,0.7114628296881537,49.154840997036715,0.04700960450313648,,,
0,127,181,224,3,201,204,cholesky_gaussian_ar,181.0,0.1,0.3442026775225605,18.382375358964747,0.12639089149467791,,,
0,127,181,224,3,201,204,euclidean_gaussian_ar,181.0,1.0,0.3543438008849479,18.89330783924542,0.21076673683895822,,,
0,127,181,224,3,201,204,fixed_bwar,181.0,0.1,0.3388785693269558,16.82770865655254,0.12556173063309958,,,
0,127,181,224,3,201,204,local_bwar,24.0,0.1,0.43319309664716177,23.883351442201235,0.08667573797473506,9.77795486644746e-10,1.0,0.0
0,127,181,224,3,201,204,log_euclidean_gaussian_ar,181.0,0.1,0.35065533668376825,20.10721168150367,0.09094106403789898,,,
0,127,181,224,3,201,204,persistence,,,0.6684472357840767,46.03777171222204,0.03952098487615551,,,
0,127,181,224,3,201,204,raw_var_window_ar,72.0,10.0,0.8337371211813942,110.16193160847533,9.999999960980574e-09,,,
0,127,181,224,3,201,204,seasonal_window_naive,72.0,,0.6684472357840765,46.03782881371035,0.03951099487615509,,,
0,127,181,224,3,202,205,cholesky_gaussian_ar,181.0,0.1,0.3658881634533701,15.154450605452958,0.1280994703644332,,,
0,127,181,224,3,202,205,euclidean_gaussian_ar,181.0,1.0,0.2955813664107956,11.543553633782068,0.21379038109146545,,,
0,127,181,224,3,202,205,fixed_bwar,181.0,0.1,0.36950581613619793,13.301410869871104,0.11202954677140146,,,
0,127,181,224,3,202,205,local_bwar,24.0,0.1,0.3256629014395627,14.905331001324424,0.09015326051101843,8.886634028325199e-11,1.0,0.0
0,127,181,224,3,202,205,log_euclidean_gaussian_ar,181.0,0.1,0.40957092193536876,18.312993744681677,0.08669198121015137,,,
0,127,181,224,3,202,205,persistence,,,0.21170952345056118,13.65137798271051,0.04223678446629988,,,
0,127,181,224,3,202,205,raw_var_window_ar,72.0,10.0,0.9387777151414702,109.49577883546075,9.999999982116931e-09,,,
0,127,181,224,3,202,205,seasonal_window_naive,72.0,,0.2117095234505612,13.651470366188214,0.04222679446630056,,,
0,127,181,224,3,203,206,cholesky_gaussian_ar,181.0,0.1,0.5660048718173085,26.871612875136165,0.1272327072157219,,,
0,127,181,224,3,203,206,euclidean_gaussian_ar,181.0,1.0,0.46464524366285975,19.8628560914131,0.22857570790590503,,,
0,127,181,224,3,203,206,fixed_bwar,181.0,0.1,0.5654051627369711,25.171752096329904,0.1073823194267891,,,
0,127,181,224,3,203,206,local_bwar,24.0,0.1,0.3586792747814297,14.133811295714487,0.08978009453170435,9.515380083546373e-11,1.0,0.0
0,127,181,224,3,203,206,log_euclidean_gaussian_ar,181.0,0.1,0.553104975120049,24.02075768094847,0.07779435207623567,,,
0,127,181,224,3,203,206,persistence,,,0.586766525043878,37.38989416919928,0.032898128118625775,,,
0,127,181,224,3,203,206,raw_var_window_ar,72.0,10.0,1.0888913296706002,140.34217024953324,9.999999982883312e-09,,,
0,127,181,224,3,203,206,seasonal_window_naive,72.0,,0.5867665250438779,37.390022128851164,0.032888138118626425,,,
0,127,181,224,3,204,207,cholesky_gaussian_ar,181.0,0.1,0.5599250003254924,26.213832805959274,0.11689392159642,,,
0,127,181,224,3,204,207,euclidean_gaussian_ar,181.0,1.0,0.4693983774599996,23.32634913883868,0.227876829681339,,,
0,127,181,224,3,204,207,fixed_bwar,181.0,0.1,0.5662338021694148,25.320770229058972,0.1031708639831417,,,
0,127,181,224,3,204,207,local_bwar,24.0,0.1,0.38701712281346123,16.47484033764604,0.09317785286346497,9.849618838825432e-10,1.0,0.0
0,127,181,224,3,204,207,log_euclidean_gaussian_ar,181.0,0.1,0.5368477091223102,21.878960235100344,0.07597125468140173,,,
0,127,181,224,3,204,207,persistence,,,0.7038829710178393,53.58203114215182,0.05066011877411176,,,
0,127,181,224,3,204,207,raw_var_window_ar,72.0,10.0,1.0371178381043216,119.35008819180428,9.99999999449302e-09,,,
0,127,181,224,3,204,207,seasonal_window_naive,72.0,,0.7038829710178391,53.58210935176275,0.05065012877410986,,,
0,127,181,224,3,205,208,cholesky_gaussian_ar,181.0,0.1,0.31878082512805,15.345616782240626,0.122449706861371,,,
0,127,181,224,3,205,208,euclidean_gaussian_ar,181.0,1.0,0.3556697237204056,16.89749860776471,0.23031390757041484,,,
0,127,181,224,3,205,208,fixed_bwar,181.0,0.1,0.3297997131168574,15.349804459283025,0.10881386091298026,,,
0,127,181,224,3,205,208,local_bwar,24.0,0.1,0.27906426768588727,12.748508535311945,0.09887627740434206,7.61351786648465e-10,1.0,0.0
0,127,181,224,3,205,208,log_euclidean_gaussian_ar,181.0,0.1,0.3056635456935336,13.337653775440117,0.07494380764943492,,,
0,127,181,224,3,205,208,persistence,,,0.4337764511654065,28.636418143796547,0.07569220471851602,,,
0,127,181,224,3,205,208,raw_var_window_ar,72.0,10.0,0.6652029563028382,90.11046063474167,9.999999974080984e-09,,,
0,127,181,224,3,205,208,seasonal_window_naive,72.0,,0.4337764511654065,28.63644975968349,0.07568221471851562,,,
0,127,181,224,3,206,209,cholesky_gaussian_ar,181.0,0.1,0.19253049001505126,8.903880815615253,0.12070456623262993,,,
0,127,181,224,3,206,209,euclidean_gaussian_ar,181.0,1.0,0.19104525830378868,8.87558730036117,0.18812682152174023,,,
0,127,181,224,3,206,209,fixed_bwar,181.0,0.1,0.3134219737349773,11.840176425173107,0.12609026036472867,,,
0,127,181,224,3,206,209,local_bwar,24.0,0.1,0.2623711847293455,10.625812245108357,0.10213103080214572,6.563319330738443e-10,1.0,0.0
0,127,181,224,3,206,209,log_euclidean_gaussian_ar,181.0,0.1,0.17882259747073823,8.596337930273567,0.08809088785482033,,,
0,127,181,224,3,206,209,persistence,,,0.5796790799955877,32.65033305450456,0.06398795189497107,,,
0,127,181,224,3,206,209,raw_var_window_ar,72.0,10.0,0.5204431854306022,78.67365429405447,9.999999982525383e-09,,,
0,127,181,224,3,206,209,seasonal_window_naive,72.0,,0.5796790799955878,32.650323003340986,0.0639779618949704,,,
0,127,181,224,3,207,210,cholesky_gaussian_ar,181.0,0.1,0.2991928054260032,16.38661005032711,0.11631990139357455,,,
0,127,181,224,3,207,210,euclidean_gaussian_ar,181.0,1.0,0.3014956603255523,14.776593344733953,0.1661467264535461,,,
0,127,181,224,3,207,210,fixed_bwar,181.0,0.1,0.2799133260581641,13.505537244361118,0.11885528563033396,,,
0,127,181,224,3,207,210,local_bwar,24.0,0.1,0.3085449675540314,14.78274127045847,0.10452642965021057,3.2187406401785714e-10,1.0,0.0
0,127,181,224,3,207,210,log_euclidean_gaussian_ar,181.0,0.1,0.30445389096268016,18.41544193894093,0.09290121429431958,,,
0,127,181,224,3,207,210,persistence,,,0.6610921775283234,47.12567976324309,0.03412547261151572,,,
0,127,181,224,3,207,210,raw_var_window_ar,72.0,10.0,0.7557067437810545,114.36590367494586,9.99999999744576e-09,,,
0,127,181,224,3,207,210,seasonal_window_naive,72.0,,0.6610921775283234,47.125747957944675,0.03411548261152305,,,
0,127,181,224,3,208,211,cholesky_gaussian_ar,181.0,0.1,0.42149321934532796,23.00245910988158,0.11903669285127443,,,
0,127,181,224,3,208,211,euclidean_gaussian_ar,181.0,1.0,0.5527051421511403,25.993996317085887,0.06033149165994332,,,
0,127,181,224,3,208,211,fixed_bwar,181.0,0.1,0.33058184129147733,16.438141520095975,0.11717842086961452,,,
0,127,181,224,3,208,211,local_bwar,24.0,0.1,0.37979346715721674,18.49639417653782,0.11025789146380464,1.5478732501733475e-10,1.0,0.0
0,127,181,224,3,208,211,log_euclidean_gaussian_ar,181.0,0.1,0.4060355881674634,23.167240027923942,0.09642093952596353,,,
0,127,181,224,3,208,211,persistence,,,0.5642028913881848,39.21300750749849,0.028809862308647557,,,
0,127,181,224,3,208,211,raw_var_window_ar,72.0,10.0,0.9041505657188749,128.45225840175044,9.99999997549197e-09,,,
0,127,181,224,3,208,211,seasonal_window_naive,72.0,,0.5642028913881847,39.21311402581791,0.028799872308657888,,,
0,127,181,224,3,209,212,cholesky_gaussian_ar,181.0,0.1,0.43196677413966766,20.114630425485217,0.1225918524192921,,,
0,127,181,224,3,209,212,euclidean_gaussian_ar,181.0,1.0,0.5120056906495539,19.74630188078818,0.2002052281188745,,,
0,127,181,224,3,209,212,fixed_bwar,181.0,0.1,0.40094642419339593,16.721177897357443,0.10605421539860925,,,
0,127,181,224,3,209,212,local_bwar,24.0,0.1,0.3428254267850898,15.091202830801821,0.11012856505085583,6.094862659626756e-11,1.0,0.0
0,127,181,224,3,209,212,log_euclidean_gaussian_ar,181.0,0.1,0.4236395736352019,21.718834984138553,0.08915180035644649,,,
0,127,181,224,3,209,212,persistence,,,0.3619136149557858,17.64875216467254,0.038430199688810236,,,
0,127,181,224,3,209,212,raw_var_window_ar,72.0,10.0,0.9132551613457813,114.4789141965505,9.999999992151143e-09,,,
0,127,181,224,3,209,212,seasonal_window_naive,72.0,,0.3619136149557858,17.64888828682827,0.038420209688810575,,,
0,127,181,224,3,210,213,cholesky_gaussian_ar,181.0,0.1,0.4306475407527378,19.59344148587264,0.13122102498592195,,,
0,127,181,224,3,210,213,euclidean_gaussian_ar,181.0,1.0,0.41495454937111836,19.066928874969584,0.23817486702036922,,,
0,127,181,224,3,210,213,fixed_bwar,181.0,0.1,0.3986078669691097,16.981050547054444,0.11264995582823537,,,
0,127,181,224,3,210,213,local_bwar,24.0,0.1,0.3095188969321114,13.034339436236499,0.11530825761529957,8.857168874880913e-10,1.0,0.0
0,127,181,224,3,210,213,log_euclidean_gaussian_ar,181.0,0.1,0.457113886227522,20.042966190463815,0.08581598006123993,,,
0,127,181,224,3,210,213,persistence,,,0.4680115939519258,29.692163185828736,0.031146684897890076,,,
0,127,181,224,3,210,213,raw_var_window_ar,72.0,10.0,0.9721148201935667,129.29390428909076,9.999999999228087e-09,,,
0,127,181,224,3,210,213,seasonal_window_naive,72.0,,0.46801159395192576,29.692312089909166,0.03113669489789425,,,
0,127,181,224,3,211,214,cholesky_gaussian_ar,181.0,0.1,0.5619829075943227,27.38865481250751,0.14081755637231966,,,
0,127,181,224,3,211,214,euclidean_gaussian_ar,181.0,1.0,0.5981744544506983,34.75183312138111,0.25330020186544744,,,
0,127,181,224,3,211,214,fixed_bwar,181.0,0.1,0.5258345626944814,25.93982741860934,0.11573853603933336,,,
0,127,181,224,3,211,214,local_bwar,24.0,0.1,0.4834492786930014,24.011856620151118,0.1195341790448584,8.809116365861258e-10,1.0,0.0
0,127,181,224,3,211,214,log_euclidean_gaussian_ar,181.0,0.1,0.5771533949190585,24.882371013969696,0.0888757898539985,,,
0,127,181,224,3,211,214,persistence,,,0.6961103070623832,54.59995470741902,0.05389140002494086,,,
0,127,181,224,3,211,214,raw_var_window_ar,72.0,10.0,1.2245617440117322,140.2212607196098,9.999999899095563e-09,,,
0,127,181,224,3,211,214,seasonal_window_naive,72.0,,0.6961103070623832,54.600034274716705,0.05388141002494008,,,
0,127,181,224,3,212,215,cholesky_gaussian_ar,181.0,0.1,0.5174429683026714,25.743696497364958,0.1444427439341602,,,
0,127,181,224,3,212,215,euclidean_gaussian_ar,181.0,1.0,0.559810843607202,30.327910823177923,0.23458234242503403,,,
0,127,181,224,3,212,215,fixed_bwar,181.0,0.1,0.5023563222900764,24.610210613395395,0.11439780499815003,,,
0,127,181,224,3,212,215,local_bwar,24.0,0.1,0.4296940981078464,22.812188116365363,0.12474955939196287,8.811005194716779e-10,1.0,0.0
0,127,181,224,3,212,215,log_euclidean_gaussian_ar,181.0,0.1,0.5318272488328403,23.674431988034215,0.09492239201602827,,,
0,127,181,224,3,212,215,persistence,,,0.5924209709657083,40.369120409481944,0.03800966231091705,,,
0,127,181,224,3,212,215,raw_var_window_ar,72.0,10.0,1.0046026164918191,134.5472393817781,9.999999992897578e-09,,,
0,127,181,224,3,212,215,seasonal_window_naive,72.0,,0.5924209709657082,40.36919321632686,0.037999672310915215,,,
0,127,181,224,3,213,216,cholesky_gaussian_ar,181.0,0.1,0.1910599412764867,11.01336357365316,0.12940200675774988,,,
0,127,181,224,3,213,216,euclidean_gaussian_ar,181.0,1.0,0.23349825980566996,11.626021280674118,0.20266835802957592,,,
0,127,181,224,3,213,216,fixed_bwar,181.0,0.1,0.2962910222609552,11.584541617439594,0.12879712818846742,,,
0,127,181,224,3,213,216,local_bwar,24.0,0.1,0.18483617272521857,9.349237747717766,0.1259031330451952,8.536607723974579e-10,1.0,0.0
0,127,181,224,3,213,216,log_euclidean_gaussian_ar,181.0,0.1,0.19979885725541294,10.161169402655545,0.10158660237345259,,,
0,127,181,224,3,213,216,persistence,,,0.39488559328104633,17.09083433902525,0.06482568259984384,,,
0,127,181,224,3,213,216,raw_var_window_ar,72.0,10.0,0.5995368533848089,95.1975488275765,9.999999883569884e-09,,,
0,127,181,224,3,213,216,seasonal_window_naive,72.0,,0.3948855932810464,17.090848165176215,0.06481569259984174,,,
0,127,181,224,3,214,217,cholesky_gaussian_ar,181.0,0.1,0.3063723310293673,14.814417162651935,0.10988844169223971,,,
0,127,181,224,3,214,217,euclidean_gaussian_ar,181.0,1.0,0.2922167648614903,14.066246536201298,0.16814826443200484,,,
0,127,181,224,3,214,217,fixed_bwar,181.0,0.1,0.3665289757403663,15.326377429558283,0.12630956264700297,,,
0,127,181,224,3,214,217,local_bwar,24.0,0.1,0.3010249483355745,12.299194850532842,0.1225420279472919,9.081238590359876e-10,1.0,0.0
0,127,181,224,3,214,217,log_euclidean_gaussian_ar,181.0,0.1,0.2663113981191578,11.732080301859824,0.10403545698890918,,,
0,127,181,224,3,214,217,persistence,,,0.7811998252512773,58.49207575132306,0.02751197228497289,,,
0,127,181,224,3,214,217,raw_var_window_ar,72.0,10.0,0.6749425943916795,97.56391984663826,9.999999960351367e-09,,,
0,127,181,224,3,214,217,seasonal_window_naive,72.0,,0.7811998252512771,58.492122706471946,0.027501982284972634,,,
0,127,181,224,3,215,218,cholesky_gaussian_ar,181.0,0.1,0.35558919098734604,18.3827555509282,0.11109635244960742,,,
0,127,181,224,3,215,218,euclidean_gaussian_ar,181.0,1.0,0.34566966558313184,17.60991760348868,0.17342515857177357,,,
0,127,181,224,3,215,218,fixed_bwar,181.0,0.1,0.33563320775945193,16.454434703231968,0.12470924501253362,,,
0,127,181,224,3,215,218,local_bwar,24.0,0.1,0.35116856105423494,16.59959979223474,0.12771979964058902,9.248441330489828e-10,1.0,0.0
0,127,181,224,3,215,218,log_euclidean_gaussian_ar,181.0,0.1,0.3202505154704525,16.119311408662455,0.09881549589077022,,,
0,127,181,224,3,215,218,persistence,,,0.7364554955524217,59.563379119399656,0.02656423534199123,,,
0,127,181,224,3,215,218,raw_var_window_ar,72.0,10.0,0.7843273718486377,107.74481273156242,9.999999995741817e-09,,,
0,127,181,224,3,215,218,seasonal_window_naive,72.0,,0.7364554955524217,59.56343473116995,0.026554245342012627,,,
0,127,181,224,3,216,219,cholesky_gaussian_ar,181.0,0.1,0.4291589857279827,19.062174077976483,0.11353035214507826,,,
0,127,181,224,3,216,219,euclidean_gaussian_ar,181.0,1.0,0.3917257311209938,15.43599719519852,0.1923124649861355,,,
0,127,181,224,3,216,219,fixed_bwar,181.0,0.1,0.41416683123274856,16.49046954032189,0.10509536507073135,,,
0,127,181,224,3,216,219,local_bwar,24.0,0.1,0.25802211869359315,12.355501725702965,0.13040376206612989,8.84330266182373e-10,1.0,0.0
0,127,181,224,3,216,219,log_euclidean_gaussian_ar,181.0,0.1,0.44309372051239043,21.428201145129492,0.07833682326981253,,,
0,127,181,224,3,216,219,persistence,,,0.3227206979335944,19.821356835353967,0.04168441687548404,,,
0,127,181,224,3,216,219,raw_var_window_ar,72.0,10.0,0.9204583631917266,108.82514182287184,9.999999983662495e-09,,,
0,127,181,224,3,216,219,seasonal_window_naive,72.0,,0.32272069793359437,19.821432608477046,0.041674426875479134,,,
0,127,181,224,3,217,220,cholesky_gaussian_ar,181.0,0.1,0.4863704402401316,24.538221112358052,0.13174067359736882,,,
0,127,181,224,3,217,220,euclidean_gaussian_ar,181.0,1.0,0.3429182724819345,16.357754663447647,0.2222715270876381,,,
0,127,181,224,3,217,220,fixed_bwar,181.0,0.1,0.5683169530446482,27.12877602311489,0.0993035425205042,,,
0,127,181,224,3,217,220,local_bwar,24.0,0.1,0.2592233267078821,11.63240536330429,0.12736841436518306,9.003097641144808e-10,1.0,0.0
0,127,181,224,3,217,220,log_euclidean_gaussian_ar,181.0,0.1,0.5499735618536676,29.298613419928515,0.0747509118040121,,,
0,127,181,224,3,217,220,persistence,,,0.5672968114477908,36.41342513657699,0.048305238570760904,,,
0,127,181,224,3,217,220,raw_var_window_ar,72.0,10.0,1.0514395063001039,138.4686354076358,9.999999981217524e-09,,,
0,127,181,224,3,217,220,seasonal_window_naive,72.0,,0.5672968114477906,36.41353291560801,0.04829524857076449,,,
0,127,181,224,3,218,221,cholesky_gaussian_ar,181.0,0.1,0.6612092977945222,39.603455532138554,0.12678576841413558,,,
0,127,181,224,3,218,221,euclidean_gaussian_ar,181.0,1.0,0.5735262068379661,34.15311686222113,0.23088084423312824,,,
0,127,181,224,3,218,221,fixed_bwar,181.0,0.1,0.7211131240533838,41.88452295958526,0.10088750607060647,,,
0,127,181,224,3,218,221,local_bwar,24.0,0.1,0.49317064155611307,28.06897401766983,0.12671675561428652,9.960517040499352e-10,1.0,0.0
0,127,181,224,3,218,221,log_euclidean_gaussian_ar,181.0,0.1,0.7135984451913554,46.53433566942158,0.07189063975399237,,,
0,127,181,224,3,218,221,persistence,,,0.8297907768980153,73.04816693236205,0.034271008874507715,,,
0,127,181,224,3,218,221,raw_var_window_ar,72.0,10.0,1.176838783246097,163.56763194460586,9.999999998687458e-09,,,
0,127,181,224,3,218,221,seasonal_window_naive,72.0,,0.8297907768980153,73.04828573795017,0.0342610188745082,,,
0,127,181,224,3,219,222,cholesky_gaussian_ar,181.0,0.1,0.4916393607492686,27.50952384040023,0.13263629795262522,,,
0,127,181,224,3,219,222,euclidean_gaussian_ar,181.0,1.0,0.43528455750689116,25.015998930825077,0.22301746720108756,,,
0,127,181,224,3,219,222,fixed_bwar,181.0,0.1,0.5189915195223804,28.943217282256718,0.11497922437188422,,,
0,127,181,224,3,219,222,local_bwar,24.0,0.1,0.416532782306202,24.459834987335128,0.13315721515411985,9.92968320235356e-10,1.0,0.0
0,127,181,224,3,219,222,log_euclidean_gaussian_ar,181.0,0.1,0.5271095858504137,24.633458290469417,0.08475722643279777,,,
0,127,181,224,3,219,222,persistence,,,0.5524935440219109,45.67348070351508,0.04000944432383261,,,
0,127,181,224,3,219,222,raw_var_window_ar,72.0,10.0,1.0281914073152618,146.79441728038492,9.999999987852674e-09,,,
0,127,181,224,3,219,222,seasonal_window_naive,72.0,,0.5524935440219109,45.673553568369854,0.03999945432383385,,,
0,127,181,224,3,220,223,cholesky_gaussian_ar,181.0,0.1,0.18956509423502538,10.88776145830235,0.12088766513234536,,,
0,127,181,224,3,220,223,euclidean_gaussian_ar,181.0,1.0,0.15252261359022112,9.0168327896701,0.19846722190980243,,,
0,127,181,224,3,220,223,fixed_bwar,181.0,0.1,0.1783401267315197,9.054418512752523,0.1221256161940719,,,
0,127,181,224,3,220,223,local_bwar,24.0,0.1,0.15819224910459506,9.603964276432189,0.1361877026333416,8.372691686876789e-10,1.0,0.0
0,127,181,224,3,220,223,log_euclidean_gaussian_ar,181.0,0.1,0.18490453291907713,9.868818422040002,0.08799626922660828,,,
0,127,181,224,3,220,223,persistence,,,0.24575892286077922,12.550939690767242,0.042736961091727366,,,
0,127,181,224,3,220,223,raw_var_window_ar,72.0,10.0,0.8179338033649882,118.48646671390634,9.999999995158009e-09,,,
0,127,181,224,3,220,223,seasonal_window_naive,72.0,,0.24575892286077916,12.550977859731582,0.04272697109172812,,,
0,127,181,224,4,177,181,cholesky_gaussian_ar,181.0,0.1,0.2475015728226801,11.669223880972863,0.10479474356003905,,,
0,127,181,224,4,177,181,euclidean_gaussian_ar,181.0,0.01,0.4281017407926178,13.341785847835308,0.13335085356500606,,,
0,127,181,224,4,177,181,fixed_bwar,181.0,0.1,0.2765235992539424,10.514359949712716,0.09490405397468041,,,
0,127,181,224,4,177,181,local_bwar,24.0,0.1,0.18510842837144562,8.636979848601099,0.09773541664977008,5.4219547916106385e-11,1.0,0.0
0,127,181,224,4,177,181,log_euclidean_gaussian_ar,181.0,1.0,0.36536643169188093,18.282787014073712,0.0812574954027481,,,
0,127,181,224,4,177,181,persistence,,,0.33076564436506495,17.82876889989533,0.04078058952838831,,,
0,127,181,224,4,177,181,raw_var_window_ar,72.0,10.0,0.7001546918883806,101.63541610698802,9.999999999964274e-09,,,
0,127,181,224,4,177,181,seasonal_window_naive,72.0,,0.3307656443650648,17.82887959390581,0.040770599528387165,,,
0,127,181,224,4,178,182,cholesky_gaussian_ar,181.0,0.1,0.3899087194881072,16.517267599113993,0.10405696919726994,,,
0,127,181,224,4,178,182,euclidean_gaussian_ar,181.0,0.01,0.6358756836714513,24.28084281588176,0.1546996248543126,,,
0,127,181,224,4,178,182,fixed_bwar,181.0,0.1,0.39313248923020727,14.244007058424536,0.09728560008465424,,,
0,127,181,224,4,178,182,local_bwar,24.0,0.1,0.31205120110455403,11.631981702098965,0.09609243918110658,5.468124700803897e-11,1.0,0.0
0,127,181,224,4,178,182,log_euclidean_gaussian_ar,181.0,1.0,0.3837800680978656,15.242843095397358,0.08504699351791274,,,
0,127,181,224,4,178,182,persistence,,,0.32833124057979135,17.653281175232223,0.04253534473373748,,,
0,127,181,224,4,178,182,raw_var_window_ar,72.0,10.0,0.6824061440547355,94.62016368224617,9.999999998733165e-09,,,
0,127,181,224,4,178,182,seasonal_window_naive,72.0,,0.3283312405797915,17.653363674051473,0.0425253547337351,,,
0,127,181,224,4,179,183,cholesky_gaussian_ar,181.0,0.1,0.5782286800702314,27.999543798349055,0.1007339599018902,,,
0,127,181,224,4,179,183,euclidean_gaussian_ar,181.0,0.01,0.7829809277065809,35.334739135634145,0.16564794296794283,,,
0,127,181,224,4,179,183,fixed_bwar,181.0,0.1,0.5780744427660814,24.571798739478325,0.09927095437499088,,,
0,127,181,224,4,179,183,local_bwar,24.0,0.1,0.4581079150376277,18.171736340977365,0.08966080970167085,9.739157678321313e-10,1.0,0.0
0,127,181,224,4,179,183,log_euclidean_gaussian_ar,181.0,1.0,0.5379515277658564,24.023396915978307,0.08446191539768783,,,
0,127,181,224,4,179,183,persistence,,,0.5655076015552937,34.34486681400689,0.031071602170496242,,,
0,127,181,224,4,179,183,raw_var_window_ar,72.0,10.0,0.8012570533172788,101.80390617807757,9.999999999884068e-09,,,
0,127,181,224,4,179,183,seasonal_window_naive,72.0,,0.5655076015552934,34.34493927773305,0.03106161217048355,,,
0,127,181,224,4,180,184,cholesky_gaussian_ar,181.0,0.1,0.7290676752225717,38.779671981557975,0.10210894506727804,,,
0,127,181,224,4,180,184,euclidean_gaussian_ar,181.0,0.01,0.9161281969711151,46.59239151565509,0.14795529666093182,,,
0,127,181,224,4,180,184,fixed_bwar,181.0,0.1,0.7092080368835929,33.991183395974,0.10250607983579262,,,
0,127,181,224,4,180,184,local_bwar,24.0,0.1,0.5670971989521176,25.729193125615268,0.08774775752154863,9.156377426307832e-10,1.0,0.0
0,127,181,224,4,180,184,log_euclidean_gaussian_ar,181.0,1.0,0.6725093336051636,31.48073773392587,0.08756491726451532,,,
0,127,181,224,4,180,184,persistence,,,0.6189493378726062,31.001351757529807,0.035558803873924905,,,
0,127,181,224,4,180,184,raw_var_window_ar,72.0,10.0,0.965272156962305,109.16834301359435,9.999999997858127e-09,,,
0,127,181,224,4,180,184,seasonal_window_naive,72.0,,0.6189493378726063,31.00136380653007,0.035548813873921475,,,
0,127,181,224,4,181,185,cholesky_gaussian_ar,181.0,0.1,0.8701366115153073,51.4723408865686,0.12364789391897167,,,
0,127,181,224,4,181,185,euclidean_gaussian_ar,181.0,0.01,1.0173380158746406,61.1865665515158,9.999999786719197e-09,,,
0,127,181,224,4,181,185,fixed_bwar,181.0,0.1,0.8411438072561659,47.67444351629562,0.10778948882807989,,,
0,127,181,224,4,181,185,local_bwar,24.0,0.1,0.7308214802619859,39.31848267529277,0.08568062075748278,9.606182869187867e-10,1.0,0.0
0,127,181,224,4,181,185,log_euclidean_gaussian_ar,181.0,1.0,0.8911648586231952,51.73354157536846,0.08822679915468223,,,
0,127,181,224,4,181,185,persistence,,,0.7000304501884125,49.0067509973384,0.037531691814572235,,,
0,127,181,224,4,181,185,raw_var_window_ar,72.0,10.0,1.1822097968200405,137.82640222552635,9.999999999871154e-09,,,
0,127,181,224,4,181,185,seasonal_window_naive,72.0,,0.7000304501884121,49.006785791869774,0.03752170181457343,,,
0,127,181,224,4,182,186,cholesky_gaussian_ar,181.0,0.1,0.7185036245845949,39.96247219480655,0.12167852968114129,,,
0,127,181,224,4,182,186,euclidean_gaussian_ar,181.0,0.01,0.7409402115585356,45.343797727167754,1.0000000284658442e-08,,,
0,127,181,224,4,182,186,fixed_bwar,181.0,0.1,0.7075554617618448,38.743305856964206,0.10543978245569967,,,
0,127,181,224,4,182,186,local_bwar,24.0,0.1,0.6395084069312594,34.6081192924803,0.08609868344189253,4.540174321174041e-11,1.0,0.0
0,127,181,224,4,182,186,log_euclidean_gaussian_ar,181.0,1.0,0.7811789252616105,44.84319514013798,0.08759957298607239,,,
0,127,181,224,4,182,186,persistence,,,0.5782193689438341,39.26399644108713,0.04072622436026174,,,
0,127,181,224,4,182,186,raw_var_window_ar,72.0,10.0,1.041401237266893,124.62130799936428,9.999999999976591e-09,,,
0,127,181,224,4,182,186,seasonal_window_naive,72.0,,0.5782193689438341,39.264014409307464,0.04071623436026327,,,
0,127,181,224,4,183,187,cholesky_gaussian_ar,181.0,0.1,0.5215221617646638,33.88427964953817,0.008232368440056892,,,
0,127,181,224,4,183,187,euclidean_gaussian_ar,181.0,0.01,0.5113192691841796,27.870836857243823,9.999999441039458e-09,,,
0,127,181,224,4,183,187,fixed_bwar,181.0,0.1,0.47446522409405256,21.061175221491773,0.09681599432430542,,,
0,127,181,224,4,183,187,local_bwar,24.0,0.1,0.42721800320666553,17.944415287969647,0.0892970349695548,7.03769051433883e-11,1.0,0.0
0,127,181,224,4,183,187,log_euclidean_gaussian_ar,181.0,1.0,0.6733526444062703,51.952531511896574,0.06535017156274299,,,
0,127,181,224,4,183,187,persistence,,,0.22466784820833147,13.659678458010385,9.999999999038756e-06,,,
0,127,181,224,4,183,187,raw_var_window_ar,72.0,10.0,0.8060877302533384,107.50139259080139,9.999999999996433e-09,,,
0,127,181,224,4,183,187,seasonal_window_naive,72.0,,0.22466784820833136,13.66393276176892,9.999999974120177e-09,,,
0,127,181,224,4,184,188,cholesky_gaussian_ar,181.0,0.1,0.2527561899526717,12.051244787541268,0.006876406692074674,,,
0,127,181,224,4,184,188,euclidean_gaussian_ar,181.0,0.01,0.5671367173577857,34.14653684182235,9.999999441978377e-09,,,
0,127,181,224,4,184,188,fixed_bwar,181.0,0.1,0.31676218632798014,9.701286592156258,0.09964708249852196,,,
0,127,181,224,4,184,188,local_bwar,24.0,0.1,0.4788139862991226,16.080904119915793,0.08901421100447905,1.6890097184843776e-10,1.0,0.0
0,127,181,224,4,184,188,log_euclidean_gaussian_ar,181.0,1.0,0.25458729570431615,17.14349530496752,0.06474682818193347,,,
0,127,181,224,4,184,188,persistence,,,0.6600256194069143,31.76227588024934,9.999999999843752e-06,,,
0,127,181,224,4,184,188,raw_var_window_ar,72.0,10.0,0.3662606370786265,60.15183718547496,9.999999999999704e-09,,,
0,127,181,224,4,184,188,seasonal_window_naive,72.0,,0.6600256194069142,31.766243201599956,1.0000000190460326e-08,,,
0,127,181,224,4,185,189,cholesky_gaussian_ar,181.0,0.1,0.2781014072965296,13.393263059398393,0.005476675811580016,,,
0,127,181,224,4,185,189,euclidean_gaussian_ar,181.0,0.01,0.5853306190008822,35.302105762755616,9.99999801113965e-09,,,
0,127,181,224,4,185,189,fixed_bwar,181.0,0.1,0.3211479785450256,9.389129552373856,0.1025464974505891,,,
0,127,181,224,4,185,189,local_bwar,24.0,0.1,0.4726190556044031,15.511221108736214,0.08871813807585618,3.3961041573034585e-10,1.0,0.0
0,127,181,224,4,185,189,log_euclidean_gaussian_ar,181.0,1.0,0.29553824084145314,21.687050732882465,0.06610788842140164,,,
0,127,181,224,4,185,189,persistence,,,0.9720644751670652,65.64818813271316,9.999999999558016e-06,,,
0,127,181,224,4,185,189,raw_var_window_ar,72.0,10.0,0.4237081850014655,74.2970474037376,9.99999999971332e-09,,,
0,127,181,224,4,185,189,seasonal_window_naive,72.0,,0.9720644751670653,65.65257840517816,9.999999891995536e-09,,,
0,127,181,224,4,186,190,cholesky_gaussian_ar,181.0,0.1,0.29020066583456466,18.212504833388515,0.004457569206595255,,,
0,127,181,224,4,186,190,euclidean_gaussian_ar,181.0,0.01,0.4761069598905436,29.3870433286507,9.999997831581233e-09,,,
0,127,181,224,4,186,190,fixed_bwar,181.0,0.1,0.25202287198493434,9.096869865465154,0.0998236317335094,,,
0,127,181,224,4,186,190,local_bwar,24.0,0.1,0.4510875556847071,16.569889646651067,0.08522688215462298,5.663169327523186e-10,1.0,0.0
0,127,181,224,4,186,190,log_euclidean_gaussian_ar,181.0,1.0,0.35602800037577614,28.75129393445718,0.061904871831987875,,,
0,127,181,224,4,186,190,persistence,,,0.8405700315013298,57.39851691825882,9.999999999558107e-06,,,
0,127,181,224,4,186,190,raw_var_window_ar,72.0,10.0,0.49061195176344297,83.77358249531959,9.999999999668352e-09,,,
0,127,181,224,4,186,190,seasonal_window_naive,72.0,,0.8405700315013297,57.404216141860054,1.0000000021432078e-08,,,
0,127,181,224,4,187,191,cholesky_gaussian_ar,181.0,0.1,0.24586898404484941,11.292711702814728,0.10965010080776698,,,
0,127,181,224,4,187,191,euclidean_gaussian_ar,181.0,0.01,0.333678945997785,18.340155534282076,9.999999403583581e-09,,,
0,127,181,224,4,187,191,fixed_bwar,181.0,0.1,0.20164483565111793,8.288648298190013,0.10434225773042596,,,
0,127,181,224,4,187,191,local_bwar,24.0,0.1,0.2672930146957452,11.486830448775565,0.08546122334127756,5.82168564957197e-10,1.0,0.0
0,127,181,224,4,187,191,log_euclidean_gaussian_ar,181.0,1.0,0.3041827473346421,13.369641484906907,0.08492835294942894,,,
0,127,181,224,4,187,191,persistence,,,0.4780089455146604,27.05231462546753,0.038615806960128424,,,
0,127,181,224,4,187,191,raw_var_window_ar,72.0,10.0,0.6957634853911042,99.36667011248694,9.99999999980145e-09,,,
0,127,181,224,4,187,191,seasonal_window_naive,72.0,,0.47800894551466044,27.052382181339937,0.03860581696013723,,,
0,127,181,224,4,188,192,cholesky_gaussian_ar,181.0,0.1,0.6596276833333611,36.54935974807139,0.09800928182393934,,,
0,127,181,224,4,188,192,euclidean_gaussian_ar,181.0,0.01,0.5875011299515505,23.995725611004115,9.999998974936417e-09,,,
0,127,181,224,4,188,192,fixed_bwar,181.0,0.1,0.5921906054594257,27.590748377898855,0.0911321356941916,,,
0,127,181,224,4,188,192,local_bwar,24.0,0.1,0.25441604993395295,10.77536527704936,0.08268126442236667,7.312239710168073e-10,1.0,0.0
0,127,181,224,4,188,192,log_euclidean_gaussian_ar,181.0,1.0,0.6839705748473067,43.69821197732329,0.07659542991987506,,,
0,127,181,224,4,188,192,persistence,,,0.7121695094362935,35.26392695164446,0.03657682181150887,,,
0,127,181,224,4,188,192,raw_var_window_ar,72.0,10.0,0.9527100230887422,125.32675095339411,9.999999999204517e-09,,,
0,127,181,224,4,188,192,seasonal_window_naive,72.0,,0.7121695094362933,35.264080731056765,0.03656683181150857,,,
0,127,181,224,4,189,193,cholesky_gaussian_ar,181.0,0.1,0.5879191337839031,30.859368824837638,0.09691444402930835,,,
0,127,181,224,4,189,193,euclidean_gaussian_ar,181.0,0.01,0.3246711130962715,14.078331803632638,1.0000000626165287e-08,,,
0,127,181,224,4,189,193,fixed_bwar,181.0,0.1,0.5865243156316248,27.926349305429582,0.08709472770047491,,,
0,127,181,224,4,189,193,local_bwar,24.0,0.1,0.3243363909808561,13.818384877039204,0.08355958374014996,8.731063394404038e-10,1.0,0.0
0,127,181,224,4,189,193,log_euclidean_gaussian_ar,181.0,1.0,0.6744193498360188,42.66099893297646,0.07676312801217476,,,
0,127,181,224,4,189,193,persistence,,,0.7357928594789853,41.46312620059568,0.026875865375861435,,,
0,127,181,224,4,189,193,raw_var_window_ar,72.0,10.0,0.9137806335386796,114.00381495089968,9.999999999982907e-09,,,
0,127,181,224,4,189,193,seasonal_window_naive,72.0,,0.7357928594789853,41.46322692125895,0.026865875375871345,,,
0,127,181,224,4,190,194,cholesky_gaussian_ar,181.0,0.1,0.438669105886296,23.42620047515977,0.10557530920468695,,,
0,127,181,224,4,190,194,euclidean_gaussian_ar,181.0,0.01,0.34779384700597177,17.12597258429184,9.999999969356264e-09,,,
0,127,181,224,4,190,194,fixed_bwar,181.0,0.1,0.4621109818615264,22.501707698895732,0.08995728277726453,,,
0,127,181,224,4,190,194,local_bwar,24.0,0.1,0.2876476068881946,12.495308365470613,0.08510139125806376,7.850768970677918e-10,1.0,0.0
0,127,181,224,4,190,194,log_euclidean_gaussian_ar,181.0,1.0,0.5478186911459632,34.908620967940244,0.07982570355245515,,,
0,127,181,224,4,190,194,persistence,,,0.5960265186161607,33.88070716298127,0.032326855367465254,,,
0,127,181,224,4,190,194,raw_var_window_ar,72.0,10.0,0.8159567573969982,114.79555482776674,9.999999999951398e-09,,,
0,127,181,224,4,190,194,seasonal_window_naive,72.0,,0.5960265186161608,33.88078645139578,0.032316865367467584,,,
0,127,181,224,4,191,195,cholesky_gaussian_ar,181.0,0.1,0.19734655414790292,10.643474234044454,0.12238652737810712,,,
0,127,181,224,4,191,195,euclidean_gaussian_ar,181.0,0.01,0.2784551603459275,15.710963592535204,1.000000010001349e-08,,,
0,127,181,224,4,191,195,fixed_bwar,181.0,0.1,0.1951849464137715,10.00520789576061,0.09762534765368172,,,
0,127,181,224,4,191,195,local_bwar,24.0,0.1,0.22759670168165994,9.551277015580908,0.08850837771134143,7.559820781063786e-10,1.0,0.0
0,127,181,224,4,191,195,log_euclidean_gaussian_ar,181.0,1.0,0.23353715781049908,12.92463046024873,0.08478861604367981,,,
0,127,181,224,4,191,195,persistence,,,0.18788376401884763,11.055901819361605,0.03602546388772396,,,
0,127,181,224,4,191,195,raw_var_window_ar,72.0,10.0,0.5690228833551336,94.87042831221147,9.999999999943568e-09,,,
0,127,181,224,4,191,195,seasonal_window_naive,72.0,,0.1878837640188477,11.05594198079634,0.03601547388772103,,,
0,127,181,224,4,192,196,cholesky_gaussian_ar,181.0,0.1,0.32036318675756753,18.52134623321094,0.1286824965720777,,,
0,127,181,224,4,192,196,euclidean_gaussian_ar,181.0,0.01,0.4155741949915241,26.94938450862668,9.999998240905707e-09,,,
0,127,181,224,4,192,196,fixed_bwar,181.0,0.1,0.30898423579144296,15.773489817963224,0.11654366708474906,,,
0,127,181,224,4,192,196,local_bwar,24.0,0.1,0.332240597064573,16.937545847596578,0.09159522673377632,7.765616868295323e-10,1.0,0.0
0,127,181,224,4,192,196,log_euclidean_gaussian_ar,181.0,1.0,0.3458942892056911,18.859222401243578,0.09164413936039012,,,
0,127,181,224,4,192,196,persistence,,,0.49210385963779835,28.48043021348593,0.03798753098823863,,,
0,127,181,224,4,192,196,raw_var_window_ar,72.0,10.0,0.7210570642153228,119.09041290960485,9.99999999996221e-09,,,
0,127,181,224,4,192,196,seasonal_window_naive,72.0,,0.4921038596377984,28.480491490930742,0.03797754098824008,,,
0,127,181,224,4,193,197,cholesky_gaussian_ar,181.0,0.1,0.3705901473355955,22.552075151698244,0.1136638162396385,,,
0,127,181,224,4,193,197,euclidean_gaussian_ar,181.0,0.01,0.350097325537838,22.01634355632037,9.999999023744036e-09,,,
0,127,181,224,4,193,197,fixed_bwar,181.0,0.1,0.333620813248193,18.257887150339336,0.109687281543701,,,
0,127,181,224,4,193,197,local_bwar,24.0,0.1,0.34898392098734476,18.69017245066841,0.09323967620229934,7.724068707450165e-10,1.0,0.0
0,127,181,224,4,193,197,log_euclidean_gaussian_ar,181.0,1.0,0.4198458576439736,25.209508096296506,0.08676580653106276,,,
0,127,181,224,4,193,197,persistence,,,0.6296784927693712,46.70956607768862,0.01922086688389354,,,
0,127,181,224,4,193,197,raw_var_window_ar,72.0,10.0,0.7987273514004763,127.44750120260586,9.999999999057314e-09,,,
0,127,181,224,4,193,197,seasonal_window_naive,72.0,,0.629678492769371,46.70971185393132,0.019210876883885415,,,
0,127,181,224,4,194,198,cholesky_gaussian_ar,181.0,0.1,0.34000633717077566,16.851572173968464,0.12049235248085882,,,
0,127,181,224,4,194,198,euclidean_gaussian_ar,181.0,0.01,0.44879595886505375,25.21572440775453,9.999996810350328e-09,,,
0,127,181,224,4,194,198,fixed_bwar,181.0,0.1,0.27149462618037606,12.311130696864016,0.11141084323314218,,,
0,127,181,224,4,194,198,local_bwar,24.0,0.1,0.315283179009973,14.557436671740202,0.08925365743494086,8.517283026958661e-10,1.0,0.0
0,127,181,224,4,194,198,log_euclidean_gaussian_ar,181.0,1.0,0.40430722479619113,18.446872451310963,0.08802908133463837,,,
0,127,181,224,4,194,198,persistence,,,0.48379437136893355,31.745522812767234,0.015871445187360958,,,
0,127,181,224,4,194,198,raw_var_window_ar,72.0,10.0,0.845019734226951,120.43020236302048,9.999999998895777e-09,,,
0,127,181,224,4,194,198,seasonal_window_naive,72.0,,0.48379437136893333,31.74565846929476,0.015861455187358903,,,
0,127,181,224,4,195,199,cholesky_gaussian_ar,181.0,0.1,0.5080118119629533,21.636512820899075,0.1136881564922095,,,
0,127,181,224,4,195,199,euclidean_gaussian_ar,181.0,0.01,0.41641834237165454,17.554423554126508,1.0000000027521183e-08,,,
0,127,181,224,4,195,199,fixed_bwar,181.0,0.1,0.5261158978905361,19.982741395283234,0.09907183582547917,,,
0,127,181,224,4,195,199,local_bwar,24.0,0.1,0.3725442763156828,13.169052713178218,0.0886838674144978,9.413343072904368e-10,1.0,0.0
0,127,181,224,4,195,199,log_euclidean_gaussian_ar,181.0,1.0,0.6374126270861143,31.10022393639196,0.0830336185448661,,,
0,127,181,224,4,195,199,persistence,,,0.5106586592441668,23.916552259718507,0.01985175650150109,,,
0,127,181,224,4,195,199,raw_var_window_ar,72.0,10.0,1.018035008396215,131.75365031018575,9.999999999613646e-09,,,
0,127,181,224,4,195,199,seasonal_window_naive,72.0,,0.5106586592441666,23.916703774543166,0.019841766501498423,,,
0,127,181,224,4,196,200,cholesky_gaussian_ar,181.0,0.1,0.5703265233290888,22.225613307633722,0.11181492779396772,,,
0,127,181,224,4,196,200,euclidean_gaussian_ar,181.0,0.01,0.43157069093290606,17.03913128205558,9.999999512953566e-09,,,
0,127,181,224,4,196,200,fixed_bwar,181.0,0.1,0.5412892050204107,20.167474801561966,0.10187548486915933,,,
0,127,181,224,4,196,200,local_bwar,24.0,0.1,0.5205820764066361,19.763811998186014,0.0896497383830675,9.679365609318891e-10,1.0,0.0
0,127,181,224,4,196,200,log_euclidean_gaussian_ar,181.0,1.0,0.7362134990493152,34.08151406908571,0.08584672703308666,,,
0,127,181,224,4,196,200,persistence,,,0.7261608287707731,49.59673663565613,0.04019884868911989,,,
0,127,181,224,4,196,200,raw_var_window_ar,72.0,10.0,1.1298873830823897,131.81504492824925,9.999999999719922e-09,,,
0,127,181,224,4,196,200,seasonal_window_naive,72.0,,0.7261608287707729,49.59682292029079,0.040188858689119304,,,
0,127,181,224,4,197,201,cholesky_gaussian_ar,181.0,0.1,0.44974133679670436,15.298782740699192,0.12161413189634089,,,
0,127,181,224,4,197,201,euclidean_gaussian_ar,181.0,0.01,0.37116930922650426,16.217506704853246,9.999999265024274e-09,,,
0,127,181,224,4,197,201,fixed_bwar,181.0,0.1,0.4235670129325195,14.190720769304509,0.10659287114940741,,,
0,127,181,224,4,197,201,local_bwar,24.0,0.1,0.46537931691849,17.00533329405873,0.09073271049086763,8.708066523427746e-10,1.0,0.0
0,127,181,224,4,197,201,log_euclidean_gaussian_ar,181.0,1.0,0.6286934508433508,25.854311440125308,0.08799636259499305,,,
0,127,181,224,4,197,201,persistence,,,0.6289498772415805,41.92498001932444,0.05067816859772769,,,
0,127,181,224,4,197,201,raw_var_window_ar,72.0,10.0,1.0502247277296846,129.3583494533872,9.999999999121261e-09,,,
0,127,181,224,4,197,201,seasonal_window_naive,72.0,,0.6289498772415805,41.92504770110806,0.05066817859772825,,,
0,127,181,224,4,198,202,cholesky_gaussian_ar,181.0,0.1,0.1991599224650472,9.547258145229426,0.12587167274454758,,,
0,127,181,224,4,198,202,euclidean_gaussian_ar,181.0,0.01,0.2712876282066898,13.849565419976013,1.0000000000837334e-08,,,
0,127,181,224,4,198,202,fixed_bwar,181.0,0.1,0.18172519810259546,8.112880912166926,0.11079641361317152,,,
0,127,181,224,4,198,202,local_bwar,24.0,0.1,0.22581233000807072,10.056283011350088,0.08983456785849318,8.471197780571607e-10,1.0,0.0
0,127,181,224,4,198,202,log_euclidean_gaussian_ar,181.0,1.0,0.31729250351008875,12.243311240598414,0.0887224884644921,,,
0,127,181,224,4,198,202,persistence,,,0.21399508788362676,14.475612902956094,0.05534240930857545,,,
0,127,181,224,4,198,202,raw_var_window_ar,72.0,10.0,0.749433844241717,108.37574095235674,9.999999999992623e-09,,,
0,127,181,224,4,198,202,seasonal_window_naive,72.0,,0.21399508788362687,14.475660303217717,0.05533241930856584,,,
0,127,181,224,4,199,203,cholesky_gaussian_ar,181.0,0.1,0.29279177466023165,15.836626826907404,0.13343036373396466,,,
0,127,181,224,4,199,203,euclidean_gaussian_ar,181.0,0.01,0.3415004362498865,19.872750227109755,9.999999470840545e-09,,,
0,127,181,224,4,199,203,fixed_bwar,181.0,0.1,0.30560356006452755,15.098432213749797,0.11998281431256715,,,
0,127,181,224,4,199,203,local_bwar,24.0,0.1,0.3358776868974131,16.52008496500327,0.09154283037135283,9.100139405026132e-10,1.0,0.0
0,127,181,224,4,199,203,log_euclidean_gaussian_ar,181.0,1.0,0.32620585804125857,16.42193417166207,0.09136017098780476,,,
0,127,181,224,4,199,203,persistence,,,0.5090353415431399,31.067907953958404,0.04448702088367999,,,
0,127,181,224,4,199,203,raw_var_window_ar,72.0,10.0,0.6950848015522412,108.55050905454947,9.999999998673581e-09,,,
0,127,181,224,4,199,203,seasonal_window_naive,72.0,,0.5090353415431399,31.067948026777163,0.04447703088368013,,,
0,127,181,224,4,200,204,cholesky_gaussian_ar,181.0,0.1,0.33519440052901983,17.805710017482678,0.12987716758475443,,,
0,127,181,224,4,200,204,euclidean_gaussian_ar,181.0,0.01,0.34093753308581426,19.018984032880095,9.999999351891133e-09,,,
0,127,181,224,4,200,204,fixed_bwar,181.0,0.1,0.32972245883346396,16.42128360616536,0.12100168439499662,,,
0,127,181,224,4,200,204,local_bwar,24.0,0.1,0.39460663122185435,20.600683482104525,0.09157118583790501,9.974245441608353e-10,1.0,0.0
0,127,181,224,4,200,204,log_euclidean_gaussian_ar,181.0,1.0,0.39544824009557383,20.440929435753482,0.09002761678930027,,,
0,127,181,224,4,200,204,persistence,,,0.7339361157315387,53.272452358429135,0.047019594503139195,,,
0,127,181,224,4,200,204,raw_var_window_ar,72.0,10.0,0.7652105555364002,117.16908001974542,9.99999999995804e-09,,,
0,127,181,224,4,200,204,seasonal_window_naive,72.0,,0.7339361157315387,53.272531262623545,0.04700960450313648,,,
0,127,181,224,4,201,205,cholesky_gaussian_ar,181.0,0.1,0.30164660988862274,12.703976147792071,0.13324692570692273,,,
0,127,181,224,4,201,205,euclidean_gaussian_ar,181.0,0.01,0.45769111084476277,20.447332552197402,9.999999059291441e-09,,,
0,127,181,224,4,201,205,fixed_bwar,181.0,0.1,0.2468278226934342,10.25147525858067,0.1221787344507896,,,
0,127,181,224,4,201,205,local_bwar,24.0,0.1,0.3290329171435005,14.498003042668952,0.0881450849507321,9.77795486644746e-10,1.0,0.0
0,127,181,224,4,201,205,log_euclidean_gaussian_ar,181.0,1.0,0.3925582338785587,14.655705587873445,0.091209532820324,,,
0,127,181,224,4,201,205,persistence,,,0.4700134598980647,28.02152970235038,0.03952098487615551,,,
0,127,181,224,4,201,205,raw_var_window_ar,72.0,10.0,0.8666006846226405,118.29504943075273,9.999999999843051e-09,,,
0,127,181,224,4,201,205,seasonal_window_naive,72.0,,0.4700134598980646,28.02159380863298,0.03951099487615509,,,
0,127,181,224,4,202,206,cholesky_gaussian_ar,181.0,0.1,0.5738014078039642,28.226286912739305,0.12012136119292068,,,
0,127,181,224,4,202,206,euclidean_gaussian_ar,181.0,0.01,0.811360048937664,42.18963290177433,9.999999374573654e-09,,,
0,127,181,224,4,202,206,fixed_bwar,181.0,0.1,0.581968687654895,25.75215972072527,0.1035824003569291,,,
0,127,181,224,4,202,206,local_bwar,24.0,0.1,0.38006054513399257,14.696137404257126,0.08863012001666856,8.886634028325199e-11,1.0,0.0
0,127,181,224,4,202,206,log_euclidean_gaussian_ar,181.0,1.0,0.6720591761409527,34.77783884018414,0.08582816590561361,,,
0,127,181,224,4,202,206,persistence,,,0.39358854919332453,23.781548216760655,0.04223678446629988,,,
0,127,181,224,4,202,206,raw_var_window_ar,72.0,10.0,1.073147740699193,143.48747380169738,9.999999999687885e-09,,,
0,127,181,224,4,202,206,seasonal_window_naive,72.0,,0.3935885491933243,23.78166632826231,0.04222679446630056,,,
0,127,181,224,4,203,207,cholesky_gaussian_ar,181.0,0.1,0.5265300278661071,23.830691487706837,0.11493594839861207,,,
0,127,181,224,4,203,207,euclidean_gaussian_ar,181.0,0.01,0.5369886096599212,22.530050753074335,9.999998698205802e-09,,,
0,127,181,224,4,203,207,fixed_bwar,181.0,0.1,0.5383512367883001,23.529326388278633,0.0981201638961643,,,
0,127,181,224,4,203,207,local_bwar,24.0,0.1,0.3671881153201772,15.000669357548272,0.08882873202962813,9.515380083546373e-11,1.0,0.0
0,127,181,224,4,203,207,log_euclidean_gaussian_ar,181.0,1.0,0.6564508124148879,34.07976121367403,0.08416441222608592,,,
0,127,181,224,4,203,207,persistence,,,0.670695934715233,48.98112721832526,0.032898128118625775,,,
0,127,181,224,4,203,207,raw_var_window_ar,72.0,10.0,1.0030041027173875,122.43089502290015,9.999999999937495e-09,,,
0,127,181,224,4,203,207,seasonal_window_naive,72.0,,0.6706959347152329,48.98121869286493,0.032888138118626425,,,
0,127,181,224,4,204,208,cholesky_gaussian_ar,181.0,0.1,0.3434908314387499,16.79781346065388,0.10951779088099513,,,
0,127,181,224,4,204,208,euclidean_gaussian_ar,181.0,0.01,0.4080292411618275,20.585534447860113,9.999999092045854e-09,,,
0,127,181,224,4,204,208,fixed_bwar,181.0,0.1,0.3641031193814965,16.68283524641174,0.09734298721274691,,,
0,127,181,224,4,204,208,local_bwar,24.0,0.1,0.2699587694797729,11.941722348549986,0.09219029207878011,9.849618838825432e-10,1.0,0.0
0,127,181,224,4,204,208,log_euclidean_gaussian_ar,181.0,1.0,0.42625008158823763,22.041247289404826,0.08506293857917797,,,
0,127,181,224,4,204,208,persistence,,,0.5604952697785314,43.426992283145324,0.05066011877411176,,,
0,127,181,224,4,204,208,raw_var_window_ar,72.0,10.0,0.7619578608843355,104.20094475028164,9.99999999993807e-09,,,
0,127,181,224,4,204,208,seasonal_window_naive,72.0,,0.5604952697785314,43.42705665895804,0.05065012877410986,,,
0,127,181,224,4,205,209,cholesky_gaussian_ar,181.0,0.1,0.17479538199771644,9.230005972582891,0.11967933874199976,,,
0,127,181,224,4,205,209,euclidean_gaussian_ar,181.0,0.01,0.3269043679088746,17.576973538327096,9.99999721027584e-09,,,
0,127,181,224,4,205,209,fixed_bwar,181.0,0.1,0.17765641481578112,8.311423201466981,0.10654917545127707,,,
0,127,181,224,4,205,209,local_bwar,24.0,0.1,0.27977796980359787,11.244595246756052,0.100117614393579,7.61351786648465e-10,1.0,0.0
0,127,181,224,4,205,209,log_euclidean_gaussian_ar,181.0,1.0,0.18035521214821534,8.546838220596385,0.08812164466739757,,,
0,127,181,224,4,205,209,persistence,,,0.35659019189514796,16.91359368057668,0.07569220471851602,,,
0,127,181,224,4,205,209,raw_var_window_ar,72.0,10.0,0.5341416398027128,81.70603219951617,9.999999996813973e-09,,,
0,127,181,224,4,205,209,seasonal_window_naive,72.0,,0.35659019189514807,16.913603251039643,0.07568221471851562,,,
0,127,181,224,4,206,210,cholesky_gaussian_ar,181.0,0.1,0.3142662431967035,17.197804183596194,0.1256560040435791,,,
0,127,181,224,4,206,210,euclidean_gaussian_ar,181.0,0.01,0.5032408569390577,24.4303430475957,9.999997740275895e-09,,,
0,127,181,224,4,206,210,fixed_bwar,181.0,0.1,0.3221757679748245,15.350796923432489,0.12199199678258542,,,
0,127,181,224,4,206,210,local_bwar,24.0,0.1,0.3220691870857069,15.329380678988706,0.10690732126523389,6.563319330738443e-10,1.0,0.0
0,127,181,224,4,206,210,log_euclidean_gaussian_ar,181.0,1.0,0.3326428157651047,17.64427582926876,0.09388068389826476,,,
0,127,181,224,4,206,210,persistence,,,0.5719877177466418,33.786823726900586,0.06398795189497107,,,
0,127,181,224,4,206,210,raw_var_window_ar,72.0,10.0,0.7259236147915594,118.35055033887869,9.999999999887553e-09,,,
0,127,181,224,4,206,210,seasonal_window_naive,72.0,,0.571987717746642,33.78683933594527,0.0639779618949704,,,
0,127,181,224,4,207,211,cholesky_gaussian_ar,181.0,0.1,0.4028228415259762,21.60114198069376,0.1256132942030641,,,
0,127,181,224,4,207,211,euclidean_gaussian_ar,181.0,0.01,0.373358783816414,19.068710620078534,9.999999298813833e-09,,,
0,127,181,224,4,207,211,fixed_bwar,181.0,0.1,0.34040519537024316,16.828522287884933,0.1186157810241618,,,
0,127,181,224,4,207,211,local_bwar,24.0,0.1,0.3734557439319557,17.94832056823632,0.11004544956103396,3.2187406401785714e-10,1.0,0.0
0,127,181,224,4,207,211,log_euclidean_gaussian_ar,181.0,1.0,0.4546577505015896,23.786781670781757,0.09003164764499316,,,
0,127,181,224,4,207,211,persistence,,,0.6715534091760909,50.09340525012317,0.03412547261151572,,,
0,127,181,224,4,207,211,raw_var_window_ar,72.0,10.0,0.8627642074191162,134.35680547927586,9.999999999984848e-09,,,
0,127,181,224,4,207,211,seasonal_window_naive,72.0,,0.671553409176091,50.09350333246231,0.03411548261152305,,,
0,127,181,224,4,208,212,cholesky_gaussian_ar,181.0,0.1,0.4141789683864161,19.29622427194891,0.11802129929315408,,,
0,127,181,224,4,208,212,euclidean_gaussian_ar,181.0,0.01,0.27391736693184227,17.26158843255845,9.999997130306383e-09,,,
0,127,181,224,4,208,212,fixed_bwar,181.0,0.1,0.31535039758229394,13.62180639755657,0.11278777682472915,,,
0,127,181,224,4,208,212,local_bwar,24.0,0.1,0.35121300359878554,15.490739594343022,0.1103022087916227,1.5478732501733475e-10,1.0,0.0
0,127,181,224,4,208,212,log_euclidean_gaussian_ar,181.0,1.0,0.45213386233063263,19.86106502921423,0.08790435962398353,,,
0,127,181,224,4,208,212,persistence,,,0.5004325823789444,31.56856162316232,0.028809862308647557,,,
0,127,181,224,4,208,212,raw_var_window_ar,72.0,10.0,0.854006863030516,120.50933649513357,9.999999999668916e-09,,,
0,127,181,224,4,208,212,seasonal_window_naive,72.0,,0.5004325823789444,31.568661796690506,0.028799872308657888,,,
0,127,181,224,4,209,213,cholesky_gaussian_ar,181.0,0.1,0.5616586735456657,27.869519886824378,0.11403400506542014,,,
0,127,181,224,4,209,213,euclidean_gaussian_ar,181.0,0.01,0.6708904669584492,29.287658784632647,9.999996467159835e-09,,,
0,127,181,224,4,209,213,fixed_bwar,181.0,0.1,0.52210096718315,22.826683283892066,0.10039122289862812,,,
0,127,181,224,4,209,213,local_bwar,24.0,0.1,0.32622521642041835,13.683616599576222,0.10753082037700659,6.094862659626756e-11,1.0,0.0
0,127,181,224,4,209,213,log_euclidean_gaussian_ar,181.0,1.0,0.659064281131806,37.1450490623082,0.08182777704803149,,,
0,127,181,224,4,209,213,persistence,,,0.49733639070211455,27.728158763481673,0.038430199688810236,,,
0,127,181,224,4,209,213,raw_var_window_ar,72.0,10.0,1.0071312253094122,134.45631257377738,9.999999999862721e-09,,,
0,127,181,224,4,209,213,seasonal_window_naive,72.0,,0.4973363907021145,27.728327192734874,0.038420209688810575,,,
0,127,181,224,4,210,214,cholesky_gaussian_ar,181.0,0.1,0.607063816762349,30.5230037730041,0.11977922890630173,,,
0,127,181,224,4,210,214,euclidean_gaussian_ar,181.0,0.01,0.42532654786277596,24.158698785340903,9.99999986002956e-09,,,
0,127,181,224,4,210,214,fixed_bwar,181.0,0.1,0.5880493521456912,28.985696234936135,0.10658808663255184,,,
0,127,181,224,4,210,214,local_bwar,24.0,0.1,0.4987078238220438,24.467789406255804,0.1156948880363567,8.857168874880913e-10,1.0,0.0
0,127,181,224,4,210,214,log_euclidean_gaussian_ar,181.0,1.0,0.7692125489435121,44.14234249119177,0.08584182762380126,,,
0,127,181,224,4,210,214,persistence,,,0.7224445548767405,54.97047827330006,0.031146684897890076,,,
0,127,181,224,4,210,214,raw_var_window_ar,72.0,10.0,1.1375092939288687,144.99977410694999,9.999999999905764e-09,,,
0,127,181,224,4,210,214,seasonal_window_naive,72.0,,0.7224445548767404,54.9706114073546,0.03113669489789425,,,
0,127,181,224,4,211,215,cholesky_gaussian_ar,181.0,0.1,0.4959522746585472,24.002785852519168,0.12796118671768092,,,
0,127,181,224,4,211,215,euclidean_gaussian_ar,181.0,0.01,0.340106966161522,21.216209781824872,9.999995431053242e-09,,,
0,127,181,224,4,211,215,fixed_bwar,181.0,0.1,0.47114263248242544,23.13640740561797,0.11112862561541557,,,
0,127,181,224,4,211,215,local_bwar,24.0,0.1,0.44783958028610715,23.58997620869571,0.1223665722747803,8.809116365861258e-10,1.0,0.0
0,127,181,224,4,211,215,log_euclidean_gaussian_ar,181.0,1.0,0.6411733609614342,33.61966330759181,0.08980231393594919,,,
0,127,181,224,4,211,215,persistence,,,0.6618208322484765,50.903639067261736,0.05389140002494086,,,
0,127,181,224,4,211,215,raw_var_window_ar,72.0,10.0,1.0586672323863606,142.30516608209192,9.999999998779106e-09,,,
0,127,181,224,4,211,215,seasonal_window_naive,72.0,,0.6618208322484763,50.903713160316244,0.05388141002494008,,,
0,127,181,224,4,212,216,cholesky_gaussian_ar,181.0,0.1,0.19977914796535146,11.227111799962952,0.13270576538549095,,,
0,127,181,224,4,212,216,euclidean_gaussian_ar,181.0,0.01,0.3810645330634154,24.029750676568792,1.0000000086415944e-08,,,
0,127,181,224,4,212,216,fixed_bwar,181.0,0.1,0.21336006286804762,10.287506170972485,0.11233533480447425,,,
0,127,181,224,4,212,216,local_bwar,24.0,0.1,0.18339094661613606,9.202263311610157,0.12430929201927252,8.811005194716779e-10,1.0,0.0
0,127,181,224,4,212,216,log_euclidean_gaussian_ar,181.0,1.0,0.25396042514504547,12.873799707250363,0.09026835591542652,,,
0,127,181,224,4,212,216,persistence,,,0.3551025223104843,19.106986680545816,0.03800966231091705,,,
0,127,181,224,4,212,216,raw_var_window_ar,72.0,10.0,0.652854751468006,107.24218884429622,9.999999999914041e-09,,,
0,127,181,224,4,212,216,seasonal_window_naive,72.0,,0.3551025223104844,19.10703278669339,0.037999672310915215,,,
0,127,181,224,4,213,217,cholesky_gaussian_ar,181.0,0.1,0.3057721346444383,14.75693837969766,0.13021841346424123,,,
0,127,181,224,4,213,217,euclidean_gaussian_ar,181.0,0.01,0.44549054274312877,32.25426699267043,9.999999606108759e-09,,,
0,127,181,224,4,213,217,fixed_bwar,181.0,0.1,0.3825780929988503,16.466494120683514,0.12573617551524288,,,
0,127,181,224,4,213,217,local_bwar,24.0,0.1,0.3007993010799721,12.112232900766443,0.12864547912300872,8.536607723974579e-10,1.0,0.0
0,127,181,224,4,213,217,log_euclidean_gaussian_ar,181.0,1.0,0.30247826462490696,16.131312608258796,0.09536082526597675,,,
0,127,181,224,4,213,217,persistence,,,0.5452184933455125,34.2014706212157,0.06482568259984384,,,
0,127,181,224,4,213,217,raw_var_window_ar,72.0,10.0,0.6299044661102349,103.54537628421963,9.999999999900874e-09,,,
0,127,181,224,4,213,217,seasonal_window_naive,72.0,,0.5452184933455125,34.201483334299894,0.06481569259984174,,,
0,127,181,224,4,214,218,cholesky_gaussian_ar,181.0,0.1,0.34534905192466225,17.544531575791222,0.12277802668244725,,,
0,127,181,224,4,214,218,euclidean_gaussian_ar,181.0,0.01,0.4482009072620078,37.554176022587804,9.999999454558249e-09,,,
0,127,181,224,4,214,218,fixed_bwar,181.0,0.1,0.35057040050080834,17.153281965794736,0.1279284239723262,,,
0,127,181,224,4,214,218,local_bwar,24.0,0.1,0.31028144154664483,14.238124165286825,0.12764936302988636,9.081238590359876e-10,1.0,0.0
0,127,181,224,4,214,218,log_euclidean_gaussian_ar,181.0,1.0,0.3693808156749782,20.22879034204761,0.09437126932501103,,,
0,127,181,224,4,214,218,persistence,,,0.7906444314117475,64.39243436816983,0.02751197228497289,,,
0,127,181,224,4,214,218,raw_var_window_ar,72.0,10.0,0.7373768936691556,113.11010157150781,9.999999999921544e-09,,,
0,127,181,224,4,214,218,seasonal_window_naive,72.0,,0.7906444314117475,64.39249048555493,0.027501982284972634,,,
0,127,181,224,4,215,219,cholesky_gaussian_ar,181.0,0.1,0.3574413385517148,15.812863168012338,0.12049746045644794,,,
0,127,181,224,4,215,219,euclidean_gaussian_ar,181.0,0.01,0.45724351630793203,33.17492700182871,9.999999031474722e-09,,,
0,127,181,224,4,215,219,fixed_bwar,181.0,0.1,0.2511112007884594,11.720985199804325,0.12325138523987114,,,
0,127,181,224,4,215,219,local_bwar,24.0,0.1,0.24017953754101434,11.462905003119122,0.13138657753545882,9.248441330489828e-10,1.0,0.0
0,127,181,224,4,215,219,log_euclidean_gaussian_ar,181.0,1.0,0.3825327212325556,15.852090613615605,0.0922955617668851,,,
0,127,181,224,4,215,219,persistence,,,0.579025304132888,42.59780747897824,0.02656423534199123,,,
0,127,181,224,4,215,219,raw_var_window_ar,72.0,10.0,0.8514313475338506,116.16052111826149,9.999999999474631e-09,,,
0,127,181,224,4,215,219,seasonal_window_naive,72.0,,0.579025304132888,42.5978696546402,0.026554245342012627,,,
0,127,181,224,4,216,220,cholesky_gaussian_ar,181.0,0.1,0.5878107131660693,32.09427025711409,0.11221371379789308,,,
0,127,181,224,4,216,220,euclidean_gaussian_ar,181.0,0.01,0.39772925833692513,20.814144536023,9.999995921513754e-09,,,
0,127,181,224,4,216,220,fixed_bwar,181.0,0.1,0.5751271594843028,27.641240468464822,0.10111140587877879,,,
0,127,181,224,4,216,220,local_bwar,24.0,0.1,0.2592473669223764,11.409131117619491,0.12390740140391293,8.84330266182373e-10,1.0,0.0
0,127,181,224,4,216,220,log_euclidean_gaussian_ar,181.0,1.0,0.619249677011546,33.89882583589825,0.08526811709484827,,,
0,127,181,224,4,216,220,persistence,,,0.41648388524124963,18.78680021614194,0.04168441687548404,,,
0,127,181,224,4,216,220,raw_var_window_ar,72.0,10.0,1.0242108046476444,142.78285662048515,9.999999999845135e-09,,,
0,127,181,224,4,216,220,seasonal_window_naive,72.0,,0.4164838852412494,18.786884589649503,0.041674426875479134,,,
0,127,181,224,4,217,221,cholesky_gaussian_ar,181.0,0.1,0.6834922407974288,40.5255297915763,0.11907588205023359,,,
0,127,181,224,4,217,221,euclidean_gaussian_ar,181.0,0.01,0.26322421456858697,21.58212269603625,9.999999567570452e-09,,,
0,127,181,224,4,217,221,fixed_bwar,181.0,0.1,0.7670422734345793,45.234022455875206,0.0944683377885082,,,
0,127,181,224,4,217,221,local_bwar,24.0,0.1,0.4732087328666826,25.793463022205756,0.11867469200972337,9.003097641144808e-10,1.0,0.0
0,127,181,224,4,217,221,log_euclidean_gaussian_ar,181.0,1.0,0.8449301413270478,58.88552208471231,0.08289220162820332,,,
0,127,181,224,4,217,221,persistence,,,0.8282544255990084,67.07759527575449,0.048305238570760904,,,
0,127,181,224,4,217,221,raw_var_window_ar,72.0,10.0,1.1862825553227907,164.9415658581558,9.999999999974326e-09,,,
0,127,181,224,4,217,221,seasonal_window_naive,72.0,,0.8282544255990082,67.07771669849684,0.04829524857076449,,,
0,127,181,224,4,218,222,cholesky_gaussian_ar,181.0,0.1,0.5587773234493962,32.52404522290722,0.11487636377404063,,,
0,127,181,224,4,218,222,euclidean_gaussian_ar,181.0,0.01,0.25006953912088187,18.56182116202665,9.999998075259651e-09,,,
0,127,181,224,4,218,222,fixed_bwar,181.0,0.1,0.6343089802084678,35.839039346956326,0.09614349360086155,,,
0,127,181,224,4,218,222,local_bwar,24.0,0.1,0.3967273877463283,22.744066899981988,0.12267592350272785,9.960517040499352e-10,1.0,0.0
0,127,181,224,4,218,222,log_euclidean_gaussian_ar,181.0,1.0,0.7239043611812795,49.23831775521295,0.08395061940654025,,,
0,127,181,224,4,218,222,persistence,,,0.7281173274849844,63.48179575240575,0.034271008874507715,,,
0,127,181,224,4,218,222,raw_var_window_ar,72.0,10.0,1.0781964187860975,158.08033863607707,9.999999999995312e-09,,,
0,127,181,224,4,218,222,seasonal_window_naive,72.0,,0.7281173274849844,63.48190355754966,0.0342610188745082,,,
0,127,181,224,4,219,223,cholesky_gaussian_ar,181.0,0.1,0.24713413094350703,12.316520018368372,0.12751394010396386,,,
0,127,181,224,4,219,223,euclidean_gaussian_ar,181.0,0.01,0.27594840749628646,13.747960858890147,9.999997993187249e-09,,,
0,127,181,224,4,219,223,fixed_bwar,181.0,0.1,0.262763911600544,11.64454764636195,0.10995010629772779,,,
0,127,181,224,4,219,223,local_bwar,24.0,0.1,0.15461108557341566,9.511609046667575,0.13484072514197568,9.92968320235356e-10,1.0,0.0
0,127,181,224,4,219,223,log_euclidean_gaussian_ar,181.0,1.0,0.3899819175192219,17.557616519988933,0.0891614279468365,,,
0,127,181,224,4,219,223,persistence,,,0.25671634691605355,20.285989482188125,0.04000944432383261,,,
0,127,181,224,4,219,223,raw_var_window_ar,72.0,10.0,0.8219984211068019,122.5223605707051,9.999999999413068e-09,,,
0,127,181,224,4,219,223,seasonal_window_naive,72.0,,0.25671634691605344,20.286050540533065,0.03999945432383385,,,
0,127,181,224,6,175,181,cholesky_gaussian_ar,181.0,0.1,0.24234307451167708,11.21665163251835,0.11488926172039306,,,
0,127,181,224,6,175,181,euclidean_gaussian_ar,181.0,0.01,0.3765392944870537,11.392342628269049,0.14178942102132217,,,
0,127,181,224,6,175,181,fixed_bwar,181.0,1e-06,0.7112314796961049,37.216893490210204,0.07473715316449958,,,
0,127,181,224,6,175,181,local_bwar,24.0,0.1,0.17725622725529092,8.163541894865025,0.09237404016263988,4.8508261513484476e-11,1.0,0.0
0,127,181,224,6,175,181,log_euclidean_gaussian_ar,181.0,0.1,0.26067572692483426,12.55458299681606,0.08271114247559859,,,
0,127,181,224,6,175,181,persistence,,,0.2696306915733157,15.319888684538421,0.04308006192517723,,,
0,127,181,224,6,175,181,raw_var_window_ar,72.0,1e-06,0.6958135899848366,101.91172514935798,9.999999999999979e-09,,,
0,127,181,224,6,175,181,seasonal_window_naive,72.0,,0.2696306915733157,15.319980715332672,0.043070071925179136,,,
0,127,181,224,6,176,182,cholesky_gaussian_ar,181.0,0.1,0.34381620638924776,13.866521005211462,0.11560274963937442,,,
0,127,181,224,6,176,182,euclidean_gaussian_ar,181.0,0.01,0.5475553519031646,19.22076488046367,0.16379761744279375,,,
0,127,181,224,6,176,182,fixed_bwar,181.0,1e-06,0.7071905286430578,34.352129767931245,0.0749712051976299,,,
0,127,181,224,6,176,182,local_bwar,24.0,0.1,0.32027908041679204,12.093492383196377,0.09794752624264048,4.7148366877900284e-11,1.0,0.0
0,127,181,224,6,176,182,log_euclidean_gaussian_ar,181.0,0.1,0.3570027202884117,14.072709614130773,0.088622703626309,,,
0,127,181,224,6,176,182,persistence,,,0.26077203293778545,13.611556605216759,0.04463591871922293,,,
0,127,181,224,6,176,182,raw_var_window_ar,72.0,1e-06,0.695365882787348,96.56142959506721,9.999999999999987e-09,,,
0,127,181,224,6,176,182,seasonal_window_naive,72.0,,0.2607720329377854,13.61163794234021,0.04462592871922849,,,
0,127,181,224,6,177,183,cholesky_gaussian_ar,181.0,0.1,0.5243382463817874,23.67978783452339,0.11273200746452779,,,
0,127,181,224,6,177,183,euclidean_gaussian_ar,181.0,0.01,0.754666542304235,33.35147928218835,0.15986641991230122,,,
0,127,181,224,6,177,183,fixed_bwar,181.0,1e-06,0.8063876702621874,43.09640027379779,0.07508464249794261,,,
0,127,181,224,6,177,183,local_bwar,24.0,0.1,0.46409863584259325,18.74669114376509,0.09583047625481128,5.4219547916106385e-11,1.0,0.0
0,127,181,224,6,177,183,log_euclidean_gaussian_ar,181.0,0.1,0.5342692951060858,25.533696195626295,0.08739638229578735,,,
0,127,181,224,6,177,183,persistence,,,0.4985678000288867,23.724715213540343,0.04078058952838831,,,
0,127,181,224,6,177,183,raw_var_window_ar,72.0,1e-06,0.7974562758270325,102.08829094269379,9.99999999999992e-09,,,
0,127,181,224,6,177,183,seasonal_window_naive,72.0,,0.49856780002888645,23.72478706307728,0.040770599528387165,,,
0,127,181,224,6,178,184,cholesky_gaussian_ar,181.0,0.1,0.7192109966286327,37.50408733321765,0.10658712671892558,,,
0,127,181,224,6,178,184,euclidean_gaussian_ar,181.0,0.01,0.931892923028482,47.98179325763104,0.15329929979724932,,,
0,127,181,224,6,178,184,fixed_bwar,181.0,1e-06,0.9643807907785897,56.325806979635686,0.07518468764706476,,,
0,127,181,224,6,178,184,local_bwar,24.0,0.1,0.5701211339649584,26.189602169577654,0.09319861842445051,5.468124700803897e-11,1.0,0.0
0,127,181,224,6,178,184,log_euclidean_gaussian_ar,181.0,0.1,0.7230588042000436,40.15036214253564,0.08241740455549947,,,
0,127,181,224,6,178,184,persistence,,,0.5683148833453633,26.203946624758743,0.04253534473373748,,,
0,127,181,224,6,178,184,raw_var_window_ar,72.0,1e-06,0.9570232378607073,109.71021021488416,9.999999999999375e-09,,,
0,127,181,224,6,178,184,seasonal_window_naive,72.0,,0.5683148833453635,26.203983179292095,0.0425253547337351,,,
0,127,181,224,6,179,185,cholesky_gaussian_ar,181.0,0.1,0.9786133716649634,64.40152682819331,0.10054016155042751,,,
0,127,181,224,6,179,185,euclidean_gaussian_ar,181.0,0.01,1.1312390598958089,71.14650241250158,0.14784983024943205,,,
0,127,181,224,6,179,185,fixed_bwar,181.0,1e-06,1.183575281168149,83.39526113055805,0.07553034735141195,,,
0,127,181,224,6,179,185,local_bwar,24.0,0.1,0.7436899082691139,40.30332141652855,0.08730672212112549,9.739157678321313e-10,1.0,0.0
0,127,181,224,6,179,185,log_euclidean_gaussian_ar,181.0,0.1,0.9721222479627357,68.51186765491177,0.07753071633541843,,,
0,127,181,224,6,179,185,persistence,,,0.7378245087141638,37.26282409441106,0.031071602170496242,,,
0,127,181,224,6,179,185,raw_var_window_ar,72.0,1e-06,1.178507407998187,138.113081937559,9.999999999999785e-09,,,
0,127,181,224,6,179,185,seasonal_window_naive,72.0,,0.7378245087141637,37.26287471569138,0.03106161217048355,,,
0,127,181,224,6,180,186,cholesky_gaussian_ar,181.0,0.1,0.8404037464276332,53.38816084580996,0.09871803676048753,,,
0,127,181,224,6,180,186,euclidean_gaussian_ar,181.0,0.01,0.9952494048846584,59.88178512756349,0.14592757983958438,,,
0,127,181,224,6,180,186,fixed_bwar,181.0,1e-06,1.046759068845919,71.42679141220177,0.07603846707870215,,,
0,127,181,224,6,180,186,local_bwar,24.0,0.1,0.6548845299511532,35.1735043784179,0.08716925750829209,9.156377426307832e-10,1.0,0.0
0,127,181,224,6,180,186,log_euclidean_gaussian_ar,181.0,0.1,0.847828049764633,60.03875840915811,0.07327767133728363,,,
0,127,181,224,6,180,186,persistence,,,0.6618734693196349,36.28597046925627,0.035558803873924905,,,
0,127,181,224,6,180,186,raw_var_window_ar,72.0,1e-06,1.0438442901641112,125.10045172851599,9.999999999999783e-09,,,
0,127,181,224,6,180,186,seasonal_window_naive,72.0,,0.661873469319635,36.28597614719004,0.035548813873921475,,,
0,127,181,224,6,181,187,cholesky_gaussian_ar,181.0,0.1,0.5327680775682433,26.650024544326367,0.11508275865364578,,,
0,127,181,224,6,181,187,euclidean_gaussian_ar,181.0,0.01,0.7552319473579975,36.26013595981814,0.005541696136476637,,,
0,127,181,224,6,181,187,fixed_bwar,181.0,1e-06,0.6593933164068146,39.860267817383416,0.036325983699087926,,,
0,127,181,224,6,181,187,local_bwar,24.0,0.1,0.451355764349706,18.965572201715695,0.08600366305950866,9.606182869187867e-10,1.0,0.0
0,127,181,224,6,181,187,log_euclidean_gaussian_ar,181.0,0.1,0.5475671110434358,28.874224593666128,0.07784582503614364,,,
0,127,181,224,6,181,187,persistence,,,0.40747063462220373,25.236928458741026,0.037531691814572235,,,
0,127,181,224,6,181,187,raw_var_window_ar,72.0,1e-06,0.8053415048883941,107.56556336188405,9.999999999999967e-09,,,
0,127,181,224,6,181,187,seasonal_window_naive,72.0,,0.4074706346222034,25.23696252583813,0.03752170181457343,,,
0,127,181,224,6,182,188,cholesky_gaussian_ar,181.0,0.1,0.33038573733404686,10.969590628035853,0.11928313424129768,,,
0,127,181,224,6,182,188,euclidean_gaussian_ar,181.0,0.01,0.25292156446759245,11.53396786053141,1.000000014571876e-08,,,
0,127,181,224,6,182,188,fixed_bwar,181.0,1e-06,0.8082938473837042,58.58896698311422,0.01897266736331724,,,
0,127,181,224,6,182,188,local_bwar,24.0,0.1,0.496985236908622,17.620627918287703,0.08718949620104496,4.540174321174041e-11,1.0,0.0
0,127,181,224,6,182,188,log_euclidean_gaussian_ar,181.0,0.1,0.3270190625944496,10.181340300368326,0.08015403613597409,,,
0,127,181,224,6,182,188,persistence,,,0.39977225672432243,17.035298641964424,0.04072622436026174,,,
0,127,181,224,6,182,188,raw_var_window_ar,72.0,1e-06,0.3660365090147622,60.16484944080355,9.999999999999937e-09,,,
0,127,181,224,6,182,188,seasonal_window_naive,72.0,,0.39977225672432243,17.035300882686734,0.04071623436026327,,,
0,127,181,224,6,183,189,cholesky_gaussian_ar,181.0,0.1,0.3128273068512407,15.845798604699826,0.01581390122623341,,,
0,127,181,224,6,183,189,euclidean_gaussian_ar,181.0,0.01,0.31059182389205686,13.760025854965546,9.999995371743764e-09,,,
0,127,181,224,6,183,189,fixed_bwar,181.0,1e-06,0.3828302893209576,21.28402001100526,0.0004643241460814193,,,
0,127,181,224,6,183,189,local_bwar,24.0,0.1,0.461892311905154,14.97537503785303,0.08829776358956319,7.03769051433883e-11,1.0,0.0
0,127,181,224,6,183,189,log_euclidean_gaussian_ar,181.0,0.1,0.3666003155587024,34.73618464837149,0.01525285511833579,,,
0,127,181,224,6,183,189,persistence,,,0.5441150970358739,23.325736114856014,9.999999999038756e-06,,,
0,127,181,224,6,183,189,raw_var_window_ar,72.0,1e-06,0.42737886535262526,74.85691518857574,9.999999999999974e-09,,,
0,127,181,224,6,183,189,seasonal_window_naive,72.0,,0.5441150970358738,23.33009536044564,9.999999974120177e-09,,,
0,127,181,224,6,184,190,cholesky_gaussian_ar,181.0,0.1,0.32215993092306566,18.746950382551788,0.015374494489200244,,,
0,127,181,224,6,184,190,euclidean_gaussian_ar,181.0,0.01,0.27794378659515934,15.67210821562509,9.999999325689532e-09,,,
0,127,181,224,6,184,190,fixed_bwar,181.0,1e-06,0.7261216967546857,40.170333411370436,0.0004933289189648476,,,
0,127,181,224,6,184,190,local_bwar,24.0,0.1,0.4001771387923196,13.453873397122951,0.08694316329892664,1.6890097184843776e-10,1.0,0.0
0,127,181,224,6,184,190,log_euclidean_gaussian_ar,181.0,0.1,0.4053542556205603,42.43423534417519,0.012078428721431878,,,
0,127,181,224,6,184,190,persistence,,,0.7217541824793935,40.20331606915869,9.999999999843752e-06,,,
0,127,181,224,6,184,190,raw_var_window_ar,72.0,1e-06,0.48444022082395827,84.33410483677433,9.999999999999969e-09,,,
0,127,181,224,6,184,190,seasonal_window_naive,72.0,,0.7217541824793934,40.20899379343327,1.0000000190460326e-08,,,
0,127,181,224,6,185,191,cholesky_gaussian_ar,181.0,0.1,0.4250375133548345,23.735165564054782,0.014607495473393248,,,
0,127,181,224,6,185,191,euclidean_gaussian_ar,181.0,0.01,0.37617807092788724,20.41461676292528,9.999998030101066e-09,,,
0,127,181,224,6,185,191,fixed_bwar,181.0,1e-06,0.8570704023788202,52.93271565770601,0.0004997884997391597,,,
0,127,181,224,6,185,191,local_bwar,24.0,0.1,0.20492827739781042,8.97214696447181,0.08762262154168794,3.3961041573034585e-10,1.0,0.0
0,127,181,224,6,185,191,log_euclidean_gaussian_ar,181.0,0.1,0.5035995118771251,51.66167733650742,0.01117850726040452,,,
0,127,181,224,6,185,191,persistence,,,0.7916484315138999,52.72514503522774,9.999999999558016e-06,,,
0,127,181,224,6,185,191,raw_var_window_ar,72.0,1e-06,0.6882630156142319,99.8557547697292,9.999999999999914e-09,,,
0,127,181,224,6,185,191,seasonal_window_naive,72.0,,0.7916484315138997,52.73134460471684,9.999999891995536e-09,,,
0,127,181,224,6,186,192,cholesky_gaussian_ar,181.0,0.1,0.7257462876142257,47.47627895041695,0.011633852911784098,,,
0,127,181,224,6,186,192,euclidean_gaussian_ar,181.0,0.01,0.4540093364800276,29.936926006179988,9.999996180023812e-09,,,
0,127,181,224,6,186,192,fixed_bwar,181.0,1e-06,1.0450265507957308,75.25494550419563,0.0004716363587732071,,,
0,127,181,224,6,186,192,local_bwar,24.0,0.1,0.2486571310226881,10.71742384911766,0.08509005283999997,5.663169327523186e-10,1.0,0.0
0,127,181,224,6,186,192,log_euclidean_gaussian_ar,181.0,0.1,0.7581523167842934,79.17536437265068,0.008665662019554328,,,
0,127,181,224,6,186,192,persistence,,,0.5979828795449408,34.80984578131158,9.999999999558107e-06,,,
0,127,181,224,6,186,192,raw_var_window_ar,72.0,1e-06,0.9415958793073654,125.9931815943853,9.999999999999959e-09,,,
0,127,181,224,6,186,192,seasonal_window_naive,72.0,,0.5979828795449407,34.81803180770555,1.0000000021432078e-08,,,
0,127,181,224,6,187,193,cholesky_gaussian_ar,181.0,0.1,0.5355606438279866,27.435614777588057,0.10496679741092671,,,
0,127,181,224,6,187,193,euclidean_gaussian_ar,181.0,0.01,0.42679394631024975,25.41559839481133,9.99999956712257e-09,,,
0,127,181,224,6,187,193,fixed_bwar,181.0,1e-06,0.9094968603861748,61.80901014278223,0.0003851939172441441,,,
0,127,181,224,6,187,193,local_bwar,24.0,0.1,0.31055881680407843,12.861442902268903,0.08571987388856166,5.82168564957197e-10,1.0,0.0
0,127,181,224,6,187,193,log_euclidean_gaussian_ar,181.0,0.1,0.517019615613576,33.951958100598304,0.0729826344241228,,,
0,127,181,224,6,187,193,persistence,,,0.465630474594212,22.45946241934442,0.038615806960128424,,,
0,127,181,224,6,187,193,raw_var_window_ar,72.0,1e-06,0.9121613782264093,114.1163346858459,9.999999999999818e-09,,,
0,127,181,224,6,187,193,seasonal_window_naive,72.0,,0.4656304745942121,22.45951286570109,0.03860581696013723,,,
0,127,181,224,6,188,194,cholesky_gaussian_ar,181.0,0.1,0.5764566254724396,34.39399870591884,0.09295562409375854,,,
0,127,181,224,6,188,194,euclidean_gaussian_ar,181.0,0.01,0.4301612278211683,19.10870448769093,0.03276401961384122,,,
0,127,181,224,6,188,194,fixed_bwar,181.0,1e-06,0.7106398318174016,44.83172221063614,0.000377775615463918,,,
0,127,181,224,6,188,194,local_bwar,24.0,0.1,0.27897262441522797,11.972480846648917,0.08366578350415929,7.312239710168073e-10,1.0,0.0
0,127,181,224,6,188,194,log_euclidean_gaussian_ar,181.0,0.1,0.543216009410408,41.66212395160033,0.06365771930234927,,,
0,127,181,224,6,188,194,persistence,,,0.6104488971648534,32.199994065129125,0.03657682181150887,,,
0,127,181,224,6,188,194,raw_var_window_ar,72.0,1e-06,0.8121636673702908,115.09079578212868,9.999999999998572e-09,,,
0,127,181,224,6,188,194,seasonal_window_naive,72.0,,0.6104488971648532,32.2001029350788,0.03656683181150857,,,
0,127,181,224,6,189,195,cholesky_gaussian_ar,181.0,0.1,0.28684751226479616,16.073870900128252,0.09635531522671936,,,
0,127,181,224,6,189,195,euclidean_gaussian_ar,181.0,0.01,0.26385028422965107,12.354682216104692,0.10115135570765053,,,
0,127,181,224,6,189,195,fixed_bwar,181.0,1e-06,0.3703383628696144,23.260458749473436,0.00035475682694175267,,,
0,127,181,224,6,189,195,local_bwar,24.0,0.1,0.2246519287798064,9.279889756219665,0.08571028762044006,8.731063394404038e-10,1.0,0.0
0,127,181,224,6,189,195,log_euclidean_gaussian_ar,181.0,0.1,0.2836347156016267,22.309450942102476,0.07037879440787083,,,
0,127,181,224,6,189,195,persistence,,,0.2854672301913493,12.50295200323977,0.026875865375861435,,,
0,127,181,224,6,189,195,raw_var_window_ar,72.0,1e-06,0.5663547635609683,95.07324620065341,9.999999999999977e-09,,,
0,127,181,224,6,189,195,seasonal_window_naive,72.0,,0.2854672301913494,12.503040825165275,0.026865875375871345,,,
0,127,181,224,6,190,196,cholesky_gaussian_ar,181.0,0.1,0.4124114783521161,24.406636170920326,0.10746097318057665,,,
0,127,181,224,6,190,196,euclidean_gaussian_ar,181.0,0.01,0.46753841572569216,23.288614127675782,9.999999955228196e-09,,,
0,127,181,224,6,190,196,fixed_bwar,181.0,1e-06,0.7677936347135565,52.103249506274366,0.0003951146727413418,,,
0,127,181,224,6,190,196,local_bwar,24.0,0.1,0.3334918562809058,17.059780414291733,0.08802905781445722,7.850768970677918e-10,1.0,0.0
0,127,181,224,6,190,196,log_euclidean_gaussian_ar,181.0,0.1,0.4410095855889137,31.718942383738224,0.07454658609677008,,,
0,127,181,224,6,190,196,persistence,,,0.2695735260158797,12.970845494903031,0.032326855367465254,,,
0,127,181,224,6,190,196,raw_var_window_ar,72.0,1e-06,0.7194112310257605,119.22368581057556,9.99999999999991e-09,,,
0,127,181,224,6,190,196,seasonal_window_naive,72.0,,0.2695735260158797,12.970949115474419,0.032316865367467584,,,
0,127,181,224,6,191,197,cholesky_gaussian_ar,181.0,0.1,0.3795592377113538,22.5141236118099,0.12383251138764573,,,
0,127,181,224,6,191,197,euclidean_gaussian_ar,181.0,0.01,0.4580973482390866,25.638436851817666,9.999999195926827e-09,,,
0,127,181,224,6,191,197,fixed_bwar,181.0,1e-06,0.80181092605952,57.67885508691029,0.0004039152728150051,,,
0,127,181,224,6,191,197,local_bwar,24.0,0.1,0.3586933210383918,19.52806219737227,0.09128670437792809,7.559820781063786e-10,1.0,0.0
0,127,181,224,6,191,197,log_euclidean_gaussian_ar,181.0,0.1,0.44898278787046825,31.219834637993813,0.07940346116580552,,,
0,127,181,224,6,191,197,persistence,,,0.23034982568126855,14.242830404357523,0.03602546388772396,,,
0,127,181,224,6,191,197,raw_var_window_ar,72.0,1e-06,0.7904041893665553,128.06188548229684,9.999999999999984e-09,,,
0,127,181,224,6,191,197,seasonal_window_naive,72.0,,0.2303498256812685,14.24291869277084,0.03601547388772103,,,
0,127,181,224,6,192,198,cholesky_gaussian_ar,181.0,0.1,0.33759197900606647,16.334043088064355,0.12274212572491994,,,
0,127,181,224,6,192,198,euclidean_gaussian_ar,181.0,0.01,0.4801506114465178,26.162085679608246,9.999997609594416e-09,,,
0,127,181,224,6,192,198,fixed_bwar,181.0,1e-06,0.6750165075862062,45.17544221734502,0.00039600501152409483,,,
0,127,181,224,6,192,198,local_bwar,24.0,0.1,0.307505796218056,14.152218128928219,0.09369531361672397,7.765616868295323e-10,1.0,0.0
0,127,181,224,6,192,198,log_euclidean_gaussian_ar,181.0,0.1,0.37821414602369446,19.87481320240822,0.08192653566230713,,,
0,127,181,224,6,192,198,persistence,,,0.3788917910421467,23.227325312048126,0.03798753098823863,,,
0,127,181,224,6,192,198,raw_var_window_ar,72.0,1e-06,0.8344300086962608,121.09526173993754,9.999999999999979e-09,,,
0,127,181,224,6,192,198,seasonal_window_naive,72.0,,0.3788917910421467,23.22740139367343,0.03797754098824008,,,
0,127,181,224,6,193,199,cholesky_gaussian_ar,181.0,0.1,0.5678131873978008,26.061509996838794,0.10905722913097429,,,
0,127,181,224,6,193,199,euclidean_gaussian_ar,181.0,0.01,0.3886543472653188,18.051508954364806,9.999998737936316e-09,,,
0,127,181,224,6,193,199,fixed_bwar,181.0,1e-06,0.6499785717432255,44.6851073083307,0.00046031815069370413,,,
0,127,181,224,6,193,199,local_bwar,24.0,0.1,0.3641117794203704,13.224880430012472,0.09090222638392008,7.724068707450165e-10,1.0,0.0
0,127,181,224,6,193,199,log_euclidean_gaussian_ar,181.0,0.1,0.5673472408587588,30.685902533328036,0.07954718302754744,,,
0,127,181,224,6,193,199,persistence,,,0.38034896969532084,21.93894076062969,0.01922086688389354,,,
0,127,181,224,6,193,199,raw_var_window_ar,72.0,1e-06,1.0075413727927365,132.36037923965603,9.999999999999587e-09,,,
0,127,181,224,6,193,199,seasonal_window_naive,72.0,,0.3803489696953207,21.93908178163896,0.019210876883885415,,,
0,127,181,224,6,194,200,cholesky_gaussian_ar,181.0,0.1,0.6715423824742688,30.198883382667155,0.1107836039434038,,,
0,127,181,224,6,194,200,euclidean_gaussian_ar,181.0,0.01,0.5232425305149073,21.10045693292738,9.999999024754579e-09,,,
0,127,181,224,6,194,200,fixed_bwar,181.0,1e-06,0.6367795204992179,38.69378296685941,0.00041972513248849427,,,
0,127,181,224,6,194,200,local_bwar,24.0,0.1,0.4895157984500591,18.030967969597633,0.08751817050729385,8.517283026958661e-10,1.0,0.0
0,127,181,224,6,194,200,log_euclidean_gaussian_ar,181.0,0.1,0.617299643892096,26.631394926972185,0.08577428436841965,,,
0,127,181,224,6,194,200,persistence,,,0.45150623977125054,20.996508566008565,0.015871445187360958,,,
0,127,181,224,6,194,200,raw_var_window_ar,72.0,1e-06,1.121717057407374,132.281522343462,9.999999999999342e-09,,,
0,127,181,224,6,194,200,seasonal_window_naive,72.0,,0.4515062397712505,20.99661990742046,0.015861455187358903,,,
0,127,181,224,6,195,201,cholesky_gaussian_ar,181.0,0.1,0.6196245643233859,27.11193100320241,0.11255945180816984,,,
0,127,181,224,6,195,201,euclidean_gaussian_ar,181.0,0.01,0.5318870073405747,19.905790674174977,9.999999740402105e-09,,,
0,127,181,224,6,195,201,fixed_bwar,181.0,1e-06,0.30573018924453377,17.349507478766384,0.00048391338777703193,,,
0,127,181,224,6,195,201,local_bwar,24.0,0.1,0.43836233158604593,15.296891668745136,0.08885449621769484,9.413343072904368e-10,1.0,0.0
0,127,181,224,6,195,201,log_euclidean_gaussian_ar,181.0,0.1,0.6070123122733373,29.056828006754422,0.08029616068665602,,,
0,127,181,224,6,195,201,persistence,,,0.5838879927785073,30.33563711142586,0.01985175650150109,,,
0,127,181,224,6,195,201,raw_var_window_ar,72.0,1e-06,1.0424020226124022,129.8356849637677,9.999999999999406e-09,,,
0,127,181,224,6,195,201,seasonal_window_naive,72.0,,0.5838879927785073,30.335783465132003,0.019841766501498423,,,
0,127,181,224,6,196,202,cholesky_gaussian_ar,181.0,0.1,0.27774517310646796,11.797449000673739,0.12033027543563594,,,
0,127,181,224,6,196,202,euclidean_gaussian_ar,181.0,0.01,0.3475673960929384,14.55177544773607,1.0000000274366176e-08,,,
0,127,181,224,6,196,202,fixed_bwar,181.0,1e-06,0.33441547072674344,18.25977371239101,0.00046898141053433704,,,
0,127,181,224,6,196,202,local_bwar,24.0,0.1,0.22252746038711804,9.686898559510723,0.09604874497422053,9.679365609318891e-10,1.0,0.0
0,127,181,224,6,196,202,log_euclidean_gaussian_ar,181.0,0.1,0.2824101389216517,14.78550646132291,0.08581610954722464,,,
0,127,181,224,6,196,202,persistence,,,0.3153617693773158,18.30355203324747,0.04019884868911989,,,
0,127,181,224,6,196,202,raw_var_window_ar,72.0,1e-06,0.7486551400219703,108.4275715642749,9.999999999999871e-09,,,
0,127,181,224,6,196,202,seasonal_window_naive,72.0,,0.31536176937731575,18.30361912142196,0.040188858689119304,,,
0,127,181,224,6,197,203,cholesky_gaussian_ar,181.0,0.1,0.3082222828548261,16.47714684537023,0.13077920499549237,,,
0,127,181,224,6,197,203,euclidean_gaussian_ar,181.0,0.01,0.3948078428903891,19.953682043980457,9.999999574294221e-09,,,
0,127,181,224,6,197,203,fixed_bwar,181.0,1e-06,0.20760965537203172,12.549965743918865,0.0004009769232432132,,,
0,127,181,224,6,197,203,local_bwar,24.0,0.1,0.3380019638745941,16.62386286500957,0.09492450802613435,8.708066523427746e-10,1.0,0.0
0,127,181,224,6,197,203,log_euclidean_gaussian_ar,181.0,0.1,0.31832113206267276,17.80778914013258,0.08777160859374077,,,
0,127,181,224,6,197,203,persistence,,,0.1982814548701103,13.540796727771204,0.05067816859772769,,,
0,127,181,224,6,197,203,raw_var_window_ar,72.0,1e-06,0.7066575787696364,110.35996491826953,9.999999999999793e-09,,,
0,127,181,224,6,197,203,seasonal_window_naive,72.0,,0.19828145487011042,13.540843391020319,0.05066817859772825,,,
0,127,181,224,6,198,204,cholesky_gaussian_ar,181.0,0.1,0.3671653008419964,19.832283939936193,0.13193533193552348,,,
0,127,181,224,6,198,204,euclidean_gaussian_ar,181.0,0.01,0.3330995517840745,18.079380876782857,1.0000000295782822e-08,,,
0,127,181,224,6,198,204,fixed_bwar,181.0,1e-06,0.22354520742521625,13.689426686634043,0.0007326569557094333,,,
0,127,181,224,6,198,204,local_bwar,24.0,0.1,0.4047624120330476,21.054295062106927,0.09253757442264471,8.471197780571607e-10,1.0,0.0
0,127,181,224,6,198,204,log_euclidean_gaussian_ar,181.0,0.1,0.3895903782139459,22.048089357625358,0.08799026701425423,,,
0,127,181,224,6,198,204,persistence,,,0.24624835171732723,15.768007338083061,0.05534240930857545,,,
0,127,181,224,6,198,204,raw_var_window_ar,72.0,1e-06,0.7617760570134952,117.42484702936694,9.999999999999975e-09,,,
0,127,181,224,6,198,204,seasonal_window_naive,72.0,,0.24624835171732737,15.768057332436499,0.05533241930856584,,,
0,127,181,224,6,199,205,cholesky_gaussian_ar,181.0,0.1,0.3597013916375537,14.846433955643718,0.12858839385908818,,,
0,127,181,224,6,199,205,euclidean_gaussian_ar,181.0,0.01,0.4584043664349997,20.580237176996953,1.0000000522814121e-08,,,
0,127,181,224,6,199,205,fixed_bwar,181.0,1e-06,0.6248000925182813,31.873765625763852,0.0004356794786317324,,,
0,127,181,224,6,199,205,local_bwar,24.0,0.1,0.33777756838033907,14.396122372476263,0.09283415915128798,9.100139405026132e-10,1.0,0.0
0,127,181,224,6,199,205,log_euclidean_gaussian_ar,181.0,0.1,0.37846075102010984,16.680730366136928,0.09149861246605955,,,
0,127,181,224,6,199,205,persistence,,,0.33388801176447225,19.67455194490308,0.04448702088367999,,,
0,127,181,224,6,199,205,raw_var_window_ar,72.0,1e-06,0.856733431717037,118.84602220935722,9.999999999999823e-09,,,
0,127,181,224,6,199,205,seasonal_window_naive,72.0,,0.3338880117644723,19.67460365796039,0.04447703088368013,,,
0,127,181,224,6,200,206,cholesky_gaussian_ar,181.0,0.1,0.5620360064196702,27.86801318132712,0.12370576408608422,,,
0,127,181,224,6,200,206,euclidean_gaussian_ar,181.0,0.01,0.46680833593275,20.30708222801956,9.999999848477233e-09,,,
0,127,181,224,6,200,206,fixed_bwar,181.0,1e-06,0.7969203744703565,44.39148165492456,0.0007302475732615685,,,
0,127,181,224,6,200,206,local_bwar,24.0,0.1,0.42770937371322143,16.633225806410188,0.09192074026944748,9.974245441608353e-10,1.0,0.0
0,127,181,224,6,200,206,log_euclidean_gaussian_ar,181.0,0.1,0.567909158505047,31.14174524396074,0.09183552596828978,,,
0,127,181,224,6,200,206,persistence,,,0.2972390114316282,21.026928001406546,0.047019594503139195,,,
0,127,181,224,6,200,206,raw_var_window_ar,72.0,1e-06,1.063903033893804,144.0201510901899,9.999999999999916e-09,,,
0,127,181,224,6,200,206,seasonal_window_naive,72.0,,0.2972390114316282,21.02702022427382,0.04700960450313648,,,
0,127,181,224,6,201,207,cholesky_gaussian_ar,181.0,0.1,0.5163993149860168,24.806717727908442,0.12643659116642642,,,
0,127,181,224,6,201,207,euclidean_gaussian_ar,181.0,0.01,0.409010432280886,17.695174213647377,9.999999934345707e-09,,,
0,127,181,224,6,201,207,fixed_bwar,181.0,1e-06,0.3458449216354885,19.660603026209536,0.00037377311823199574,,,
0,127,181,224,6,201,207,local_bwar,24.0,0.1,0.40103253349550716,15.903935004882106,0.08827811676063897,9.77795486644746e-10,1.0,0.0
0,127,181,224,6,201,207,log_euclidean_gaussian_ar,181.0,0.1,0.5213036771446908,24.59548931102484,0.0912171421039033,,,
0,127,181,224,6,201,207,persistence,,,0.22910974198864725,15.581778959797344,0.03952098487615551,,,
0,127,181,224,6,201,207,raw_var_window_ar,72.0,1e-06,1.0005867666748767,122.5778090854507,9.999999999999544e-09,,,
0,127,181,224,6,201,207,seasonal_window_naive,72.0,,0.22910974198864723,15.58181730217452,0.03951099487615509,,,
0,127,181,224,6,202,208,cholesky_gaussian_ar,181.0,0.1,0.3612959355455035,18.85214439680085,0.115011082293005,,,
0,127,181,224,6,202,208,euclidean_gaussian_ar,181.0,0.01,0.3700124975177539,16.084825805098056,9.999999879336405e-09,,,
0,127,181,224,6,202,208,fixed_bwar,181.0,1e-06,0.2864959557304031,15.217997499385465,0.0006760298991197316,,,
0,127,181,224,6,202,208,local_bwar,24.0,0.1,0.2567770972459112,11.129267056134921,0.08970810689780344,8.886634028325199e-11,1.0,0.0
0,127,181,224,6,202,208,log_euclidean_gaussian_ar,181.0,0.1,0.3869519081930861,22.85781075281092,0.0815536618606638,,,
0,127,181,224,6,202,208,persistence,,,0.310765852424749,21.433648717292407,0.04223678446629988,,,
0,127,181,224,6,202,208,raw_var_window_ar,72.0,1e-06,0.7574498929627587,104.51345002410591,9.999999999999891e-09,,,
0,127,181,224,6,202,208,seasonal_window_naive,72.0,,0.310765852424749,21.433704981879757,0.04222679446630056,,,
0,127,181,224,6,203,209,cholesky_gaussian_ar,181.0,0.1,0.1605016739461035,8.590274769093766,0.1185144404562431,,,
0,127,181,224,6,203,209,euclidean_gaussian_ar,181.0,0.01,0.2275522543559241,11.489831063249609,9.999998406240972e-09,,,
0,127,181,224,6,203,209,fixed_bwar,181.0,1e-06,0.49324206524536585,22.59789959014114,0.0003773021267090122,,,
0,127,181,224,6,203,209,local_bwar,24.0,0.1,0.2644608567643471,10.916997511228882,0.0929802049934753,9.515380083546373e-11,1.0,0.0
0,127,181,224,6,203,209,log_euclidean_gaussian_ar,181.0,0.1,0.15127831625182075,8.550365076656805,0.08578579829170503,,,
0,127,181,224,6,203,209,persistence,,,0.28204942782166187,15.52186564623677,0.032898128118625775,,,
0,127,181,224,6,203,209,raw_var_window_ar,72.0,1e-06,0.546827874313547,83.31273813080145,9.999999999999969e-09,,,
0,127,181,224,6,203,209,seasonal_window_naive,72.0,,0.28204942782166187,15.52190785039251,0.032888138118626425,,,
0,127,181,224,6,204,210,cholesky_gaussian_ar,181.0,0.1,0.38046024669292344,20.926897220554434,0.11784324736402399,,,
0,127,181,224,6,204,210,euclidean_gaussian_ar,181.0,0.01,0.405970316536979,19.53187033578959,9.999997987560049e-09,,,
0,127,181,224,6,204,210,fixed_bwar,181.0,1e-06,0.24222135913736897,17.213422304230434,0.00034033130366219275,,,
0,127,181,224,6,204,210,local_bwar,24.0,0.1,0.35775129513812154,17.457662783803848,0.09514934708768248,9.849618838825432e-10,1.0,0.0
0,127,181,224,6,204,210,log_euclidean_gaussian_ar,181.0,0.1,0.37674517671723307,22.64755886195642,0.08383053778823958,,,
0,127,181,224,6,204,210,persistence,,,0.17746069219275043,14.191951646045913,0.05066011877411176,,,
0,127,181,224,6,204,210,raw_var_window_ar,72.0,1e-06,0.7301075705415567,119.02674729859989,9.999999999999929e-09,,,
0,127,181,224,6,204,210,seasonal_window_naive,72.0,,0.17746069219275032,14.192012061048324,0.05065012877410986,,,
0,127,181,224,6,205,211,cholesky_gaussian_ar,181.0,0.1,0.45617607296838997,24.533315902831458,0.12652314579929747,,,
0,127,181,224,6,205,211,euclidean_gaussian_ar,181.0,0.01,0.3615490131007039,18.595241435936884,0.016847003651239506,,,
0,127,181,224,6,205,211,fixed_bwar,181.0,1e-06,0.4526662396074019,23.695375248166023,0.0003150430069644,,,
0,127,181,224,6,205,211,local_bwar,24.0,0.1,0.40544218939487375,19.940047025639466,0.10237140911144627,7.61351786648465e-10,1.0,0.0
0,127,181,224,6,205,211,log_euclidean_gaussian_ar,181.0,0.1,0.46123387506838726,27.028561002528754,0.08783282437034431,,,
0,127,181,224,6,205,211,persistence,,,0.2563595760178772,16.00616742087668,0.07569220471851602,,,
0,127,181,224,6,205,211,raw_var_window_ar,72.0,1e-06,0.8601244555952493,134.49423447525476,9.99999999999969e-09,,,
0,127,181,224,6,205,211,seasonal_window_naive,72.0,,0.2563595760178772,16.006235519311144,0.07568221471851562,,,
0,127,181,224,6,206,212,cholesky_gaussian_ar,181.0,0.1,0.37555078857187646,17.011131197169572,0.1273783685960199,,,
0,127,181,224,6,206,212,euclidean_gaussian_ar,181.0,0.01,0.5651021750658001,25.560778729483353,1.0000004915658529e-08,,,
0,127,181,224,6,206,212,fixed_bwar,181.0,1e-06,0.34123039264219723,21.273564014649107,0.0004583731678626397,,,
0,127,181,224,6,206,212,local_bwar,24.0,0.1,0.3638948832020469,15.910598447138806,0.10656971291713167,6.563319330738443e-10,1.0,0.0
0,127,181,224,6,206,212,log_euclidean_gaussian_ar,181.0,0.1,0.40336330303689744,18.735283847364727,0.08843776023778932,,,
0,127,181,224,6,206,212,persistence,,,0.4873689215703468,28.35935346733453,0.06398795189497107,,,
0,127,181,224,6,206,212,raw_var_window_ar,72.0,1e-06,0.8491879383650789,120.80044847879186,9.999999999999954e-09,,,
0,127,181,224,6,206,212,seasonal_window_naive,72.0,,0.48736892157034695,28.35939142981826,0.0639779618949704,,,
0,127,181,224,6,207,213,cholesky_gaussian_ar,181.0,0.1,0.5262965797208268,26.038997417137224,0.12022925367441219,,,
0,127,181,224,6,207,213,euclidean_gaussian_ar,181.0,0.01,0.3636089211442482,18.922788311898838,9.999999621262746e-09,,,
0,127,181,224,6,207,213,fixed_bwar,181.0,1e-06,0.4532805235133258,27.02663877302787,0.00042426170355337826,,,
0,127,181,224,6,207,213,local_bwar,24.0,0.1,0.33469514762756775,14.517274138823087,0.10832536264737848,3.2187406401785714e-10,1.0,0.0
0,127,181,224,6,207,213,log_euclidean_gaussian_ar,181.0,0.1,0.5409336345328616,29.361540279661504,0.08597816451060185,,,
0,127,181,224,6,207,213,persistence,,,0.3708166082806129,20.775089371527663,0.03412547261151572,,,
0,127,181,224,6,207,213,raw_var_window_ar,72.0,1e-06,0.9990581725959277,134.91314657572457,9.999999999999959e-09,,,
0,127,181,224,6,207,213,seasonal_window_naive,72.0,,0.3708166082806129,20.775198934708627,0.03411548261152305,,,
0,127,181,224,6,208,214,cholesky_gaussian_ar,181.0,0.1,0.7286180255325181,42.226400020731,0.11168750114656913,,,
0,127,181,224,6,208,214,euclidean_gaussian_ar,181.0,0.01,0.3767264247152754,23.361249814396743,1.000000036484938e-08,,,
0,127,181,224,6,208,214,fixed_bwar,181.0,1e-06,0.4618059715159724,30.527317755941567,0.005653957034976082,,,
0,127,181,224,6,208,214,local_bwar,24.0,0.1,0.478999388829392,22.374388019930993,0.10635276807372412,1.5478732501733475e-10,1.0,0.0
0,127,181,224,6,208,214,log_euclidean_gaussian_ar,181.0,0.1,0.7110550996586763,41.01204011060853,0.08382612591423083,,,
0,127,181,224,6,208,214,persistence,,,0.44649551159364687,19.709927837038247,0.028809862308647557,,,
0,127,181,224,6,208,214,raw_var_window_ar,72.0,1e-06,1.1416563149723213,145.7772473635445,9.999999999999965e-09,,,
0,127,181,224,6,208,214,seasonal_window_naive,72.0,,0.4464955115936467,19.710025390781837,0.028799872308657888,,,
0,127,181,224,6,209,215,cholesky_gaussian_ar,181.0,0.1,0.6769543480115817,40.52417359897854,0.1122918918641562,,,
0,127,181,224,6,209,215,euclidean_gaussian_ar,181.0,0.01,0.7348742427131494,36.181907406606385,9.999997999503504e-09,,,
0,127,181,224,6,209,215,fixed_bwar,181.0,1e-06,0.7615342934152165,61.804573748405396,0.0006019911481430027,,,
0,127,181,224,6,209,215,local_bwar,24.0,0.1,0.443962451067278,22.487640297419333,0.11157244800014683,6.094862659626756e-11,1.0,0.0
0,127,181,224,6,209,215,log_euclidean_gaussian_ar,181.0,0.1,0.6900038883937195,47.79486660692687,0.07828653459260433,,,
0,127,181,224,6,209,215,persistence,,,0.6051743744270228,41.803878499227075,0.038430199688810236,,,
0,127,181,224,6,209,215,raw_var_window_ar,72.0,1e-06,1.0481374743441083,142.99728373490768,9.999999999999878e-09,,,
0,127,181,224,6,209,215,seasonal_window_naive,72.0,,0.6051743744270227,41.804027002374156,0.038420209688810575,,,
0,127,181,224,6,210,216,cholesky_gaussian_ar,181.0,0.1,0.2127959775336838,12.807092002375807,0.12384614602306139,,,
0,127,181,224,6,210,216,euclidean_gaussian_ar,181.0,0.01,0.32869894489149065,17.891254926483622,9.999999551210098e-09,,,
0,127,181,224,6,210,216,fixed_bwar,181.0,1e-06,0.4079854821908812,29.42663096998578,0.0030589408204922887,,,
0,127,181,224,6,210,216,local_bwar,24.0,0.1,0.1707896682846292,9.40775378594674,0.12128471102705914,8.857168874880913e-10,1.0,0.0
0,127,181,224,6,210,216,log_euclidean_gaussian_ar,181.0,0.1,0.24356898845111893,16.10398651042131,0.0871164499727183,,,
0,127,181,224,6,210,216,persistence,,,0.322212502622703,20.64292848543215,0.031146684897890076,,,
0,127,181,224,6,210,216,raw_var_window_ar,72.0,1e-06,0.6589507792978798,108.17405407140495,9.99999999999992e-09,,,
0,127,181,224,6,210,216,seasonal_window_naive,72.0,,0.322212502622703,20.643017317692454,0.03113669489789425,,,
0,127,181,224,6,211,217,cholesky_gaussian_ar,181.0,0.1,0.3023276214182467,14.964505733442369,0.13501239669859744,,,
0,127,181,224,6,211,217,euclidean_gaussian_ar,181.0,0.01,0.6240821356845634,36.95727221637755,9.999999598259574e-09,,,
0,127,181,224,6,211,217,fixed_bwar,181.0,1e-06,0.23915491495539823,16.099211457977223,0.0005165646562950248,,,
0,127,181,224,6,211,217,local_bwar,24.0,0.1,0.28103713508957906,11.70648517804267,0.12815460079229257,8.809116365861258e-10,1.0,0.0
0,127,181,224,6,211,217,log_euclidean_gaussian_ar,181.0,0.1,0.28768924359969006,14.314611858929094,0.08929522149456873,,,
0,127,181,224,6,211,217,persistence,,,0.31022969609142503,16.301053328004617,0.05389140002494086,,,
0,127,181,224,6,211,217,raw_var_window_ar,72.0,1e-06,0.6357751364831239,104.44489938533057,9.99999999999961e-09,,,
0,127,181,224,6,211,217,seasonal_window_naive,72.0,,0.31022969609142514,16.30107643405209,0.05388141002494008,,,
0,127,181,224,6,212,218,cholesky_gaussian_ar,181.0,0.1,0.3688520132947393,19.174425085727325,0.13597401023589378,,,
0,127,181,224,6,212,218,euclidean_gaussian_ar,181.0,0.01,0.6342640385981897,39.99210301174435,9.999986581761014e-09,,,
0,127,181,224,6,212,218,fixed_bwar,181.0,1e-06,0.26319570331507536,19.138024123483106,0.0005530347616877913,,,
0,127,181,224,6,212,218,local_bwar,24.0,0.1,0.3294135648119556,15.532317965073805,0.12613001003497057,8.811005194716779e-10,1.0,0.0
0,127,181,224,6,212,218,log_euclidean_gaussian_ar,181.0,0.1,0.3714945324114063,19.23357127112063,0.08697553451070461,,,
0,127,181,224,6,212,218,persistence,,,0.26307926383677877,16.04892655261594,0.03800966231091705,,,
0,127,181,224,6,212,218,raw_var_window_ar,72.0,1e-06,0.7340296422753377,113.35088001288997,9.999999999999949e-09,,,
0,127,181,224,6,212,218,seasonal_window_naive,72.0,,0.263079263836779,16.048961640870395,0.037999672310915215,,,
0,127,181,224,6,213,219,cholesky_gaussian_ar,181.0,0.1,0.3625872659605114,15.70359228014275,0.1309913408533213,,,
0,127,181,224,6,213,219,euclidean_gaussian_ar,181.0,0.01,0.6033938697034932,32.123599344331595,9.999999767159156e-09,,,
0,127,181,224,6,213,219,fixed_bwar,181.0,1e-06,0.4321412406681908,24.029503100343632,0.00044526791525297877,,,
0,127,181,224,6,213,219,local_bwar,24.0,0.1,0.24422299839504513,11.60484765918706,0.12914958730447612,8.536607723974579e-10,1.0,0.0
0,127,181,224,6,213,219,log_euclidean_gaussian_ar,181.0,0.1,0.355176772007524,15.674270925173065,0.08780867031888165,,,
0,127,181,224,6,213,219,persistence,,,0.37203243671240555,26.50803365808351,0.06482568259984384,,,
0,127,181,224,6,213,219,raw_var_window_ar,72.0,1e-06,0.8446822344790239,116.55464376164716,9.999999999999936e-09,,,
0,127,181,224,6,213,219,seasonal_window_naive,72.0,,0.3720324367124055,26.508063555910077,0.06481569259984174,,,
0,127,181,224,6,214,220,cholesky_gaussian_ar,181.0,0.1,0.5304182935867082,28.070021299374233,0.12302001483456482,,,
0,127,181,224,6,214,220,euclidean_gaussian_ar,181.0,0.01,0.8032443457112423,48.74758424842038,9.99999150131677e-09,,,
0,127,181,224,6,214,220,fixed_bwar,181.0,1e-06,0.8065574815401155,56.996765366468836,0.0003701565454128464,,,
0,127,181,224,6,214,220,local_bwar,24.0,0.1,0.2716370572952584,12.280863431696584,0.13155603146845848,9.081238590359876e-10,1.0,0.0
0,127,181,224,6,214,220,log_euclidean_gaussian_ar,181.0,0.1,0.49741059551855565,26.23515862405654,0.08544196878347118,,,
0,127,181,224,6,214,220,persistence,,,0.3686494104368367,21.352000714007033,0.02751197228497289,,,
0,127,181,224,6,214,220,raw_var_window_ar,72.0,1e-06,1.0149313062442864,143.39065037603197,9.99999999999999e-09,,,
0,127,181,224,6,214,220,seasonal_window_naive,72.0,,0.3686494104368366,21.35205253131626,0.027501982284972634,,,
0,127,181,224,6,215,221,cholesky_gaussian_ar,181.0,0.1,0.7359512069147034,47.611471646473646,0.11739353412753331,,,
0,127,181,224,6,215,221,euclidean_gaussian_ar,181.0,0.01,0.8645024236707745,51.976772459382815,9.999998369797321e-09,,,
0,127,181,224,6,215,221,fixed_bwar,181.0,1e-06,1.11806129602224,89.67024459356651,0.00041137313987278385,,,
0,127,181,224,6,215,221,local_bwar,24.0,0.1,0.4804218283536375,26.459384706796676,0.12772613356675794,9.248441330489828e-10,1.0,0.0
0,127,181,224,6,215,221,log_euclidean_gaussian_ar,181.0,0.1,0.7095699742615597,45.883536020029325,0.08363875529971387,,,
0,127,181,224,6,215,221,persistence,,,0.33996409417056483,20.763898468933313,0.02656423534199123,,,
0,127,181,224,6,215,221,raw_var_window_ar,72.0,1e-06,1.182377596353607,165.21823985677167,9.999999999999927e-09,,,
0,127,181,224,6,215,221,seasonal_window_naive,72.0,,0.33996409417056483,20.76395433058918,0.026554245342012627,,,
0,127,181,224,6,216,222,cholesky_gaussian_ar,181.0,0.1,0.707324375509124,47.11243478690789,0.11064400468754547,,,
0,127,181,224,6,216,222,euclidean_gaussian_ar,181.0,0.01,0.6738123905093485,40.931792067651386,9.999999732807652e-09,,,
0,127,181,224,6,216,222,fixed_bwar,181.0,1e-06,1.1904129951897313,95.4620523720678,0.0002742596096446286,,,
0,127,181,224,6,216,222,local_bwar,24.0,0.1,0.3824030819183596,21.145632693765624,0.11852703770012533,8.84330266182373e-10,1.0,0.0
0,127,181,224,6,216,222,log_euclidean_gaussian_ar,181.0,0.1,0.712336578781114,54.60183559423801,0.08183194801533722,,,
0,127,181,224,6,216,222,persistence,,,0.511603928415544,29.474599902199795,0.04168441687548404,,,
0,127,181,224,6,216,222,raw_var_window_ar,72.0,1e-06,1.0792620755077116,158.2505317008172,9.999999999999848e-09,,,
0,127,181,224,6,216,222,seasonal_window_naive,72.0,,0.5116039284155437,29.474679559384203,0.041674426875479134,,,
0,127,181,224,6,217,223,cholesky_gaussian_ar,181.0,0.1,0.37538046596049757,18.619552384754797,0.11947976531455999,,,
0,127,181,224,6,217,223,euclidean_gaussian_ar,181.0,0.01,0.18090284125433984,12.858379063560607,9.99999977292577e-09,,,
0,127,181,224,6,217,223,fixed_bwar,181.0,1e-06,0.7881209859204937,51.25728483892135,0.000507841997143101,,,
0,127,181,224,6,217,223,local_bwar,24.0,0.1,0.15341218115155048,9.15618599548318,0.12129752399275798,9.003097641144808e-10,1.0,0.0
0,127,181,224,6,217,223,log_euclidean_gaussian_ar,181.0,0.1,0.43684053665583794,26.847624202771406,0.08280365884028944,,,
0,127,181,224,6,217,223,persistence,,,0.3858647310261442,24.941545235951217,0.048305238570760904,,,
0,127,181,224,6,217,223,raw_var_window_ar,72.0,1e-06,0.8294991686449192,123.77698775109138,9.999999999999977e-09,,,
0,127,181,224,6,217,223,seasonal_window_naive,72.0,,0.38586473102614416,24.941636994424353,0.04829524857076449,,,
1,170,224,267,3,221,224,cholesky_gaussian_ar,224.0,0.1,0.28276324860250157,11.515581641660411,0.14266227742211102,,,
1,170,224,267,3,221,224,euclidean_gaussian_ar,224.0,0.1,0.33768542956769665,12.89619103622542,0.16179547791982576,,,
1,170,224,267,3,221,224,fixed_bwar,224.0,0.1,0.29690245170816965,12.185065260925168,0.12606130828034787,,,
1,170,224,267,3,221,224,local_bwar,48.0,0.1,0.25324778766542905,10.248362334716228,0.12017986816821635,1.0961141561225875e-10,1.0,0.0
1,170,224,267,3,221,224,log_euclidean_gaussian_ar,224.0,0.1,0.2876979919619587,12.403444819115721,0.09789300186551485,,,
1,170,224,267,3,221,224,persistence,,,0.7393475926396585,56.83133063269409,0.034911774369126194,,,
1,170,224,267,3,221,224,raw_var_window_ar,72.0,1e-06,0.6377129441691791,95.81479830437326,9.99999992581652e-09,,,
1,170,224,267,3,221,224,seasonal_window_naive,72.0,,0.7393475926396583,56.831385812135,0.03490178436912506,,,
1,170,224,267,3,222,225,cholesky_gaussian_ar,224.0,0.1,0.28265253139757296,11.063833523000305,0.13515787143051464,,,
1,170,224,267,3,222,225,euclidean_gaussian_ar,224.0,0.1,0.25595154275079457,9.852142840428925,0.20688156190682974,,,
1,170,224,267,3,222,225,fixed_bwar,224.0,0.1,0.3412090380168236,12.271830805578608,0.1275982389964227,,,
1,170,224,267,3,222,225,local_bwar,48.0,0.1,0.36515004806774976,13.411434047415256,0.12128855506804218,1.0702956240852152e-10,1.0,0.0
1,170,224,267,3,222,225,log_euclidean_gaussian_ar,224.0,0.1,0.2945383241520376,12.139756518574298,0.09886786835495966,,,
1,170,224,267,3,222,225,persistence,,,0.7440853499580488,53.36618454189039,0.03328484022159631,,,
1,170,224,267,3,222,225,raw_var_window_ar,72.0,1e-06,0.49999969029300123,84.3576121366982,9.999999997849852e-09,,,
1,170,224,267,3,222,225,seasonal_window_naive,72.0,,0.7440853499580486,53.36623803875578,0.03327485022159807,,,
1,170,224,267,3,223,226,cholesky_gaussian_ar,224.0,0.1,0.2434708301208183,8.842400519766517,0.11629897085691238,,,
1,170,224,267,3,223,226,euclidean_gaussian_ar,224.0,0.1,0.2237704333074583,8.525621272564203,0.194761876701726,,,
1,170,224,267,3,223,226,fixed_bwar,224.0,0.1,0.2675085889525399,8.53001713135027,0.11870765720439924,,,
1,170,224,267,3,223,226,local_bwar,48.0,0.1,0.42130723691312294,14.7656461377309,0.11849099782171461,1.0344362860095621e-10,1.0,0.0
1,170,224,267,3,223,226,log_euclidean_gaussian_ar,224.0,0.1,0.2535201801604145,8.74678659137333,0.09027206273836065,,,
1,170,224,267,3,223,226,persistence,,,0.43651904864201396,22.42479080113048,0.057994038866868866,,,
1,170,224,267,3,223,226,raw_var_window_ar,72.0,1e-06,0.4504924672131903,63.63213465071688,9.999999978667365e-09,,,
1,170,224,267,3,223,226,seasonal_window_naive,72.0,,0.43651904864201396,22.424814725778685,0.05798404886686812,,,
1,170,224,267,3,224,227,cholesky_gaussian_ar,224.0,0.1,0.32453072638360675,9.850872518976686,0.12848843661222362,,,
1,170,224,267,3,224,227,euclidean_gaussian_ar,224.0,0.1,0.29273638177197203,14.042401667216764,9.999999966067162e-09,,,
1,170,224,267,3,224,227,fixed_bwar,224.0,0.1,0.3121472338232948,10.794115214238394,0.11352541180013798,,,
1,170,224,267,3,224,227,local_bwar,48.0,0.1,0.492689389448397,19.75313966069298,0.12192071912940992,1.0313769375047309e-10,1.0,0.0
1,170,224,267,3,224,227,log_euclidean_gaussian_ar,224.0,0.1,0.29014000755260605,7.070764383982365,0.07902214233198047,,,
1,170,224,267,3,224,227,persistence,,,0.4909203955051304,25.22080870783841,0.055045118406649086,,,
1,170,224,267,3,224,227,raw_var_window_ar,72.0,1e-06,0.32208361780103917,43.15487466959506,9.99999996871151e-09,,,
1,170,224,267,3,224,227,seasonal_window_naive,72.0,,0.49092039550513045,25.220830395949626,0.05503512840664946,,,
1,170,224,267,3,225,228,cholesky_gaussian_ar,224.0,0.1,0.18317717937125136,8.275105877971594,0.1269576108998121,,,
1,170,224,267,3,225,228,euclidean_gaussian_ar,224.0,0.1,0.25108156903931517,13.938277509661047,9.99999954355668e-09,,,
1,170,224,267,3,225,228,fixed_bwar,224.0,0.1,0.19615189115820786,8.90891808567989,0.10647484661317091,,,
1,170,224,267,3,225,228,local_bwar,48.0,0.1,0.34590477552828963,16.865265598303683,0.13516007990836137,1.0286809378378291e-10,1.0,0.0
1,170,224,267,3,225,228,log_euclidean_gaussian_ar,224.0,0.1,0.17167576549503166,6.787834499809547,0.07922357952855184,,,
1,170,224,267,3,225,228,persistence,,,0.48382021550056103,31.017655000272452,0.033982016676451135,,,
1,170,224,267,3,225,228,raw_var_window_ar,72.0,1e-06,0.522731739336128,53.5160920731951,9.999999989244783e-09,,,
1,170,224,267,3,225,228,seasonal_window_naive,72.0,,0.483820215500561,31.01771250953828,0.03397202667645187,,,
1,170,224,267,3,226,229,cholesky_gaussian_ar,224.0,0.1,0.17877290521765773,6.681240308449276,0.13126420177469952,,,
1,170,224,267,3,226,229,euclidean_gaussian_ar,224.0,0.1,0.25392921197877066,11.008259171709138,1.0000000467317328e-08,,,
1,170,224,267,3,226,229,fixed_bwar,224.0,0.1,0.17363820030976068,6.224886622987201,0.10276907873818387,,,
1,170,224,267,3,226,229,local_bwar,48.0,0.1,0.33664049143020014,13.918784343368289,0.14692669640017458,1.064090545511832e-10,1.0,0.0
1,170,224,267,3,226,229,log_euclidean_gaussian_ar,224.0,0.1,0.16644999902080881,5.9173274476924895,0.08016794929416667,,,
1,170,224,267,3,226,229,persistence,,,0.36192775009667794,17.61610352934128,0.0480599362194913,,,
1,170,224,267,3,226,229,raw_var_window_ar,72.0,1e-06,0.4497691946106146,57.66183349697738,9.999999992698254e-09,,,
1,170,224,267,3,226,229,seasonal_window_naive,72.0,,0.36192775009667794,17.61615944353723,0.04804994621949229,,,
1,170,224,267,3,227,230,cholesky_gaussian_ar,224.0,0.1,0.19559874657585444,7.60631738777195,0.11790629151342387,,,
1,170,224,267,3,227,230,euclidean_gaussian_ar,224.0,0.1,0.3886248889381619,10.850164818995834,0.11181967366054163,,,
1,170,224,267,3,227,230,fixed_bwar,224.0,0.1,0.19085878086322042,6.2396608905707875,0.09488202804640748,,,
1,170,224,267,3,227,230,local_bwar,48.0,0.1,0.27534924168596614,10.404729598836791,0.14142918204009242,1.0631821645568128e-10,1.0,0.0
1,170,224,267,3,227,230,log_euclidean_gaussian_ar,224.0,0.1,0.15620404572534252,7.58879328661628,0.08368081093960665,,,
1,170,224,267,3,227,230,persistence,,,0.22612373531343122,11.877312000531516,0.040532793409307225,,,
1,170,224,267,3,227,230,raw_var_window_ar,72.0,1e-06,0.4300426481997583,63.61465410108697,9.999999996494733e-09,,,
1,170,224,267,3,227,230,seasonal_window_naive,72.0,,0.22612373531343122,11.87738236367136,0.040522803409307806,,,
1,170,224,267,3,228,231,cholesky_gaussian_ar,224.0,0.1,0.22504674596785013,9.118259689328308,0.13224737113363358,,,
1,170,224,267,3,228,231,euclidean_gaussian_ar,224.0,0.1,0.2704240401640441,10.670025859930735,0.20443026710007714,,,
1,170,224,267,3,228,231,fixed_bwar,224.0,0.1,0.25057199928132945,9.22809432501215,0.10089845621167826,,,
1,170,224,267,3,228,231,local_bwar,48.0,0.1,0.2629733328812767,11.284945637978874,0.1422557098999158,1.1040051694190929e-10,1.0,0.0
1,170,224,267,3,228,231,log_euclidean_gaussian_ar,224.0,0.1,0.21493594535981503,8.64318294288825,0.10009662242990902,,,
1,170,224,267,3,228,231,persistence,,,0.39219209573528985,20.854448598840683,0.02795272703189784,,,
1,170,224,267,3,228,231,raw_var_window_ar,72.0,1e-06,0.5289387314249967,64.7248952421258,9.999999981244462e-09,,,
1,170,224,267,3,228,231,seasonal_window_naive,72.0,,0.39219209573528985,20.854544474853704,0.02794273703189747,,,
1,170,224,267,3,229,232,cholesky_gaussian_ar,224.0,0.1,0.2624937794022725,10.254944734900922,0.13028312032581396,,,
1,170,224,267,3,229,232,euclidean_gaussian_ar,224.0,0.1,0.2574897935396044,11.450840602221627,0.2071603807747655,,,
1,170,224,267,3,229,232,fixed_bwar,224.0,0.1,0.28337664702188015,9.96817848953586,0.10149928313052144,,,
1,170,224,267,3,229,232,local_bwar,48.0,0.1,0.2727241710642209,11.762245924892227,0.13875912709240973,1.0944881147254035e-10,1.0,0.0
1,170,224,267,3,229,232,log_euclidean_gaussian_ar,224.0,0.1,0.27856643468192505,11.520051540918924,0.09380666663562114,,,
1,170,224,267,3,229,232,persistence,,,0.3593064556194804,17.242933839525335,0.014622172262076329,,,
1,170,224,267,3,229,232,raw_var_window_ar,72.0,1e-06,0.5563191805911998,71.01609148889904,9.99999997942481e-09,,,
1,170,224,267,3,229,232,seasonal_window_naive,72.0,,0.35930645561948027,17.243042830955268,0.014612182262076102,,,
1,170,224,267,3,230,233,cholesky_gaussian_ar,224.0,0.1,0.22287346728088653,8.732816823074163,0.12925765473832046,,,
1,170,224,267,3,230,233,euclidean_gaussian_ar,224.0,0.1,0.19936542435376578,10.921002033922793,0.200393759508686,,,
1,170,224,267,3,230,233,fixed_bwar,224.0,0.1,0.24196004232432,7.913096908961321,0.10894240495492967,,,
1,170,224,267,3,230,233,local_bwar,48.0,0.1,0.19811171689076798,9.020608573548875,0.13979103167591872,1.107483081651525e-10,1.0,0.0
1,170,224,267,3,230,233,log_euclidean_gaussian_ar,224.0,0.1,0.21963318409569968,8.975203332446483,0.10162795617879114,,,
1,170,224,267,3,230,233,persistence,,,0.1996148627714857,9.833338179188953,0.03482255696480181,,,
1,170,224,267,3,230,233,raw_var_window_ar,72.0,1e-06,0.6024967047095027,75.23375481433933,9.999999878411829e-09,,,
1,170,224,267,3,230,233,seasonal_window_naive,72.0,,0.19961486277148563,9.833443985747317,0.034812566964807834,,,
1,170,224,267,3,231,234,cholesky_gaussian_ar,224.0,0.1,0.36205469917514876,15.079983515735762,0.1272385834357596,,,
1,170,224,267,3,231,234,euclidean_gaussian_ar,224.0,0.1,0.23927463428712123,9.734971895813183,0.15993186844426213,,,
1,170,224,267,3,231,234,fixed_bwar,224.0,0.1,0.38794235539448924,14.124552360776978,0.10804066376721448,,,
1,170,224,267,3,231,234,local_bwar,48.0,0.1,0.2134490140089767,9.018281141893882,0.13193289073996045,6.749373691430928e-11,1.0,0.0
1,170,224,267,3,231,234,log_euclidean_gaussian_ar,224.0,0.1,0.3774897859168353,16.955092215743164,0.09051279564984539,,,
1,170,224,267,3,231,234,persistence,,,0.46525755077419945,25.343467156727836,0.03756632539683551,,,
1,170,224,267,3,231,234,raw_var_window_ar,72.0,1e-06,0.8229261713617501,101.99368600550379,9.999999983772457e-09,,,
1,170,224,267,3,231,234,seasonal_window_naive,72.0,,0.4652575507741994,25.343581668350986,0.0375563353968363,,,
1,170,224,267,3,232,235,cholesky_gaussian_ar,224.0,0.1,0.47318759125432147,19.706891727244688,0.12239408869735979,,,
1,170,224,267,3,232,235,euclidean_gaussian_ar,224.0,0.1,0.34334704981467573,13.776500490833357,0.154809085965736,,,
1,170,224,267,3,232,235,fixed_bwar,224.0,0.1,0.49564008230399365,19.596210198176507,0.11027550090665515,,,
1,170,224,267,3,232,235,local_bwar,48.0,0.1,0.37995611601663165,15.583861665591659,0.13394400744626922,8.971006627263896e-10,1.0,0.0
1,170,224,267,3,232,235,log_euclidean_gaussian_ar,224.0,0.1,0.4958295710833693,23.503624826062126,0.08986076494817204,,,
1,170,224,267,3,232,235,persistence,,,0.6150950620049723,35.761442557981546,0.030511289456567028,,,
1,170,224,267,3,232,235,raw_var_window_ar,72.0,1e-06,0.9342363527331004,109.09898892117914,9.999999993568345e-09,,,
1,170,224,267,3,232,235,seasonal_window_naive,72.0,,0.6150950620049721,35.76155619873081,0.030501299456559574,,,
1,170,224,267,3,233,236,cholesky_gaussian_ar,224.0,0.1,0.3399711629671116,14.882906786702392,0.13000255654125417,,,
1,170,224,267,3,233,236,euclidean_gaussian_ar,224.0,0.1,0.269877234462685,11.367249322431945,0.20460290474345497,,,
1,170,224,267,3,233,236,fixed_bwar,224.0,0.1,0.3406955947091649,13.320613109433852,0.1095586733147266,,,
1,170,224,267,3,233,236,local_bwar,48.0,0.1,0.2759136736296243,12.194729127944345,0.1360954204110111,6.036738771358502e-10,1.0,0.0
1,170,224,267,3,233,236,log_euclidean_gaussian_ar,224.0,0.1,0.36118878856071873,18.441899584392452,0.08319030734098397,,,
1,170,224,267,3,233,236,persistence,,,0.3823381704301584,21.289729512630746,0.03325541968921727,,,
1,170,224,267,3,233,236,raw_var_window_ar,72.0,1e-06,0.8205605735145042,101.98753359205455,9.999999939466966e-09,,,
1,170,224,267,3,233,236,seasonal_window_naive,72.0,,0.3823381704301583,21.289836774018525,0.03324542968921814,,,
1,170,224,267,3,234,237,cholesky_gaussian_ar,224.0,0.1,0.22489751095619903,8.654453963829706,0.16059049709679327,,,
1,170,224,267,3,234,237,euclidean_gaussian_ar,224.0,0.1,0.24730051684413074,9.636698919158192,0.2542632587038821,,,
1,170,224,267,3,234,237,fixed_bwar,224.0,0.1,0.2512715284974713,9.453336669843363,0.12244057375857681,,,
1,170,224,267,3,234,237,local_bwar,48.0,0.1,0.21182599363351035,7.944520710576258,0.13533643632323336,4.814975875371643e-10,1.0,0.0
1,170,224,267,3,234,237,log_euclidean_gaussian_ar,224.0,0.1,0.20848045387791445,8.330778207822137,0.10400065969088412,,,
1,170,224,267,3,234,237,persistence,,,0.4263913143682077,22.142320803069186,0.03947710705442082,,,
1,170,224,267,3,234,237,raw_var_window_ar,72.0,1e-06,0.5058411783192559,72.78245200570058,9.999999950099867e-09,,,
1,170,224,267,3,234,237,seasonal_window_naive,72.0,,0.4263913143682078,22.14236090768224,0.03946711705441801,,,
1,170,224,267,3,235,238,cholesky_gaussian_ar,224.0,0.1,0.4035836974825856,18.621007626236874,0.18120089728644068,,,
1,170,224,267,3,235,238,euclidean_gaussian_ar,224.0,0.1,0.35518215557809496,17.029295607208272,0.2622194500954028,,,
1,170,224,267,3,235,238,fixed_bwar,224.0,0.1,0.4587074183924236,22.159924925848802,0.12581372949944358,,,
1,170,224,267,3,235,238,local_bwar,48.0,0.1,0.40412186371772485,18.123260046517633,0.1363267772572419,4.95271465943576e-10,1.0,0.0
1,170,224,267,3,235,238,log_euclidean_gaussian_ar,224.0,0.1,0.3908917550808548,16.657351205353613,0.11209885521289505,,,
1,170,224,267,3,235,238,persistence,,,0.8231232862669089,59.37001247704862,0.03759778266026028,,,
1,170,224,267,3,235,238,raw_var_window_ar,72.0,1e-06,0.5301407773784923,85.70149583064311,9.999999994363125e-09,,,
1,170,224,267,3,235,238,seasonal_window_naive,72.0,,0.8231232862669091,59.37007389000331,0.037587792660260376,,,
1,170,224,267,3,236,239,cholesky_gaussian_ar,224.0,0.1,0.3539212941102475,17.29201228673118,0.18456228507886455,,,
1,170,224,267,3,236,239,euclidean_gaussian_ar,224.0,0.1,0.3035475432052974,15.760735034348821,0.227165268525384,,,
1,170,224,267,3,236,239,fixed_bwar,224.0,0.1,0.41531327615257324,20.42446307005613,0.1318639084207096,,,
1,170,224,267,3,236,239,local_bwar,48.0,0.1,0.42459413683202174,20.69222379343864,0.133535452362002,5.374929112250832e-10,1.0,0.0
1,170,224,267,3,236,239,log_euclidean_gaussian_ar,224.0,0.1,0.368062039134963,16.443756729728037,0.12305998678129874,,,
1,170,224,267,3,236,239,persistence,,,0.654839070037139,47.38296037140318,0.03369965470600946,,,
1,170,224,267,3,236,239,raw_var_window_ar,72.0,1e-06,0.6047092799625364,98.93714112539986,9.999999971826746e-09,,,
1,170,224,267,3,236,239,seasonal_window_naive,72.0,,0.654839070037139,47.38300838054707,0.03368966470600776,,,
1,170,224,267,3,237,240,cholesky_gaussian_ar,224.0,0.1,0.2997784517743068,14.0007187574755,0.16351404514167187,,,
1,170,224,267,3,237,240,euclidean_gaussian_ar,224.0,0.1,0.31918685916459844,16.682006850633094,0.19836072039444855,,,
1,170,224,267,3,237,240,fixed_bwar,224.0,0.1,0.3119762593133478,13.394404675458077,0.12133850607713118,,,
1,170,224,267,3,237,240,local_bwar,48.0,0.1,0.3390408761255542,14.613836348854386,0.133063064605703,5.49318038955511e-10,1.0,0.0
1,170,224,267,3,237,240,log_euclidean_gaussian_ar,224.0,0.1,0.30649923412335434,13.891761483122819,0.10672413729973838,,,
1,170,224,267,3,237,240,persistence,,,0.2711485005487269,14.520387417062217,0.04590815177754432,,,
1,170,224,267,3,237,240,raw_var_window_ar,72.0,1e-06,0.66661617929687,87.3474787939024,9.999999966123229e-09,,,
1,170,224,267,3,237,240,seasonal_window_naive,72.0,,0.27114850054872697,14.520474427247553,0.04589816177754609,,,
1,170,224,267,3,238,241,cholesky_gaussian_ar,224.0,0.1,0.38410170474940797,18.51554817099952,0.1325117410140142,,,
1,170,224,267,3,238,241,euclidean_gaussian_ar,224.0,0.1,0.24876586958275398,11.816978193341985,1.0000002248095524e-08,,,
1,170,224,267,3,238,241,fixed_bwar,224.0,0.1,0.3580182059197016,14.450303181849609,0.1124942598914691,,,
1,170,224,267,3,238,241,local_bwar,48.0,0.1,0.22586022842181477,10.5259951289528,0.12423469972426986,5.965624315113499e-10,1.0,0.0
1,170,224,267,3,238,241,log_euclidean_gaussian_ar,224.0,0.1,0.3460590975983463,17.894363908316677,0.07739354501918562,,,
1,170,224,267,3,238,241,persistence,,,0.6136261774385846,40.350964771660884,0.04548151533717569,,,
1,170,224,267,3,238,241,raw_var_window_ar,72.0,1e-06,0.7984650831278071,113.1652020835471,9.999999989874737e-09,,,
1,170,224,267,3,238,241,seasonal_window_naive,72.0,,0.6136261774385846,40.351098602831236,0.045471525337172324,,,
1,170,224,267,3,239,242,cholesky_gaussian_ar,224.0,0.1,0.6112705512162028,35.54627772735557,0.13390118729095773,,,
1,170,224,267,3,239,242,euclidean_gaussian_ar,224.0,0.1,0.42625861229618234,21.505276011996713,0.1370477351079289,,,
1,170,224,267,3,239,242,fixed_bwar,224.0,0.1,0.6060233846411337,32.23799100024308,0.12027244369098883,,,
1,170,224,267,3,239,242,local_bwar,48.0,0.1,0.5227422425826774,27.63424754520472,0.13091175981933104,6.872107103968496e-10,1.0,0.0
1,170,224,267,3,239,242,log_euclidean_gaussian_ar,224.0,0.1,0.5602372455888852,32.48687132769013,0.07754364824280664,,,
1,170,224,267,3,239,242,persistence,,,0.9583380911359404,86.29595244583558,0.02312652412910367,,,
1,170,224,267,3,239,242,raw_var_window_ar,72.0,1e-06,1.1138003516079862,149.8244928938287,9.999999979518348e-09,,,
1,170,224,267,3,239,242,seasonal_window_naive,72.0,,0.9583380911359405,86.29612632243439,0.023116534129103177,,,
1,170,224,267,3,240,243,cholesky_gaussian_ar,224.0,0.1,0.8741075468144253,56.582180209142095,0.13905929585644594,,,
1,170,224,267,3,240,243,euclidean_gaussian_ar,224.0,0.1,0.70065692935592,41.999116223170525,0.16783780612311255,,,
1,170,224,267,3,240,243,fixed_bwar,224.0,0.1,0.8182179237682162,49.52420004719238,0.12527314957921123,,,
1,170,224,267,3,240,243,local_bwar,48.0,0.1,0.8212694146369375,52.05126647819635,0.13681639836865409,7.048620126013557e-10,1.0,0.0
1,170,224,267,3,240,243,log_euclidean_gaussian_ar,224.0,0.1,0.8049855137642913,44.80947198176348,0.09112661645770832,,,
1,170,224,267,3,240,243,persistence,,,1.110929859274802,97.61576649218516,0.030209295526772612,,,
1,170,224,267,3,240,243,raw_var_window_ar,72.0,1e-06,1.3745311926607005,177.38754788904168,9.99999999200603e-09,,,
1,170,224,267,3,240,243,seasonal_window_naive,72.0,,1.110929859274802,97.61585855295877,0.030199305526771757,,,
1,170,224,267,3,241,244,cholesky_gaussian_ar,224.0,0.1,0.4243747398500194,27.060501998557662,0.16546893836865312,,,
1,170,224,267,3,241,244,euclidean_gaussian_ar,224.0,0.1,0.49363774311857245,27.294479274335416,0.0970660929808999,,,
1,170,224,267,3,241,244,fixed_bwar,224.0,0.1,0.3881034703748066,21.80088179722445,0.13827473010379884,,,
1,170,224,267,3,241,244,local_bwar,48.0,0.1,0.4723482662576045,27.827681216538583,0.14159739327112947,7.01855277196794e-10,1.0,0.0
1,170,224,267,3,241,244,log_euclidean_gaussian_ar,224.0,0.1,0.4458727427204881,27.939498632728437,0.11464992399965138,,,
1,170,224,267,3,241,244,persistence,,,0.33070233423855055,20.530849828647533,0.029272035076379054,,,
1,170,224,267,3,241,244,raw_var_window_ar,72.0,1e-06,0.9603214044967234,166.3735820214315,9.999999992497365e-09,,,
1,170,224,267,3,241,244,seasonal_window_naive,72.0,,0.33070233423855055,20.530906276005247,0.02926204507638187,,,
1,170,224,267,3,242,245,cholesky_gaussian_ar,224.0,0.1,0.27746708536458287,19.99416504204641,0.1679011014704696,,,
1,170,224,267,3,242,245,euclidean_gaussian_ar,224.0,0.1,0.3868688154977319,23.920569063409868,0.05246087388003454,,,
1,170,224,267,3,242,245,fixed_bwar,224.0,0.1,0.2507713024541454,16.151398577763892,0.14040879350189595,,,
1,170,224,267,3,242,245,local_bwar,48.0,0.1,0.2787997974659178,18.456032813239922,0.15031668818227203,7.427804596105751e-10,1.0,0.0
1,170,224,267,3,242,245,log_euclidean_gaussian_ar,224.0,0.1,0.2867367718503288,20.030245041433705,0.11629531521126102,,,
1,170,224,267,3,242,245,persistence,,,0.6501789481274695,54.31743592341128,0.036403726459588746,,,
1,170,224,267,3,242,245,raw_var_window_ar,72.0,1e-06,0.8197948429788665,153.6702477193993,9.999999983836027e-09,,,
1,170,224,267,3,242,245,seasonal_window_naive,72.0,,0.6501789481274693,54.31752947598625,0.03639373645958583,,,
1,170,224,267,3,243,246,cholesky_gaussian_ar,224.0,0.1,0.5050669190232913,28.867358281065247,0.17671718227777422,,,
1,170,224,267,3,243,246,euclidean_gaussian_ar,224.0,0.1,0.34924276248852487,23.25610683055415,9.99999799606318e-09,,,
1,170,224,267,3,243,246,fixed_bwar,224.0,0.1,0.5659924442898885,33.80750382166478,0.14264103095123348,,,
1,170,224,267,3,243,246,local_bwar,48.0,0.1,0.5487383334967115,32.34240718753659,0.1443394420562038,8.709688984947927e-10,1.0,0.0
1,170,224,267,3,243,246,log_euclidean_gaussian_ar,224.0,0.1,0.48640280408378345,26.11514527964606,0.1259267757472289,,,
1,170,224,267,3,243,246,persistence,,,1.259809288918275,135.33075661686775,0.027006291008976103,,,
1,170,224,267,3,243,246,raw_var_window_ar,72.0,1e-06,0.8607620721018747,142.05977419700667,9.999999984728817e-09,,,
1,170,224,267,3,243,246,seasonal_window_naive,72.0,,1.259809288918275,135.33090891250248,0.02699630100893589,,,
1,170,224,267,3,244,247,cholesky_gaussian_ar,224.0,0.1,0.5432866491946157,29.927454449602656,0.1969555141176832,,,
1,170,224,267,3,244,247,euclidean_gaussian_ar,224.0,0.1,0.3670617136709264,21.99999387112326,9.999997234501198e-09,,,
1,170,224,267,3,244,247,fixed_bwar,224.0,0.1,0.5398045786041427,29.658562751522375,0.1516048790326638,,,
1,170,224,267,3,244,247,local_bwar,48.0,0.1,0.5436218266962018,30.286683421713924,0.1412642287846621,8.323485887976386e-10,1.0,0.0
1,170,224,267,3,244,247,log_euclidean_gaussian_ar,224.0,0.1,0.4784304606055395,26.102829787776994,0.12832640622715671,,,
1,170,224,267,3,244,247,persistence,,,0.8049353632053099,66.84953158635894,0.049371665918962235,,,
1,170,224,267,3,244,247,raw_var_window_ar,72.0,1e-06,0.7771021970426557,117.15060521939881,9.999999988331182e-09,,,
1,170,224,267,3,244,247,seasonal_window_naive,72.0,,0.8049353632053099,66.84958885972082,0.04936167591896378,,,
1,170,224,267,3,245,248,cholesky_gaussian_ar,224.0,0.1,0.41833531709736693,19.919665778712464,0.18090453665012604,,,
1,170,224,267,3,245,248,euclidean_gaussian_ar,224.0,0.1,0.5287152396122171,26.861063784841207,0.17457747950577776,,,
1,170,224,267,3,245,248,fixed_bwar,224.0,0.1,0.4089794532938689,18.752948815340623,0.13981389622143975,,,
1,170,224,267,3,245,248,local_bwar,48.0,0.1,0.3953489700358683,18.030085074819343,0.1320533295898877,8.21848967338148e-10,1.0,0.0
1,170,224,267,3,245,248,log_euclidean_gaussian_ar,224.0,0.1,0.3826858925471466,22.883927912877127,0.1171025810290546,,,
1,170,224,267,3,245,248,persistence,,,0.35942908538502855,23.90475275590505,0.049532498688033444,,,
1,170,224,267,3,245,248,raw_var_window_ar,72.0,1e-06,0.6660968728723269,93.87624195232858,9.999999963944483e-09,,,
1,170,224,267,3,245,248,seasonal_window_naive,72.0,,0.35942908538502877,23.904783726306356,0.049522508688027246,,,
1,170,224,267,3,246,249,cholesky_gaussian_ar,224.0,0.1,0.35783119404147234,14.327810514717125,0.16063720137570045,,,
1,170,224,267,3,246,249,euclidean_gaussian_ar,224.0,0.1,0.5830803140639077,28.506725543583705,9.999999574301944e-09,,,
1,170,224,267,3,246,249,fixed_bwar,224.0,0.1,0.35587814396544104,14.122913396856461,0.13127155183254488,,,
1,170,224,267,3,246,249,local_bwar,48.0,0.1,0.35735920108357194,14.515509740195537,0.12396090852774606,7.915324230532879e-10,1.0,0.0
1,170,224,267,3,246,249,log_euclidean_gaussian_ar,224.0,0.1,0.33733782451736927,11.547288122573129,0.10504269830520259,,,
1,170,224,267,3,246,249,persistence,,,0.7256415130294593,58.0461976577892,0.030347360356998997,,,
1,170,224,267,3,246,249,raw_var_window_ar,72.0,1e-06,0.6931328424608586,84.05336896483128,9.99999996876592e-09,,,
1,170,224,267,3,246,249,seasonal_window_naive,72.0,,0.7256415130294592,58.0462541031677,0.030337370357002368,,,
1,170,224,267,3,247,250,cholesky_gaussian_ar,224.0,0.1,0.2628159872162375,11.918172021205596,0.1469055664353266,,,
1,170,224,267,3,247,250,euclidean_gaussian_ar,224.0,0.1,0.43213758237296596,21.716157159777964,9.999997554051174e-09,,,
1,170,224,267,3,247,250,fixed_bwar,224.0,0.1,0.26657990268706294,10.389413782216314,0.12260570872004671,,,
1,170,224,267,3,247,250,local_bwar,48.0,0.1,0.2539221562861661,9.80830072741431,0.11863030094519571,7.877196254345386e-10,1.0,0.0
1,170,224,267,3,247,250,log_euclidean_gaussian_ar,224.0,0.1,0.2725207545541419,11.611927590454595,0.09554120499046646,,,
1,170,224,267,3,247,250,persistence,,,0.5703017154277931,34.74955273311851,0.03927848730734144,,,
1,170,224,267,3,247,250,raw_var_window_ar,72.0,1e-06,0.6981511680201674,96.59193323587351,9.999999995742444e-09,,,
1,170,224,267,3,247,250,seasonal_window_naive,72.0,,0.570301715427793,34.74961762426782,0.0392684973073434,,,
1,170,224,267,3,248,251,cholesky_gaussian_ar,224.0,0.1,0.3200560696750742,20.62584321840167,0.14405687923151855,,,
1,170,224,267,3,248,251,euclidean_gaussian_ar,224.0,0.1,0.33649962994371524,18.88469811430403,0.1566418728979183,,,
1,170,224,267,3,248,251,fixed_bwar,224.0,0.1,0.29896918759690866,16.97480679516351,0.11531703789494531,,,
1,170,224,267,3,248,251,local_bwar,48.0,0.1,0.22873175313450095,12.719519427814587,0.12562540407641123,8.002242298790293e-10,1.0,0.0
1,170,224,267,3,248,251,log_euclidean_gaussian_ar,224.0,0.1,0.34670981429387515,22.830971182468417,0.09340666849593977,,,
1,170,224,267,3,248,251,persistence,,,0.19031905108039224,13.432934951781373,0.04888013932993535,,,
1,170,224,267,3,248,251,raw_var_window_ar,72.0,1e-06,0.7215572286899076,114.02550198353278,9.999999862504621e-09,,,
1,170,224,267,3,248,251,seasonal_window_naive,72.0,,0.19031905108039218,13.433003434368713,0.04887014932993595,,,
1,170,224,267,3,249,252,cholesky_gaussian_ar,224.0,0.1,0.5976050998327221,36.59942073542792,0.132994380521332,,,
1,170,224,267,3,249,252,euclidean_gaussian_ar,224.0,0.1,0.585894013679453,33.468796260434814,0.16289432705684492,,,
1,170,224,267,3,249,252,fixed_bwar,224.0,0.1,0.589647639792678,34.808550267651086,0.10778669818571575,,,
1,170,224,267,3,249,252,local_bwar,48.0,0.1,0.5164725763706225,28.251586806853155,0.12189977566304583,7.736897326248355e-10,1.0,0.0
1,170,224,267,3,249,252,log_euclidean_gaussian_ar,224.0,0.1,0.6105151290374661,41.30000492303969,0.08654561719500428,,,
1,170,224,267,3,249,252,persistence,,,0.7163927660431924,53.831658231494835,0.03104025961064521,,,
1,170,224,267,3,249,252,raw_var_window_ar,72.0,1e-06,0.9042375659626329,135.72976726750656,9.999999898824896e-09,,,
1,170,224,267,3,249,252,seasonal_window_naive,72.0,,0.7163927660431922,53.831767019022536,0.031030269610651,,,
1,170,224,267,3,250,253,cholesky_gaussian_ar,224.0,0.1,0.6508564348422687,42.88039495185571,0.14461460079893718,,,
1,170,224,267,3,250,253,euclidean_gaussian_ar,224.0,0.1,0.5547142864220017,31.963276989924275,0.23488124403656047,,,
1,170,224,267,3,250,253,fixed_bwar,224.0,0.1,0.6408303181020149,39.64102140079135,0.11659320783719383,,,
1,170,224,267,3,250,253,local_bwar,48.0,0.1,0.5886952160596598,34.455977453240656,0.12272281717291277,7.271139755316979e-10,1.0,0.0
1,170,224,267,3,250,253,log_euclidean_gaussian_ar,224.0,0.1,0.6569104538396042,45.08169742491168,0.10098784641850532,,,
1,170,224,267,3,250,253,persistence,,,0.7169191078705986,48.02137180316549,0.03649803054920925,,,
1,170,224,267,3,250,253,raw_var_window_ar,72.0,1e-06,0.9663161127315684,155.4162449933829,9.99999997962702e-09,,,
1,170,224,267,3,250,253,seasonal_window_naive,72.0,,0.7169191078705986,48.021488509203934,0.03648804054919152,,,
1,170,224,267,3,251,254,cholesky_gaussian_ar,224.0,0.1,0.5687886808077837,32.82101780422647,0.1442622992679291,,,
1,170,224,267,3,251,254,euclidean_gaussian_ar,224.0,0.1,0.6338092045561047,35.38665417825861,0.24655243666351706,,,
1,170,224,267,3,251,254,fixed_bwar,224.0,0.1,0.5110268925037037,26.1268978770545,0.12931975567186269,,,
1,170,224,267,3,251,254,local_bwar,48.0,0.1,0.5083626135189688,25.336004712288744,0.12018600164728035,6.482790327901598e-10,1.0,0.0
1,170,224,267,3,251,254,log_euclidean_gaussian_ar,224.0,0.1,0.5823000034761715,35.40754027613063,0.10137532569346819,,,
1,170,224,267,3,251,254,persistence,,,0.3305355358047294,15.428394626769634,0.04210654256070883,,,
1,170,224,267,3,251,254,raw_var_window_ar,72.0,1e-06,0.8984494321655228,138.35272086115285,9.999999982151262e-09,,,
1,170,224,267,3,251,254,seasonal_window_naive,72.0,,0.3305355358047294,15.428472434119822,0.04209655256070044,,,
1,170,224,267,3,252,255,cholesky_gaussian_ar,224.0,0.1,0.4064285416709142,19.168878731954223,0.1545229690736086,,,
1,170,224,267,3,252,255,euclidean_gaussian_ar,224.0,0.1,0.6681254785521198,33.26158813494584,0.023788821588148774,,,
1,170,224,267,3,252,255,fixed_bwar,224.0,0.1,0.3494925752997315,13.341881187436735,0.13465686389842213,,,
1,170,224,267,3,252,255,local_bwar,48.0,0.1,0.3463077999358768,11.98707152658169,0.11713762186364463,7.946359774128635e-10,1.0,0.0
1,170,224,267,3,252,255,log_euclidean_gaussian_ar,224.0,0.1,0.45908299878530745,22.27650508254443,0.09440193517304689,,,
1,170,224,267,3,252,255,persistence,,,0.4797071416651759,25.617116826267498,0.04213519715097564,,,
1,170,224,267,3,252,255,raw_var_window_ar,72.0,1e-06,0.9624088739545236,125.61152036371693,9.999999912204603e-09,,,
1,170,224,267,3,252,255,seasonal_window_naive,72.0,,0.4797071416651759,25.617227365322353,0.0421252071509777,,,
1,170,224,267,3,253,256,cholesky_gaussian_ar,224.0,0.1,0.2928476134900613,12.259197764616074,0.16764501193091177,,,
1,170,224,267,3,253,256,euclidean_gaussian_ar,224.0,0.1,0.5918250659738441,26.188399006667222,0.020361607410658563,,,
1,170,224,267,3,253,256,fixed_bwar,224.0,0.1,0.30927310442576145,11.719852056454467,0.14193011188153493,,,
1,170,224,267,3,253,256,local_bwar,48.0,0.1,0.350838024426638,12.721855935537452,0.11602380249670037,9.950603123167677e-10,1.0,0.0
1,170,224,267,3,253,256,log_euclidean_gaussian_ar,224.0,0.1,0.3862218947402937,13.39182668877239,0.09302793347003628,,,
1,170,224,267,3,253,256,persistence,,,0.7832989222820927,63.501582839084634,0.04328280081379504,,,
1,170,224,267,3,253,256,raw_var_window_ar,72.0,1e-06,0.9972064344052972,113.04709643386067,9.999999988087268e-09,,,
1,170,224,267,3,253,256,seasonal_window_naive,72.0,,0.7832989222820926,63.50167371167022,0.043272810813806656,,,
1,170,224,267,3,254,257,cholesky_gaussian_ar,224.0,0.1,0.268379560763215,12.268444772816009,0.17102435672385932,,,
1,170,224,267,3,254,257,euclidean_gaussian_ar,224.0,0.1,0.39967009647626556,16.07826656191395,0.06308596487125659,,,
1,170,224,267,3,254,257,fixed_bwar,224.0,0.1,0.26975568381849535,9.672476989829383,0.13321932753607507,,,
1,170,224,267,3,254,257,local_bwar,48.0,0.1,0.3158896424940699,10.220852698415825,0.11630058793935563,4.618431963327881e-11,1.0,0.0
1,170,224,267,3,254,257,log_euclidean_gaussian_ar,224.0,0.1,0.3602257460536285,13.233432897037563,0.08891637206044162,,,
1,170,224,267,3,254,257,persistence,,,0.5847418169397725,36.25167938753444,0.06266135484489746,,,
1,170,224,267,3,254,257,raw_var_window_ar,72.0,1e-06,0.9257127457167859,120.99179745552351,9.999999996024433e-09,,,
1,170,224,267,3,254,257,seasonal_window_naive,72.0,,0.5847418169397722,36.25174283406718,0.06265136484490794,,,
1,170,224,267,3,255,258,cholesky_gaussian_ar,224.0,0.1,0.3457933938163547,19.179863696891644,0.1680860533590896,,,
1,170,224,267,3,255,258,euclidean_gaussian_ar,224.0,0.1,0.3582127533240842,17.189804691924344,0.2222098271537123,,,
1,170,224,267,3,255,258,fixed_bwar,224.0,0.1,0.3127185583095225,15.904834669069132,0.13135945682935915,,,
1,170,224,267,3,255,258,local_bwar,48.0,0.1,0.23661731549062948,10.534270190516583,0.11994720835785341,4.3002850926373375e-11,1.0,0.0
1,170,224,267,3,255,258,log_euclidean_gaussian_ar,224.0,0.1,0.3882571881707325,22.529916124917914,0.08896509449459891,,,
1,170,224,267,3,255,258,persistence,,,0.20900533119178513,11.586566926792695,0.060734376696955625,,,
1,170,224,267,3,255,258,raw_var_window_ar,72.0,1e-06,0.722293317875828,117.0113230769677,9.999999977236721e-09,,,
1,170,224,267,3,255,258,seasonal_window_naive,72.0,,0.20900533119178513,11.586598218202077,0.060724386696961105,,,
1,170,224,267,3,256,259,cholesky_gaussian_ar,224.0,0.1,0.6012739326493435,36.818097730366766,0.14897611896485394,,,
1,170,224,267,3,256,259,euclidean_gaussian_ar,224.0,0.1,0.5247553259853738,28.85219591737846,0.2093522156693168,,,
1,170,224,267,3,256,259,fixed_bwar,224.0,0.1,0.5931991763119743,35.797916261921486,0.12260991338791302,,,
1,170,224,267,3,256,259,local_bwar,48.0,0.1,0.48710375459023253,24.552418844047054,0.1239998537164383,4.291580366357503e-11,1.0,0.0
1,170,224,267,3,256,259,log_euclidean_gaussian_ar,224.0,0.1,0.5969956148156923,36.93013490242213,0.09512211734432964,,,
1,170,224,267,3,256,259,persistence,,,0.7456959652290738,54.86192897651188,0.029844652383867167,,,
1,170,224,267,3,256,259,raw_var_window_ar,72.0,1e-06,0.9169352358296473,141.36280059171887,9.999999985235516e-09,,,
1,170,224,267,3,256,259,seasonal_window_naive,72.0,,0.7456959652290736,54.86199616232937,0.029834662383882174,,,
1,170,224,267,3,257,260,cholesky_gaussian_ar,224.0,0.1,0.6621263747748357,44.152692642197756,0.16122088254255967,,,
1,170,224,267,3,257,260,euclidean_gaussian_ar,224.0,0.1,0.647737451456602,40.18271728467923,0.2283802604508489,,,
1,170,224,267,3,257,260,fixed_bwar,224.0,0.1,0.6539518618479706,42.44687200086955,0.1304092723929804,,,
1,170,224,267,3,257,260,local_bwar,48.0,0.1,0.5475861197770042,30.259046724893714,0.12441274739862337,8.4597210257873e-10,1.0,0.0
1,170,224,267,3,257,260,log_euclidean_gaussian_ar,224.0,0.1,0.6433029125237455,41.11713271041089,0.1084346044211165,,,
1,170,224,267,3,257,260,persistence,,,0.7643926546875784,55.431326168623784,0.02675857845489213,,,
1,170,224,267,3,257,260,raw_var_window_ar,72.0,1e-06,0.9557231174894801,153.3799030026994,9.999999980290518e-09,,,
1,170,224,267,3,257,260,seasonal_window_naive,72.0,,0.7643926546875784,55.43140802188994,0.0267485884548927,,,
1,170,224,267,3,258,261,cholesky_gaussian_ar,224.0,0.1,0.580957603098977,35.74784885346849,0.16887648717128087,,,
1,170,224,267,3,258,261,euclidean_gaussian_ar,224.0,0.1,0.7908806467237475,48.652714703056496,0.23748394181328988,,,
1,170,224,267,3,258,261,fixed_bwar,224.0,0.1,0.5504633125648022,31.1195616633396,0.133091929098975,,,
1,170,224,267,3,258,261,local_bwar,48.0,0.1,0.4460142295047376,21.02592840805591,0.11701698003696182,7.477844010771439e-10,1.0,0.0
1,170,224,267,3,258,261,log_euclidean_gaussian_ar,224.0,0.1,0.590751992103509,34.680648514698824,0.10296575746049372,,,
1,170,224,267,3,258,261,persistence,,,0.3259794764827565,18.95280214460509,0.037141296500875796,,,
1,170,224,267,3,258,261,raw_var_window_ar,72.0,1e-06,0.9248633674613415,132.9321971357841,9.999999992094723e-09,,,
1,170,224,267,3,258,261,seasonal_window_naive,72.0,,0.3259794764827566,18.95286051191023,0.03713130650087528,,,
1,170,224,267,3,259,262,cholesky_gaussian_ar,224.0,0.1,0.35058105272947643,18.156394727538427,0.1718009597788823,,,
1,170,224,267,3,259,262,euclidean_gaussian_ar,224.0,0.1,0.6115537623979018,27.70984351305496,1.0000001409933437e-08,,,
1,170,224,267,3,259,262,fixed_bwar,224.0,0.1,0.3146869514210241,13.61659712209757,0.13146501656785764,,,
1,170,224,267,3,259,262,local_bwar,48.0,0.1,0.25290437218056055,11.556815098251626,0.1086905228887166,8.065619190903927e-10,1.0,0.0
1,170,224,267,3,259,262,log_euclidean_gaussian_ar,224.0,0.1,0.4445855788817305,22.934322561501915,0.087564102394517,,,
1,170,224,267,3,259,262,persistence,,,0.4830124665567871,30.026463458034286,0.05354800905402779,,,
1,170,224,267,3,259,262,raw_var_window_ar,72.0,1e-06,0.9883302166147535,137.79226066060872,9.999999893572483e-09,,,
1,170,224,267,3,259,262,seasonal_window_naive,72.0,,0.483012466556787,30.026551251688243,0.053538019054026054,,,
1,170,224,267,3,260,263,cholesky_gaussian_ar,224.0,0.1,0.3076821975464688,11.69666636007316,0.15564253150694154,,,
1,170,224,267,3,260,263,euclidean_gaussian_ar,224.0,0.1,0.8674140723798521,39.09397687143289,9.999999698199359e-09,,,
1,170,224,267,3,260,263,fixed_bwar,224.0,0.1,0.3038039030186222,11.571504858753608,0.12458207915872228,,,
1,170,224,267,3,260,263,local_bwar,48.0,0.1,0.32388662050567596,13.95880992724258,0.11439084921211459,4.2167036792552787e-11,1.0,0.0
1,170,224,267,3,260,263,log_euclidean_gaussian_ar,224.0,0.1,0.23103221818156305,12.444251521367251,0.07202720228959397,,,
1,170,224,267,3,260,263,persistence,,,0.7726304156865154,62.842218096368995,0.05137207979134407,,,
1,170,224,267,3,260,263,raw_var_window_ar,72.0,1e-06,0.6367694088589677,92.8703544812007,9.999999907814663e-09,,,
1,170,224,267,3,260,263,seasonal_window_naive,72.0,,0.7726304156865151,62.84224793443438,0.051362089791341124,,,
1,170,224,267,3,261,264,cholesky_gaussian_ar,224.0,0.1,0.35815734574169783,12.405731354000206,0.16200499373060087,,,
1,170,224,267,3,261,264,euclidean_gaussian_ar,224.0,0.1,0.7638651567934028,30.42160843235277,1.0000002148821795e-08,,,
1,170,224,267,3,261,264,fixed_bwar,224.0,0.1,0.35699414456150597,12.016761863702683,0.12762550065466194,,,
1,170,224,267,3,261,264,local_bwar,48.0,0.1,0.39276628879357756,14.355801646366455,0.1199629363697658,4.499305731457915e-11,1.0,0.0
1,170,224,267,3,261,264,log_euclidean_gaussian_ar,224.0,0.1,0.25876600683987877,12.608018026564565,0.08460788911046883,,,
1,170,224,267,3,261,264,persistence,,,0.6605324103235413,43.184470280531535,0.06526129592928037,,,
1,170,224,267,3,261,264,raw_var_window_ar,72.0,1e-06,0.3887391361820237,93.29268303039481,9.99999999441247e-09,,,
1,170,224,267,3,261,264,seasonal_window_naive,72.0,,0.6605324103235413,43.184480727338226,0.06525130592928932,,,
1,170,224,267,3,262,265,cholesky_gaussian_ar,224.0,0.1,0.8504817809029843,47.160628469340224,0.16914097225736754,,,
1,170,224,267,3,262,265,euclidean_gaussian_ar,224.0,0.1,1.217126257993933,84.03987387497688,0.28993687531591356,,,
1,170,224,267,3,262,265,fixed_bwar,224.0,0.1,0.8931752176241847,53.02015943934532,0.1302767503121826,,,
1,170,224,267,3,262,265,local_bwar,48.0,0.1,0.7605011156094542,34.54727528584663,0.1359651071544219,9.386947017097751e-10,1.0,0.0
1,170,224,267,3,262,265,log_euclidean_gaussian_ar,224.0,0.1,0.7626132958758782,38.396287445062164,0.09148261386816121,,,
1,170,224,267,3,262,265,persistence,,,0.9883642791927233,64.42293332178387,0.07284730533096838,,,
1,170,224,267,3,262,265,raw_var_window_ar,72.0,1e-06,0.29025704812492903,50.25432981316299,9.999999955094122e-09,,,
1,170,224,267,3,262,265,seasonal_window_naive,72.0,,0.9883642791927234,64.42286266947147,0.07283731533097176,,,
1,170,224,267,3,263,266,cholesky_gaussian_ar,224.0,0.1,0.5092540886365404,25.64413144416484,0.15179532074098212,,,
1,170,224,267,3,263,266,euclidean_gaussian_ar,224.0,0.1,0.6662100074051261,35.753600163735584,0.2300845824977506,,,
1,170,224,267,3,263,266,fixed_bwar,224.0,0.1,0.5573789653355257,29.303429233519637,0.10839566679473539,,,
1,170,224,267,3,263,266,local_bwar,48.0,0.1,0.5150929698528655,22.598570294262068,0.11459898268673473,8.21329134168534e-10,1.0,0.0
1,170,224,267,3,263,266,log_euclidean_gaussian_ar,224.0,0.1,0.5467758556182293,27.983112505267016,0.0948817664329645,,,
1,170,224,267,3,263,266,persistence,,,0.6726986075878166,50.759967528648374,0.03231715167812055,,,
1,170,224,267,3,263,266,raw_var_window_ar,72.0,1e-06,0.616133245502735,94.88684420011458,9.99999995248073e-09,,,
1,170,224,267,3,263,266,seasonal_window_naive,72.0,,0.6726986075878167,50.76006077962677,0.032307161678120914,,,
1,170,224,267,4,220,224,cholesky_gaussian_ar,224.0,0.1,0.2881204001932827,12.007398106717165,0.1513795638347433,,,
1,170,224,267,4,220,224,euclidean_gaussian_ar,224.0,0.1,0.3127344593243904,11.96399939310339,0.2105885872188556,,,
1,170,224,267,4,220,224,fixed_bwar,224.0,0.1,0.305326106764767,12.756569785243748,0.1319464729294289,,,
1,170,224,267,4,220,224,local_bwar,48.0,0.1,0.24961233778914363,10.172477901891853,0.12528988398687604,1.1379257337328353e-10,1.0,0.0
1,170,224,267,4,220,224,log_euclidean_gaussian_ar,224.0,0.1,0.2915082069583497,12.78108589623672,0.10554729239772416,,,
1,170,224,267,4,220,224,persistence,,,0.47063819392278,29.166000258195822,0.042736961091727366,,,
1,170,224,267,4,220,224,raw_var_window_ar,72.0,1e-06,0.6399900380765433,101.06557001556952,9.999999999958424e-09,,,
1,170,224,267,4,220,224,seasonal_window_naive,72.0,,0.47063819392277995,29.166037273579413,0.04272697109172812,,,
1,170,224,267,4,221,225,cholesky_gaussian_ar,224.0,0.1,0.2792822389056978,10.498532243669736,0.14751104647157237,,,
1,170,224,267,4,221,225,euclidean_gaussian_ar,224.0,0.1,0.26532143590260465,9.924245979546775,0.200259215372963,,,
1,170,224,267,4,221,225,fixed_bwar,224.0,0.1,0.35234054163500705,12.63404614363417,0.13056401060729175,,,
1,170,224,267,4,221,225,local_bwar,48.0,0.1,0.32471084139380507,11.311210535866664,0.12793870844551317,1.0961141561225875e-10,1.0,0.0
1,170,224,267,4,221,225,log_euclidean_gaussian_ar,224.0,0.1,0.30447127408520386,11.099719579449529,0.10689134961792895,,,
1,170,224,267,4,221,225,persistence,,,0.8557602978657642,63.241002921197406,0.034911774369126194,,,
1,170,224,267,4,221,225,raw_var_window_ar,72.0,1e-06,0.4715086809282721,88.94439019279294,9.999999999888698e-09,,,
1,170,224,267,4,221,225,seasonal_window_naive,72.0,,0.8557602978657642,63.24104564251897,0.03490178436912506,,,
1,170,224,267,4,222,226,cholesky_gaussian_ar,224.0,0.1,0.23880362509457176,8.076473742062758,0.13182214708334125,,,
1,170,224,267,4,222,226,euclidean_gaussian_ar,224.0,0.1,0.2076969621359432,8.26704351459723,0.2021092419803342,,,
1,170,224,267,4,222,226,fixed_bwar,224.0,0.1,0.3161791666258587,10.032516449929705,0.1263602391261735,,,
1,170,224,267,4,222,226,local_bwar,48.0,0.1,0.3573563713746712,11.656964385864807,0.12492134249230516,1.0702956240852152e-10,1.0,0.0
1,170,224,267,4,222,226,log_euclidean_gaussian_ar,224.0,0.1,0.2600084271993063,8.278154325379626,0.10138810624916628,,,
1,170,224,267,4,222,226,persistence,,,0.7471746334905027,51.02129194931403,0.03328484022159631,,,
1,170,224,267,4,222,226,raw_var_window_ar,72.0,1e-06,0.3693287648513804,73.013635260347,9.999999999904118e-09,,,
1,170,224,267,4,222,226,seasonal_window_naive,72.0,,0.7471746334905027,51.02132874651796,0.03327485022159807,,,
1,170,224,267,4,223,227,cholesky_gaussian_ar,224.0,0.1,0.21285523980748763,7.175625777011635,0.11630543136603802,,,
1,170,224,267,4,223,227,euclidean_gaussian_ar,224.0,0.1,0.13425980240759278,7.666547231735561,0.2016120833548812,,,
1,170,224,267,4,223,227,fixed_bwar,224.0,0.1,0.282913018338241,9.922439893245972,0.1150937338081074,,,
1,170,224,267,4,223,227,local_bwar,48.0,0.1,0.4592184266514447,18.26525480466565,0.11686385606475977,1.0344362860095621e-10,1.0,0.0
1,170,224,267,4,223,227,log_euclidean_gaussian_ar,224.0,0.1,0.2299097152509252,6.2543508773790695,0.09064925102518363,,,
1,170,224,267,4,223,227,persistence,,,0.5002959918898912,28.5185089494824,0.057994038866868866,,,
1,170,224,267,4,223,227,raw_var_window_ar,72.0,1e-06,0.24930627487938484,49.924757339240465,9.999999999652331e-09,,,
1,170,224,267,4,223,227,seasonal_window_naive,72.0,,0.5002959918898912,28.518508373134456,0.05798404886686812,,,
1,170,224,267,4,224,228,cholesky_gaussian_ar,224.0,0.1,0.1870761299415881,8.909901977840086,0.1275209664122284,,,
1,170,224,267,4,224,228,euclidean_gaussian_ar,224.0,0.1,0.2203136810242647,14.55122610165378,0.010701279942738779,,,
1,170,224,267,4,224,228,fixed_bwar,224.0,0.1,0.20645528008050104,10.039357591950557,0.11045337680530921,,,
1,170,224,267,4,224,228,local_bwar,48.0,0.1,0.3162018806566247,15.387545371117831,0.12004656950091167,1.0313769375047309e-10,1.0,0.0
1,170,224,267,4,224,228,log_euclidean_gaussian_ar,224.0,0.1,0.1693158146165857,7.039866113753044,0.07973667939805129,,,
1,170,224,267,4,224,228,persistence,,,0.5135741477647762,32.76766439450886,0.055045118406649086,,,
1,170,224,267,4,224,228,raw_var_window_ar,72.0,1e-06,0.4671378786447713,58.34886912956731,9.999999999151693e-09,,,
1,170,224,267,4,224,228,seasonal_window_naive,72.0,,0.5135741477647762,32.76769233896366,0.05503512840664946,,,
1,170,224,267,4,225,229,cholesky_gaussian_ar,224.0,0.1,0.15491849607125363,6.234303486733294,0.12137698966544781,,,
1,170,224,267,4,225,229,euclidean_gaussian_ar,224.0,0.1,0.18759924172649867,9.924220781529929,9.999998806929115e-09,,,
1,170,224,267,4,225,229,fixed_bwar,224.0,0.1,0.16522051468994695,6.511997144008699,0.1039133960076983,,,
1,170,224,267,4,225,229,local_bwar,48.0,0.1,0.3441186875301917,13.815886308810327,0.12510388799231428,1.0286809378378291e-10,1.0,0.0
1,170,224,267,4,225,229,log_euclidean_gaussian_ar,224.0,0.1,0.14406209932795272,5.686440559246207,0.07656861801945114,,,
1,170,224,267,4,225,229,persistence,,,0.44269490112271104,25.166146442974703,0.033982016676451135,,,
1,170,224,267,4,225,229,raw_var_window_ar,72.0,1e-06,0.42566060715691995,60.28937456463274,9.999999999811231e-09,,,
1,170,224,267,4,225,229,seasonal_window_naive,72.0,,0.4426949011227109,25.166205022517353,0.03397202667645187,,,
1,170,224,267,4,226,230,cholesky_gaussian_ar,224.0,0.1,0.1314330385701565,6.105635282568541,0.12713068849831002,,,
1,170,224,267,4,226,230,euclidean_gaussian_ar,224.0,0.1,0.18592421464101966,8.275619869061472,1.0000000018594575e-08,,,
1,170,224,267,4,226,230,fixed_bwar,224.0,0.1,0.13650602710155305,5.557841886655236,0.10222791363729673,,,
1,170,224,267,4,226,230,local_bwar,48.0,0.1,0.3063820256398712,11.208728278220745,0.13527632750776342,1.064090545511832e-10,1.0,0.0
1,170,224,267,4,226,230,log_euclidean_gaussian_ar,224.0,0.1,0.13306481603843595,6.747553518420256,0.08071601744088593,,,
1,170,224,267,4,226,230,persistence,,,0.24379320497483956,12.980836821945271,0.0480599362194913,,,
1,170,224,267,4,226,230,raw_var_window_ar,72.0,1e-06,0.39652370237869516,68.80897682518892,9.999999999829867e-09,,,
1,170,224,267,4,226,230,seasonal_window_naive,72.0,,0.2437932049748396,12.980883764845077,0.04804994621949229,,,
1,170,224,267,4,227,231,cholesky_gaussian_ar,224.0,0.1,0.2542266008075425,10.04162495539886,0.12045952848571179,,,
1,170,224,267,4,227,231,euclidean_gaussian_ar,224.0,0.1,0.42631100188271964,13.525612137688022,0.1889878271480886,,,
1,170,224,267,4,227,231,fixed_bwar,224.0,0.1,0.2727707629169795,9.484065854949948,0.09933126079581754,,,
1,170,224,267,4,227,231,local_bwar,48.0,0.1,0.3546381786328316,14.949633617759215,0.1349862096859348,1.0631821645568128e-10,1.0,0.0
1,170,224,267,4,227,231,log_euclidean_gaussian_ar,224.0,0.1,0.2289556090790925,9.894941891403382,0.08851402897530462,,,
1,170,224,267,4,227,231,persistence,,,0.3011296392988477,15.47138630783424,0.040532793409307225,,,
1,170,224,267,4,227,231,raw_var_window_ar,72.0,1e-06,0.43591059850478864,73.76378760927324,9.999999999960982e-09,,,
1,170,224,267,4,227,231,seasonal_window_naive,72.0,,0.3011296392988477,15.471476944577223,0.040522803409307806,,,
1,170,224,267,4,228,232,cholesky_gaussian_ar,224.0,0.1,0.24449873939148634,9.506277751703095,0.14123391624084397,,,
1,170,224,267,4,228,232,euclidean_gaussian_ar,224.0,0.1,0.28550815648390426,10.17951638283527,0.23325632724414563,,,
1,170,224,267,4,228,232,fixed_bwar,224.0,0.1,0.2777618602407365,9.428908421561239,0.1075554018272877,,,
1,170,224,267,4,228,232,local_bwar,48.0,0.1,0.2820876857266844,12.12903522526995,0.14299070644398398,1.1040051694190929e-10,1.0,0.0
1,170,224,267,4,228,232,log_euclidean_gaussian_ar,224.0,0.1,0.2417229745268989,9.846483817396575,0.10354696242648771,,,
1,170,224,267,4,228,232,persistence,,,0.4006588447024646,21.27339920212338,0.02795272703189784,,,
1,170,224,267,4,228,232,raw_var_window_ar,72.0,1e-06,0.4939355827942822,76.58708444295901,9.999999997533566e-09,,,
1,170,224,267,4,228,232,seasonal_window_naive,72.0,,0.40065884470246466,21.273505185520825,0.02794273703189747,,,
1,170,224,267,4,229,233,cholesky_gaussian_ar,224.0,0.1,0.2658551845330272,9.789028273046304,0.13438564086967472,,,
1,170,224,267,4,229,233,euclidean_gaussian_ar,224.0,0.1,0.22583331635679396,9.344285215644321,0.23479738853602986,,,
1,170,224,267,4,229,233,fixed_bwar,224.0,0.1,0.28823811997824444,8.707573470972013,0.10658060919244866,,,
1,170,224,267,4,229,233,local_bwar,48.0,0.1,0.20891222561859032,9.578274165680526,0.13925736729958105,1.0944881147254035e-10,1.0,0.0
1,170,224,267,4,229,233,log_euclidean_gaussian_ar,224.0,0.1,0.2947349435030034,12.806144054541893,0.09402962336315997,,,
1,170,224,267,4,229,233,persistence,,,0.3198078488153509,14.364469776573143,0.014622172262076329,,,
1,170,224,267,4,229,233,raw_var_window_ar,72.0,1e-06,0.5410304193249091,79.77018489332201,9.999999999059923e-09,,,
1,170,224,267,4,229,233,seasonal_window_naive,72.0,,0.3198078488153508,14.364585418867978,0.014612182262076102,,,
1,170,224,267,4,230,234,cholesky_gaussian_ar,224.0,0.1,0.40152955672533797,18.27031122373411,0.13003885586256295,,,
1,170,224,267,4,230,234,euclidean_gaussian_ar,224.0,0.1,0.28609503018044624,11.582681989962392,0.21939848417411012,,,
1,170,224,267,4,230,234,fixed_bwar,224.0,0.1,0.4321044311608066,16.415803207980034,0.10811852199580747,,,
1,170,224,267,4,230,234,local_bwar,48.0,0.1,0.22621202556213077,9.617352619433388,0.13480302510541847,1.107483081651525e-10,1.0,0.0
1,170,224,267,4,230,234,log_euclidean_gaussian_ar,224.0,0.1,0.41294478544483904,22.030345671254302,0.09463230022087282,,,
1,170,224,267,4,230,234,persistence,,,0.3881522346456927,18.24466745004066,0.03482255696480181,,,
1,170,224,267,4,230,234,raw_var_window_ar,72.0,1e-06,0.7507283428514413,108.55860639189967,9.9999999985361e-09,,,
1,170,224,267,4,230,234,seasonal_window_naive,72.0,,0.38815223464569254,18.24481088699237,0.034812566964807834,,,
1,170,224,267,4,231,235,cholesky_gaussian_ar,224.0,0.1,0.5273454001085981,23.552041849293587,0.1274133230070278,,,
1,170,224,267,4,231,235,euclidean_gaussian_ar,224.0,0.1,0.40784290700000136,16.499099683380194,0.17304802766299035,,,
1,170,224,267,4,231,235,fixed_bwar,224.0,0.1,0.5452017225330789,22.1262516802746,0.10637244433267638,,,
1,170,224,267,4,231,235,local_bwar,48.0,0.1,0.35819189301602217,14.456308841457936,0.1297110010310609,6.749373691430928e-11,1.0,0.0
1,170,224,267,4,231,235,log_euclidean_gaussian_ar,224.0,0.1,0.538927303444726,25.106813819364795,0.08700914695409921,,,
1,170,224,267,4,231,235,persistence,,,0.6426447676887759,36.77370900392988,0.03756632539683551,,,
1,170,224,267,4,231,235,raw_var_window_ar,72.0,1e-06,0.8759118708789368,113.69994809630371,9.999999999008153e-09,,,
1,170,224,267,4,231,235,seasonal_window_naive,72.0,,0.6426447676887758,36.77383063199734,0.0375563353968363,,,
1,170,224,267,4,232,236,cholesky_gaussian_ar,224.0,0.1,0.3910570112306395,17.643065962349265,0.12921832782284096,,,
1,170,224,267,4,232,236,euclidean_gaussian_ar,224.0,0.1,0.29653468831147317,12.25843185856959,0.17632618380601242,,,
1,170,224,267,4,232,236,fixed_bwar,224.0,0.1,0.3812519700154245,15.237568488735285,0.10934039821809353,,,
1,170,224,267,4,232,236,local_bwar,48.0,0.1,0.26006366521817087,11.490334787638954,0.13573199664984956,8.971006627263896e-10,1.0,0.0
1,170,224,267,4,232,236,log_euclidean_gaussian_ar,224.0,0.1,0.39143025005503446,20.50911343219881,0.08984491849804446,,,
1,170,224,267,4,232,236,persistence,,,0.47952776270268616,28.85076885921758,0.030511289456567028,,,
1,170,224,267,4,232,236,raw_var_window_ar,72.0,1e-06,0.7430610688328179,108.67095898714247,9.999999999233736e-09,,,
1,170,224,267,4,232,236,seasonal_window_naive,72.0,,0.4795277627026861,28.850892859670846,0.030501299456559574,,,
1,170,224,267,4,233,237,cholesky_gaussian_ar,224.0,0.1,0.18153063441291867,8.316758202029781,0.13926413063623785,,,
1,170,224,267,4,233,237,euclidean_gaussian_ar,224.0,0.1,0.2141581842214237,8.954430915606892,0.2113012373113167,,,
1,170,224,267,4,233,237,fixed_bwar,224.0,0.1,0.18855917652169646,7.896591533479497,0.11181830798597028,,,
1,170,224,267,4,233,237,local_bwar,48.0,0.1,0.23161254139821835,8.601626913181311,0.13974303606220725,6.036738771358502e-10,1.0,0.0
1,170,224,267,4,233,237,log_euclidean_gaussian_ar,224.0,0.1,0.1807349704330132,10.027868324058423,0.09390242223494966,,,
1,170,224,267,4,233,237,persistence,,,0.2169859538732019,12.197607920467108,0.03325541968921727,,,
1,170,224,267,4,233,237,raw_var_window_ar,72.0,1e-06,0.4463235253994412,82.56757519647809,9.9999999993673e-09,,,
1,170,224,267,4,233,237,seasonal_window_naive,72.0,,0.21698595387320196,12.19768632931759,0.03324542968921814,,,
1,170,224,267,4,234,238,cholesky_gaussian_ar,224.0,0.1,0.4023472597281843,18.733394146498735,0.1723806527584276,,,
1,170,224,267,4,234,238,euclidean_gaussian_ar,224.0,0.1,0.4160238685761188,19.50743595446284,0.2716740533136505,,,
1,170,224,267,4,234,238,fixed_bwar,224.0,0.1,0.4340372069428111,20.705270538376677,0.12674043955154493,,,
1,170,224,267,4,234,238,local_bwar,48.0,0.1,0.39121264995861055,17.247978030477757,0.1424556854881458,4.814975875371643e-10,1.0,0.0
1,170,224,267,4,234,238,log_euclidean_gaussian_ar,224.0,0.1,0.38779397924506515,16.893952742440437,0.11604971684425595,,,
1,170,224,267,4,234,238,persistence,,,0.6416850217641642,43.52785963341785,0.03947710705442082,,,
1,170,224,267,4,234,238,raw_var_window_ar,72.0,1e-06,0.4996672580505772,90.30357902700668,9.99999999988892e-09,,,
1,170,224,267,4,234,238,seasonal_window_naive,72.0,,0.6416850217641642,43.527912080550436,0.03946711705441801,,,
1,170,224,267,4,235,239,cholesky_gaussian_ar,224.0,0.1,0.3618431485899152,17.50460307396032,0.19209726837429947,,,
1,170,224,267,4,235,239,euclidean_gaussian_ar,224.0,0.1,0.31331030884624606,15.26906295347716,0.2889869664800682,,,
1,170,224,267,4,235,239,fixed_bwar,224.0,0.1,0.4079636045159457,20.09622308235325,0.1313264374843084,,,
1,170,224,267,4,235,239,local_bwar,48.0,0.1,0.36061929803096143,16.532113313021984,0.1433892334215142,4.95271465943576e-10,1.0,0.0
1,170,224,267,4,235,239,log_euclidean_gaussian_ar,224.0,0.1,0.3528291396347027,16.025395392591886,0.1281820463945519,,,
1,170,224,267,4,235,239,persistence,,,0.7954248637242726,59.248474416004086,0.03759778266026028,,,
1,170,224,267,4,235,239,raw_var_window_ar,72.0,1e-06,0.5733820712687907,103.88847285813537,9.999999999519297e-09,,,
1,170,224,267,4,235,239,seasonal_window_naive,72.0,,0.7954248637242727,59.248540345866864,0.037587792660260376,,,
1,170,224,267,4,236,240,cholesky_gaussian_ar,224.0,0.1,0.28023893573358954,12.959543982522643,0.17982128577503215,,,
1,170,224,267,4,236,240,euclidean_gaussian_ar,224.0,0.1,0.25019219616304195,12.373868277225752,0.25886433406106246,,,
1,170,224,267,4,236,240,fixed_bwar,224.0,0.1,0.3169685822277475,14.06781277104505,0.13085901209392464,,,
1,170,224,267,4,236,240,local_bwar,48.0,0.1,0.3251138117127814,13.823696951262232,0.13853344394194123,5.374929112250832e-10,1.0,0.0
1,170,224,267,4,236,240,log_euclidean_gaussian_ar,224.0,0.1,0.29531042434321597,12.70696619763984,0.12207111023247688,,,
1,170,224,267,4,236,240,persistence,,,0.5535083778685569,36.02194087910338,0.03369965470600946,,,
1,170,224,267,4,236,240,raw_var_window_ar,72.0,1e-06,0.5785865880924719,96.36534612209469,9.999999999921916e-09,,,
1,170,224,267,4,236,240,seasonal_window_naive,72.0,,0.5535083778685568,36.0220072138694,0.03368966470600776,,,
1,170,224,267,4,237,241,cholesky_gaussian_ar,224.0,0.1,0.3726057628017591,18.011648297804296,0.14464962341606366,,,
1,170,224,267,4,237,241,euclidean_gaussian_ar,224.0,0.1,0.2630378527315457,10.81394647629898,0.20185562701020765,,,
1,170,224,267,4,237,241,fixed_bwar,224.0,0.1,0.36695605199556175,14.959192536852035,0.11438425670724457,,,
1,170,224,267,4,237,241,local_bwar,48.0,0.1,0.23620087242010182,10.768816398952616,0.12507682939369633,5.49318038955511e-10,1.0,0.0
1,170,224,267,4,237,241,log_euclidean_gaussian_ar,224.0,0.1,0.34788333693913903,19.42944692578251,0.0979302220468377,,,
1,170,224,267,4,237,241,persistence,,,0.4250967678525535,21.249022433465402,0.04590815177754432,,,
1,170,224,267,4,237,241,raw_var_window_ar,72.0,1e-06,0.7642765418619749,118.25508148453558,9.999999999299633e-09,,,
1,170,224,267,4,237,241,seasonal_window_naive,72.0,,0.42509676785255335,21.249138809313095,0.04589816177754609,,,
1,170,224,267,4,238,242,cholesky_gaussian_ar,224.0,0.1,0.7104524407400364,42.574733841481745,0.12254178053009956,,,
1,170,224,267,4,238,242,euclidean_gaussian_ar,224.0,0.1,0.4866765489742777,23.679318649899912,0.12870622949558014,,,
1,170,224,267,4,238,242,fixed_bwar,224.0,0.1,0.6910352320378174,37.851748412521104,0.10712651954333616,,,
1,170,224,267,4,238,242,local_bwar,48.0,0.1,0.5259527585751854,27.3060897916588,0.12050438302569448,5.965624315113499e-10,1.0,0.0
1,170,224,267,4,238,242,log_euclidean_gaussian_ar,224.0,0.1,0.6721397677249038,41.76412050317437,0.08003172823564479,,,
1,170,224,267,4,238,242,persistence,,,0.9980984124087033,88.96561899724998,0.04548151533717569,,,
1,170,224,267,4,238,242,raw_var_window_ar,72.0,1e-06,1.0627737845259118,155.31507311636153,9.9999999998532e-09,,,
1,170,224,267,4,238,242,seasonal_window_naive,72.0,,0.9980984124087033,88.96577498753786,0.045471525337172324,,,
1,170,224,267,4,239,243,cholesky_gaussian_ar,224.0,0.1,0.8780325354269267,57.10561514287093,0.1240704990954543,,,
1,170,224,267,4,239,243,euclidean_gaussian_ar,224.0,0.1,0.6158110715887574,33.22597825923073,0.13862855460511658,,,
1,170,224,267,4,239,243,fixed_bwar,224.0,0.1,0.8610289773861686,52.67614697081622,0.11356606354187183,,,
1,170,224,267,4,239,243,local_bwar,48.0,0.1,0.7832321179638522,47.48916985762542,0.1299744454965406,6.872107103968496e-10,1.0,0.0
1,170,224,267,4,239,243,log_euclidean_gaussian_ar,224.0,0.1,0.844958761425734,56.61690735065747,0.08207242665206593,,,
1,170,224,267,4,239,243,persistence,,,1.2235277413305037,117.48582249414122,0.02312652412910367,,,
1,170,224,267,4,239,243,raw_var_window_ar,72.0,1e-06,1.3051898559428172,184.44963501048903,9.999999999250048e-09,,,
1,170,224,267,4,239,243,seasonal_window_naive,72.0,,1.223527741330504,117.48598762881272,0.023116534129103177,,,
1,170,224,267,4,240,244,cholesky_gaussian_ar,224.0,0.1,0.5560118669521427,36.75171907778126,0.1350075205239192,,,
1,170,224,267,4,240,244,euclidean_gaussian_ar,224.0,0.1,0.3381870837823958,18.403977413636046,0.18873352130590165,,,
1,170,224,267,4,240,244,fixed_bwar,224.0,0.1,0.4614590091016058,26.153558251102968,0.11923850918602301,,,
1,170,224,267,4,240,244,local_bwar,48.0,0.1,0.4510849137025232,27.033397850629328,0.1384542234403873,7.048620126013557e-10,1.0,0.0
1,170,224,267,4,240,244,log_euclidean_gaussian_ar,224.0,0.1,0.487293731543697,28.9105519109531,0.09454313349524768,,,
1,170,224,267,4,240,244,persistence,,,0.707133421430491,54.733553136025535,0.030209295526772612,,,
1,170,224,267,4,240,244,raw_var_window_ar,72.0,1e-06,0.9936965194622368,175.08907606768958,9.999999999586974e-09,,,
1,170,224,267,4,240,244,seasonal_window_naive,72.0,,0.7071334214304907,54.73365725324132,0.030199305526771757,,,
1,170,224,267,4,241,245,cholesky_gaussian_ar,224.0,0.1,0.31468850246397756,23.178893726180412,0.1650336529639681,,,
1,170,224,267,4,241,245,euclidean_gaussian_ar,224.0,0.1,0.35184728163598644,23.041936196144746,0.1593086067177167,,,
1,170,224,267,4,241,245,fixed_bwar,224.0,0.1,0.27598253686605867,18.424226431452215,0.13447519803195046,,,
1,170,224,267,4,241,245,local_bwar,48.0,0.1,0.2813290831233888,18.850490729579587,0.14354715131487855,7.01855277196794e-10,1.0,0.0
1,170,224,267,4,241,245,log_euclidean_gaussian_ar,224.0,0.1,0.3172565023233341,23.964447770947626,0.11201836217611952,,,
1,170,224,267,4,241,245,persistence,,,0.3337875814446322,22.991496647413108,0.029272035076379054,,,
1,170,224,267,4,241,245,raw_var_window_ar,72.0,1e-06,0.7945301769387997,156.98895001850195,9.999999999865348e-09,,,
1,170,224,267,4,241,245,seasonal_window_naive,72.0,,0.33378758144463205,22.991561385934773,0.02926204507638187,,,
1,170,224,267,4,242,246,cholesky_gaussian_ar,224.0,0.1,0.5298894190555306,32.27268382558217,0.17551179399597505,,,
1,170,224,267,4,242,246,euclidean_gaussian_ar,224.0,0.1,0.4937700469298499,29.030950331738936,0.10752771211683759,,,
1,170,224,267,4,242,246,fixed_bwar,224.0,0.1,0.5567460985836012,33.478059385887086,0.14511940462505357,,,
1,170,224,267,4,242,246,local_bwar,48.0,0.1,0.497251753488039,27.82375058627462,0.1513220252340928,7.427804596105751e-10,1.0,0.0
1,170,224,267,4,242,246,log_euclidean_gaussian_ar,224.0,0.1,0.5054573475024433,29.580999690369154,0.12477518667584803,,,
1,170,224,267,4,242,246,persistence,,,1.0093602581728516,102.8154014399103,0.036403726459588746,,,
1,170,224,267,4,242,246,raw_var_window_ar,72.0,1e-06,0.8289340538674396,147.5255170383978,9.999999999988494e-09,,,
1,170,224,267,4,242,246,seasonal_window_naive,72.0,,1.0093602581728516,102.81549866868993,0.03639373645958583,,,
1,170,224,267,4,243,247,cholesky_gaussian_ar,224.0,0.1,0.426915237120365,21.27069762123837,0.19133438659079705,,,
1,170,224,267,4,243,247,euclidean_gaussian_ar,224.0,0.1,0.3779183085112934,20.645149205609584,0.10275351883201246,,,
1,170,224,267,4,243,247,fixed_bwar,224.0,0.1,0.49929811767056587,26.516420717160653,0.15003417535857738,,,
1,170,224,267,4,243,247,local_bwar,48.0,0.1,0.4356527685179502,21.27836922188021,0.15006416219986343,8.709688984947927e-10,1.0,0.0
1,170,224,267,4,243,247,log_euclidean_gaussian_ar,224.0,0.1,0.41056942149890296,20.045194789783007,0.13230058266250425,,,
1,170,224,267,4,243,247,persistence,,,1.227701867208375,123.5350193129772,0.027006291008976103,,,
1,170,224,267,4,243,247,raw_var_window_ar,72.0,1e-06,0.7242586200387509,123.62413513502848,9.999999999894229e-09,,,
1,170,224,267,4,243,247,seasonal_window_naive,72.0,,1.2277018672083753,123.53516391068123,0.02699630100893589,,,
1,170,224,267,4,244,248,cholesky_gaussian_ar,224.0,0.1,0.42670948006253046,20.279630165636007,0.1847069271251323,,,
1,170,224,267,4,244,248,euclidean_gaussian_ar,224.0,0.1,0.48154652502033357,24.99414198067447,0.15348086266151784,,,
1,170,224,267,4,244,248,fixed_bwar,224.0,0.1,0.40604367640553074,18.50341901378195,0.14505258039242552,,,
1,170,224,267,4,244,248,local_bwar,48.0,0.1,0.3507613212192943,15.185156052953658,0.14250683519214263,8.323485887976386e-10,1.0,0.0
1,170,224,267,4,244,248,log_euclidean_gaussian_ar,224.0,0.1,0.33459197560325366,16.511161510925746,0.1157201493724496,,,
1,170,224,267,4,244,248,persistence,,,0.6308302211835878,44.52830376099758,0.049371665918962235,,,
1,170,224,267,4,244,248,raw_var_window_ar,72.0,1e-06,0.6085867649913593,100.1321894713487,9.999999998861611e-09,,,
1,170,224,267,4,244,248,seasonal_window_naive,72.0,,0.6308302211835878,44.52834270181945,0.04936167591896378,,,
1,170,224,267,4,245,249,cholesky_gaussian_ar,224.0,0.1,0.36884936741394625,16.453388852143583,0.16274387757283643,,,
1,170,224,267,4,245,249,euclidean_gaussian_ar,224.0,0.1,0.5339985858474697,24.85972407031094,9.99999949513603e-09,,,
1,170,224,267,4,245,249,fixed_bwar,224.0,0.1,0.3798685266535589,16.114480858914053,0.13071394176440274,,,
1,170,224,267,4,245,249,local_bwar,48.0,0.1,0.35047495924340816,14.369082931323051,0.1320445688007079,8.21848967338148e-10,1.0,0.0
1,170,224,267,4,245,249,log_euclidean_gaussian_ar,224.0,0.1,0.33599330193597454,16.79152232033425,0.10658981516152527,,,
1,170,224,267,4,245,249,persistence,,,0.5026871810142428,39.35107762621339,0.049532498688033444,,,
1,170,224,267,4,245,249,raw_var_window_ar,72.0,1e-06,0.6389730477087396,89.44388121439744,9.99999999979388e-09,,,
1,170,224,267,4,245,249,seasonal_window_naive,72.0,,0.5026871810142429,39.35109705861635,0.049522508688027246,,,
1,170,224,267,4,246,250,cholesky_gaussian_ar,224.0,0.1,0.28090116080753125,12.924118283839428,0.14090823345969156,,,
1,170,224,267,4,246,250,euclidean_gaussian_ar,224.0,0.1,0.5307415909361247,28.675792992353806,9.999996566768753e-09,,,
1,170,224,267,4,246,250,fixed_bwar,224.0,0.1,0.27136024927662317,10.669703426365585,0.12032332044181526,,,
1,170,224,267,4,246,250,local_bwar,48.0,0.1,0.28217747697141965,11.166537379510753,0.12588133030998358,7.915324230532879e-10,1.0,0.0
1,170,224,267,4,246,250,log_euclidean_gaussian_ar,224.0,0.1,0.2732788186433272,11.48929138923607,0.09300090219350796,,,
1,170,224,267,4,246,250,persistence,,,0.6676536251078096,45.36115424305131,0.030347360356998997,,,
1,170,224,267,4,246,250,raw_var_window_ar,72.0,1e-06,0.6529606734469272,101.67246992760566,9.99999999963119e-09,,,
1,170,224,267,4,246,250,seasonal_window_naive,72.0,,0.6676536251078095,45.361218465071374,0.030337370357002368,,,
1,170,224,267,4,247,251,cholesky_gaussian_ar,224.0,0.1,0.3564337250361103,22.90049680856805,0.13833584349871536,,,
1,170,224,267,4,247,251,euclidean_gaussian_ar,224.0,0.1,0.5554384570838524,35.70175420946647,9.999999351318922e-09,,,
1,170,224,267,4,247,251,fixed_bwar,224.0,0.1,0.31545285771033993,17.88872212293863,0.11690694175426433,,,
1,170,224,267,4,247,251,local_bwar,48.0,0.1,0.28713702033300076,15.465008159582812,0.12396766608928529,7.877196254345386e-10,1.0,0.0
1,170,224,267,4,247,251,log_euclidean_gaussian_ar,224.0,0.1,0.3603315290180032,23.622878066447836,0.09178639863288844,,,
1,170,224,267,4,247,251,persistence,,,0.28203744885772963,16.639430483314573,0.03927848730734144,,,
1,170,224,267,4,247,251,raw_var_window_ar,72.0,1e-06,0.6442627103318632,124.12297613339945,9.999999999428655e-09,,,
1,170,224,267,4,247,251,seasonal_window_naive,72.0,,0.28203744885772963,16.639506407242585,0.0392684973073434,,,
1,170,224,267,4,248,252,cholesky_gaussian_ar,224.0,0.1,0.6125571795670366,39.66640775933299,0.13913401747007503,,,
1,170,224,267,4,248,252,euclidean_gaussian_ar,224.0,0.1,0.5992788369150976,37.47065148336075,0.19569634585202225,,,
1,170,224,267,4,248,252,fixed_bwar,224.0,0.1,0.5847839648785355,35.314506291319276,0.1151507299287946,,,
1,170,224,267,4,248,252,local_bwar,48.0,0.1,0.5182902939639188,28.489525166889628,0.12853527923912686,8.002242298790293e-10,1.0,0.0
1,170,224,267,4,248,252,log_euclidean_gaussian_ar,224.0,0.1,0.6230662460926657,41.95882036538226,0.09191262806016279,,,
1,170,224,267,4,248,252,persistence,,,0.4408531492353509,25.99922182217396,0.04888013932993535,,,
1,170,224,267,4,248,252,raw_var_window_ar,72.0,1e-06,0.8323258841018922,145.50517172381214,9.999999999299827e-09,,,
1,170,224,267,4,248,252,seasonal_window_naive,72.0,,0.44085314923535074,25.999298341853642,0.04887014932993595,,,
1,170,224,267,4,249,253,cholesky_gaussian_ar,224.0,0.1,0.6586703363908454,42.38186770429333,0.14498989189712697,,,
1,170,224,267,4,249,253,euclidean_gaussian_ar,224.0,0.1,0.5661454436058995,31.240968301174465,0.23296904438221175,,,
1,170,224,267,4,249,253,fixed_bwar,224.0,0.1,0.66603468291989,41.458582576318705,0.11339820396255774,,,
1,170,224,267,4,249,253,local_bwar,48.0,0.1,0.5688348321616103,32.45830495441681,0.12700843452201974,7.736897326248355e-10,1.0,0.0
1,170,224,267,4,249,253,log_euclidean_gaussian_ar,224.0,0.1,0.6919917620588326,50.71494595139451,0.09246531431583327,,,
1,170,224,267,4,249,253,persistence,,,0.7808582064487322,62.20687535827342,0.03104025961064521,,,
1,170,224,267,4,249,253,raw_var_window_ar,72.0,1e-06,0.9235027711983109,160.99632516714507,9.999999999403783e-09,,,
1,170,224,267,4,249,253,seasonal_window_naive,72.0,,0.7808582064487319,62.20701012166731,0.031030269610651,,,
1,170,224,267,4,250,254,cholesky_gaussian_ar,224.0,0.1,0.574911323950701,31.75756656233058,0.1444116996429906,,,
1,170,224,267,4,250,254,euclidean_gaussian_ar,224.0,0.1,0.45864175426852427,23.515509511113812,0.24436831667360434,,,
1,170,224,267,4,250,254,fixed_bwar,224.0,0.1,0.5567981944694974,28.362000219867866,0.11826696416642575,,,
1,170,224,267,4,250,254,local_bwar,48.0,0.1,0.48617685590620524,23.077990878227535,0.126430185015114,7.271139755316979e-10,1.0,0.0
1,170,224,267,4,250,254,log_euclidean_gaussian_ar,224.0,0.1,0.6021856276059455,37.13024696565027,0.0954077785032749,,,
1,170,224,267,4,250,254,persistence,,,0.5980245695774685,33.12434558795463,0.03649803054920925,,,
1,170,224,267,4,250,254,raw_var_window_ar,72.0,1e-06,0.8794237201077826,143.17949327480227,9.99999999979691e-09,,,
1,170,224,267,4,250,254,seasonal_window_naive,72.0,,0.5980245695774685,33.12446366210774,0.03648804054919152,,,
1,170,224,267,4,251,255,cholesky_gaussian_ar,224.0,0.1,0.46705150351260144,20.51278310501113,0.13640294285646024,,,
1,170,224,267,4,251,255,euclidean_gaussian_ar,224.0,0.1,0.4735687057744757,21.719315756476846,0.20877820983275353,,,
1,170,224,267,4,251,255,fixed_bwar,224.0,0.1,0.4111815449884201,14.908495417772045,0.12190442095906247,,,
1,170,224,267,4,251,255,local_bwar,48.0,0.1,0.36061893241859866,12.310435852918484,0.12092406949768651,6.482790327901598e-10,1.0,0.0
1,170,224,267,4,251,255,log_euclidean_gaussian_ar,224.0,0.1,0.5245261603704745,26.729443501179247,0.08895032919496583,,,
1,170,224,267,4,251,255,persistence,,,0.3202814929538738,12.94741606055197,0.04210654256070883,,,
1,170,224,267,4,251,255,raw_var_window_ar,72.0,1e-06,0.8853345236764006,131.97832870327937,9.999999999987702e-09,,,
1,170,224,267,4,251,255,seasonal_window_naive,72.0,,0.32028149295387376,12.947504718107322,0.04209655256070044,,,
1,170,224,267,4,252,256,cholesky_gaussian_ar,224.0,0.1,0.3685585608266808,12.838434541825308,0.14239894091080368,,,
1,170,224,267,4,252,256,euclidean_gaussian_ar,224.0,0.1,0.47681714439015394,20.39265740448171,0.08188079548260109,,,
1,170,224,267,4,252,256,fixed_bwar,224.0,0.1,0.37127619236074777,12.222964780132756,0.12289858406906591,,,
1,170,224,267,4,252,256,local_bwar,48.0,0.1,0.37184384973051493,12.843498758972162,0.11815354620610811,7.946359774128635e-10,1.0,0.0
1,170,224,267,4,252,256,log_euclidean_gaussian_ar,224.0,0.1,0.4716644013040351,16.203936189745345,0.0879933524084579,,,
1,170,224,267,4,252,256,persistence,,,0.749526292746478,57.144569120198156,0.04213519715097564,,,
1,170,224,267,4,252,256,raw_var_window_ar,72.0,1e-06,0.953617693125083,117.16742767277731,9.999999999488503e-09,,,
1,170,224,267,4,252,256,seasonal_window_naive,72.0,,0.7495262927464778,57.14467191078286,0.0421252071509777,,,
1,170,224,267,4,253,257,cholesky_gaussian_ar,224.0,0.1,0.28929747717016263,12.103441157007266,0.15375547053956912,,,
1,170,224,267,4,253,257,euclidean_gaussian_ar,224.0,0.1,0.5867733732176476,26.58221722400278,9.99999527540419e-09,,,
1,170,224,267,4,253,257,fixed_bwar,224.0,0.1,0.27858350578383934,9.700546435884066,0.12817237917509294,,,
1,170,224,267,4,253,257,local_bwar,48.0,0.1,0.3151063218137379,9.947981554569747,0.11743819751285879,9.950603123167677e-10,1.0,0.0
1,170,224,267,4,253,257,log_euclidean_gaussian_ar,224.0,0.1,0.4129492570541796,15.285300854618647,0.08908884020257021,,,
1,170,224,267,4,253,257,persistence,,,0.7188151280069934,52.27157217117483,0.04328280081379504,,,
1,170,224,267,4,253,257,raw_var_window_ar,72.0,1e-06,0.914085910439213,123.03183322003719,9.999999999732516e-09,,,
1,170,224,267,4,253,257,seasonal_window_naive,72.0,,0.7188151280069933,52.271659435461856,0.043272810813806656,,,
1,170,224,267,4,254,258,cholesky_gaussian_ar,224.0,0.1,0.36949265351861116,22.307668725701614,0.1655762662707367,,,
1,170,224,267,4,254,258,euclidean_gaussian_ar,224.0,0.1,0.5965382546790031,31.83983361392154,0.11959977502456605,,,
1,170,224,267,4,254,258,fixed_bwar,224.0,0.1,0.326824499653353,16.60515580905566,0.1265593362367623,,,
1,170,224,267,4,254,258,local_bwar,48.0,0.1,0.2584192061637658,11.503070759816158,0.12046783335428343,4.618431963327881e-11,1.0,0.0
1,170,224,267,4,254,258,log_euclidean_gaussian_ar,224.0,0.1,0.41902057762309636,24.016472539651147,0.0911515780258566,,,
1,170,224,267,4,254,258,persistence,,,0.2586419319634243,15.752177253573283,0.06266135484489746,,,
1,170,224,267,4,254,258,raw_var_window_ar,72.0,1e-06,0.7965579891152599,135.569383744303,9.999999999992392e-09,,,
1,170,224,267,4,254,258,seasonal_window_naive,72.0,,0.2586419319634242,15.752234921781847,0.06265136484490794,,,
1,170,224,267,4,255,259,cholesky_gaussian_ar,224.0,0.1,0.6077688987231671,39.191495968588725,0.17113875009106394,,,
1,170,224,267,4,255,259,euclidean_gaussian_ar,224.0,0.1,0.6557226015427596,41.76704352680483,0.21655108252915414,,,
1,170,224,267,4,255,259,fixed_bwar,224.0,0.1,0.5926133750215824,36.103431285486906,0.13139772689376458,,,
1,170,224,267,4,255,259,local_bwar,48.0,0.1,0.4715538052909363,23.32361771219368,0.12672939745169026,4.3002850926373375e-11,1.0,0.0
1,170,224,267,4,255,259,log_euclidean_gaussian_ar,224.0,0.1,0.6058923376496326,39.04909859512382,0.09958170869751648,,,
1,170,224,267,4,255,259,persistence,,,0.44989882927562375,23.41391621642037,0.060734376696955625,,,
1,170,224,267,4,255,259,raw_var_window_ar,72.0,1e-06,0.8601635697990645,146.66717839292815,9.999999999704141e-09,,,
1,170,224,267,4,255,259,seasonal_window_naive,72.0,,0.44989882927562375,23.41394326637723,0.060724386696961105,,,
1,170,224,267,4,256,260,cholesky_gaussian_ar,224.0,0.1,0.6298655356914211,39.82875147384991,0.16914908717847021,,,
1,170,224,267,4,256,260,euclidean_gaussian_ar,224.0,0.1,0.5152158533054536,29.66143642777609,0.2781141835971046,,,
1,170,224,267,4,256,260,fixed_bwar,224.0,0.1,0.6381085498521811,40.4421266824442,0.13165087420528998,,,
1,170,224,267,4,256,260,local_bwar,48.0,0.1,0.528607023882833,28.392403218081867,0.13091809521930112,4.291580366357503e-11,1.0,0.0
1,170,224,267,4,256,260,log_euclidean_gaussian_ar,224.0,0.1,0.6420277790065432,42.414267400530996,0.106113576405199,,,
1,170,224,267,4,256,260,persistence,,,0.8196884898423267,65.41405036681897,0.029844652383867167,,,
1,170,224,267,4,256,260,raw_var_window_ar,72.0,1e-06,0.9216049648856143,158.2773135860232,9.99999999950026e-09,,,
1,170,224,267,4,256,260,seasonal_window_naive,72.0,,0.8196884898423266,65.41413443415281,0.029834662383882174,,,
1,170,224,267,4,257,261,cholesky_gaussian_ar,224.0,0.1,0.5448865302223945,30.144589268671194,0.16968011259286275,,,
1,170,224,267,4,257,261,euclidean_gaussian_ar,224.0,0.1,0.515007467109595,27.565089125205926,0.2683192571238882,,,
1,170,224,267,4,257,261,fixed_bwar,224.0,0.1,0.5344915341977537,29.142213517396645,0.13463601931893704,,,
1,170,224,267,4,257,261,local_bwar,48.0,0.1,0.4463854993814912,20.85484753075678,0.12642749956793464,8.4597210257873e-10,1.0,0.0
1,170,224,267,4,257,261,log_euclidean_gaussian_ar,224.0,0.1,0.5383682264397445,28.688234009234673,0.11315494479893203,,,
1,170,224,267,4,257,261,persistence,,,0.6345674045609948,40.07163500291189,0.02675857845489213,,,
1,170,224,267,4,257,261,raw_var_window_ar,72.0,1e-06,0.8689108382776555,139.80847593425574,9.999999999846787e-09,,,
1,170,224,267,4,257,261,seasonal_window_naive,72.0,,0.6345674045609948,40.07171064278771,0.0267485884548927,,,
1,170,224,267,4,258,262,cholesky_gaussian_ar,224.0,0.1,0.3654855020226665,17.573713723085827,0.1607533249893865,,,
1,170,224,267,4,258,262,euclidean_gaussian_ar,224.0,0.1,0.4558507201472795,18.038987357861597,0.21983724326054493,,,
1,170,224,267,4,258,262,fixed_bwar,224.0,0.1,0.3134403915777059,13.078890997124232,0.13056480424008143,,,
1,170,224,267,4,258,262,local_bwar,48.0,0.1,0.2764282902217372,12.013353522513356,0.11556570115952206,7.477844010771439e-10,1.0,0.0
1,170,224,267,4,258,262,log_euclidean_gaussian_ar,224.0,0.1,0.44592790938056664,19.89791991629411,0.10166972606899803,,,
1,170,224,267,4,258,262,persistence,,,0.25541900130989503,15.44929159986883,0.037141296500875796,,,
1,170,224,267,4,258,262,raw_var_window_ar,72.0,1e-06,0.9013063160278348,147.16255439620227,9.999999999798846e-09,,,
1,170,224,267,4,258,262,seasonal_window_naive,72.0,,0.2554190013098949,15.449365321827695,0.03713130650087528,,,
1,170,224,267,4,259,263,cholesky_gaussian_ar,224.0,0.1,0.274940307519169,11.637400037758939,0.15644727053193397,,,
1,170,224,267,4,259,263,euclidean_gaussian_ar,224.0,0.1,0.7887781666220578,32.55384786701542,9.999998351910937e-09,,,
1,170,224,267,4,259,263,fixed_bwar,224.0,0.1,0.30270944898497604,11.725582247764027,0.12386936087667026,,,
1,170,224,267,4,259,263,local_bwar,48.0,0.1,0.3162453107691264,13.036652295431072,0.10832767214655944,8.065619190903927e-10,1.0,0.0
1,170,224,267,4,259,263,log_euclidean_gaussian_ar,224.0,0.1,0.22979495490818272,10.214957233003139,0.08811835261495357,,,
1,170,224,267,4,259,263,persistence,,,0.6928327698821433,52.833193235977,0.05354800905402779,,,
1,170,224,267,4,259,263,raw_var_window_ar,72.0,1e-06,0.5599577132158884,101.63718595702613,9.999999998558529e-09,,,
1,170,224,267,4,259,263,seasonal_window_naive,72.0,,0.6928327698821434,52.83321391701452,0.053538019054026054,,,
1,170,224,267,4,260,264,cholesky_gaussian_ar,224.0,0.1,0.34855412261639024,12.142837826804458,0.14564601076609685,,,
1,170,224,267,4,260,264,euclidean_gaussian_ar,224.0,0.1,0.9423307972291982,42.297742432197744,9.999999203452147e-09,,,
1,170,224,267,4,260,264,fixed_bwar,224.0,0.1,0.34705721452440574,11.506175217195223,0.1185373210524036,,,
1,170,224,267,4,260,264,local_bwar,48.0,0.1,0.37697769057171476,12.689478043972423,0.11377680438342201,4.2167036792552787e-11,1.0,0.0
1,170,224,267,4,260,264,log_euclidean_gaussian_ar,224.0,0.1,0.22566199724086078,12.894127717098403,0.07842452140843201,,,
1,170,224,267,4,260,264,persistence,,,0.7519811687701397,55.85387274471292,0.05137207979134407,,,
1,170,224,267,4,260,264,raw_var_window_ar,72.0,1e-06,0.41826072227123007,96.50949498545152,9.999999998873609e-09,,,
1,170,224,267,4,260,264,seasonal_window_naive,72.0,,0.7519811687701394,55.85388607759201,0.051362089791341124,,,
1,170,224,267,4,261,265,cholesky_gaussian_ar,224.0,0.1,0.7843397684140263,44.66343898603942,0.15259118912854674,,,
1,170,224,267,4,261,265,euclidean_gaussian_ar,224.0,0.1,1.247921538475377,92.77413869808811,0.03591572278298271,,,
1,170,224,267,4,261,265,fixed_bwar,224.0,0.1,0.793352865677565,43.84543907664843,0.12044322023374116,,,
1,170,224,267,4,261,265,local_bwar,48.0,0.1,0.8007971124209949,37.74902930788271,0.11942961854305748,4.499305731457915e-11,1.0,0.0
1,170,224,267,4,261,265,log_euclidean_gaussian_ar,224.0,0.1,0.6546226553009146,31.232781882106075,0.08149056252223953,,,
1,170,224,267,4,261,265,persistence,,,0.8466508393794766,41.90133447838406,0.06526129592928037,,,
1,170,224,267,4,261,265,raw_var_window_ar,72.0,1e-06,0.3087455588218573,59.15930220030488,9.99999999994131e-09,,,
1,170,224,267,4,261,265,seasonal_window_naive,72.0,,0.8466508393794767,41.9012677039901,0.06525130592928932,,,
1,170,224,267,4,262,266,cholesky_gaussian_ar,224.0,0.1,0.6763715655378433,39.444003316960874,0.16195275426112024,,,
1,170,224,267,4,262,266,euclidean_gaussian_ar,224.0,0.1,1.0005272034344697,64.1938549055526,0.2778908976962998,,,
1,170,224,267,4,262,266,fixed_bwar,224.0,0.1,0.6955019231219645,39.20585342316204,0.1287994443993189,,,
1,170,224,267,4,262,266,local_bwar,48.0,0.1,0.5193077042403929,21.451993644196612,0.1345616139774675,9.386947017097751e-10,1.0,0.0
1,170,224,267,4,262,266,log_euclidean_gaussian_ar,224.0,0.1,0.6178189115048236,35.15637717000873,0.09566088098251045,,,
1,170,224,267,4,262,266,persistence,,,0.7231712803594741,44.016267142643535,0.07284730533096838,,,
1,170,224,267,4,262,266,raw_var_window_ar,72.0,1e-06,0.576317280566825,103.3535875586715,9.999999999455699e-09,,,
1,170,224,267,4,262,266,seasonal_window_naive,72.0,,0.7231712803594742,44.01627352019234,0.07283731533097176,,,
1,170,224,267,6,218,224,cholesky_gaussian_ar,224.0,0.1,0.2982075437896083,12.803850011270928,0.14731840483426276,,,
1,170,224,267,6,218,224,euclidean_gaussian_ar,224.0,1.0,0.316377796846813,13.993050447916154,0.25536702450079063,,,
1,170,224,267,6,218,224,fixed_bwar,224.0,0.1,0.29598751270096635,12.153253921905083,0.12318730201350624,,,
1,170,224,267,6,218,224,local_bwar,24.0,0.1,0.23206757943579445,9.053429086801282,0.13167066544513506,9.960517040499352e-10,1.0,0.0
1,170,224,267,6,218,224,log_euclidean_gaussian_ar,224.0,0.1,0.29617207288935105,12.946060637732371,0.09858685607633777,,,
1,170,224,267,6,218,224,persistence,,,0.18588391841534332,12.086370974233033,0.034271008874507715,,,
1,170,224,267,6,218,224,raw_var_window_ar,72.0,1e-06,0.6377732343629775,101.25381027608438,9.999999999999972e-09,,,
1,170,224,267,6,218,224,seasonal_window_naive,72.0,,0.18588391841534332,12.08643163340457,0.0342610188745082,,,
1,170,224,267,6,219,225,cholesky_gaussian_ar,224.0,0.1,0.3368359051111775,12.502346135978893,0.15435591165219992,,,
1,170,224,267,6,219,225,euclidean_gaussian_ar,224.0,1.0,0.4217566633632933,16.766703791781694,0.2557450962659524,,,
1,170,224,267,6,219,225,fixed_bwar,224.0,0.1,0.3820553057979413,14.245936153379187,0.12796542449374976,,,
1,170,224,267,6,219,225,local_bwar,24.0,0.1,0.3614300379715979,11.908252664742236,0.14229453276677478,9.92968320235356e-10,1.0,0.0
1,170,224,267,6,219,225,log_euclidean_gaussian_ar,224.0,0.1,0.34358310824429206,12.662355628516526,0.10726393874131833,,,
1,170,224,267,6,219,225,persistence,,,0.348067823551599,15.508442526903176,0.04000944432383261,,,
1,170,224,267,6,219,225,raw_var_window_ar,72.0,1e-06,0.47341081129055096,89.2694413776885,9.999999999999975e-09,,,
1,170,224,267,6,219,225,seasonal_window_naive,72.0,,0.34806782355159915,15.508471266262895,0.03999945432383385,,,
1,170,224,267,6,220,226,cholesky_gaussian_ar,224.0,0.1,0.29797487212967994,9.144838631954407,0.14905697763556008,,,
1,170,224,267,6,220,226,euclidean_gaussian_ar,224.0,1.0,0.348073066176331,13.009793597451308,0.24824243842829805,,,
1,170,224,267,6,220,226,fixed_bwar,224.0,0.1,0.3837097180197506,12.815778459922932,0.12961562602336846,,,
1,170,224,267,6,220,226,local_bwar,24.0,0.1,0.4423575162815487,14.73447337943902,0.14064420506606615,8.372691686876789e-10,1.0,0.0
1,170,224,267,6,220,226,log_euclidean_gaussian_ar,224.0,0.1,0.33461881824861156,9.597751814089941,0.11170591885465701,,,
1,170,224,267,6,220,226,persistence,,,0.6318765517171299,34.21442911613717,0.042736961091727366,,,
1,170,224,267,6,220,226,raw_var_window_ar,72.0,1e-06,0.36689272506442316,73.2768327742424,9.999999999999977e-09,,,
1,170,224,267,6,220,226,seasonal_window_naive,72.0,,0.6318765517171299,34.21444073275919,0.04272697109172812,,,
1,170,224,267,6,221,227,cholesky_gaussian_ar,224.0,0.1,0.28699511790236665,9.10417464110337,0.13805897727117716,,,
1,170,224,267,6,221,227,euclidean_gaussian_ar,224.0,1.0,0.41073300486276937,18.243964670794938,0.24789709542363955,,,
1,170,224,267,6,221,227,fixed_bwar,224.0,0.1,0.3804843121123922,14.26482934876395,0.12519691661746424,,,
1,170,224,267,6,221,227,local_bwar,24.0,0.1,0.537039093141607,22.058665179529818,0.13455750583934686,8.025258246657279e-10,1.0,0.0
1,170,224,267,6,221,227,log_euclidean_gaussian_ar,224.0,0.1,0.3287843593891732,8.464958847060469,0.10436249034815556,,,
1,170,224,267,6,221,227,persistence,,,0.86255865844922,59.455265783159106,0.034911774369126194,,,
1,170,224,267,6,221,227,raw_var_window_ar,72.0,1e-06,0.24018904667540106,50.6623857363031,9.999999999999957e-09,,,
1,170,224,267,6,221,227,seasonal_window_naive,72.0,,0.8625586584492198,59.45525689123391,0.03490178436912506,,,
1,170,224,267,6,222,228,cholesky_gaussian_ar,224.0,0.1,0.21436514538500973,9.84021976073479,0.12785987201886884,,,
1,170,224,267,6,222,228,euclidean_gaussian_ar,224.0,1.0,0.2701598672472206,16.154103494068906,0.24340843349554467,,,
1,170,224,267,6,222,228,fixed_bwar,224.0,0.1,0.2474194507095018,11.999437561249977,0.12033879806317183,,,
1,170,224,267,6,222,228,local_bwar,24.0,0.1,0.3925806682384274,18.998693043811848,0.13034512776206186,7.995057457406695e-10,1.0,0.0
1,170,224,267,6,222,228,log_euclidean_gaussian_ar,224.0,0.1,0.2204868210935933,9.148973975243608,0.09633949762091337,,,
1,170,224,267,6,222,228,persistence,,,0.5319933503301653,38.56505153116565,0.03328484022159631,,,
1,170,224,267,6,222,228,raw_var_window_ar,72.0,1e-06,0.45683701466737964,59.06182505933141,9.999999999999942e-09,,,
1,170,224,267,6,222,228,seasonal_window_naive,72.0,,0.5319933503301651,38.565048487741606,0.03327485022159807,,,
1,170,224,267,6,223,229,cholesky_gaussian_ar,224.0,0.1,0.19468407482052935,7.479264492734369,0.12079651140688319,,,
1,170,224,267,6,223,229,euclidean_gaussian_ar,224.0,1.0,0.20021090960301824,10.077970221827613,0.23137445655220076,,,
1,170,224,267,6,223,229,fixed_bwar,224.0,0.1,0.19460057285096147,7.477637933653539,0.11281011847718653,,,
1,170,224,267,6,223,229,local_bwar,24.0,0.1,0.3723975862661875,15.564316588326514,0.12999432979347805,7.802080625226793e-10,1.0,0.0
1,170,224,267,6,223,229,log_euclidean_gaussian_ar,224.0,0.1,0.1980153127375856,7.6254672155107155,0.0922856057094056,,,
1,170,224,267,6,223,229,persistence,,,0.37668240429971156,23.346565565242827,0.057994038866868866,,,
1,170,224,267,6,223,229,raw_var_window_ar,72.0,1e-06,0.41809896793302653,60.82689524479948,9.999999999999893e-09,,,
1,170,224,267,6,223,229,seasonal_window_naive,72.0,,0.37668240429971145,23.346571654696426,0.05798404886686812,,,
1,170,224,267,6,224,230,cholesky_gaussian_ar,224.0,0.1,0.13159596021478584,6.031439613766891,0.13898286390295628,,,
1,170,224,267,6,224,230,euclidean_gaussian_ar,224.0,1.0,0.15331500830645614,8.292060624044062,0.23502903482909315,,,
1,170,224,267,6,224,230,fixed_bwar,224.0,0.1,0.13470358123970155,5.867842900493065,0.11358800406316297,,,
1,170,224,267,6,224,230,local_bwar,24.0,0.1,0.3268830996052764,12.33472718060003,0.1389071874435723,7.95567480513185e-10,1.0,0.0
1,170,224,267,6,224,230,log_euclidean_gaussian_ar,224.0,0.1,0.12931543758934474,7.337852449649342,0.09442832857013406,,,
1,170,224,267,6,224,230,persistence,,,0.37775468610474644,18.75024353714712,0.055045118406649086,,,
1,170,224,267,6,224,230,raw_var_window_ar,72.0,1e-06,0.39293757950348734,69.09381259209687,9.999999999999729e-09,,,
1,170,224,267,6,224,230,seasonal_window_naive,72.0,,0.3777546861047465,18.7502605377301,0.05503512840664946,,,
1,170,224,267,6,225,231,cholesky_gaussian_ar,224.0,0.1,0.22560052801314498,9.33981010356149,0.1294105511201429,,,
1,170,224,267,6,225,231,euclidean_gaussian_ar,224.0,1.0,0.22982256475966992,11.298981201463183,0.2238746798364001,,,
1,170,224,267,6,225,231,fixed_bwar,224.0,0.1,0.2291641698670864,9.042103612931594,0.10812076451347923,,,
1,170,224,267,6,225,231,local_bwar,24.0,0.1,0.3751453828268272,17.0218704680138,0.1335211139022927,8.354258606249177e-10,1.0,0.0
1,170,224,267,6,225,231,log_euclidean_gaussian_ar,224.0,0.1,0.2199079410703805,9.724812294854685,0.09103340183341328,,,
1,170,224,267,6,225,231,persistence,,,0.2215292284823,14.140468591435692,0.033982016676451135,,,
1,170,224,267,6,225,231,raw_var_window_ar,72.0,1e-06,0.4332595938590219,74.00423572651981,9.999999999999922e-09,,,
1,170,224,267,6,225,231,seasonal_window_naive,72.0,,0.2215292284822999,14.14053171848904,0.03397202667645187,,,
1,170,224,267,6,226,232,cholesky_gaussian_ar,224.0,0.1,0.26255924967272665,10.414879290631825,0.12798258437539334,,,
1,170,224,267,6,226,232,euclidean_gaussian_ar,224.0,1.0,0.28394438959967166,11.28629606170849,0.21571416813398084,,,
1,170,224,267,6,226,232,fixed_bwar,224.0,0.1,0.2727636681613195,9.631410893725945,0.10533798936399948,,,
1,170,224,267,6,226,232,local_bwar,24.0,0.1,0.3681681769780053,17.452227217030647,0.13037506477708194,8.247162897027441e-10,1.0,0.0
1,170,224,267,6,226,232,log_euclidean_gaussian_ar,224.0,0.1,0.25422707330582844,10.576716910219293,0.09153938928413899,,,
1,170,224,267,6,226,232,persistence,,,0.21922445329034823,11.553950101801217,0.0480599362194913,,,
1,170,224,267,6,226,232,raw_var_window_ar,72.0,1e-06,0.4842229922635712,77.4007909074149,9.999999999999974e-09,,,
1,170,224,267,6,226,232,seasonal_window_naive,72.0,,0.21922445329034823,11.554019530105187,0.04804994621949229,,,
1,170,224,267,6,227,233,cholesky_gaussian_ar,224.0,0.1,0.3304394363752447,12.02206895974225,0.11673127410956112,,,
1,170,224,267,6,227,233,euclidean_gaussian_ar,224.0,1.0,0.5399386006497029,16.294139463337668,0.18391618098672824,,,
1,170,224,267,6,227,233,fixed_bwar,224.0,0.1,0.3492044104523066,10.447139381146982,0.10043899974792102,,,
1,170,224,267,6,227,233,local_bwar,24.0,0.1,0.2537132982222951,12.436549514753613,0.13112405553820683,7.514677797883266e-10,1.0,0.0
1,170,224,267,6,227,233,log_euclidean_gaussian_ar,224.0,0.1,0.28343818012940636,11.78536471846417,0.08975443149147239,,,
1,170,224,267,6,227,233,persistence,,,0.37013980266347535,15.112074392818023,0.040532793409307225,,,
1,170,224,267,6,227,233,raw_var_window_ar,72.0,1e-06,0.5324168824249453,80.41202376055807,9.999999999999972e-09,,,
1,170,224,267,6,227,233,seasonal_window_naive,72.0,,0.3701398026634753,15.112175993923747,0.040522803409307806,,,
1,170,224,267,6,228,234,cholesky_gaussian_ar,224.0,0.1,0.46372518898787296,21.994837674646345,0.1308050663874478,,,
1,170,224,267,6,228,234,euclidean_gaussian_ar,224.0,1.0,0.6234533737289951,23.337801674592573,0.20083192867833427,,,
1,170,224,267,6,228,234,fixed_bwar,224.0,0.1,0.50422543850803,20.267250402039693,0.1053741863661809,,,
1,170,224,267,6,228,234,local_bwar,24.0,0.1,0.21958399171238757,10.482024964423848,0.13126602247408806,7.812339713477274e-10,1.0,0.0
1,170,224,267,6,228,234,log_euclidean_gaussian_ar,224.0,0.1,0.4619306786083683,26.022898897230604,0.09031195503639304,,,
1,170,224,267,6,228,234,persistence,,,0.36395736002103196,19.23187661235626,0.02795272703189784,,,
1,170,224,267,6,228,234,raw_var_window_ar,72.0,1e-06,0.741959342103064,109.23859056213122,9.999999999999699e-09,,,
1,170,224,267,6,228,234,seasonal_window_naive,72.0,,0.36395736002103185,19.23201125604122,0.02794273703189747,,,
1,170,224,267,6,229,235,cholesky_gaussian_ar,224.0,0.1,0.6114629864142862,30.637782451989743,0.1268957431733689,,,
1,170,224,267,6,229,235,euclidean_gaussian_ar,224.0,1.0,0.7232792872822311,30.59290368735453,0.2039254333420303,,,
1,170,224,267,6,229,235,fixed_bwar,224.0,0.1,0.6402351976871826,28.310084578139367,0.10508666712298799,,,
1,170,224,267,6,229,235,local_bwar,24.0,0.1,0.3666590215514415,16.459328435572026,0.12718331629953802,8.848019177299295e-10,1.0,0.0
1,170,224,267,6,229,235,log_euclidean_gaussian_ar,224.0,0.1,0.6461157532923774,38.94253142849439,0.08652607094829037,,,
1,170,224,267,6,229,235,persistence,,,0.4775053451336691,22.795959792607917,0.014622172262076329,,,
1,170,224,267,6,229,235,raw_var_window_ar,72.0,1e-06,0.8670633661116588,114.35454961074761,9.999999999999805e-09,,,
1,170,224,267,6,229,235,seasonal_window_naive,72.0,,0.47750534513366905,22.796096045086486,0.014612182262076102,,,
1,170,224,267,6,230,236,cholesky_gaussian_ar,224.0,0.1,0.43255144672025,21.2453447585839,0.13057191883916808,,,
1,170,224,267,6,230,236,euclidean_gaussian_ar,224.0,1.0,0.4679118892218517,16.912517899711396,0.21643143474401047,,,
1,170,224,267,6,230,236,fixed_bwar,224.0,0.1,0.4606938445385878,19.228109444428846,0.10671248296639428,,,
1,170,224,267,6,230,236,local_bwar,24.0,0.1,0.26976004737133136,12.156932073644171,0.12305496562746496,9.233870881119036e-10,1.0,0.0
1,170,224,267,6,230,236,log_euclidean_gaussian_ar,224.0,0.1,0.45092205598515817,26.065472579307947,0.08839611517463483,,,
1,170,224,267,6,230,236,persistence,,,0.3950560942155115,20.954261554615208,0.03482255696480181,,,
1,170,224,267,6,230,236,raw_var_window_ar,72.0,1e-06,0.7354435856176,109.26093473673933,9.999999999999977e-09,,,
1,170,224,267,6,230,236,seasonal_window_naive,72.0,,0.39505609421551136,20.95441952864066,0.034812566964807834,,,
1,170,224,267,6,231,237,cholesky_gaussian_ar,224.0,0.1,0.18625880631288058,8.880828479669628,0.13564540167764566,,,
1,170,224,267,6,231,237,euclidean_gaussian_ar,224.0,1.0,0.20311637218429543,7.965552977437502,0.21471917540729293,,,
1,170,224,267,6,231,237,fixed_bwar,224.0,0.1,0.19899837365238426,8.151212532196471,0.10782945634100104,,,
1,170,224,267,6,231,237,local_bwar,24.0,0.1,0.2366970134840588,8.726637977713796,0.12717118624496632,8.234696755925446e-10,1.0,0.0
1,170,224,267,6,231,237,log_euclidean_gaussian_ar,224.0,0.1,0.19384914195952188,10.759061874000423,0.09374419108991455,,,
1,170,224,267,6,231,237,persistence,,,0.1891664591680089,12.533453958249389,0.03756632539683551,,,
1,170,224,267,6,231,237,raw_var_window_ar,72.0,1e-06,0.4377441828245352,83.28867631684437,9.999999999999914e-09,,,
1,170,224,267,6,231,237,seasonal_window_naive,72.0,,0.1891664591680089,12.533546137920718,0.0375563353968363,,,
1,170,224,267,6,232,238,cholesky_gaussian_ar,224.0,0.1,0.36324597428367955,17.534201779754127,0.13968812011829426,,,
1,170,224,267,6,232,238,euclidean_gaussian_ar,224.0,1.0,0.39137656486348316,19.804104948944705,0.21403476133609742,,,
1,170,224,267,6,232,238,fixed_bwar,224.0,0.1,0.3850149293820834,18.242317195630676,0.11040714768815273,,,
1,170,224,267,6,232,238,local_bwar,24.0,0.1,0.42375283310983114,19.491085716309627,0.1275962658627289,8.294589510491328e-10,1.0,0.0
1,170,224,267,6,232,238,log_euclidean_gaussian_ar,224.0,0.1,0.3719680165361953,18.370217863684484,0.09581996026364525,,,
1,170,224,267,6,232,238,persistence,,,0.2944965894151854,16.121949005262803,0.030511289456567028,,,
1,170,224,267,6,232,238,raw_var_window_ar,72.0,1e-06,0.4964030245715569,90.76505092673298,9.999999999999827e-09,,,
1,170,224,267,6,232,238,seasonal_window_naive,72.0,,0.29449658941518536,16.122038803354773,0.030501299456559574,,,
1,170,224,267,6,233,239,cholesky_gaussian_ar,224.0,0.1,0.3870783317114705,20.628105032893068,0.14381873656856628,,,
1,170,224,267,6,233,239,euclidean_gaussian_ar,224.0,1.0,0.4151633213464721,21.895928731490038,0.2193827367351653,,,
1,170,224,267,6,233,239,fixed_bwar,224.0,0.1,0.4031154167379147,20.44531976905443,0.11288033545628665,,,
1,170,224,267,6,233,239,local_bwar,24.0,0.1,0.4067048834997499,20.34294855583526,0.12680039311078414,6.993734508038477e-10,1.0,0.0
1,170,224,267,6,233,239,log_euclidean_gaussian_ar,224.0,0.1,0.39352013785686374,22.23459448789616,0.09985713889838714,,,
1,170,224,267,6,233,239,persistence,,,0.35258779229717546,21.022153588034215,0.03325541968921727,,,
1,170,224,267,6,233,239,raw_var_window_ar,72.0,1e-06,0.5697807610120427,104.34564974622515,9.999999999999605e-09,,,
1,170,224,267,6,233,239,seasonal_window_naive,72.0,,0.3525877922971756,21.02223847291745,0.03324542968921814,,,
1,170,224,267,6,234,240,cholesky_gaussian_ar,224.0,0.1,0.3211631139930298,15.302881831995878,0.16200943165205733,,,
1,170,224,267,6,234,240,euclidean_gaussian_ar,224.0,1.0,0.3231715984322058,15.161490401584247,0.24380788709294035,,,
1,170,224,267,6,234,240,fixed_bwar,224.0,0.1,0.32432307813603384,14.46229058681548,0.12286284842080107,,,
1,170,224,267,6,234,240,local_bwar,24.0,0.1,0.32396032893920135,14.66122208777341,0.126053402126355,7.601317342948707e-10,1.0,0.0
1,170,224,267,6,234,240,log_euclidean_gaussian_ar,224.0,0.1,0.3314605906844028,15.56806915808012,0.10388559426394914,,,
1,170,224,267,6,234,240,persistence,,,0.5056312887512984,32.119702115889446,0.03947710705442082,,,
1,170,224,267,6,234,240,raw_var_window_ar,72.0,1e-06,0.5743699163159888,96.75752806520316,9.999999999999952e-09,,,
1,170,224,267,6,234,240,seasonal_window_naive,72.0,,0.5056312887512984,32.119777229874515,0.03946711705441801,,,
1,170,224,267,6,235,241,cholesky_gaussian_ar,224.0,0.1,0.2691453064336493,13.260264029738666,0.1670147876956969,,,
1,170,224,267,6,235,241,euclidean_gaussian_ar,224.0,1.0,0.3107944974436438,11.725185484597496,0.24524911367492355,,,
1,170,224,267,6,235,241,fixed_bwar,224.0,0.1,0.2860710581265562,12.087056938580819,0.12455385522699239,,,
1,170,224,267,6,235,241,local_bwar,24.0,0.1,0.2608942990153772,11.625690615320169,0.12018216966173587,9.092586477157774e-10,1.0,0.0
1,170,224,267,6,235,241,log_euclidean_gaussian_ar,224.0,0.1,0.3019506496902344,16.284449338946224,0.10599326518714719,,,
1,170,224,267,6,235,241,persistence,,,0.351709112531161,20.335129192974524,0.03759778266026028,,,
1,170,224,267,6,235,241,raw_var_window_ar,72.0,1e-06,0.7523594044909991,119.18468057481297,9.999999999999927e-09,,,
1,170,224,267,6,235,241,seasonal_window_naive,72.0,,0.3517091125311611,20.335223143532012,0.037587792660260376,,,
1,170,224,267,6,236,242,cholesky_gaussian_ar,224.0,0.1,0.6472161922014391,38.037829989398396,0.15461432436011613,,,
1,170,224,267,6,236,242,euclidean_gaussian_ar,224.0,1.0,0.677575597844031,36.273020846653154,0.23817491152235193,,,
1,170,224,267,6,236,242,fixed_bwar,224.0,0.1,0.6240260776517977,34.130309646876675,0.12245068836962561,,,
1,170,224,267,6,236,242,local_bwar,24.0,0.1,0.5817374207707264,31.140501373079942,0.11778442999227459,8.614969713434135e-10,1.0,0.0
1,170,224,267,6,236,242,log_euclidean_gaussian_ar,224.0,0.1,0.6368223090852336,37.866352526786315,0.0995578346400634,,,
1,170,224,267,6,236,242,persistence,,,0.45472872718523033,23.85772324051978,0.03369965470600946,,,
1,170,224,267,6,236,242,raw_var_window_ar,72.0,1e-06,1.0582444599503948,155.71607010642634,9.999999999999944e-09,,,
1,170,224,267,6,236,242,seasonal_window_naive,72.0,,0.4547287271852303,23.857798720436723,0.03368966470600776,,,
1,170,224,267,6,237,243,cholesky_gaussian_ar,224.0,0.1,0.9813593773705253,69.23275078659825,0.13420281499477985,,,
1,170,224,267,6,237,243,euclidean_gaussian_ar,224.0,1.0,0.9919537343188745,63.578895047044846,0.22236427031828035,,,
1,170,224,267,6,237,243,fixed_bwar,224.0,0.1,0.9733428607963729,64.37066295078142,0.11064432482653809,,,
1,170,224,267,6,237,243,local_bwar,24.0,0.1,0.8420462893886284,52.24350622262611,0.11293918099038668,9.347178219216897e-10,1.0,0.0
1,170,224,267,6,237,243,log_euclidean_gaussian_ar,224.0,0.1,0.9637105702957379,71.42385653501333,0.09080322279450657,,,
1,170,224,267,6,237,243,persistence,,,1.0363924941659919,82.99280212281448,0.04590815177754432,,,
1,170,224,267,6,237,243,raw_var_window_ar,72.0,1e-06,1.2988999630455187,185.01069606342494,9.999999999999744e-09,,,
1,170,224,267,6,237,243,seasonal_window_naive,72.0,,1.0363924941659917,82.99293067045262,0.04589816177754609,,,
1,170,224,267,6,238,244,cholesky_gaussian_ar,224.0,0.1,0.6904027808967794,48.99502602997546,0.13141960990058663,,,
1,170,224,267,6,238,244,euclidean_gaussian_ar,224.0,1.0,0.5529630800699538,29.131390145189947,0.23327930650821366,,,
1,170,224,267,6,238,244,fixed_bwar,224.0,0.1,0.6402467640904759,39.48533054720639,0.10964965222719529,,,
1,170,224,267,6,238,244,local_bwar,24.0,0.1,0.5091982040542503,30.646945881941846,0.11948289279300323,5.8001765015225795e-11,1.0,0.0
1,170,224,267,6,238,244,log_euclidean_gaussian_ar,224.0,0.1,0.6593014278633347,53.21904211773367,0.09670481936186846,,,
1,170,224,267,6,238,244,persistence,,,0.8559755473367076,71.32345134747516,0.04548151533717569,,,
1,170,224,267,6,238,244,raw_var_window_ar,72.0,1e-06,0.9846451824353895,175.94767175829043,9.99999999999998e-09,,,
1,170,224,267,6,238,244,seasonal_window_naive,72.0,,0.8559755473367077,71.32360785033868,0.045471525337172324,,,
1,170,224,267,6,239,245,cholesky_gaussian_ar,224.0,0.1,0.45456932914856185,32.03135035325123,0.13633628421297703,,,
1,170,224,267,6,239,245,euclidean_gaussian_ar,224.0,1.0,0.32594295754714875,19.266848158613328,0.24478484209706736,,,
1,170,224,267,6,239,245,fixed_bwar,224.0,0.1,0.3983702837460633,24.870983233445386,0.11585221800219155,,,
1,170,224,267,6,239,245,local_bwar,24.0,0.1,0.3195073713832022,21.648726773755158,0.11767914830912653,7.726494726032562e-11,1.0,0.0
1,170,224,267,6,239,245,log_euclidean_gaussian_ar,224.0,0.1,0.4184774821148004,34.84682288685522,0.10170556269029105,,,
1,170,224,267,6,239,245,persistence,,,0.42878285212205,30.731568681164124,0.02312652412910367,,,
1,170,224,267,6,239,245,raw_var_window_ar,72.0,1e-06,0.7973802675358808,157.5115248137895,9.999999999999977e-09,,,
1,170,224,267,6,239,245,seasonal_window_naive,72.0,,0.4287828521220499,30.731725408897297,0.023116534129103177,,,
1,170,224,267,6,240,246,cholesky_gaussian_ar,224.0,0.1,0.6039315705120916,39.695467226393774,0.14450981952116157,,,
1,170,224,267,6,240,246,euclidean_gaussian_ar,224.0,1.0,0.5899569981708803,36.72480783591652,0.24014395360964644,,,
1,170,224,267,6,240,246,fixed_bwar,224.0,0.1,0.5880878319028197,36.81202403848389,0.12010969786662264,,,
1,170,224,267,6,240,246,local_bwar,24.0,0.1,0.5179101909900833,31.08616445062771,0.1113602459228832,8.571738995532274e-11,1.0,0.0
1,170,224,267,6,240,246,log_euclidean_gaussian_ar,224.0,0.1,0.5695244389804636,36.43111112960722,0.1084800481833029,,,
1,170,224,267,6,240,246,persistence,,,0.3392483533214339,20.11328387037458,0.030209295526772612,,,
1,170,224,267,6,240,246,raw_var_window_ar,72.0,1e-06,0.8277093879471893,147.67869535273672,9.999999999999922e-09,,,
1,170,224,267,6,240,246,seasonal_window_naive,72.0,,0.3392483533214338,20.113347901629357,0.030199305526771757,,,
1,170,224,267,6,241,247,cholesky_gaussian_ar,224.0,0.1,0.5130142107438904,29.846227527806732,0.16066698761648143,,,
1,170,224,267,6,241,247,euclidean_gaussian_ar,224.0,1.0,0.5047783510033185,28.299612666281824,0.24389148207372094,,,
1,170,224,267,6,241,247,fixed_bwar,224.0,0.1,0.517246913117481,28.922361005475786,0.1282654024881927,,,
1,170,224,267,6,241,247,local_bwar,24.0,0.1,0.4524915854129818,24.18101321501931,0.1068041059921021,8.752707567681175e-11,1.0,0.0
1,170,224,267,6,241,247,log_euclidean_gaussian_ar,224.0,0.1,0.5125513880306258,30.553682564454697,0.10447721846662857,,,
1,170,224,267,6,241,247,persistence,,,0.5905972894566677,41.864130271880896,0.029272035076379054,,,
1,170,224,267,6,241,247,raw_var_window_ar,72.0,1e-06,0.7213214152090788,123.96193302047641,9.999999999999974e-09,,,
1,170,224,267,6,241,247,seasonal_window_naive,72.0,,0.5905972894566676,41.86419139682272,0.02926204507638187,,,
1,170,224,267,6,242,248,cholesky_gaussian_ar,224.0,0.1,0.33643163640845447,15.627637275319808,0.1659319041114428,,,
1,170,224,267,6,242,248,euclidean_gaussian_ar,224.0,1.0,0.3564500073312692,16.629688984724606,0.26536660821679303,,,
1,170,224,267,6,242,248,fixed_bwar,224.0,0.1,0.3567669756729826,16.05655505265708,0.13515235776639492,,,
1,170,224,267,6,242,248,local_bwar,24.0,0.1,0.28943163786617626,13.203109992094408,0.10211119231932858,7.422542298782276e-11,1.0,0.0
1,170,224,267,6,242,248,log_euclidean_gaussian_ar,224.0,0.1,0.32571936545290653,15.560242726409358,0.10861852040424558,,,
1,170,224,267,6,242,248,persistence,,,0.7606730407741548,60.839244976931326,0.036403726459588746,,,
1,170,224,267,6,242,248,raw_var_window_ar,72.0,1e-06,0.6014475699528908,100.77669298761823,9.99999999999997e-09,,,
1,170,224,267,6,242,248,seasonal_window_naive,72.0,,0.7606730407741548,60.83931979695132,0.03639373645958583,,,
1,170,224,267,6,243,249,cholesky_gaussian_ar,224.0,0.1,0.34516539621942766,14.43682897712717,0.1679473783945521,,,
1,170,224,267,6,243,249,euclidean_gaussian_ar,224.0,1.0,0.46226994376998526,22.15606842842472,0.279187871237195,,,
1,170,224,267,6,243,249,fixed_bwar,224.0,0.1,0.36540218105084477,15.548876667929864,0.1371850304957634,,,
1,170,224,267,6,243,249,local_bwar,24.0,0.1,0.2976893716079145,11.647684977099836,0.09773763969100423,6.962202466089335e-11,1.0,0.0
1,170,224,267,6,243,249,log_euclidean_gaussian_ar,224.0,0.1,0.3296954762136518,13.308758310226978,0.10320254423681972,,,
1,170,224,267,6,243,249,persistence,,,0.8497885856706267,56.94285407445784,0.027006291008976103,,,
1,170,224,267,6,243,249,raw_var_window_ar,72.0,1e-06,0.6316825281942466,90.07572463805889,9.999999999999894e-09,,,
1,170,224,267,6,243,249,seasonal_window_naive,72.0,,0.8497885856706267,56.94291290929714,0.02699630100893589,,,
1,170,224,267,6,244,250,cholesky_gaussian_ar,224.0,0.1,0.3025602917219074,13.525074886821113,0.17193150272573426,,,
1,170,224,267,6,244,250,euclidean_gaussian_ar,224.0,1.0,0.4241091573536222,17.572411556208046,0.28197301073651326,,,
1,170,224,267,6,244,250,fixed_bwar,224.0,0.1,0.30010076858545687,11.867680493496898,0.13507042860909374,,,
1,170,224,267,6,244,250,local_bwar,24.0,0.1,0.2371268827970189,9.377122340851164,0.09730671926455199,5.570138312098959e-11,1.0,0.0
1,170,224,267,6,244,250,log_euclidean_gaussian_ar,224.0,0.1,0.27435825529064756,11.703399229087973,0.1018283944663875,,,
1,170,224,267,6,244,250,persistence,,,0.48120796481989814,31.295663308310054,0.049371665918962235,,,
1,170,224,267,6,244,250,raw_var_window_ar,72.0,1e-06,0.6456658827738834,102.2877105258783,9.99999999999989e-09,,,
1,170,224,267,6,244,250,seasonal_window_naive,72.0,,0.4812079648198983,31.29567609824128,0.04936167591896378,,,
1,170,224,267,6,245,251,cholesky_gaussian_ar,224.0,0.1,0.30409603652947487,19.02018057249484,0.1701386733098723,,,
1,170,224,267,6,245,251,euclidean_gaussian_ar,224.0,1.0,0.38123966568105105,18.388109925590324,0.2724820762990065,,,
1,170,224,267,6,245,251,fixed_bwar,224.0,0.1,0.2991042410006197,16.16649546341182,0.12992573053287837,,,
1,170,224,267,6,245,251,local_bwar,24.0,0.1,0.2552545592644806,14.230689129037437,0.1015442840085569,5.4347919199804894e-11,1.0,0.0
1,170,224,267,6,245,251,log_euclidean_gaussian_ar,224.0,0.1,0.2735041917761883,18.309359088446534,0.1070079479279803,,,
1,170,224,267,6,245,251,persistence,,,0.24337344874980393,15.876014362952812,0.049532498688033444,,,
1,170,224,267,6,245,251,raw_var_window_ar,72.0,1e-06,0.638878467102978,124.63359351626794,9.999999999999947e-09,,,
1,170,224,267,6,245,251,seasonal_window_naive,72.0,,0.24337344874980418,15.876053011787452,0.049522508688027246,,,
1,170,224,267,6,246,252,cholesky_gaussian_ar,224.0,0.1,0.5790653198285934,35.912919086554474,0.158382359467189,,,
1,170,224,267,6,246,252,euclidean_gaussian_ar,224.0,1.0,0.6224366198122412,37.21148509839091,0.2688047287482012,,,
1,170,224,267,6,246,252,fixed_bwar,224.0,0.1,0.5672759783518798,33.5892984602813,0.12410565477657057,,,
1,170,224,267,6,246,252,local_bwar,24.0,0.1,0.5166697385787189,28.79684922354782,0.10241536483061782,7.421637828775958e-11,1.0,0.0
1,170,224,267,6,246,252,log_euclidean_gaussian_ar,224.0,0.1,0.565983784734431,35.372403115101534,0.10175098979747504,,,
1,170,224,267,6,246,252,persistence,,,0.16196233817187236,11.17083340519462,0.030347360356998997,,,
1,170,224,267,6,246,252,raw_var_window_ar,72.0,1e-06,0.8264080469064857,146.24135465607074,9.999999999999972e-09,,,
1,170,224,267,6,246,252,seasonal_window_naive,72.0,,0.16196233817187228,11.170890403290729,0.030337370357002368,,,
1,170,224,267,6,247,253,cholesky_gaussian_ar,224.0,0.1,0.6518532205871824,42.56832017144845,0.1551158980153577,,,
1,170,224,267,6,247,253,euclidean_gaussian_ar,224.0,1.0,0.6414199349875999,40.17656618828156,0.25423681377887253,,,
1,170,224,267,6,247,253,fixed_bwar,224.0,0.1,0.6424533178967693,40.03860835934664,0.12183617909499259,,,
1,170,224,267,6,247,253,local_bwar,24.0,0.1,0.575257683933716,33.71964490002956,0.09858753957588828,7.307842182418969e-11,1.0,0.0
1,170,224,267,6,247,253,log_euclidean_gaussian_ar,224.0,0.1,0.6531434423439122,43.63187829040335,0.10216135279909237,,,
1,170,224,267,6,247,253,persistence,,,0.25330467436308607,12.851901017305138,0.03927848730734144,,,
1,170,224,267,6,247,253,raw_var_window_ar,72.0,1e-06,0.9164248212549028,161.88246612162732,9.999999999999785e-09,,,
1,170,224,267,6,247,253,seasonal_window_naive,72.0,,0.253304674363086,12.851969564512935,0.0392684973073434,,,
1,170,224,267,6,248,254,cholesky_gaussian_ar,224.0,0.1,0.5938008158932602,32.74457074588542,0.14424013797478308,,,
1,170,224,267,6,248,254,euclidean_gaussian_ar,224.0,1.0,0.5534300492701001,28.56200399838838,0.23990823785594634,,,
1,170,224,267,6,248,254,fixed_bwar,224.0,0.1,0.5669481880455491,28.967851170514862,0.11801896380712198,,,
1,170,224,267,6,248,254,local_bwar,24.0,0.1,0.49686520564984515,24.095405116813236,0.09368517938160145,8.00264182403155e-11,1.0,0.0
1,170,224,267,6,248,254,log_euclidean_gaussian_ar,224.0,0.1,0.6201906817509354,37.26507617318866,0.09625064047410878,,,
1,170,224,267,6,248,254,persistence,,,0.41561857559321047,20.862325068541782,0.04888013932993535,,,
1,170,224,267,6,248,254,raw_var_window_ar,72.0,1e-06,0.8733661398054058,143.81395545177864,9.999999999999942e-09,,,
1,170,224,267,6,248,254,seasonal_window_naive,72.0,,0.4156185755932103,20.862414119214222,0.04887014932993595,,,
1,170,224,267,6,249,255,cholesky_gaussian_ar,224.0,0.1,0.545539033738668,23.542126532301666,0.14110623891028462,,,
1,170,224,267,6,249,255,euclidean_gaussian_ar,224.0,1.0,0.49029354701182615,16.597644229086022,0.23116447204907128,,,
1,170,224,267,6,249,255,fixed_bwar,224.0,0.1,0.5384596408526393,20.248641550184423,0.11316517527440588,,,
1,170,224,267,6,249,255,local_bwar,24.0,0.1,0.3915928913076521,13.350015671083078,0.0927660959698967,6.787192083764777e-11,1.0,0.0
1,170,224,267,6,249,255,log_euclidean_gaussian_ar,224.0,0.1,0.6039520429727374,33.01149692471502,0.09210702587232152,,,
1,170,224,267,6,249,255,persistence,,,0.4654016119367611,23.25214634578763,0.03104025961064521,,,
1,170,224,267,6,249,255,raw_var_window_ar,72.0,1e-06,0.8836280049057442,132.11038818126178,9.999999999999798e-09,,,
1,170,224,267,6,249,255,seasonal_window_naive,72.0,,0.4654016119367611,23.252270528999354,0.031030269610651,,,
1,170,224,267,6,250,256,cholesky_gaussian_ar,224.0,0.1,0.5575237260865992,21.015558911492533,0.1417810186594282,,,
1,170,224,267,6,250,256,euclidean_gaussian_ar,224.0,1.0,0.43932604608004855,15.388906801837145,0.24492005305679238,,,
1,170,224,267,6,250,256,fixed_bwar,224.0,0.1,0.5398532137875794,18.300474004257275,0.11612889806534142,,,
1,170,224,267,6,250,256,local_bwar,24.0,0.1,0.4289878535505565,14.485711408098135,0.09345434635587892,5.4767178142721563e-11,1.0,0.0
1,170,224,267,6,250,256,log_euclidean_gaussian_ar,224.0,0.1,0.6173913885121357,27.75157907041018,0.0901544723796762,,,
1,170,224,267,6,250,256,persistence,,,0.37306021193706956,15.472835024462249,0.03649803054920925,,,
1,170,224,267,6,250,256,raw_var_window_ar,72.0,1e-06,0.9444286958604114,117.7819857483846,9.999999999999851e-09,,,
1,170,224,267,6,250,256,seasonal_window_naive,72.0,,0.37306021193706945,15.472919075661785,0.03648804054919152,,,
1,170,224,267,6,251,257,cholesky_gaussian_ar,224.0,0.1,0.48177729276510745,17.598467551465475,0.14492048548237685,,,
1,170,224,267,6,251,257,euclidean_gaussian_ar,224.0,1.0,0.287453052638165,10.658435093658834,0.2621499237952525,,,
1,170,224,267,6,251,257,fixed_bwar,224.0,0.1,0.4370715015446277,13.83073563097837,0.1195185083992669,,,
1,170,224,267,6,251,257,local_bwar,24.0,0.1,0.360418350832689,11.464123601301077,0.09458804976359748,5.084648062600754e-11,1.0,0.0
1,170,224,267,6,251,257,log_euclidean_gaussian_ar,224.0,0.1,0.5640996336118902,26.239681637848093,0.09062569602020862,,,
1,170,224,267,6,251,257,persistence,,,0.4508485085246231,23.420395464216497,0.04210654256070883,,,
1,170,224,267,6,251,257,raw_var_window_ar,72.0,1e-06,0.9084913619777409,123.41844175097302,9.999999999999977e-09,,,
1,170,224,267,6,251,257,seasonal_window_naive,72.0,,0.45084850852462294,23.420462488011477,0.04209655256070044,,,
1,170,224,267,6,252,258,cholesky_gaussian_ar,224.0,0.1,0.36339700541033715,18.430823036753907,0.16248241010101047,,,
1,170,224,267,6,252,258,euclidean_gaussian_ar,224.0,1.0,0.3976037897110816,18.094019517331684,0.2815508812631929,,,
1,170,224,267,6,252,258,fixed_bwar,224.0,0.1,0.34803174542938914,16.487287145938836,0.12401310161294143,,,
1,170,224,267,6,252,258,local_bwar,24.0,0.1,0.25120975868911893,11.157293496138019,0.09564163851847106,6.257812863324647e-11,1.0,0.0
1,170,224,267,6,252,258,log_euclidean_gaussian_ar,224.0,0.1,0.4430097725114629,25.69264867138061,0.09854894717740059,,,
1,170,224,267,6,252,258,persistence,,,0.34173881539148615,19.864751993487978,0.04213519715097564,,,
1,170,224,267,6,252,258,raw_var_window_ar,72.0,1e-06,0.7952539613077168,135.68154113708434,9.999999999999957e-09,,,
1,170,224,267,6,252,258,seasonal_window_naive,72.0,,0.34173881539148604,19.864840328670894,0.0421252071509777,,,
1,170,224,267,6,253,259,cholesky_gaussian_ar,224.0,0.1,0.5896703021497096,36.562495406373976,0.17694673632514912,,,
1,170,224,267,6,253,259,euclidean_gaussian_ar,224.0,1.0,0.7363200598819,44.25506904844792,0.2879590110587168,,,
1,170,224,267,6,253,259,fixed_bwar,224.0,0.1,0.5888698602387903,35.04969433868361,0.12914075081441098,,,
1,170,224,267,6,253,259,local_bwar,24.0,0.1,0.45124608337201544,21.24676388154568,0.09955769901595013,7.416354031210683e-11,1.0,0.0
1,170,224,267,6,253,259,log_euclidean_gaussian_ar,224.0,0.1,0.6026629012423217,37.44490444908921,0.1026219002142963,,,
1,170,224,267,6,253,259,persistence,,,0.14032445325023352,10.168624586429114,0.04328280081379504,,,
1,170,224,267,6,253,259,raw_var_window_ar,72.0,1e-06,0.8664636745490478,148.06208286553687,9.999999999999934e-09,,,
1,170,224,267,6,253,259,seasonal_window_naive,72.0,,0.1403244532502335,10.168678938007067,0.043272810813806656,,,
1,170,224,267,6,254,260,cholesky_gaussian_ar,224.0,0.1,0.6431370076255906,43.45979308846763,0.1855529507125408,,,
1,170,224,267,6,254,260,euclidean_gaussian_ar,224.0,1.0,0.7317985854835122,47.48196754866569,0.28137471078611187,,,
1,170,224,267,6,254,260,fixed_bwar,224.0,0.1,0.6549092235092507,42.25281957180917,0.12946190329016033,,,
1,170,224,267,6,254,260,local_bwar,24.0,0.1,0.5127138130731966,26.4107026154453,0.10447308422512933,7.414281490774321e-11,1.0,0.0
1,170,224,267,6,254,260,log_euclidean_gaussian_ar,224.0,0.1,0.6572069666475618,43.24932945182074,0.1071329309006466,,,
1,170,224,267,6,254,260,persistence,,,0.20980407925772912,12.625809033656344,0.06266135484489746,,,
1,170,224,267,6,254,260,raw_var_window_ar,72.0,1e-06,0.9170280904230927,158.86955210780184,9.99999999999998e-09,,,
1,170,224,267,6,254,260,seasonal_window_naive,72.0,,0.20980407925772923,12.62585932285539,0.06265136484490794,,,
1,170,224,267,6,255,261,cholesky_gaussian_ar,224.0,0.1,0.5525254953316883,31.332724377553067,0.17491900467619673,,,
1,170,224,267,6,255,261,euclidean_gaussian_ar,224.0,1.0,0.5562445389750712,30.93231486283554,0.26335863805349213,,,
1,170,224,267,6,255,261,fixed_bwar,224.0,0.1,0.5432180288408734,29.58575228749083,0.13206238176973065,,,
1,170,224,267,6,255,261,local_bwar,24.0,0.1,0.4039259071108561,17.224716549558117,0.10870015084836865,6.64089079929231e-11,1.0,0.0
1,170,224,267,6,255,261,log_euclidean_gaussian_ar,224.0,0.1,0.5612946850630647,30.57875125570318,0.11117820306150841,,,
1,170,224,267,6,255,261,persistence,,,0.3877460782152526,20.027860612511006,0.060734376696955625,,,
1,170,224,267,6,255,261,raw_var_window_ar,72.0,1e-06,0.8642339886346738,140.27577333699926,9.999999999999805e-09,,,
1,170,224,267,6,255,261,seasonal_window_naive,72.0,,0.3877460782152527,20.027897397057423,0.060724386696961105,,,
1,170,224,267,6,256,262,cholesky_gaussian_ar,224.0,0.1,0.4316336333778316,20.876969637995522,0.1644746916924311,,,
1,170,224,267,6,256,262,euclidean_gaussian_ar,224.0,1.0,0.35835314014130853,14.268806580850681,0.25638581619608697,,,
1,170,224,267,6,256,262,fixed_bwar,224.0,0.1,0.3610066057579851,14.828970758011433,0.1307609323251774,,,
1,170,224,267,6,256,262,local_bwar,24.0,0.1,0.27668934631449454,12.37447121074078,0.11050587291535433,6.271548675506859e-11,1.0,0.0
1,170,224,267,6,256,262,log_euclidean_gaussian_ar,224.0,0.1,0.4959659607483853,28.54325487556443,0.10447471846283045,,,
1,170,224,267,6,256,262,persistence,,,0.36188332582792426,23.675091780348904,0.029844652383867167,,,
1,170,224,267,6,256,262,raw_var_window_ar,72.0,1e-06,0.8933046338846571,147.85163490724875,9.999999999999957e-09,,,
1,170,224,267,6,256,262,seasonal_window_naive,72.0,,0.3618833258279242,23.675177846056194,0.029834662383882174,,,
1,170,224,267,6,257,263,cholesky_gaussian_ar,224.0,0.1,0.24599583108532785,11.975123988050878,0.1639198160044571,,,
1,170,224,267,6,257,263,euclidean_gaussian_ar,224.0,1.0,0.29440444018187495,13.831335092607167,0.25729378541993136,,,
1,170,224,267,6,257,263,fixed_bwar,224.0,0.1,0.2862809810964778,11.860947999489971,0.13190849933478957,,,
1,170,224,267,6,257,263,local_bwar,24.0,0.1,0.3281521367089563,15.091597101249578,0.10972383959823548,5.277797370895475e-11,1.0,0.0
1,170,224,267,6,257,263,log_euclidean_gaussian_ar,224.0,0.1,0.2428842895960774,13.371051693453747,0.10476779070511717,,,
1,170,224,267,6,257,263,persistence,,,0.43317185246650924,18.336229196968553,0.02675857845489213,,,
1,170,224,267,6,257,263,raw_var_window_ar,72.0,1e-06,0.5500126318574954,102.6731610806352,9.99999999999997e-09,,,
1,170,224,267,6,257,263,seasonal_window_naive,72.0,,0.43317185246650913,18.336238113534534,0.0267485884548927,,,
1,170,224,267,6,258,264,cholesky_gaussian_ar,224.0,0.1,0.2898592639143927,10.9666305699725,0.16885244061341542,,,
1,170,224,267,6,258,264,euclidean_gaussian_ar,224.0,1.0,0.5001966380962273,17.720421160847565,0.26956897014653036,,,
1,170,224,267,6,258,264,fixed_bwar,224.0,0.1,0.3426903168805896,11.671362183259943,0.13046477006967785,,,
1,170,224,267,6,258,264,local_bwar,24.0,0.1,0.39155118188563676,14.462871574366817,0.10982170599658989,4.8225321566763765e-11,1.0,0.0
1,170,224,267,6,258,264,log_euclidean_gaussian_ar,224.0,0.1,0.22638852605043702,11.241097663681519,0.10489228925457583,,,
1,170,224,267,6,258,264,persistence,,,0.500419403263568,25.566335090727936,0.037141296500875796,,,
1,170,224,267,6,258,264,raw_var_window_ar,72.0,1e-06,0.409122352905715,97.53865026933715,9.999999999999924e-09,,,
1,170,224,267,6,258,264,seasonal_window_naive,72.0,,0.5004194032635682,25.566333194542086,0.03713130650087528,,,
1,170,224,267,6,259,265,cholesky_gaussian_ar,224.0,0.1,0.7337882175637701,38.13597053872532,0.1744059341387988,,,
1,170,224,267,6,259,265,euclidean_gaussian_ar,224.0,1.0,1.1180166948747459,73.4611507876727,0.28214981135408435,,,
1,170,224,267,6,259,265,fixed_bwar,224.0,0.1,0.7728447590337161,41.20164596356254,0.12687378577805825,,,
1,170,224,267,6,259,265,local_bwar,24.0,0.1,0.7931067152355722,36.93802353052446,0.11321520477440064,4.8775586444649416e-11,1.0,0.0
1,170,224,267,6,259,265,log_euclidean_gaussian_ar,224.0,0.1,0.593933033441861,23.40061339433654,0.10405947847332252,,,
1,170,224,267,6,259,265,persistence,,,0.8272556264871109,42.532001199512585,0.05354800905402779,,,
1,170,224,267,6,259,265,raw_var_window_ar,72.0,1e-06,0.3068286538124309,59.32752678429179,9.999999999999964e-09,,,
1,170,224,267,6,259,265,seasonal_window_naive,72.0,,0.827255626487111,42.53193820381327,0.053538019054026054,,,
1,170,224,267,6,260,266,cholesky_gaussian_ar,224.0,0.1,0.590602508129752,31.918807703851584,0.1690025758824848,,,
1,170,224,267,6,260,266,euclidean_gaussian_ar,224.0,1.0,0.9342705808998187,56.10207016315351,0.28577046462401007,,,
1,170,224,267,6,260,266,fixed_bwar,224.0,0.1,0.6088930420597296,32.392139284093346,0.12433423201162469,,,
1,170,224,267,6,260,266,local_bwar,24.0,0.1,0.5249118204634795,20.630334040158676,0.11717703884761445,5.113511535508975e-11,1.0,0.0
1,170,224,267,6,260,266,log_euclidean_gaussian_ar,224.0,0.1,0.4943549067358355,24.992997571773486,0.10277563568932599,,,
1,170,224,267,6,260,266,persistence,,,0.4429883753493619,20.513616350579788,0.05137207979134407,,,
1,170,224,267,6,260,266,raw_var_window_ar,72.0,1e-06,0.5741353262975168,103.99066002170821,9.999999999999884e-09,,,
1,170,224,267,6,260,266,seasonal_window_naive,72.0,,0.4429883753493619,20.513638529327913,0.051362089791341124,,,
2,213,267,310,3,264,267,cholesky_gaussian_ar,267.0,0.1,0.4635134532093655,24.32166849724387,0.12995902774286797,,,
2,213,267,310,3,264,267,euclidean_gaussian_ar,267.0,0.01,0.5165648373410381,20.394627712765512,0.2128828779345177,,,
2,213,267,310,3,264,267,fixed_bwar,267.0,0.01,0.5358481874538632,26.083987808175536,0.11571935482889427,,,
2,213,267,310,3,264,267,local_bwar,48.0,0.1,0.5208984430094674,24.860528788818776,0.1127489942532254,7.965779874468825e-10,1.0,0.0
2,213,267,310,3,264,267,log_euclidean_gaussian_ar,267.0,0.1,0.481548662554481,32.91519103857604,0.09480053456926132,,,
2,213,267,310,3,264,267,persistence,,,0.6325502046346672,46.45489636727741,0.02895896802283136,,,
2,213,267,310,3,264,267,raw_var_window_ar,72.0,10.0,0.6664856617402655,111.44337697490597,9.999999939774088e-09,,,
2,213,267,310,3,264,267,seasonal_window_naive,72.0,,0.6325502046346674,46.45503081029033,0.028948978022827063,,,
2,213,267,310,3,265,268,cholesky_gaussian_ar,267.0,0.1,0.7048289315765036,39.55546242591233,0.07535703677969727,,,
2,213,267,310,3,265,268,euclidean_gaussian_ar,267.0,0.01,0.7181176366689219,33.50989731949267,0.18881088112115607,,,
2,213,267,310,3,265,268,fixed_bwar,267.0,0.01,0.7382221706752917,37.342729689199786,0.0989115528043209,,,
2,213,267,310,3,265,268,local_bwar,48.0,0.1,0.5333556063357792,26.010704368896285,0.1033149657730622,8.598938182596486e-10,1.0,0.0
2,213,267,310,3,265,268,log_euclidean_gaussian_ar,267.0,0.1,0.7091746978231632,47.268816874839416,0.0718550776103992,,,
2,213,267,310,3,265,268,persistence,,,0.7660144592388097,34.627808050775386,0.015067734246774498,,,
2,213,267,310,3,265,268,raw_var_window_ar,72.0,10.0,0.7800994821601731,117.27316468775626,9.999999982813078e-09,,,
2,213,267,310,3,265,268,seasonal_window_naive,72.0,,0.7660144592388097,34.628070603367554,0.015057744246775159,,,
2,213,267,310,3,266,269,cholesky_gaussian_ar,267.0,0.1,0.3785292420435158,15.633749520078464,0.1308437162970832,,,
2,213,267,310,3,266,269,euclidean_gaussian_ar,267.0,0.01,0.4725874677810563,19.872003635548968,0.20774754072921395,,,
2,213,267,310,3,266,269,fixed_bwar,267.0,0.01,0.43402435386755334,17.159958184386824,0.10386638789415323,,,
2,213,267,310,3,266,269,local_bwar,48.0,0.1,0.42165600058369745,18.312059842207482,0.11843620366708786,7.912028919503426e-10,1.0,0.0
2,213,267,310,3,266,269,log_euclidean_gaussian_ar,267.0,0.1,0.3975579582776537,18.82090734589258,0.08806708569596586,,,
2,213,267,310,3,266,269,persistence,,,0.36667305477782175,16.76960084917522,0.03381055293726539,,,
2,213,267,310,3,266,269,raw_var_window_ar,72.0,10.0,0.5625052950563774,86.52975612871286,9.999999955901066e-09,,,
2,213,267,310,3,266,269,seasonal_window_naive,72.0,,0.36667305477782175,16.769686580452067,0.033800562937268165,,,
2,213,267,310,3,267,270,cholesky_gaussian_ar,267.0,0.1,0.36832598262623906,14.397173052369222,0.14553766668456689,,,
2,213,267,310,3,267,270,euclidean_gaussian_ar,267.0,0.01,0.3528552337798121,20.779680210307145,0.081651152538751,,,
2,213,267,310,3,267,270,fixed_bwar,267.0,0.01,0.3447305156556089,11.526242315772672,0.09234363598608167,,,
2,213,267,310,3,267,270,local_bwar,48.0,0.1,0.4854555754215889,23.197029209021064,0.12225604965187713,7.786883220941755e-10,1.0,0.0
2,213,267,310,3,267,270,log_euclidean_gaussian_ar,267.0,0.1,0.3429327025990532,10.615721183740563,0.08807155819782166,,,
2,213,267,310,3,267,270,persistence,,,0.5934058254280379,40.35345417491628,0.0497220201086249,,,
2,213,267,310,3,267,270,raw_var_window_ar,72.0,10.0,0.4479975586383101,59.84527538955436,9.999999997860051e-09,,,
2,213,267,310,3,267,270,seasonal_window_naive,72.0,,0.5934058254280379,40.35348937580245,0.04971203010863436,,,
2,213,267,310,3,268,271,cholesky_gaussian_ar,267.0,0.1,0.3685843301241616,14.723088943447888,0.1395431120198837,,,
2,213,267,310,3,268,271,euclidean_gaussian_ar,267.0,0.01,0.4128860203348123,24.02444747741538,0.10557768908751528,,,
2,213,267,310,3,268,271,fixed_bwar,267.0,0.01,0.3086758101671346,12.476825122949272,0.08212171807689442,,,
2,213,267,310,3,268,271,local_bwar,48.0,0.1,0.4761181920219114,19.71301968231496,0.11668856959335565,8.161068106983291e-10,1.0,0.0
2,213,267,310,3,268,271,log_euclidean_gaussian_ar,267.0,0.1,0.33615733758078986,12.461164682571143,0.081415053914793,,,
2,213,267,310,3,268,271,persistence,,,0.5120792719633499,25.709482261039383,0.046977480345002216,,,
2,213,267,310,3,268,271,raw_var_window_ar,72.0,10.0,0.4517907235658871,73.3330333652534,9.999999989453606e-09,,,
2,213,267,310,3,268,271,seasonal_window_naive,72.0,,0.5120792719633498,25.70950235745891,0.046967490345000404,,,
2,213,267,310,3,269,272,cholesky_gaussian_ar,267.0,0.1,0.38417449081484306,17.25943655556069,0.11257346193732218,,,
2,213,267,310,3,269,272,euclidean_gaussian_ar,267.0,0.01,0.4918097624843914,27.32861033466535,0.10716553240761466,,,
2,213,267,310,3,269,272,fixed_bwar,267.0,0.01,0.33915479452324954,14.742992203226876,0.08080772543829687,,,
2,213,267,310,3,269,272,local_bwar,48.0,0.1,0.44141270795980825,16.68477240919395,0.12597425946095955,7.816321101593119e-10,1.0,0.0
2,213,267,310,3,269,272,log_euclidean_gaussian_ar,267.0,0.1,0.38698167531151323,19.02170895118804,0.07680571259593202,,,
2,213,267,310,3,269,272,persistence,,,0.21826738011137609,11.02988216476268,0.040375897697154974,,,
2,213,267,310,3,269,272,raw_var_window_ar,72.0,10.0,0.5418782299015271,95.34756549100732,9.999999999377472e-09,,,
2,213,267,310,3,269,272,seasonal_window_naive,72.0,,0.21826738011137617,11.029945931134511,0.04036590769715725,,,
2,213,267,310,3,270,273,cholesky_gaussian_ar,267.0,0.1,0.5221007953119298,27.498780944152422,0.10374133128696958,,,
2,213,267,310,3,270,273,euclidean_gaussian_ar,267.0,0.01,0.4827794678255033,28.346299870422037,0.14646042923189556,,,
2,213,267,310,3,270,273,fixed_bwar,267.0,0.01,0.4518453221145176,22.101556040507283,0.08797765698791725,,,
2,213,267,310,3,270,273,local_bwar,48.0,0.1,0.4879423583557703,20.679867600692056,0.13596423626616394,7.119463660642972e-10,1.0,0.0
2,213,267,310,3,270,273,log_euclidean_gaussian_ar,267.0,0.1,0.5237222123965051,28.3403691520764,0.07700511152861006,,,
2,213,267,310,3,270,273,persistence,,,0.528050547774585,34.535541060055714,0.03639912283441587,,,
2,213,267,310,3,270,273,raw_var_window_ar,72.0,10.0,0.6936284754355176,102.8090370741203,9.999999858436103e-09,,,
2,213,267,310,3,270,273,seasonal_window_naive,72.0,,0.528050547774585,34.535650448429294,0.03638913283441612,,,
2,213,267,310,3,271,274,cholesky_gaussian_ar,267.0,0.1,0.44097123155606627,21.931131099038453,0.11657258677423996,,,
2,213,267,310,3,271,274,euclidean_gaussian_ar,267.0,0.01,0.3336419424334046,18.307298636468612,9.999999063094405e-09,,,
2,213,267,310,3,271,274,fixed_bwar,267.0,0.01,0.33368116970892164,15.34086631694734,0.10455791528003622,,,
2,213,267,310,3,271,274,local_bwar,48.0,0.1,0.46561900508862014,19.263346238800192,0.13574932841067744,7.351206501703992e-10,1.0,0.0
2,213,267,310,3,271,274,log_euclidean_gaussian_ar,267.0,0.1,0.42632747347680294,20.715205790709838,0.08917393878467617,,,
2,213,267,310,3,271,274,persistence,,,0.4412500781063781,24.540900207359662,0.024926063197136274,,,
2,213,267,310,3,271,274,raw_var_window_ar,72.0,10.0,0.634874555813679,94.27922176992111,9.999999809305713e-09,,,
2,213,267,310,3,271,274,seasonal_window_naive,72.0,,0.4412500781063782,24.5409699585951,0.02491607319713676,,,
2,213,267,310,3,272,275,cholesky_gaussian_ar,267.0,0.1,0.366149709822304,15.173415508893168,0.12491124535784945,,,
2,213,267,310,3,272,275,euclidean_gaussian_ar,267.0,0.01,0.4061912952328772,23.02791991564399,1.0000000623539762e-08,,,
2,213,267,310,3,272,275,fixed_bwar,267.0,0.01,0.28246510016826126,12.248368035435622,0.08760711020827415,,,
2,213,267,310,3,272,275,local_bwar,48.0,0.1,0.4014995731425599,13.99513816784242,0.13231838505386323,7.757808192462958e-10,1.0,0.0
2,213,267,310,3,272,275,log_euclidean_gaussian_ar,267.0,0.1,0.37851068961152273,16.99844207737211,0.07709802432863233,,,
2,213,267,310,3,272,275,persistence,,,0.1810642620616924,10.838026788938544,0.03713314826342313,,,
2,213,267,310,3,272,275,raw_var_window_ar,72.0,10.0,0.5539255442922428,78.44759648487474,9.999999970493507e-09,,,
2,213,267,310,3,272,275,seasonal_window_naive,72.0,,0.1810642620616925,10.838054568966234,0.037123158263452534,,,
2,213,267,310,3,273,276,cholesky_gaussian_ar,267.0,0.1,0.26581542904891364,8.906193667228436,0.12954294236967934,,,
2,213,267,310,3,273,276,euclidean_gaussian_ar,267.0,0.01,0.2185722811309194,12.494932066937132,9.999998790075133e-09,,,
2,213,267,310,3,273,276,fixed_bwar,267.0,0.01,0.19792410617495523,7.665858127588486,0.07284631251946677,,,
2,213,267,310,3,273,276,local_bwar,48.0,0.1,0.3322533998485906,11.227911526437389,0.12632495030676588,8.745197711991706e-10,1.0,0.0
2,213,267,310,3,273,276,log_euclidean_gaussian_ar,267.0,0.1,0.29977387851195647,13.601032944557737,0.07474835814450953,,,
2,213,267,310,3,273,276,persistence,,,0.46684982848096,28.753104539762116,0.03447150483758448,,,
2,213,267,310,3,273,276,raw_var_window_ar,72.0,10.0,0.582479117664911,78.65694498792244,9.999999765853781e-09,,,
2,213,267,310,3,273,276,seasonal_window_naive,72.0,,0.46684982848095996,28.75318496774488,0.03446151483758192,,,
2,213,267,310,3,274,277,cholesky_gaussian_ar,267.0,0.1,0.35046905076193086,13.445851682919866,0.12926055588592272,,,
2,213,267,310,3,274,277,euclidean_gaussian_ar,267.0,0.01,0.2704040597143622,15.305560121886847,9.999999829228717e-09,,,
2,213,267,310,3,274,277,fixed_bwar,267.0,0.01,0.24119474415943853,8.734053202729218,0.06563269445464048,,,
2,213,267,310,3,274,277,local_bwar,48.0,0.1,0.45683475125663564,22.555754649273947,0.1309390462608844,9.949152098079988e-10,1.0,0.0
2,213,267,310,3,274,277,log_euclidean_gaussian_ar,267.0,0.1,0.3425435882163076,14.115564629805581,0.06942446990861557,,,
2,213,267,310,3,274,277,persistence,,,0.6708838751490419,51.076610350863604,0.055287716431459626,,,
2,213,267,310,3,274,277,raw_var_window_ar,72.0,10.0,0.6287946276267553,71.9933633631455,9.999999964931753e-09,,,
2,213,267,310,3,274,277,seasonal_window_naive,72.0,,0.6708838751490419,51.07669164752107,0.05527772643146278,,,
2,213,267,310,3,275,278,cholesky_gaussian_ar,267.0,0.1,0.3264682687012381,12.376968676471323,0.11464495112775012,,,
2,213,267,310,3,275,278,euclidean_gaussian_ar,267.0,0.01,0.25718036895575713,12.423945679488295,9.999999997666014e-09,,,
2,213,267,310,3,275,278,fixed_bwar,267.0,0.01,0.21956148400124953,8.044671726228218,0.060646800388242376,,,
2,213,267,310,3,275,278,local_bwar,48.0,0.1,0.4108146870775425,18.786980041534527,0.1273494694568742,4.65846856760946e-11,1.0,0.0
2,213,267,310,3,275,278,log_euclidean_gaussian_ar,267.0,0.1,0.3498329539973795,17.39087016246471,0.06602534403436369,,,
2,213,267,310,3,275,278,persistence,,,0.5104563715176601,31.527323634408184,0.045467505829327626,,,
2,213,267,310,3,275,278,raw_var_window_ar,72.0,10.0,0.513308745351571,81.17161646151679,9.99999998804845e-09,,,
2,213,267,310,3,275,278,seasonal_window_naive,72.0,,0.5104563715176603,31.527412027144113,0.0454575158293278,,,
2,213,267,310,3,276,279,cholesky_gaussian_ar,267.0,0.1,0.2513713306071141,9.63454212065705,0.1300832682090374,,,
2,213,267,310,3,276,279,euclidean_gaussian_ar,267.0,0.01,0.42877337905813906,23.488306660872386,9.999999855624086e-09,,,
2,213,267,310,3,276,279,fixed_bwar,267.0,0.01,0.247305843128001,11.12364148360733,0.08116877525986992,,,
2,213,267,310,3,276,279,local_bwar,48.0,0.1,0.31106982616398116,9.98948755609526,0.1257205697904336,4.611848898491975e-11,1.0,0.0
2,213,267,310,3,276,279,log_euclidean_gaussian_ar,267.0,0.1,0.2762051416023647,11.514322786598598,0.08127379690644915,,,
2,213,267,310,3,276,279,persistence,,,0.24913953505449066,12.3129417225143,0.040277978930489074,,,
2,213,267,310,3,276,279,raw_var_window_ar,72.0,10.0,0.46310902258522346,72.68892671177359,9.999999984229276e-09,,,
2,213,267,310,3,276,279,seasonal_window_naive,72.0,,0.2491395350544907,12.312972440443275,0.04026798893047772,,,
2,213,267,310,3,277,280,cholesky_gaussian_ar,267.0,0.1,0.4401327811761793,19.78054493818678,0.1201324810484956,,,
2,213,267,310,3,277,280,euclidean_gaussian_ar,267.0,0.01,0.45896551469543895,29.079667802458697,1.000000017712385e-08,,,
2,213,267,310,3,277,280,fixed_bwar,267.0,0.01,0.40181570786885956,19.16826838468502,0.09266988218989378,,,
2,213,267,310,3,277,280,local_bwar,48.0,0.1,0.41450168390039016,15.615045886657708,0.1223598349040421,5.0829249472607426e-11,1.0,0.0
2,213,267,310,3,277,280,log_euclidean_gaussian_ar,267.0,0.1,0.4528343963866765,19.52241084190308,0.08436624837605765,,,
2,213,267,310,3,277,280,persistence,,,0.6508201675109668,46.02989202030548,0.026411008386166942,,,
2,213,267,310,3,277,280,raw_var_window_ar,72.0,10.0,0.565247014401218,83.35548934124446,9.999999805063836e-09,,,
2,213,267,310,3,277,280,seasonal_window_naive,72.0,,0.6508201675109669,46.029982620485626,0.026401018386168765,,,
2,213,267,310,3,278,281,cholesky_gaussian_ar,267.0,0.1,0.4339306739037555,18.841097224813254,0.1271106813725967,,,
2,213,267,310,3,278,281,euclidean_gaussian_ar,267.0,0.01,0.35355159125659086,20.55964292210027,1.000000004324589e-08,,,
2,213,267,310,3,278,281,fixed_bwar,267.0,0.01,0.3730360052207876,16.163757433081287,0.09796451124674678,,,
2,213,267,310,3,278,281,local_bwar,48.0,0.1,0.39441867696696353,14.781668242575948,0.1174914147038699,5.967781265926535e-11,1.0,0.0
2,213,267,310,3,278,281,log_euclidean_gaussian_ar,267.0,0.1,0.4566125380838801,19.512309214073763,0.09043486031411106,,,
2,213,267,310,3,278,281,persistence,,,0.5978740741993618,39.65512891277455,0.0240006819148614,,,
2,213,267,310,3,278,281,raw_var_window_ar,72.0,10.0,0.652362524157377,88.75615303791844,9.999999981278069e-09,,,
2,213,267,310,3,278,281,seasonal_window_naive,72.0,,0.5978740741993618,39.65521646263363,0.023990691914862177,,,
2,213,267,310,3,279,282,cholesky_gaussian_ar,267.0,0.1,0.379084307443786,14.115144645439507,0.12761925297563964,,,
2,213,267,310,3,279,282,euclidean_gaussian_ar,267.0,0.01,0.19826369144730097,11.669105984442355,9.999998631027647e-09,,,
2,213,267,310,3,279,282,fixed_bwar,267.0,0.01,0.3178827210474816,11.625844532447001,0.0981565435238379,,,
2,213,267,310,3,279,282,local_bwar,48.0,0.1,0.2562157534866948,8.424258570688767,0.12505780132887057,6.649410725906506e-11,1.0,0.0
2,213,267,310,3,279,282,log_euclidean_gaussian_ar,267.0,0.1,0.3965685589159529,16.830802466893225,0.08738733453700731,,,
2,213,267,310,3,279,282,persistence,,,0.23908430401541975,11.188926489041581,0.035063833272721175,,,
2,213,267,310,3,279,282,raw_var_window_ar,72.0,10.0,0.6781224956147929,86.71812162451492,9.999999866863767e-09,,,
2,213,267,310,3,279,282,seasonal_window_naive,72.0,,0.2390843040154197,11.189022395666827,0.035053843272720694,,,
2,213,267,310,3,280,283,cholesky_gaussian_ar,267.0,0.1,0.4731293162013979,20.299508634651403,0.1298505979297979,,,
2,213,267,310,3,280,283,euclidean_gaussian_ar,267.0,0.01,0.3355717048590259,16.76496881474348,9.999999219518762e-09,,,
2,213,267,310,3,280,283,fixed_bwar,267.0,0.01,0.4314463288769071,17.535130694623717,0.07960372379417874,,,
2,213,267,310,3,280,283,local_bwar,48.0,0.1,0.30726975868619877,12.435843005621779,0.1216659650435943,7.153968940869849e-11,1.0,0.0
2,213,267,310,3,280,283,log_euclidean_gaussian_ar,267.0,0.1,0.4818589317007392,24.50271510244348,0.0770987894998941,,,
2,213,267,310,3,280,283,persistence,,,0.5517387316887505,33.05530952324772,0.035558502509210624,,,
2,213,267,310,3,280,283,raw_var_window_ar,72.0,10.0,0.7417135291110498,96.18521537378399,9.999999886785702e-09,,,
2,213,267,310,3,280,283,seasonal_window_naive,72.0,,0.5517387316887505,33.055456901040934,0.03554851250921181,,,
2,213,267,310,3,281,284,cholesky_gaussian_ar,267.0,0.1,0.4965043410426181,24.483015111025885,0.13051316767217785,,,
2,213,267,310,3,281,284,euclidean_gaussian_ar,267.0,0.01,0.3625259017329776,22.417083869396514,1.0000000053626406e-08,,,
2,213,267,310,3,281,284,fixed_bwar,267.0,0.01,0.4161230674641979,18.50668973983115,0.0848283612505662,,,
2,213,267,310,3,281,284,local_bwar,48.0,0.1,0.4312970693817288,23.25727652485086,0.11699976709446794,7.940585003670338e-11,1.0,0.0
2,213,267,310,3,281,284,log_euclidean_gaussian_ar,267.0,0.1,0.4871978332356329,25.230955711694662,0.07418099071012067,,,
2,213,267,310,3,281,284,persistence,,,0.714723773944285,51.06581025034356,0.04002904579613318,,,
2,213,267,310,3,281,284,raw_var_window_ar,72.0,10.0,0.7038114300942447,101.56978899706115,9.999999984118614e-09,,,
2,213,267,310,3,281,284,seasonal_window_naive,72.0,,0.714723773944285,51.065960234839494,0.040019055796134295,,,
2,213,267,310,3,282,285,cholesky_gaussian_ar,267.0,0.1,0.38921800408997526,18.484047822572357,0.12440421569171066,,,
2,213,267,310,3,282,285,euclidean_gaussian_ar,267.0,0.01,0.3712672586893952,24.045169456857142,1.0000000164083664e-08,,,
2,213,267,310,3,282,285,fixed_bwar,267.0,0.01,0.3478822474733386,15.308798903943718,0.08867018179138379,,,
2,213,267,310,3,282,285,local_bwar,48.0,0.1,0.4088088393418483,20.678547013112595,0.12000076909682525,8.854802613277516e-11,1.0,0.0
2,213,267,310,3,282,285,log_euclidean_gaussian_ar,267.0,0.1,0.3995252189513774,19.61831486990279,0.07325707612967601,,,
2,213,267,310,3,282,285,persistence,,,0.47725189112016,26.778022351718036,0.07237585128154955,,,
2,213,267,310,3,282,285,raw_var_window_ar,72.0,10.0,0.5605985447457297,87.21815794655475,9.999999997395478e-09,,,
2,213,267,310,3,282,285,seasonal_window_naive,72.0,,0.47725189112016,26.778111288892926,0.07236586128154968,,,
2,213,267,310,3,283,286,cholesky_gaussian_ar,267.0,0.1,0.5011898848858688,21.94876353291933,0.1403098244861607,,,
2,213,267,310,3,283,286,euclidean_gaussian_ar,267.0,0.01,0.6623428070399948,44.11680312581311,9.999999222692744e-09,,,
2,213,267,310,3,283,286,fixed_bwar,267.0,0.01,0.516977819880253,23.008452003447935,0.10428816452539591,,,
2,213,267,310,3,283,286,local_bwar,48.0,0.1,0.5431127615346885,23.40253650847625,0.12002940599918897,8.825290720930957e-11,1.0,0.0
2,213,267,310,3,283,286,log_euclidean_gaussian_ar,267.0,0.1,0.4227278364051595,15.624952727243569,0.08537158729039064,,,
2,213,267,310,3,283,286,persistence,,,0.6207256226780933,28.64205435512479,0.04884627533271209,,,
2,213,267,310,3,283,286,raw_var_window_ar,72.0,10.0,0.31114473845998475,59.335372700168676,9.999999997348734e-09,,,
2,213,267,310,3,283,286,seasonal_window_naive,72.0,,0.6207256226780935,28.64204751804811,0.04883628533271133,,,
2,213,267,310,3,284,287,cholesky_gaussian_ar,267.0,0.1,0.6177868836089215,27.603829511882616,0.15052126805935062,,,
2,213,267,310,3,284,287,euclidean_gaussian_ar,267.0,0.01,0.9963395968067453,64.1950243048176,9.999997615680492e-09,,,
2,213,267,310,3,284,287,fixed_bwar,267.0,0.01,0.7996871314649543,41.07158497252233,0.11745379484271667,,,
2,213,267,310,3,284,287,local_bwar,48.0,0.1,0.649684972091876,25.7894407166885,0.13014558562448453,8.366454567891223e-11,1.0,0.0
2,213,267,310,3,284,287,log_euclidean_gaussian_ar,267.0,0.1,0.5463634007683458,21.848529825227477,0.0949226892479454,,,
2,213,267,310,3,284,287,persistence,,,0.877425206063868,53.57825238059404,0.05262998989895685,,,
2,213,267,310,3,284,287,raw_var_window_ar,72.0,10.0,0.327107597415455,44.65646779037202,9.999999700460179e-09,,,
2,213,267,310,3,284,287,seasonal_window_naive,72.0,,0.8774252060638681,53.57821390378409,0.0526199998989568,,,
2,213,267,310,3,285,288,cholesky_gaussian_ar,267.0,0.1,0.5366031959216638,21.688719717140778,0.13045678731961405,,,
2,213,267,310,3,285,288,euclidean_gaussian_ar,267.0,0.01,0.8652924092473145,52.77336629166864,9.999999161958764e-09,,,
2,213,267,310,3,285,288,fixed_bwar,267.0,0.01,0.7197014059965783,33.13991288959647,0.10551356267954969,,,
2,213,267,310,3,285,288,local_bwar,48.0,0.1,0.5975992466507722,22.16107035917377,0.1339461615567024,8.629477890338999e-11,1.0,0.0
2,213,267,310,3,285,288,log_euclidean_gaussian_ar,267.0,0.1,0.5053188963664208,19.84232964620237,0.09630137118639391,,,
2,213,267,310,3,285,288,persistence,,,0.7258338577246279,47.12905355996466,0.029511895236177935,,,
2,213,267,310,3,285,288,raw_var_window_ar,72.0,10.0,0.3756301660409428,49.87804899107696,9.9999999292962e-09,,,
2,213,267,310,3,285,288,seasonal_window_naive,72.0,,0.7258338577246279,47.12903399678058,0.029501905236182888,,,
2,213,267,310,3,286,289,cholesky_gaussian_ar,267.0,0.1,0.3013623930604315,9.522290892200743,0.11414300061344182,,,
2,213,267,310,3,286,289,euclidean_gaussian_ar,267.0,0.01,0.41177953693299285,20.743715660259593,1.0000000328107159e-08,,,
2,213,267,310,3,286,289,fixed_bwar,267.0,0.01,0.3451638483889644,11.093647702909628,0.09836695577075032,,,
2,213,267,310,3,286,289,local_bwar,48.0,0.1,0.40004536471809016,13.026561843869533,0.14608079649286687,1.0226466876488546e-10,1.0,0.0
2,213,267,310,3,286,289,log_euclidean_gaussian_ar,267.0,0.1,0.3222894454781058,9.281435590808522,0.09592572157200822,,,
2,213,267,310,3,286,289,persistence,,,0.3382234079787219,19.014215870537814,0.026144881392166676,,,
2,213,267,310,3,286,289,raw_var_window_ar,72.0,10.0,0.41832090235825875,56.48392307109919,9.999999808566041e-09,,,
2,213,267,310,3,286,289,seasonal_window_naive,72.0,,0.338223407978722,19.01428855417691,0.026134891392166675,,,
2,213,267,310,3,287,290,cholesky_gaussian_ar,267.0,0.1,0.3222187467290692,13.625969699301322,0.09481854124206031,,,
2,213,267,310,3,287,290,euclidean_gaussian_ar,267.0,0.01,0.2151807472913779,9.429063073573271,9.999999645898174e-09,,,
2,213,267,310,3,287,290,fixed_bwar,267.0,0.01,0.2831845356708896,10.285092502185755,0.06706854884302109,,,
2,213,267,310,3,287,290,local_bwar,48.0,0.1,0.29698118171439436,10.576844853621612,0.14340594234972245,1.1587092931587243e-10,1.0,0.0
2,213,267,310,3,287,290,log_euclidean_gaussian_ar,267.0,0.1,0.34477846194404177,18.005205571468274,0.06393352536746406,,,
2,213,267,310,3,287,290,persistence,,,0.4105777585801953,17.741455116332375,0.021812757141883028,,,
2,213,267,310,3,287,290,raw_var_window_ar,72.0,10.0,0.38830461505377406,61.68033754155943,9.99999988351085e-09,,,
2,213,267,310,3,287,290,seasonal_window_naive,72.0,,0.4105777585801953,17.74164446572292,0.02180276714188376,,,
2,213,267,310,3,288,291,cholesky_gaussian_ar,267.0,0.1,0.3815280541096339,16.61079458127901,0.09111222771805694,,,
2,213,267,310,3,288,291,euclidean_gaussian_ar,267.0,0.01,0.19725682962484925,10.074432058396178,9.999999550671538e-09,,,
2,213,267,310,3,288,291,fixed_bwar,267.0,0.01,0.32670853180698606,11.080800138765433,0.05695302712502883,,,
2,213,267,310,3,288,291,local_bwar,48.0,0.1,0.40777966082851086,19.480617617231204,0.13831926117930024,1.2749413681846254e-10,1.0,0.0
2,213,267,310,3,288,291,log_euclidean_gaussian_ar,267.0,0.1,0.37580857028882103,20.424527651570045,0.06387726857945093,,,
2,213,267,310,3,288,291,persistence,,,0.6276423103437268,37.89813768966098,0.017575349856887187,,,
2,213,267,310,3,288,291,raw_var_window_ar,72.0,10.0,0.4273433938189,56.51414836515998,9.999999977633781e-09,,,
2,213,267,310,3,288,291,seasonal_window_naive,72.0,,0.6276423103437268,37.89832362036966,0.017565359856885118,,,
2,213,267,310,3,289,292,cholesky_gaussian_ar,267.0,0.1,0.2766773184770728,10.957436329237028,0.10767217588255168,,,
2,213,267,310,3,289,292,euclidean_gaussian_ar,267.0,0.01,0.15516201814184544,9.610809494170796,9.999999631203544e-09,,,
2,213,267,310,3,289,292,fixed_bwar,267.0,0.01,0.17554895395138848,6.918591414718701,0.06521374353910143,,,
2,213,267,310,3,289,292,local_bwar,48.0,0.1,0.327900877958832,12.735276980347091,0.12807809143636376,1.3391725057641762e-10,1.0,0.0
2,213,267,310,3,289,292,log_euclidean_gaussian_ar,267.0,0.1,0.2709108869448805,13.70577324555127,0.0667329879550768,,,
2,213,267,310,3,289,292,persistence,,,0.4885548800385455,24.913434075971878,0.03203538067089042,,,
2,213,267,310,3,289,292,raw_var_window_ar,72.0,10.0,0.4285988910323223,61.68732306894956,9.99999998661027e-09,,,
2,213,267,310,3,289,292,seasonal_window_naive,72.0,,0.4885548800385456,24.91353596911503,0.03202539067088802,,,
2,213,267,310,3,290,293,cholesky_gaussian_ar,267.0,0.1,0.16145126236668358,6.890288055128208,0.11464727854570121,,,
2,213,267,310,3,290,293,euclidean_gaussian_ar,267.0,0.01,0.2648588226692634,12.133802297912272,9.999999819851835e-09,,,
2,213,267,310,3,290,293,fixed_bwar,267.0,0.01,0.2160336363693991,7.949264479760271,0.08726968900011195,,,
2,213,267,310,3,290,293,local_bwar,48.0,0.1,0.2590924252985009,7.9709036689010775,0.12637460138669135,1.2784204078469073e-10,1.0,0.0
2,213,267,310,3,290,293,log_euclidean_gaussian_ar,267.0,0.1,0.16941067001658472,8.415563596615364,0.07808896193708606,,,
2,213,267,310,3,290,293,persistence,,,0.15749834574930385,9.617661578517637,0.05214655370379573,,,
2,213,267,310,3,290,293,raw_var_window_ar,72.0,10.0,0.3185218408920831,63.524285926855555,9.999999965038475e-09,,,
2,213,267,310,3,290,293,seasonal_window_naive,72.0,,0.1574983457493039,9.61770258515599,0.05213656370379406,,,
2,213,267,310,3,291,294,cholesky_gaussian_ar,267.0,0.1,0.3483888672152489,13.359299539634529,0.12169708928846776,,,
2,213,267,310,3,291,294,euclidean_gaussian_ar,267.0,0.01,0.2808061935420837,12.607772761080946,0.06632205143818846,,,
2,213,267,310,3,291,294,fixed_bwar,267.0,0.01,0.3425585802913991,13.120808819316245,0.09131770328238913,,,
2,213,267,310,3,291,294,local_bwar,48.0,0.1,0.28649669229795793,9.293138774375116,0.13039959549843122,9.968567750170051e-11,1.0,0.0
2,213,267,310,3,291,294,log_euclidean_gaussian_ar,267.0,0.1,0.3544035704851548,12.965401753373994,0.08609675495007253,,,
2,213,267,310,3,291,294,persistence,,,0.5517605888300086,34.57499039008439,0.015482370337923832,,,
2,213,267,310,3,291,294,raw_var_window_ar,72.0,10.0,0.4640296580441683,68.81232136749387,9.999999802789607e-09,,,
2,213,267,310,3,291,294,seasonal_window_naive,72.0,,0.5517605888300087,34.57506683502942,0.015472380337920264,,,
2,213,267,310,3,292,295,cholesky_gaussian_ar,267.0,0.1,0.43283045268825543,18.27868408586097,0.12467985149528367,,,
2,213,267,310,3,292,295,euclidean_gaussian_ar,267.0,0.01,0.30062759526910793,13.841744929771874,1.0000000001354722e-08,,,
2,213,267,310,3,292,295,fixed_bwar,267.0,0.01,0.37810198154254687,15.233694799739023,0.10013659389461205,,,
2,213,267,310,3,292,295,local_bwar,48.0,0.1,0.3659696594286362,13.012844001362865,0.1266430033586176,9.365989185965676e-11,1.0,0.0
2,213,267,310,3,292,295,log_euclidean_gaussian_ar,267.0,0.1,0.41663438051510365,15.966690455624954,0.086595345014043,,,
2,213,267,310,3,292,295,persistence,,,0.5838848049757558,36.09668924151821,0.03078292540629891,,,
2,213,267,310,3,292,295,raw_var_window_ar,72.0,10.0,0.5020775843740276,69.99490668715103,9.999999967835754e-09,,,
2,213,267,310,3,292,295,seasonal_window_naive,72.0,,0.5838848049757558,36.096739139222095,0.030772935406298718,,,
2,213,267,310,3,293,296,cholesky_gaussian_ar,267.0,0.1,0.3785640181670602,12.887451284494155,0.1179904040447891,,,
2,213,267,310,3,293,296,euclidean_gaussian_ar,267.0,0.01,0.3134182289203301,15.119710994503953,9.999999595345665e-09,,,
2,213,267,310,3,293,296,fixed_bwar,267.0,0.01,0.4163551219661427,16.46155328731402,0.08166053903571259,,,
2,213,267,310,3,293,296,local_bwar,48.0,0.1,0.34288300178461745,10.502733921335134,0.12747287341448396,8.652137691020262e-11,1.0,0.0
2,213,267,310,3,293,296,log_euclidean_gaussian_ar,267.0,0.1,0.39201346279337723,13.42532891855555,0.0767814561595286,,,
2,213,267,310,3,293,296,persistence,,,0.24534094194707,11.487585919622974,0.03828881660384394,,,
2,213,267,310,3,293,296,raw_var_window_ar,72.0,10.0,0.41165435408708356,59.38556449598814,9.999999981883984e-09,,,
2,213,267,310,3,293,296,seasonal_window_naive,72.0,,0.24534094194707004,11.487623510634753,0.03827882660384047,,,
2,213,267,310,3,294,297,cholesky_gaussian_ar,267.0,0.1,0.2471841664555316,7.803901837603934,0.11530484185444312,,,
2,213,267,310,3,294,297,euclidean_gaussian_ar,267.0,0.01,0.28532584283258433,15.212394912904035,9.999999614427532e-09,,,
2,213,267,310,3,294,297,fixed_bwar,267.0,0.01,0.3223257431052444,11.991332055784644,0.06511094082935548,,,
2,213,267,310,3,294,297,local_bwar,48.0,0.1,0.3348144251012181,9.938375374039325,0.12125663827132528,7.25750231333576e-11,1.0,0.0
2,213,267,310,3,294,297,log_euclidean_gaussian_ar,267.0,0.1,0.26951347418504973,10.06206508845552,0.06883574253119373,,,
2,213,267,310,3,294,297,persistence,,,0.3094342269191205,15.769020657586927,0.029632201081317745,,,
2,213,267,310,3,294,297,raw_var_window_ar,72.0,10.0,0.3286437080969008,49.179144151808636,9.999999815967413e-09,,,
2,213,267,310,3,294,297,seasonal_window_naive,72.0,,0.3094342269191206,15.769087438382602,0.02962221108131833,,,
2,213,267,310,3,295,298,cholesky_gaussian_ar,267.0,0.1,0.3136478106681645,10.131614778305845,0.11785951975086453,,,
2,213,267,310,3,295,298,euclidean_gaussian_ar,267.0,0.01,0.3263210810388195,15.048118608627561,1.0000000203504184e-08,,,
2,213,267,310,3,295,298,fixed_bwar,267.0,0.01,0.2831497358055153,8.376486342425249,0.06092005136398791,,,
2,213,267,310,3,295,298,local_bwar,48.0,0.1,0.4818251922718286,20.13369142166256,0.12183892210968071,6.783919809011811e-11,1.0,0.0
2,213,267,310,3,295,298,log_euclidean_gaussian_ar,267.0,0.1,0.2900631135715793,8.757981594751659,0.06740471210261736,,,
2,213,267,310,3,295,298,persistence,,,0.5741916872870594,34.39386004383145,0.02299762965453322,,,
2,213,267,310,3,295,298,raw_var_window_ar,72.0,10.0,0.3406742206365234,37.416640899763905,9.999999985967707e-09,,,
2,213,267,310,3,295,298,seasonal_window_naive,72.0,,0.5741916872870593,34.393907768932955,0.022987639654538827,,,
2,213,267,310,3,296,299,cholesky_gaussian_ar,267.0,0.1,0.2757119838439368,7.576750557196483,0.10714578657424112,,,
2,213,267,310,3,296,299,euclidean_gaussian_ar,267.0,0.01,0.38638112340180714,16.080038868690963,9.999999438762387e-09,,,
2,213,267,310,3,296,299,fixed_bwar,267.0,0.01,0.24915211676571045,6.897022402591577,0.06443946497723618,,,
2,213,267,310,3,296,299,local_bwar,48.0,0.1,0.4575227395378536,16.02951023455778,0.12123941696066828,7.293747339853768e-11,1.0,0.0
2,213,267,310,3,296,299,log_euclidean_gaussian_ar,267.0,0.1,0.2608625640953181,6.937852401970188,0.06785578270379629,,,
2,213,267,310,3,296,299,persistence,,,0.4019239883145631,17.39853297513403,0.0371507752066944,,,
2,213,267,310,3,296,299,raw_var_window_ar,72.0,10.0,0.3123099959246503,39.87733061550022,9.99999994592229e-09,,,
2,213,267,310,3,296,299,seasonal_window_naive,72.0,,0.40192398831456316,17.398584799256042,0.037140785206698314,,,
2,213,267,310,3,297,300,cholesky_gaussian_ar,267.0,0.1,0.2586476554712702,9.143318277647454,0.0999283423122195,,,
2,213,267,310,3,297,300,euclidean_gaussian_ar,267.0,0.01,0.38308469577606385,16.94423735880153,9.99999949862847e-09,,,
2,213,267,310,3,297,300,fixed_bwar,267.0,0.01,0.27110378654950323,9.88423987678274,0.07347414693071881,,,
2,213,267,310,3,297,300,local_bwar,48.0,0.1,0.30973208768718863,8.253599755218463,0.12281153011586642,6.93993354760809e-11,1.0,0.0
2,213,267,310,3,297,300,log_euclidean_gaussian_ar,267.0,0.1,0.2620454325364795,9.25674229848861,0.07184047589241346,,,
2,213,267,310,3,297,300,persistence,,,0.15758067837548387,8.918244890143272,0.029983581460148363,,,
2,213,267,310,3,297,300,raw_var_window_ar,72.0,10.0,0.3284083439987138,52.97416235209055,9.999999976343465e-09,,,
2,213,267,310,3,297,300,seasonal_window_naive,72.0,,0.15758067837548384,8.91829705439191,0.029973591460147737,,,
2,213,267,310,3,298,301,cholesky_gaussian_ar,267.0,0.1,0.3892126231072523,17.592079867316144,0.09119464750339437,,,
2,213,267,310,3,298,301,euclidean_gaussian_ar,267.0,0.01,0.28444549637695943,13.78017504486995,9.999999796683644e-09,,,
2,213,267,310,3,298,301,fixed_bwar,267.0,0.01,0.34096882410383866,14.013742903883486,0.08159212411622935,,,
2,213,267,310,3,298,301,local_bwar,48.0,0.1,0.2166950095179448,8.112892849060978,0.11917367838554793,6.819904265268621e-11,1.0,0.0
2,213,267,310,3,298,301,log_euclidean_gaussian_ar,267.0,0.1,0.38038555954461156,18.313548687439468,0.07256811002180906,,,
2,213,267,310,3,298,301,persistence,,,0.5267492671522442,33.15329369317997,0.00925021652578657,,,
2,213,267,310,3,298,301,raw_var_window_ar,72.0,10.0,0.47232721981883474,69.67949697200056,9.999999940796133e-09,,,
2,213,267,310,3,298,301,seasonal_window_naive,72.0,,0.5267492671522442,33.153420698797134,0.009240226525783827,,,
2,213,267,310,3,299,302,cholesky_gaussian_ar,267.0,0.1,0.38153274315893554,17.284411447940823,0.09047370868465548,,,
2,213,267,310,3,299,302,euclidean_gaussian_ar,267.0,0.01,0.3037191235439659,15.729480015440929,9.999999994141664e-09,,,
2,213,267,310,3,299,302,fixed_bwar,267.0,0.01,0.3377731193614803,13.912644314199497,0.08601269989594795,,,
2,213,267,310,3,299,302,local_bwar,48.0,0.1,0.26969171184620894,9.14832430777539,0.11918893111556018,6.569937640820007e-11,1.0,0.0
2,213,267,310,3,299,302,log_euclidean_gaussian_ar,267.0,0.1,0.36518376950268355,17.49198296371998,0.07062614097085924,,,
2,213,267,310,3,299,302,persistence,,,0.4638756881401279,24.434379000353967,0.018387539843298353,,,
2,213,267,310,3,299,302,raw_var_window_ar,72.0,10.0,0.44857489749056456,67.78450573191972,9.99999974661889e-09,,,
2,213,267,310,3,299,302,seasonal_window_naive,72.0,,0.4638756881401279,24.434469612176596,0.018377549843296516,,,
2,213,267,310,3,300,303,cholesky_gaussian_ar,267.0,0.1,0.31890267921525656,11.63253315279355,0.10038076099182025,,,
2,213,267,310,3,300,303,euclidean_gaussian_ar,267.0,0.01,0.3505244209207868,17.806252440988345,9.999999574384402e-09,,,
2,213,267,310,3,300,303,fixed_bwar,267.0,0.01,0.31444963392736364,12.11353341926816,0.07521607385643189,,,
2,213,267,310,3,300,303,local_bwar,48.0,0.1,0.37575359004389586,12.21154392330342,0.11670517388722788,6.121448213087048e-11,1.0,0.0
2,213,267,310,3,300,303,log_euclidean_gaussian_ar,267.0,0.1,0.3093457525699333,12.258604553735857,0.06624721315769365,,,
2,213,267,310,3,300,303,persistence,,,0.16250534120577156,6.684226792003468,0.025553478383538674,,,
2,213,267,310,3,300,303,raw_var_window_ar,72.0,10.0,0.36464706676600206,49.99293927042797,9.999999868929988e-09,,,
2,213,267,310,3,300,303,seasonal_window_naive,72.0,,0.16250534120577148,6.684274720749927,0.025543488383538378,,,
2,213,267,310,3,301,304,cholesky_gaussian_ar,267.0,0.1,0.3204964881187647,9.488723097955294,0.11531531555011534,,,
2,213,267,310,3,301,304,euclidean_gaussian_ar,267.0,0.01,0.5184317773754902,23.91317821218211,9.99999975356019e-09,,,
2,213,267,310,3,301,304,fixed_bwar,267.0,0.01,0.38406807630174006,12.725517200215892,0.06036821452220187,,,
2,213,267,310,3,301,304,local_bwar,48.0,0.1,0.47813610988735816,17.14461195060386,0.11223355039431422,9.834220759989947e-10,1.0,0.0
2,213,267,310,3,301,304,log_euclidean_gaussian_ar,267.0,0.1,0.3162079987580402,8.287116799892528,0.062340773358431856,,,
2,213,267,310,3,301,304,persistence,,,0.40741835224502515,24.3967665139007,0.029411211719911613,,,
2,213,267,310,3,301,304,raw_var_window_ar,72.0,10.0,0.2950807559258938,37.46256570126629,9.99999999027073e-09,,,
2,213,267,310,3,301,304,seasonal_window_naive,72.0,,0.40741835224502515,24.396811498629756,0.02940122171990984,,,
2,213,267,310,3,302,305,cholesky_gaussian_ar,267.0,0.1,0.33948992776556575,10.094666429646239,0.10422079222533993,,,
2,213,267,310,3,302,305,euclidean_gaussian_ar,267.0,0.01,0.4502479328844642,21.321662524269566,9.999999443660641e-09,,,
2,213,267,310,3,302,305,fixed_bwar,267.0,0.01,0.3431471792165598,10.326563392056862,0.03857112581091228,,,
2,213,267,310,3,302,305,local_bwar,48.0,0.1,0.5295149659461805,21.752402704127796,0.11200426920309797,9.506056169743708e-10,1.0,0.0
2,213,267,310,3,302,305,log_euclidean_gaussian_ar,267.0,0.1,0.3021145551185266,6.923941746750818,0.058427366495909856,,,
2,213,267,310,3,302,305,persistence,,,0.5367373395760118,33.26255764855801,0.027934292361555875,,,
2,213,267,310,3,302,305,raw_var_window_ar,72.0,10.0,0.3020869329035508,28.58107957947451,9.999999989448701e-09,,,
2,213,267,310,3,302,305,seasonal_window_naive,72.0,,0.5367373395760119,33.26258890287156,0.027924302361556904,,,
2,213,267,310,3,303,306,cholesky_gaussian_ar,267.0,0.1,0.24874983849436816,6.723806789640989,0.0948470313471694,,,
2,213,267,310,3,303,306,euclidean_gaussian_ar,267.0,0.01,0.43647841408819793,19.128754907898372,9.999996834096053e-09,,,
2,213,267,310,3,303,306,fixed_bwar,267.0,0.01,0.27687536222172243,7.964145459715198,0.031237908452603807,,,
2,213,267,310,3,303,306,local_bwar,48.0,0.1,0.5151318994191262,19.099777572025772,0.11850140602252468,6.331323647700392e-11,1.0,0.0
2,213,267,310,3,303,306,log_euclidean_gaussian_ar,267.0,0.1,0.23872872492087224,5.950875795007493,0.05343512683478506,,,
2,213,267,310,3,303,306,persistence,,,0.37877239986230604,17.3193269768105,0.0352371659101735,,,
2,213,267,310,3,303,306,raw_var_window_ar,72.0,10.0,0.30131661839132634,31.299358947463567,9.999999928284291e-09,,,
2,213,267,310,3,303,306,seasonal_window_naive,72.0,,0.37877239986230615,17.31937299517376,0.035227175910173054,,,
2,213,267,310,3,304,307,cholesky_gaussian_ar,267.0,0.1,0.3004937580422484,7.712164955895584,0.08502076753603681,,,
2,213,267,310,3,304,307,euclidean_gaussian_ar,267.0,0.01,0.4741060244172392,24.599578754263014,0.044639584556857674,,,
2,213,267,310,3,304,307,fixed_bwar,267.0,0.01,0.30546260578405954,9.478641409352072,0.04948815334106669,,,
2,213,267,310,3,304,307,local_bwar,48.0,0.1,0.5606266716348525,22.34178818209245,0.12373190566175499,6.284625828195075e-11,1.0,0.0
2,213,267,310,3,304,307,log_euclidean_gaussian_ar,267.0,0.1,0.3135883916922319,6.2496489829625705,0.05683655294191631,,,
2,213,267,310,3,304,307,persistence,,,0.2648622359006952,10.28374592309063,0.026548339459902044,,,
2,213,267,310,3,304,307,raw_var_window_ar,72.0,10.0,0.37353435205800584,26.531766067036564,9.999999988846502e-09,,,
2,213,267,310,3,304,307,seasonal_window_naive,72.0,,0.2648622359006952,10.2837828918934,0.02653834945990275,,,
2,213,267,310,3,305,308,cholesky_gaussian_ar,267.0,0.1,0.3634763176418531,11.525992177643994,0.08877895965875307,,,
2,213,267,310,3,305,308,euclidean_gaussian_ar,267.0,0.01,0.4143004972963802,20.841350279794558,0.047998079266252665,,,
2,213,267,310,3,305,308,fixed_bwar,267.0,0.01,0.3497330254531881,11.381942921404509,0.06426233648965435,,,
2,213,267,310,3,305,308,local_bwar,48.0,0.1,0.44312311565635076,15.319496114440552,0.12616487250743988,6.064809440569545e-11,1.0,0.0
2,213,267,310,3,305,308,log_euclidean_gaussian_ar,267.0,0.1,0.351512764787989,9.225149497889703,0.06615435329539344,,,
2,213,267,310,3,305,308,persistence,,,0.4032040379756957,18.962274523769278,0.02351835259897903,,,
2,213,267,310,3,305,308,raw_var_window_ar,72.0,10.0,0.43106749845400794,37.60903962662941,9.99999986625226e-09,,,
2,213,267,310,3,305,308,seasonal_window_naive,72.0,,0.4032040379756957,18.962345519118692,0.02350836259897928,,,
2,213,267,310,3,306,309,cholesky_gaussian_ar,267.0,0.1,0.3784412360108178,12.726483467073091,0.08801382494679787,,,
2,213,267,310,3,306,309,euclidean_gaussian_ar,267.0,0.01,0.33703234745685245,15.740548250161053,1.0000000439543176e-08,,,
2,213,267,310,3,306,309,fixed_bwar,267.0,0.01,0.35641556271835284,12.108985879884605,0.06911232661063056,,,
2,213,267,310,3,306,309,local_bwar,48.0,0.1,0.38774667714557315,13.427739495122196,0.12222350678401879,6.376577251712322e-11,1.0,0.0
2,213,267,310,3,306,309,log_euclidean_gaussian_ar,267.0,0.1,0.33815672487888465,10.040794123609087,0.06951628222664057,,,
2,213,267,310,3,306,309,persistence,,,0.4128282639617276,19.72147627679577,0.015079273230822463,,,
2,213,267,310,3,306,309,raw_var_window_ar,72.0,10.0,0.4518880899730715,42.541089042914514,9.999999965240905e-09,,,
2,213,267,310,3,306,309,seasonal_window_naive,72.0,,0.4128282639617276,19.72156269186294,0.015069283230821233,,,
2,213,267,310,4,263,267,cholesky_gaussian_ar,267.0,0.1,0.4643989033042037,23.9697230593218,0.14933151091337957,,,
2,213,267,310,4,263,267,euclidean_gaussian_ar,267.0,0.01,0.514245236512817,20.109831202996844,0.18597042946841724,,,
2,213,267,310,4,263,267,fixed_bwar,267.0,0.01,0.47528327454686164,21.949589725773972,0.12644119867395795,,,
2,213,267,310,4,263,267,local_bwar,48.0,0.1,0.5259133878506953,24.819116039365483,0.11823443542939674,8.21329134168534e-10,1.0,0.0
2,213,267,310,4,263,267,log_euclidean_gaussian_ar,267.0,0.1,0.45998165852692113,27.558045167358916,0.10484210118907022,,,
2,213,267,310,4,263,267,persistence,,,0.7055968178760381,54.70838511234709,0.03231715167812055,,,
2,213,267,310,4,263,267,raw_var_window_ar,72.0,10.0,0.629879139663671,120.1771595281303,9.999999999390874e-09,,,
2,213,267,310,4,263,267,seasonal_window_naive,72.0,,0.7055968178760383,54.70850119183559,0.032307161678120914,,,
2,213,267,310,4,264,268,cholesky_gaussian_ar,267.0,0.1,0.5932563186387326,30.316246367801895,0.1293275474310702,,,
2,213,267,310,4,264,268,euclidean_gaussian_ar,267.0,0.01,0.6936982788951094,30.617852702833908,0.23232425330902134,,,
2,213,267,310,4,264,268,fixed_bwar,267.0,0.01,0.7118501007668615,34.93138737800634,0.10847213660981103,,,
2,213,267,310,4,264,268,local_bwar,48.0,0.1,0.5203686411830607,24.729765477284154,0.1143533855885275,7.965779874468825e-10,1.0,0.0
2,213,267,310,4,264,268,log_euclidean_gaussian_ar,267.0,0.1,0.6165837948997774,38.32552130367665,0.09129329795948816,,,
2,213,267,310,4,264,268,persistence,,,0.6631149554287248,46.690764641291274,0.02895896802283136,,,
2,213,267,310,4,264,268,raw_var_window_ar,72.0,10.0,0.7439302563750362,122.9441891228049,9.999999999133568e-09,,,
2,213,267,310,4,264,268,seasonal_window_naive,72.0,,0.6631149554287248,46.690926129848165,0.028948978022827063,,,
2,213,267,310,4,265,269,cholesky_gaussian_ar,267.0,0.1,0.5358030636813427,24.546331928027495,0.08219990028847551,,,
2,213,267,310,4,265,269,euclidean_gaussian_ar,267.0,0.01,0.552166944958199,23.080377273163165,0.14477466719611654,,,
2,213,267,310,4,265,269,fixed_bwar,267.0,0.01,0.5649110606850448,23.061142199506328,0.08621498061145129,,,
2,213,267,310,4,265,269,local_bwar,48.0,0.1,0.449590709730046,19.78776586699632,0.10529342298001522,8.598938182596486e-10,1.0,0.0
2,213,267,310,4,265,269,log_euclidean_gaussian_ar,267.0,0.1,0.5455241057035121,30.947431679290354,0.06849224500818712,,,
2,213,267,310,4,265,269,persistence,,,0.6139987871297459,23.461884697039597,0.015067734246774498,,,
2,213,267,310,4,265,269,raw_var_window_ar,72.0,10.0,0.5555460133918441,91.13655461719587,9.999999999594111e-09,,,
2,213,267,310,4,265,269,seasonal_window_naive,72.0,,0.6139987871297459,23.46209629998496,0.015057744246775159,,,
2,213,267,310,4,266,270,cholesky_gaussian_ar,267.0,0.1,0.35232630754586763,12.78399930538636,0.1199414080699129,,,
2,213,267,310,4,266,270,euclidean_gaussian_ar,267.0,0.01,0.38477398358202053,14.964094516522696,0.1929692643844901,,,
2,213,267,310,4,266,270,fixed_bwar,267.0,0.01,0.36454093069601545,12.302864000417632,0.09272059590491848,,,
2,213,267,310,4,266,270,local_bwar,48.0,0.1,0.4943709407983849,23.114882927232905,0.11543662928639666,7.912028919503426e-10,1.0,0.0
2,213,267,310,4,266,270,log_euclidean_gaussian_ar,267.0,0.1,0.35251810222336133,11.727532539416817,0.08120122082131928,,,
2,213,267,310,4,266,270,persistence,,,0.545127961872143,34.059059867848205,0.03381055293726539,,,
2,213,267,310,4,266,270,raw_var_window_ar,72.0,10.0,0.44840941776672266,62.96225979462535,9.99999999999038e-09,,,
2,213,267,310,4,266,270,seasonal_window_naive,72.0,,0.545127961872143,34.059122509357564,0.033800562937268165,,,
2,213,267,310,4,267,271,cholesky_gaussian_ar,267.0,0.1,0.37266484853240567,14.417709021040158,0.13233662118584488,,,
2,213,267,310,4,267,271,euclidean_gaussian_ar,267.0,0.01,0.3734659988381319,18.50745236640377,0.1281435773001259,,,
2,213,267,310,4,267,271,fixed_bwar,267.0,0.01,0.37007193379585296,13.219377253607117,0.08589120523892291,,,
2,213,267,310,4,267,271,local_bwar,48.0,0.1,0.46420046310897495,18.940235879816502,0.12129110105727087,7.786883220941755e-10,1.0,0.0
2,213,267,310,4,267,271,log_euclidean_gaussian_ar,267.0,0.1,0.360247090989699,13.781554324220917,0.0823371928108042,,,
2,213,267,310,4,267,271,persistence,,,0.5389744039765753,29.385652261743985,0.0497220201086249,,,
2,213,267,310,4,267,271,raw_var_window_ar,72.0,10.0,0.47403199970874504,79.49282169279302,9.999999999999312e-09,,,
2,213,267,310,4,267,271,seasonal_window_naive,72.0,,0.5389744039765753,29.38570183253527,0.04971203010863436,,,
2,213,267,310,4,268,272,cholesky_gaussian_ar,267.0,0.1,0.43766753852065743,19.577594599340586,0.14039846378919846,,,
2,213,267,310,4,268,272,euclidean_gaussian_ar,267.0,0.01,0.3770215165275922,19.011702581082197,0.18494117621760264,,,
2,213,267,310,4,268,272,fixed_bwar,267.0,0.01,0.3746701229249341,16.232731446010668,0.09293641991846348,,,
2,213,267,310,4,268,272,local_bwar,48.0,0.1,0.49130040658868795,19.96122137623309,0.12219345689192138,8.161068106983291e-10,1.0,0.0
2,213,267,310,4,268,272,log_euclidean_gaussian_ar,267.0,0.1,0.418942382316161,19.605149921599278,0.08567979037420698,,,
2,213,267,310,4,268,272,persistence,,,0.3691081713824296,15.812390374885222,0.046977480345002216,,,
2,213,267,310,4,268,272,raw_var_window_ar,72.0,10.0,0.5387739432009294,97.35322413984218,9.999999999827619e-09,,,
2,213,267,310,4,268,272,seasonal_window_naive,72.0,,0.3691081713824295,15.812419925798947,0.046967490345000404,,,
2,213,267,310,4,269,273,cholesky_gaussian_ar,267.0,0.1,0.5186172919724492,26.273278781347845,0.1253233938570796,,,
2,213,267,310,4,269,273,euclidean_gaussian_ar,267.0,0.01,0.4320310558233157,24.43729909388916,0.21408799739863,,,
2,213,267,310,4,269,273,fixed_bwar,267.0,0.01,0.4172646966847445,18.70279829142045,0.1031691716490345,,,
2,213,267,310,4,269,273,local_bwar,48.0,0.1,0.525984109537474,23.29122801925731,0.13125218271148095,7.816321101593119e-10,1.0,0.0
2,213,267,310,4,269,273,log_euclidean_gaussian_ar,267.0,0.1,0.5177307800148185,28.247052867727575,0.08351349724332173,,,
2,213,267,310,4,269,273,persistence,,,0.33251360266145635,15.470526439546608,0.040375897697154974,,,
2,213,267,310,4,269,273,raw_var_window_ar,72.0,10.0,0.6566955444427447,112.82409023889265,9.999999999995421e-09,,,
2,213,267,310,4,269,273,seasonal_window_naive,72.0,,0.3325136026614564,15.47059026175402,0.04036590769715725,,,
2,213,267,310,4,270,274,cholesky_gaussian_ar,267.0,0.1,0.4454233683067726,21.49466668801487,0.12201675002855619,,,
2,213,267,310,4,270,274,euclidean_gaussian_ar,267.0,0.01,0.37255608885006086,20.07578695180768,0.2030164521703707,,,
2,213,267,310,4,270,274,fixed_bwar,267.0,0.01,0.31150171259848747,12.922354633326998,0.12126878771233417,,,
2,213,267,310,4,270,274,local_bwar,48.0,0.1,0.4866559771047408,20.360047217634463,0.1380682453266376,7.119463660642972e-10,1.0,0.0
2,213,267,310,4,270,274,log_euclidean_gaussian_ar,267.0,0.1,0.44684840650604485,23.218998177564302,0.08620188042350278,,,
2,213,267,310,4,270,274,persistence,,,0.5036601051220897,32.52650728799207,0.03639912283441587,,,
2,213,267,310,4,270,274,raw_var_window_ar,72.0,10.0,0.6005146529809787,103.03511865538842,9.99999999968543e-09,,,
2,213,267,310,4,270,274,seasonal_window_naive,72.0,,0.5036601051220897,32.5265920965732,0.03638913283441612,,,
2,213,267,310,4,271,275,cholesky_gaussian_ar,267.0,0.1,0.3588722262805725,14.458213592042977,0.12403733889192142,,,
2,213,267,310,4,271,275,euclidean_gaussian_ar,267.0,0.01,0.3344987952314805,18.410891128279864,0.0006576239586527544,,,
2,213,267,310,4,271,275,fixed_bwar,267.0,0.01,0.2433837609079678,9.849536485748521,0.12039141751913117,,,
2,213,267,310,4,271,275,local_bwar,48.0,0.1,0.44276342175647343,16.093440631201528,0.1350101786093554,7.351206501703992e-10,1.0,0.0
2,213,267,310,4,271,275,log_euclidean_gaussian_ar,267.0,0.1,0.3422207371112632,13.675085326862941,0.0921510880899765,,,
2,213,267,310,4,271,275,persistence,,,0.3427636509752282,16.57135190193198,0.024926063197136274,,,
2,213,267,310,4,271,275,raw_var_window_ar,72.0,10.0,0.5131991792596762,87.35617637889064,9.999999999059944e-09,,,
2,213,267,310,4,271,275,seasonal_window_naive,72.0,,0.34276365097522826,16.571405288004865,0.02491607319713676,,,
2,213,267,310,4,272,276,cholesky_gaussian_ar,267.0,0.1,0.28514936986836065,9.842089261695218,0.12272481895683232,,,
2,213,267,310,4,272,276,euclidean_gaussian_ar,267.0,0.01,0.3301227868266666,15.538135341668616,1.0000001508496557e-08,,,
2,213,267,310,4,272,276,fixed_bwar,267.0,0.01,0.22349756635266665,8.252567575805424,0.09203838512699317,,,
2,213,267,310,4,272,276,local_bwar,48.0,0.1,0.3485948392425899,11.564561353836906,0.1273323168847851,7.757808192462958e-10,1.0,0.0
2,213,267,310,4,272,276,log_euclidean_gaussian_ar,267.0,0.1,0.34130042895685614,15.874572611836175,0.0768419806316002,,,
2,213,267,310,4,272,276,persistence,,,0.27871689831292457,16.666176894255923,0.03713314826342313,,,
2,213,267,310,4,272,276,raw_var_window_ar,72.0,10.0,0.5082634562970876,88.45876861197219,9.99999999888423e-09,,,
2,213,267,310,4,272,276,seasonal_window_naive,72.0,,0.2787168983129245,16.66623298959969,0.037123158263452534,,,
2,213,267,310,4,273,277,cholesky_gaussian_ar,267.0,0.1,0.3458985154262136,13.05802302793245,0.12306386055327073,,,
2,213,267,310,4,273,277,euclidean_gaussian_ar,267.0,0.01,0.2901091628267705,17.256818853762898,1.0000000979674002e-08,,,
2,213,267,310,4,273,277,fixed_bwar,267.0,0.01,0.2545853476923116,10.100912888729242,0.06826770846802398,,,
2,213,267,310,4,273,277,local_bwar,48.0,0.1,0.43939058930774366,20.246095384263665,0.12154393954093427,8.745197711991706e-10,1.0,0.0
2,213,267,310,4,273,277,log_euclidean_gaussian_ar,267.0,0.1,0.37889287076969486,16.50055223831853,0.07241838199274589,,,
2,213,267,310,4,273,277,persistence,,,0.6903346225094724,53.62623232802114,0.03447150483758448,,,
2,213,267,310,4,273,277,raw_var_window_ar,72.0,10.0,0.5618806232155308,80.17220713644032,9.999999999841989e-09,,,
2,213,267,310,4,273,277,seasonal_window_naive,72.0,,0.6903346225094724,53.626303355206424,0.03446151483758192,,,
2,213,267,310,4,274,278,cholesky_gaussian_ar,267.0,0.1,0.32180140236323357,11.864107741197422,0.12059131048802338,,,
2,213,267,310,4,274,278,euclidean_gaussian_ar,267.0,0.01,0.33923024379320604,18.088945668404776,9.999999847788588e-09,,,
2,213,267,310,4,274,278,fixed_bwar,267.0,0.01,0.2188863343702271,8.047762635052377,0.06369585960001709,,,
2,213,267,310,4,274,278,local_bwar,48.0,0.1,0.4014838184866357,17.263890907619707,0.12489029485218076,9.949152098079988e-10,1.0,0.0
2,213,267,310,4,274,278,log_euclidean_gaussian_ar,267.0,0.1,0.34076981425277697,15.254867495105902,0.07086682699901473,,,
2,213,267,310,4,274,278,persistence,,,0.6161646611353423,43.83264384246472,0.055287716431459626,,,
2,213,267,310,4,274,278,raw_var_window_ar,72.0,10.0,0.5265183163185935,83.29861623871643,9.999999999106003e-09,,,
2,213,267,310,4,274,278,seasonal_window_naive,72.0,,0.6161646611353423,43.832730977863704,0.05527772643146278,,,
2,213,267,310,4,275,279,cholesky_gaussian_ar,267.0,0.1,0.27748727882842555,10.719097440983345,0.11433329848142494,,,
2,213,267,310,4,275,279,euclidean_gaussian_ar,267.0,0.01,0.507538189882865,31.839571506717324,9.999998238105309e-09,,,
2,213,267,310,4,275,279,fixed_bwar,267.0,0.01,0.2570001362748539,11.474977809803438,0.06788970677446213,,,
2,213,267,310,4,275,279,local_bwar,48.0,0.1,0.32989554345604455,10.44173597306807,0.12632940606446574,4.65846856760946e-11,1.0,0.0
2,213,267,310,4,275,279,log_euclidean_gaussian_ar,267.0,0.1,0.31360610359367824,16.102883020432103,0.06836118609897329,,,
2,213,267,310,4,275,279,persistence,,,0.24593953415439537,12.777665354613003,0.045467505829327626,,,
2,213,267,310,4,275,279,raw_var_window_ar,72.0,10.0,0.4149941294519803,81.59895881317999,9.999999999985988e-09,,,
2,213,267,310,4,275,279,seasonal_window_naive,72.0,,0.24593953415439548,12.777733932561127,0.0454575158293278,,,
2,213,267,310,4,276,280,cholesky_gaussian_ar,267.0,0.1,0.44127425995903824,19.638442156216968,0.13450231957449688,,,
2,213,267,310,4,276,280,euclidean_gaussian_ar,267.0,0.01,0.46651966989886495,29.508114435171258,9.999997891920144e-09,,,
2,213,267,310,4,276,280,fixed_bwar,267.0,0.01,0.3726328418064174,16.191764904327535,0.10073099092954808,,,
2,213,267,310,4,276,280,local_bwar,48.0,0.1,0.41652757796206635,15.129898930288503,0.13240193780708592,4.611848898491975e-11,1.0,0.0
2,213,267,310,4,276,280,log_euclidean_gaussian_ar,267.0,0.1,0.4441966986465492,19.932642429885732,0.08468283548581963,,,
2,213,267,310,4,276,280,persistence,,,0.4407594356821629,25.152747782925992,0.040277978930489074,,,
2,213,267,310,4,276,280,raw_var_window_ar,72.0,10.0,0.5516054502842768,89.0542435792598,9.999999997891462e-09,,,
2,213,267,310,4,276,280,seasonal_window_naive,72.0,,0.44075943568216286,25.15278253451154,0.04026798893047772,,,
2,213,267,310,4,277,281,cholesky_gaussian_ar,267.0,0.1,0.4453897271967278,18.939826419300722,0.13802184526894248,,,
2,213,267,310,4,277,281,euclidean_gaussian_ar,267.0,0.01,0.2623674003715031,14.835289585629436,1.0000000568956135e-08,,,
2,213,267,310,4,277,281,fixed_bwar,267.0,0.01,0.3255254154543256,11.702613647241574,0.12974889197444234,,,
2,213,267,310,4,277,281,local_bwar,48.0,0.1,0.3867154451186948,13.621506987275751,0.13260363459345217,5.0829249472607426e-11,1.0,0.0
2,213,267,310,4,277,281,log_euclidean_gaussian_ar,267.0,0.1,0.45246044005849106,19.949819997723452,0.09503444096755505,,,
2,213,267,310,4,277,281,persistence,,,0.6566555135967901,47.039603066525245,0.026411008386166942,,,
2,213,267,310,4,277,281,raw_var_window_ar,72.0,10.0,0.6124250262287572,98.12033973156582,9.999999999697719e-09,,,
2,213,267,310,4,277,281,seasonal_window_naive,72.0,,0.65665551359679,47.03970774502316,0.026401018386168765,,,
2,213,267,310,4,278,282,cholesky_gaussian_ar,267.0,0.1,0.3929978798974015,14.147347336720106,0.13333934265024838,,,
2,213,267,310,4,278,282,euclidean_gaussian_ar,267.0,0.01,0.3010668698065146,12.319507413581988,9.99999898482251e-09,,,
2,213,267,310,4,278,282,fixed_bwar,267.0,0.01,0.3227653465139089,10.439509600671258,0.11851245196402922,,,
2,213,267,310,4,278,282,local_bwar,48.0,0.1,0.28209052745737684,9.180546926186329,0.12322270552489012,5.967781265926535e-11,1.0,0.0
2,213,267,310,4,278,282,log_euclidean_gaussian_ar,267.0,0.1,0.4260141448819256,17.355429473393748,0.09303563387076014,,,
2,213,267,310,4,278,282,persistence,,,0.4337634290248535,23.127029455278667,0.0240006819148614,,,
2,213,267,310,4,278,282,raw_var_window_ar,72.0,10.0,0.596853352613114,98.42835576144023,9.99999999873174e-09,,,
2,213,267,310,4,278,282,seasonal_window_naive,72.0,,0.4337634290248535,23.127132712137104,0.023990691914862177,,,
2,213,267,310,4,279,283,cholesky_gaussian_ar,267.0,0.1,0.47485107674588856,20.733483130018918,0.11994332360736809,,,
2,213,267,310,4,279,283,euclidean_gaussian_ar,267.0,0.01,0.26479652394803055,14.475278578277607,9.999998687947988e-09,,,
2,213,267,310,4,279,283,fixed_bwar,267.0,0.01,0.385272737269198,14.794914649591039,0.09831814824017408,,,
2,213,267,310,4,279,283,local_bwar,48.0,0.1,0.3025119801262393,12.210281282645477,0.11712134280732525,6.649410725906506e-11,1.0,0.0
2,213,267,310,4,279,283,log_euclidean_gaussian_ar,267.0,0.1,0.4701169248997086,23.025558719183167,0.08446879010445724,,,
2,213,267,310,4,279,283,persistence,,,0.3785470774561804,19.52157338341719,0.035063833272721175,,,
2,213,267,310,4,279,283,raw_var_window_ar,72.0,10.0,0.6629412336542883,106.43056663668732,9.999999999354839e-09,,,
2,213,267,310,4,279,283,seasonal_window_naive,72.0,,0.37854707745618044,19.521704509848135,0.035053843272720694,,,
2,213,267,310,4,280,284,cholesky_gaussian_ar,267.0,0.1,0.5573655859201259,27.88859496540592,0.1169410076481366,,,
2,213,267,310,4,280,284,euclidean_gaussian_ar,267.0,0.01,0.39489206334936633,23.8771534577938,1.0000000284093365e-08,,,
2,213,267,310,4,280,284,fixed_bwar,267.0,0.01,0.5103580831680926,22.335121281019227,0.07249586428076611,,,
2,213,267,310,4,280,284,local_bwar,48.0,0.1,0.41530564321519553,21.99404560693114,0.1142223601523469,7.153968940869849e-11,1.0,0.0
2,213,267,310,4,280,284,log_euclidean_gaussian_ar,267.0,0.1,0.5623264994025132,30.096960096472507,0.07233755513735236,,,
2,213,267,310,4,280,284,persistence,,,0.7270720917908886,51.226618864899784,0.035558502509210624,,,
2,213,267,310,4,280,284,raw_var_window_ar,72.0,10.0,0.7054883055914326,103.31587864894196,9.999999998962507e-09,,,
2,213,267,310,4,280,284,seasonal_window_naive,72.0,,0.7270720917908886,51.22678370074442,0.03554851250921181,,,
2,213,267,310,4,281,285,cholesky_gaussian_ar,267.0,0.1,0.41551327162530327,20.00384917648782,0.1208210414716219,,,
2,213,267,310,4,281,285,euclidean_gaussian_ar,267.0,0.01,0.41724233289075424,24.2242463425997,9.999999959518817e-09,,,
2,213,267,310,4,281,285,fixed_bwar,267.0,0.01,0.37698227148564367,16.985981394382645,0.08029137751961057,,,
2,213,267,310,4,281,285,local_bwar,48.0,0.1,0.39990350135101427,19.952968492111964,0.11680230855216087,7.940585003670338e-11,1.0,0.0
2,213,267,310,4,281,285,log_euclidean_gaussian_ar,267.0,0.1,0.42023534669167906,21.02021696507672,0.07606038012564617,,,
2,213,267,310,4,281,285,persistence,,,0.6236906385223434,43.43270342964823,0.04002904579613318,,,
2,213,267,310,4,281,285,raw_var_window_ar,72.0,10.0,0.5504390141387914,89.61600329788646,9.999999999998533e-09,,,
2,213,267,310,4,281,285,seasonal_window_naive,72.0,,0.6236906385223434,43.43283525731629,0.040019055796134295,,,
2,213,267,310,4,282,286,cholesky_gaussian_ar,267.0,0.1,0.36279311663432423,14.69408503266966,0.1273733023436096,,,
2,213,267,310,4,282,286,euclidean_gaussian_ar,267.0,0.01,0.5400558552974248,29.744381969056672,9.999999641225787e-09,,,
2,213,267,310,4,282,286,fixed_bwar,267.0,0.01,0.38161863688740855,15.789326678612838,0.08628541945149508,,,
2,213,267,310,4,282,286,local_bwar,48.0,0.1,0.5113751681832864,21.707655894128735,0.1271521587821864,8.854802613277516e-11,1.0,0.0
2,213,267,310,4,282,286,log_euclidean_gaussian_ar,267.0,0.1,0.32293697878242744,12.685405559844302,0.0757322953703784,,,
2,213,267,310,4,282,286,persistence,,,0.555491200752725,26.347663389883138,0.07237585128154955,,,
2,213,267,310,4,282,286,raw_var_window_ar,72.0,10.0,0.309815910634274,61.06384106298308,9.99999999989508e-09,,,
2,213,267,310,4,282,286,seasonal_window_naive,72.0,,0.555491200752725,26.347683686760433,0.07236586128154968,,,
2,213,267,310,4,283,287,cholesky_gaussian_ar,267.0,0.1,0.5916151360127703,23.552972861395695,0.15867910638650135,,,
2,213,267,310,4,283,287,euclidean_gaussian_ar,267.0,0.01,0.6380457481872472,36.11180279375368,1.0000000317034728e-08,,,
2,213,267,310,4,283,287,fixed_bwar,267.0,0.01,0.5998876185859155,24.72706953961397,0.11589168200980393,,,
2,213,267,310,4,283,287,local_bwar,48.0,0.1,0.6396976735823552,25.116811865753757,0.13321304806139525,8.825290720930957e-11,1.0,0.0
2,213,267,310,4,283,287,log_euclidean_gaussian_ar,267.0,0.1,0.5066269649969084,16.307941339365872,0.09097067480276731,,,
2,213,267,310,4,283,287,persistence,,,0.7826997819035737,41.739295162476296,0.04884627533271209,,,
2,213,267,310,4,283,287,raw_var_window_ar,72.0,10.0,0.3885925306771643,54.95623044839315,9.999999999988789e-09,,,
2,213,267,310,4,283,287,seasonal_window_naive,72.0,,0.7826997819035738,41.73924523822756,0.04883628533271133,,,
2,213,267,310,4,284,288,cholesky_gaussian_ar,267.0,0.1,0.5904868726569331,24.947802725379255,0.1761573056297067,,,
2,213,267,310,4,284,288,euclidean_gaussian_ar,267.0,0.01,0.904773128633487,55.49478405741432,9.99999875936784e-09,,,
2,213,267,310,4,284,288,fixed_bwar,267.0,0.01,0.7265380120677253,34.142090124171354,0.1455560546483637,,,
2,213,267,310,4,284,288,local_bwar,48.0,0.1,0.6369202127943728,24.94332266930109,0.13981014379201184,8.366454567891223e-11,1.0,0.0
2,213,267,310,4,284,288,log_euclidean_gaussian_ar,267.0,0.1,0.5056451574413714,18.263712354365897,0.10368262046373437,,,
2,213,267,310,4,284,288,persistence,,,0.9144931042108616,61.56070555489388,0.05262998989895685,,,
2,213,267,310,4,284,288,raw_var_window_ar,72.0,10.0,0.41995629576087073,59.48733716293863,9.999999998608247e-09,,,
2,213,267,310,4,284,288,seasonal_window_naive,72.0,,0.9144931042108617,61.560672591524586,0.0526199998989568,,,
2,213,267,310,4,285,289,cholesky_gaussian_ar,267.0,0.1,0.3713253005115791,12.50278037091084,0.14412372468574158,,,
2,213,267,310,4,285,289,euclidean_gaussian_ar,267.0,0.01,0.6319797701157058,36.688792164824676,9.999999740549505e-09,,,
2,213,267,310,4,285,289,fixed_bwar,267.0,0.01,0.4913323214339367,19.31323804467687,0.11957643356207298,,,
2,213,267,310,4,285,289,local_bwar,48.0,0.1,0.4309908719061725,14.198280269611969,0.13671204749173635,8.629477890338999e-11,1.0,0.0
2,213,267,310,4,285,289,log_euclidean_gaussian_ar,267.0,0.1,0.3325490401266952,10.50561311086579,0.097672480560726,,,
2,213,267,310,4,285,289,persistence,,,0.5860484392984602,36.05356140198729,0.029511895236177935,,,
2,213,267,310,4,285,289,raw_var_window_ar,72.0,10.0,0.4125147851299849,65.36834488155937,9.999999997885536e-09,,,
2,213,267,310,4,285,289,seasonal_window_naive,72.0,,0.5860484392984601,36.05357575145367,0.029501905236182888,,,
2,213,267,310,4,286,290,cholesky_gaussian_ar,267.0,0.1,0.2197496412025887,8.46514318923726,0.11186182434456698,,,
2,213,267,310,4,286,290,euclidean_gaussian_ar,267.0,0.01,0.3005358054900293,15.112172729976969,1.0000000167812341e-08,,,
2,213,267,310,4,286,290,fixed_bwar,267.0,0.01,0.20311225203568314,7.805587542348195,0.09265153225604575,,,
2,213,267,310,4,286,290,local_bwar,48.0,0.1,0.3126094148290452,10.476921798277246,0.13514854819647873,1.0226466876488546e-10,1.0,0.0
2,213,267,310,4,286,290,log_euclidean_gaussian_ar,267.0,0.1,0.20847690434669708,8.590878569237766,0.08329664451357888,,,
2,213,267,310,4,286,290,persistence,,,0.2841648395720998,14.797922390620055,0.026144881392166676,,,
2,213,267,310,4,286,290,raw_var_window_ar,72.0,10.0,0.3404981866774864,69.68666278488219,9.99999999918553e-09,,,
2,213,267,310,4,286,290,seasonal_window_naive,72.0,,0.2841648395720999,14.79803142254235,0.026134891392166675,,,
2,213,267,310,4,287,291,cholesky_gaussian_ar,267.0,0.1,0.39051063215148135,16.64269677329368,0.08862406588739843,,,
2,213,267,310,4,287,291,euclidean_gaussian_ar,267.0,0.01,0.18412398576446856,9.332669502458716,9.999999146973431e-09,,,
2,213,267,310,4,287,291,fixed_bwar,267.0,0.01,0.3324313867128501,11.704201896483305,0.06349051517426287,,,
2,213,267,310,4,287,291,local_bwar,48.0,0.1,0.384234336502641,17.118581671663385,0.12785423886946554,1.1587092931587243e-10,1.0,0.0
2,213,267,310,4,287,291,log_euclidean_gaussian_ar,267.0,0.1,0.4191674257469652,21.91725558252366,0.06156083618358165,,,
2,213,267,310,4,287,291,persistence,,,0.5702812649898331,29.8491935943782,0.021812757141883028,,,
2,213,267,310,4,287,291,raw_var_window_ar,72.0,10.0,0.3805378496091716,63.643001330881255,9.999999999318883e-09,,,
2,213,267,310,4,287,291,seasonal_window_naive,72.0,,0.5702812649898331,29.849367796107238,0.02180276714188376,,,
2,213,267,310,4,288,292,cholesky_gaussian_ar,267.0,0.1,0.3740024404485443,16.132037763609514,0.08903406667713978,,,
2,213,267,310,4,288,292,euclidean_gaussian_ar,267.0,0.01,0.20246588248633585,10.954471032363914,9.999999845517441e-09,,,
2,213,267,310,4,288,292,fixed_bwar,267.0,0.01,0.3584650057784773,12.546833263321302,0.06082320784447122,,,
2,213,267,310,4,288,292,local_bwar,48.0,0.1,0.33661587204011795,12.388134594502073,0.1250435559902247,1.2749413681846254e-10,1.0,0.0
2,213,267,310,4,288,292,log_euclidean_gaussian_ar,267.0,0.1,0.39085538703101247,22.658482588902483,0.06105469537741298,,,
2,213,267,310,4,288,292,persistence,,,0.6126920293813487,34.04138664971212,0.017575349856887187,,,
2,213,267,310,4,288,292,raw_var_window_ar,72.0,10.0,0.3641129674725701,70.93890597028279,9.999999999324467e-09,,,
2,213,267,310,4,288,292,seasonal_window_naive,72.0,,0.6126920293813488,34.04158270748208,0.017565359856885118,,,
2,213,267,310,4,289,293,cholesky_gaussian_ar,267.0,0.1,0.2176029014458912,9.166104071254924,0.10449643698376292,,,
2,213,267,310,4,289,293,euclidean_gaussian_ar,267.0,0.01,0.3200065239194064,15.490029751231015,9.999999439634218e-09,,,
2,213,267,310,4,289,293,fixed_bwar,267.0,0.01,0.24123924798619803,9.732405286774606,0.07528171122850616,,,
2,213,267,310,4,289,293,local_bwar,48.0,0.1,0.28337535782549655,8.550010374163076,0.12195405232585312,1.3391725057641762e-10,1.0,0.0
2,213,267,310,4,289,293,log_euclidean_gaussian_ar,267.0,0.1,0.23631226223991034,12.713318706130897,0.06893714994122037,,,
2,213,267,310,4,289,293,persistence,,,0.25443462484955576,11.519160563152154,0.03203538067089042,,,
2,213,267,310,4,289,293,raw_var_window_ar,72.0,10.0,0.29552630409749314,71.41205959927247,9.999999999454566e-09,,,
2,213,267,310,4,289,293,seasonal_window_naive,72.0,,0.25443462484955576,11.519243853066857,0.03202539067088802,,,
2,213,267,310,4,290,294,cholesky_gaussian_ar,267.0,0.1,0.3538791126105569,13.602391871625775,0.11979124278898215,,,
2,213,267,310,4,290,294,euclidean_gaussian_ar,267.0,0.01,0.38394431747029556,19.786530205263272,9.999999953362758e-09,,,
2,213,267,310,4,290,294,fixed_bwar,267.0,0.01,0.38572715378037975,15.650937514885014,0.10267190810290971,,,
2,213,267,310,4,290,294,local_bwar,48.0,0.1,0.34967775694812525,11.642392285626185,0.1280482061018275,1.2784204078469073e-10,1.0,0.0
2,213,267,310,4,290,294,log_euclidean_gaussian_ar,267.0,0.1,0.3569354037798104,14.393054442527415,0.08157063565804151,,,
2,213,267,310,4,290,294,persistence,,,0.33214203928292313,19.04879724162985,0.05214655370379573,,,
2,213,267,310,4,290,294,raw_var_window_ar,72.0,10.0,0.44659101246035154,78.0059408256201,9.999999999826211e-09,,,
2,213,267,310,4,290,294,seasonal_window_naive,72.0,,0.33214203928292313,19.04882733229561,0.05213656370379406,,,
2,213,267,310,4,291,295,cholesky_gaussian_ar,267.0,0.1,0.4009536549213899,16.03195707696242,0.1315337312681505,,,
2,213,267,310,4,291,295,euclidean_gaussian_ar,267.0,0.01,0.3076407352469124,15.066696973385056,9.999999901696842e-09,,,
2,213,267,310,4,291,295,fixed_bwar,267.0,0.01,0.3428128866989061,13.027031801568228,0.11575849242666825,,,
2,213,267,310,4,291,295,local_bwar,48.0,0.1,0.36868661759835425,12.827398500861715,0.134703818110075,9.968567750170051e-11,1.0,0.0
2,213,267,310,4,291,295,log_euclidean_gaussian_ar,267.0,0.1,0.39453805685543863,14.50628309530949,0.0960709915203101,,,
2,213,267,310,4,291,295,persistence,,,0.616296254667755,41.400841628734014,0.015482370337923832,,,
2,213,267,310,4,291,295,raw_var_window_ar,72.0,10.0,0.4949892494622414,77.98437423459478,9.999999999803356e-09,,,
2,213,267,310,4,291,295,seasonal_window_naive,72.0,,0.616296254667755,41.400911986928215,0.015472380337920264,,,
2,213,267,310,4,292,296,cholesky_gaussian_ar,267.0,0.1,0.3413773716543544,11.112548118954589,0.1297827925245229,,,
2,213,267,310,4,292,296,euclidean_gaussian_ar,267.0,0.01,0.31570557190361037,15.720031263976896,0.04191488335059096,,,
2,213,267,310,4,292,296,fixed_bwar,267.0,0.01,0.253136311763949,8.058730971777248,0.1161731634250533,,,
2,213,267,310,4,292,296,local_bwar,48.0,0.1,0.34126593688237483,10.435066942184154,0.1287720669161705,9.365989185965676e-11,1.0,0.0
2,213,267,310,4,292,296,log_euclidean_gaussian_ar,267.0,0.1,0.32343653651662063,9.871450701605278,0.08982005188240415,,,
2,213,267,310,4,292,296,persistence,,,0.48543569299603667,25.04515623866037,0.03078292540629891,,,
2,213,267,310,4,292,296,raw_var_window_ar,72.0,10.0,0.41070829764097116,66.55122910246887,9.99999999957157e-09,,,
2,213,267,310,4,292,296,seasonal_window_naive,72.0,,0.4854356929960367,25.04519345322697,0.030772935406298718,,,
2,213,267,310,4,293,297,cholesky_gaussian_ar,267.0,0.1,0.2781127275891095,8.536850407793414,0.11280480835934673,,,
2,213,267,310,4,293,297,euclidean_gaussian_ar,267.0,0.01,0.3780222685848216,20.356738113989046,1.00000011210997e-08,,,
2,213,267,310,4,293,297,fixed_bwar,267.0,0.01,0.2617135959262527,8.43222997781519,0.08362765020380364,,,
2,213,267,310,4,293,297,local_bwar,48.0,0.1,0.34035600879949085,10.31014050440803,0.1202167857069874,8.652137691020262e-11,1.0,0.0
2,213,267,310,4,293,297,log_euclidean_gaussian_ar,267.0,0.1,0.26321763562612444,8.412902541685675,0.07602166794605135,,,
2,213,267,310,4,293,297,persistence,,,0.18436449129487528,10.277201340062373,0.03828881660384394,,,
2,213,267,310,4,293,297,raw_var_window_ar,72.0,10.0,0.30839930778366964,57.83839556399137,9.999999999661033e-09,,,
2,213,267,310,4,293,297,seasonal_window_naive,72.0,,0.1843644912948753,10.277245574713255,0.03827882660384047,,,
2,213,267,310,4,294,298,cholesky_gaussian_ar,267.0,0.1,0.3027496118250027,9.642430248564857,0.10386742378626083,,,
2,213,267,310,4,294,298,euclidean_gaussian_ar,267.0,0.01,0.34736173423359495,18.756480773223565,9.999997771039447e-09,,,
2,213,267,310,4,294,298,fixed_bwar,267.0,0.01,0.246432378616261,7.781224538223221,0.06546603039787394,,,
2,213,267,310,4,294,298,local_bwar,48.0,0.1,0.46522216145160444,18.97266252526115,0.1129383343472296,7.25750231333576e-11,1.0,0.0
2,213,267,310,4,294,298,log_euclidean_gaussian_ar,267.0,0.1,0.27988825583446264,8.62389732387684,0.06473059127760665,,,
2,213,267,310,4,294,298,persistence,,,0.528172716341436,30.60628802905278,0.029632201081317745,,,
2,213,267,310,4,294,298,raw_var_window_ar,72.0,10.0,0.3389914473393438,44.982706917850635,9.999999996944863e-09,,,
2,213,267,310,4,294,298,seasonal_window_naive,72.0,,0.528172716341436,30.606326878804644,0.02962221108131833,,,
2,213,267,310,4,295,299,cholesky_gaussian_ar,267.0,0.1,0.3125883645727828,8.55087438206677,0.10596135036012466,,,
2,213,267,310,4,295,299,euclidean_gaussian_ar,267.0,0.01,0.44471442630753893,23.26971463474591,9.999996087933904e-09,,,
2,213,267,310,4,295,299,fixed_bwar,267.0,0.01,0.28427546567704265,8.125230269892834,0.059079350227654565,,,
2,213,267,310,4,295,299,local_bwar,48.0,0.1,0.4749667261307004,16.280569312449323,0.11372937509230518,6.783919809011811e-11,1.0,0.0
2,213,267,310,4,295,299,log_euclidean_gaussian_ar,267.0,0.1,0.28506474168542484,7.958077969576911,0.06373206307668595,,,
2,213,267,310,4,295,299,persistence,,,0.5179596807890605,27.661041302751784,0.02299762965453322,,,
2,213,267,310,4,295,299,raw_var_window_ar,72.0,10.0,0.326491481861211,46.76139894763273,9.99999999870413e-09,,,
2,213,267,310,4,295,299,seasonal_window_naive,72.0,,0.5179596807890605,27.661102932378114,0.022987639654538827,,,
2,213,267,310,4,296,300,cholesky_gaussian_ar,267.0,0.1,0.2961124312003567,10.385363440631552,0.1017441397493723,,,
2,213,267,310,4,296,300,euclidean_gaussian_ar,267.0,0.01,0.4761888729831583,28.21541680708792,9.999999502576974e-09,,,
2,213,267,310,4,296,300,fixed_bwar,267.0,0.01,0.31280958415146226,12.423135155165703,0.06372429805696196,,,
2,213,267,310,4,296,300,local_bwar,48.0,0.1,0.3695906291771965,10.554040487599936,0.11765125449687865,7.293747339853768e-11,1.0,0.0
2,213,267,310,4,296,300,log_euclidean_gaussian_ar,267.0,0.1,0.28709668920715453,10.937798919795101,0.06675081362930915,,,
2,213,267,310,4,296,300,persistence,,,0.20376250187025252,7.7247887184489095,0.0371507752066944,,,
2,213,267,310,4,296,300,raw_var_window_ar,72.0,10.0,0.336619551440955,60.88354571563946,9.999999999397455e-09,,,
2,213,267,310,4,296,300,seasonal_window_naive,72.0,,0.20376250187025247,7.724843007505457,0.037140785206698314,,,
2,213,267,310,4,297,301,cholesky_gaussian_ar,267.0,0.1,0.4023499795595727,18.4374824244341,0.10298219683393287,,,
2,213,267,310,4,297,301,euclidean_gaussian_ar,267.0,0.01,0.3756678402134351,21.672210328789212,0.03258390511890366,,,
2,213,267,310,4,297,301,fixed_bwar,267.0,0.01,0.37831237728672906,16.828156123431988,0.08032922985884247,,,
2,213,267,310,4,297,301,local_bwar,48.0,0.1,0.2980789409994118,10.647938570429094,0.12441102514111947,6.93993354760809e-11,1.0,0.0
2,213,267,310,4,297,301,log_euclidean_gaussian_ar,267.0,0.1,0.40061061947011095,18.81038046635005,0.07356015674083685,,,
2,213,267,310,4,297,301,persistence,,,0.31107894976533995,16.974099013381828,0.029983581460148363,,,
2,213,267,310,4,297,301,raw_var_window_ar,72.0,10.0,0.4657788896126213,78.13815752440497,9.999999999799068e-09,,,
2,213,267,310,4,297,301,seasonal_window_naive,72.0,,0.3110789497653399,16.97416401665606,0.029973591460147737,,,
2,213,267,310,4,298,302,cholesky_gaussian_ar,267.0,0.1,0.36589639492251586,15.949986757435084,0.10095509564553316,,,
2,213,267,310,4,298,302,euclidean_gaussian_ar,267.0,0.01,0.26334818081375255,13.83639213531241,9.999999842323173e-09,,,
2,213,267,310,4,298,302,fixed_bwar,267.0,0.01,0.30698576910061026,11.990908610434424,0.09369784023935084,,,
2,213,267,310,4,298,302,local_bwar,48.0,0.1,0.2822893189070135,9.155653701546921,0.1245806858003958,6.819904265268621e-11,1.0,0.0
2,213,267,310,4,298,302,log_euclidean_gaussian_ar,267.0,0.1,0.3573004743746745,16.904773949780516,0.07741591051395147,,,
2,213,267,310,4,298,302,persistence,,,0.5246992194990926,31.823066040528847,0.00925021652578657,,,
2,213,267,310,4,298,302,raw_var_window_ar,72.0,10.0,0.4539870367204567,75.29614548291572,9.99999999859762e-09,,,
2,213,267,310,4,298,302,seasonal_window_naive,72.0,,0.5246992194990926,31.82319060732797,0.009240226525783827,,,
2,213,267,310,4,299,303,cholesky_gaussian_ar,267.0,0.1,0.2903756015631411,10.417601567352829,0.09542369927262416,,,
2,213,267,310,4,299,303,euclidean_gaussian_ar,267.0,0.01,0.22948631224365487,11.807977822107288,9.999999913550435e-09,,,
2,213,267,310,4,299,303,fixed_bwar,267.0,0.01,0.2176027857158309,7.504360512612317,0.08779814414712413,,,
2,213,267,310,4,299,303,local_bwar,48.0,0.1,0.3558153293017054,11.154396054949437,0.11926790094662136,6.569937640820007e-11,1.0,0.0
2,213,267,310,4,299,303,log_euclidean_gaussian_ar,267.0,0.1,0.2569448299845374,9.624944333330683,0.07216487173470393,,,
2,213,267,310,4,299,303,persistence,,,0.35188249955115675,15.380075795426546,0.018387539843298353,,,
2,213,267,310,4,299,303,raw_var_window_ar,72.0,10.0,0.38855849690674044,56.69318934665818,9.999999998867625e-09,,,
2,213,267,310,4,299,303,seasonal_window_naive,72.0,,0.3518824995511567,15.380137154069377,0.018377549843296516,,,
2,213,267,310,4,300,304,cholesky_gaussian_ar,267.0,0.1,0.26210974942486237,8.017077545611047,0.09534950636824867,,,
2,213,267,310,4,300,304,euclidean_gaussian_ar,267.0,0.01,0.37448242037101337,18.242392804478428,9.999998352594366e-09,,,
2,213,267,310,4,300,304,fixed_bwar,267.0,0.01,0.21130984586224696,6.543026790668316,0.07130122608471026,,,
2,213,267,310,4,300,304,local_bwar,48.0,0.1,0.44663822638862344,15.85118524063892,0.11235704384841022,6.121448213087048e-11,1.0,0.0
2,213,267,310,4,300,304,log_euclidean_gaussian_ar,267.0,0.1,0.22189921731143133,7.498387281850685,0.06418358726420188,,,
2,213,267,310,4,300,304,persistence,,,0.20095846034690734,11.433941168414677,0.025553478383538674,,,
2,213,267,310,4,300,304,raw_var_window_ar,72.0,10.0,0.3286468951082149,42.93733676654252,9.999999999456021e-09,,,
2,213,267,310,4,300,304,seasonal_window_naive,72.0,,0.20095846034690734,11.43397681347803,0.025543488383538378,,,
2,213,267,310,4,301,305,cholesky_gaussian_ar,267.0,0.1,0.35505909563489346,10.860572627510896,0.10331388133388605,,,
2,213,267,310,4,301,305,euclidean_gaussian_ar,267.0,0.01,0.609163050254815,32.25162983993481,9.999999747708357e-09,,,
2,213,267,310,4,301,305,fixed_bwar,267.0,0.01,0.35452151487757094,11.577663312934995,0.0626003334038602,,,
2,213,267,310,4,301,305,local_bwar,48.0,0.1,0.5405843018538713,22.329870014813558,0.10780529836736515,9.834220759989947e-10,1.0,0.0
2,213,267,310,4,301,305,log_euclidean_gaussian_ar,267.0,0.1,0.3171819490973247,7.767295162607686,0.06296805433920168,,,
2,213,267,310,4,301,305,persistence,,,0.5508806699668769,35.18821997569165,0.029411211719911613,,,
2,213,267,310,4,301,305,raw_var_window_ar,72.0,10.0,0.34988998844131114,36.18310106794171,9.999999999664456e-09,,,
2,213,267,310,4,301,305,seasonal_window_naive,72.0,,0.5508806699668769,35.18825768668574,0.02940122171990984,,,
2,213,267,310,4,302,306,cholesky_gaussian_ar,267.0,0.1,0.34928433544400067,9.554754919040452,0.09850498548296929,,,
2,213,267,310,4,302,306,euclidean_gaussian_ar,267.0,0.01,0.5427634326318366,28.02537704085183,9.99999995171575e-09,,,
2,213,267,310,4,302,306,fixed_bwar,267.0,0.01,0.3232067675996836,9.45256282548016,0.059135251369405936,,,
2,213,267,310,4,302,306,local_bwar,48.0,0.1,0.5452788201462736,20.359016827396367,0.10945340010105338,9.506056169743708e-10,1.0,0.0
2,213,267,310,4,302,306,log_euclidean_gaussian_ar,267.0,0.1,0.2994385532500958,7.058890425301016,0.06202379528329711,,,
2,213,267,310,4,302,306,persistence,,,0.5232762658232425,29.168727210115193,0.027934292361555875,,,
2,213,267,310,4,302,306,raw_var_window_ar,72.0,10.0,0.3542441821714786,38.21409452679479,9.99999999939017e-09,,,
2,213,267,310,4,302,306,seasonal_window_naive,72.0,,0.5232762658232425,29.168755476173864,0.027924302361556904,,,
2,213,267,310,4,303,307,cholesky_gaussian_ar,267.0,0.1,0.35861714935896527,9.444941113693986,0.0924607352549086,,,
2,213,267,310,4,303,307,euclidean_gaussian_ar,267.0,0.01,0.5776063214230057,32.63839197658389,9.999999896103209e-09,,,
2,213,267,310,4,303,307,fixed_bwar,267.0,0.01,0.3341974680216436,10.583850014297502,0.059842548977531274,,,
2,213,267,310,4,303,307,local_bwar,48.0,0.1,0.6219499056406972,25.868944715905283,0.11575012694299439,6.331323647700392e-11,1.0,0.0
2,213,267,310,4,303,307,log_euclidean_gaussian_ar,267.0,0.1,0.33236879424226956,6.452081711688787,0.062458696254033524,,,
2,213,267,310,4,303,307,persistence,,,0.36300602078241445,14.1460914377374,0.0352371659101735,,,
2,213,267,310,4,303,307,raw_var_window_ar,72.0,10.0,0.44885526079554583,32.816981212092955,9.999999999158308e-09,,,
2,213,267,310,4,303,307,seasonal_window_naive,72.0,,0.36300602078241456,14.146100947775121,0.035227175910173054,,,
2,213,267,310,4,304,308,cholesky_gaussian_ar,267.0,0.1,0.35172265527106755,10.573017591663055,0.08900382122056422,,,
2,213,267,310,4,304,308,euclidean_gaussian_ar,267.0,0.01,0.376228800992874,19.05168721626932,1.0000000515252483e-08,,,
2,213,267,310,4,304,308,fixed_bwar,267.0,0.01,0.2737085363353632,7.95919253445542,0.0799477088541074,,,
2,213,267,310,4,304,308,local_bwar,48.0,0.1,0.5314418160168329,20.131978114616537,0.12412216477785933,6.284625828195075e-11,1.0,0.0
2,213,267,310,4,304,308,log_euclidean_gaussian_ar,267.0,0.1,0.3319225969718231,8.306797618296281,0.07040223102240706,,,
2,213,267,310,4,304,308,persistence,,,0.3008395440314107,13.521992602536384,0.026548339459902044,,,
2,213,267,310,4,304,308,raw_var_window_ar,72.0,10.0,0.49183034221325306,43.64816761150845,9.999999999783127e-09,,,
2,213,267,310,4,304,308,seasonal_window_naive,72.0,,0.3008395440314107,13.52203721324068,0.02653834945990275,,,
2,213,267,310,4,305,309,cholesky_gaussian_ar,267.0,0.1,0.3752402167527246,12.36716748581589,0.0959932980583004,,,
2,213,267,310,4,305,309,euclidean_gaussian_ar,267.0,0.01,0.31846816994979815,15.11156442287679,0.06361440563140636,,,
2,213,267,310,4,305,309,fixed_bwar,267.0,0.01,0.2772567835072771,8.234011186617371,0.08845233518852376,,,
2,213,267,310,4,305,309,local_bwar,48.0,0.1,0.46192670383128354,17.0426389863433,0.12787574550742467,6.064809440569545e-11,1.0,0.0
2,213,267,310,4,305,309,log_euclidean_gaussian_ar,267.0,0.1,0.3393768676695814,9.646440885756503,0.07610247036224771,,,
2,213,267,310,4,305,309,persistence,,,0.450711846623213,22.420987356743254,0.02351835259897903,,,
2,213,267,310,4,305,309,raw_var_window_ar,72.0,10.0,0.509021758314907,48.867429036054574,9.999999999678659e-09,,,
2,213,267,310,4,305,309,seasonal_window_naive,72.0,,0.450711846623213,22.421077615697868,0.02350836259897928,,,
2,213,267,310,6,261,267,cholesky_gaussian_ar,267.0,0.1,0.5094390759074824,25.63164300109207,0.16063473499840267,,,
2,213,267,310,6,261,267,euclidean_gaussian_ar,267.0,1.0,0.6030124770050034,30.521188101326377,0.2767187347920461,,,
2,213,267,310,6,261,267,fixed_bwar,267.0,0.1,0.5469148288648548,27.52341031343422,0.12474619807997922,,,
2,213,267,310,6,261,267,local_bwar,24.0,0.1,0.49152739048304483,19.867985569945525,0.11910964020248829,6.424988466912212e-11,1.0,0.0
2,213,267,310,6,261,267,log_euclidean_gaussian_ar,267.0,0.1,0.493868876030926,27.868577820606337,0.09969953660088707,,,
2,213,267,310,6,261,267,persistence,,,0.35860072363600726,15.742826045811807,0.06526129592928037,,,
2,213,267,310,6,261,267,raw_var_window_ar,72.0,1e-06,0.6268998507259724,121.15960239294772,9.999999999999975e-09,,,
2,213,267,310,6,261,267,seasonal_window_naive,72.0,,0.3586007236360073,15.742857938288699,0.06525130592928932,,,
2,213,267,310,6,262,268,cholesky_gaussian_ar,267.0,0.1,0.5383050690510137,27.023168715684495,0.1517686862799588,,,
2,213,267,310,6,262,268,euclidean_gaussian_ar,267.0,1.0,0.528532371097975,26.48625407009264,0.27692967847904804,,,
2,213,267,310,6,262,268,fixed_bwar,267.0,0.1,0.5421510673331543,26.832834797901782,0.12789145722360876,,,
2,213,267,310,6,262,268,local_bwar,24.0,0.1,0.4292593471935494,18.78668698010015,0.11698906521492786,5.57225067051178e-11,1.0,0.0
2,213,267,310,6,262,268,log_euclidean_gaussian_ar,267.0,0.1,0.5414048194582713,29.087271384110906,0.1019427553863205,,,
2,213,267,310,6,262,268,persistence,,,0.5529679739336933,36.636191856573106,0.07284730533096838,,,
2,213,267,310,6,262,268,raw_var_window_ar,72.0,1e-06,0.7388732250296702,123.69968968918519,9.999999999999954e-09,,,
2,213,267,310,6,262,268,seasonal_window_naive,72.0,,0.5529679739336933,36.63623121127875,0.07283731533097176,,,
2,213,267,310,6,263,269,cholesky_gaussian_ar,267.0,0.1,0.42485190382725524,17.939193789555446,0.12978724487379753,,,
2,213,267,310,6,263,269,euclidean_gaussian_ar,267.0,1.0,0.4087920539095939,18.951659815795818,0.26162687154143616,,,
2,213,267,310,6,263,269,fixed_bwar,267.0,0.1,0.43724908769547044,17.387275766001324,0.10991943918573448,,,
2,213,267,310,6,263,269,local_bwar,24.0,0.1,0.42096487719143677,18.614274784234794,0.11104159359448197,5.666182054849849e-11,1.0,0.0
2,213,267,310,6,263,269,log_euclidean_gaussian_ar,267.0,0.1,0.4155414395572359,19.394566964792133,0.0925452524482405,,,
2,213,267,310,6,263,269,persistence,,,0.5070421544796303,36.58966324464724,0.03231715167812055,,,
2,213,267,310,6,263,269,raw_var_window_ar,72.0,1e-06,0.5511940506982702,91.73275992951872,9.999999999999575e-09,,,
2,213,267,310,6,263,269,seasonal_window_naive,72.0,,0.5070421544796305,36.58975540996403,0.032307161678120914,,,
2,213,267,310,6,264,270,cholesky_gaussian_ar,267.0,0.1,0.37644133399492913,13.48502893681342,0.11475776581822991,,,
2,213,267,310,6,264,270,euclidean_gaussian_ar,267.0,1.0,0.3877093912524552,18.293396452522153,0.24391663881964937,,,
2,213,267,310,6,264,270,fixed_bwar,267.0,0.1,0.3887605476854529,13.001225371178247,0.10255107928663885,,,
2,213,267,310,6,264,270,local_bwar,24.0,0.1,0.5328067609564223,28.20733848039157,0.10609710948760565,5.7239897353131526e-11,1.0,0.0
2,213,267,310,6,264,270,log_euclidean_gaussian_ar,267.0,0.1,0.3857203615508173,14.887766929432157,0.0792166563954272,,,
2,213,267,310,6,264,270,persistence,,,0.3554663702511303,26.732440121840185,0.02895896802283136,,,
2,213,267,310,6,264,270,raw_var_window_ar,72.0,1e-06,0.44806193744566736,63.00893835355082,9.999999999999823e-09,,,
2,213,267,310,6,264,270,seasonal_window_naive,72.0,,0.3554663702511306,26.7325098786104,0.028948978022827063,,,
2,213,267,310,6,265,271,cholesky_gaussian_ar,267.0,0.1,0.46673680391708694,19.48646641412013,0.0816734743084113,,,
2,213,267,310,6,265,271,euclidean_gaussian_ar,267.0,1.0,0.47506625759395404,16.131071942854664,0.18831097202763628,,,
2,213,267,310,6,265,271,fixed_bwar,267.0,0.1,0.4994397861991803,18.321586889137077,0.08641074286231157,,,
2,213,267,310,6,265,271,local_bwar,24.0,0.1,0.47839400748719685,20.53375442298187,0.10632116747766018,5.906310094828722e-11,1.0,0.0
2,213,267,310,6,265,271,log_euclidean_gaussian_ar,267.0,0.1,0.47469681639623584,24.988254524639792,0.06777947856811772,,,
2,213,267,310,6,265,271,persistence,,,0.5864754778631742,25.492878858722683,0.015067734246774498,,,
2,213,267,310,6,265,271,raw_var_window_ar,72.0,1e-06,0.47433997593046984,79.53691077956866,9.999999999999967e-09,,,
2,213,267,310,6,265,271,seasonal_window_naive,72.0,,0.5864754778631742,25.493098245691716,0.015057744246775159,,,
2,213,267,310,6,266,272,cholesky_gaussian_ar,267.0,0.1,0.4474716673384495,19.99918837370047,0.12245546628370783,,,
2,213,267,310,6,266,272,euclidean_gaussian_ar,267.0,1.0,0.4457525248143991,19.430761379010733,0.2317363419639971,,,
2,213,267,310,6,266,272,fixed_bwar,267.0,0.1,0.4427056283802979,18.722440685676336,0.10858631389624879,,,
2,213,267,310,6,266,272,local_bwar,24.0,0.1,0.4503215716684947,17.390977622270963,0.11511586163818983,5.285970433839832e-11,1.0,0.0
2,213,267,310,6,266,272,log_euclidean_gaussian_ar,267.0,0.1,0.44885046212412855,23.522384578603813,0.0849116302595444,,,
2,213,267,310,6,266,272,persistence,,,0.3728350963965784,16.4019727208521,0.03381055293726539,,,
2,213,267,310,6,266,272,raw_var_window_ar,72.0,1e-06,0.5406012753215083,97.8304640399949,9.999999999999975e-09,,,
2,213,267,310,6,266,272,seasonal_window_naive,72.0,,0.3728350963965783,16.402061953406673,0.033800562937268165,,,
2,213,267,310,6,267,273,cholesky_gaussian_ar,267.0,0.1,0.5752620126593517,29.685961578550213,0.13614388129248467,,,
2,213,267,310,6,267,273,euclidean_gaussian_ar,267.0,1.0,0.6158909591400615,33.175631178212775,0.2585761208173992,,,
2,213,267,310,6,267,273,fixed_bwar,267.0,0.1,0.5722595530956851,29.141760293551236,0.11429071406927799,,,
2,213,267,310,6,267,273,local_bwar,24.0,0.1,0.4662128282869123,19.484408820246085,0.12668727399736623,6.541510756283671e-10,1.0,0.0
2,213,267,310,6,267,273,log_euclidean_gaussian_ar,267.0,0.1,0.5644810383131318,30.97920596272664,0.08928900886156743,,,
2,213,267,310,6,267,273,persistence,,,0.2740603088399858,13.661828134727362,0.0497220201086249,,,
2,213,267,310,6,267,273,raw_var_window_ar,72.0,1e-06,0.6565723353597539,112.85936101801309,9.999999999999969e-09,,,
2,213,267,310,6,267,273,seasonal_window_naive,72.0,,0.2740603088399858,13.661877281760754,0.04971203010863436,,,
2,213,267,310,6,268,274,cholesky_gaussian_ar,267.0,0.1,0.5277511474077766,25.91739591782459,0.1530245679915178,,,
2,213,267,310,6,268,274,euclidean_gaussian_ar,267.0,1.0,0.6088787445319381,33.19995394952062,0.2576544664291037,,,
2,213,267,310,6,268,274,fixed_bwar,267.0,0.1,0.5619318395381181,28.4028334341595,0.12246377638358834,,,
2,213,267,310,6,268,274,local_bwar,24.0,0.1,0.45285184970804815,18.373741135377855,0.13274809640424987,6.946523635383538e-10,1.0,0.0
2,213,267,310,6,268,274,log_euclidean_gaussian_ar,267.0,0.1,0.49209633392748237,24.208577478258533,0.09810168927037403,,,
2,213,267,310,6,268,274,persistence,,,0.346796644961176,14.4725904576002,0.046977480345002216,,,
2,213,267,310,6,268,274,raw_var_window_ar,72.0,1e-06,0.5987690358408977,103.77978153039086,9.999999999999957e-09,,,
2,213,267,310,6,268,274,seasonal_window_naive,72.0,,0.346796644961176,14.472593929379928,0.046967490345000404,,,
2,213,267,310,6,269,275,cholesky_gaussian_ar,267.0,0.1,0.40831053587901955,16.27900780880084,0.1376242352446157,,,
2,213,267,310,6,269,275,euclidean_gaussian_ar,267.0,1.0,0.46700098822047265,22.1838052923157,0.2398141857268984,,,
2,213,267,310,6,269,275,fixed_bwar,267.0,0.1,0.4321315213812449,17.779815799066743,0.11289186175888116,,,
2,213,267,310,6,269,275,local_bwar,24.0,0.1,0.434834348086105,16.138255105892345,0.13080530771252813,6.523487239179416e-10,1.0,0.0
2,213,267,310,6,269,275,log_euclidean_gaussian_ar,267.0,0.1,0.39324309998993334,16.700878287595817,0.09196033977554911,,,
2,213,267,310,6,269,275,persistence,,,0.30916571228831985,12.206857277042467,0.040375897697154974,,,
2,213,267,310,6,269,275,raw_var_window_ar,72.0,1e-06,0.5112963613189543,88.06896527912309,9.999999999999972e-09,,,
2,213,267,310,6,269,275,seasonal_window_naive,72.0,,0.30916571228831996,12.20688647328846,0.04036590769715725,,,
2,213,267,310,6,270,276,cholesky_gaussian_ar,267.0,0.1,0.35957100102906336,13.546224962500938,0.12801020135903893,,,
2,213,267,310,6,270,276,euclidean_gaussian_ar,267.0,1.0,0.4000252461974466,12.412647282748864,0.20773176616498634,,,
2,213,267,310,6,270,276,fixed_bwar,267.0,0.1,0.37084264121754923,12.455379068884344,0.10390257383330957,,,
2,213,267,310,6,270,276,local_bwar,24.0,0.1,0.3888973538955806,14.580396117409585,0.12435686138805005,6.283066101956039e-10,1.0,0.0
2,213,267,310,6,270,276,log_euclidean_gaussian_ar,267.0,0.1,0.39260256847762254,19.67839030107365,0.08633805805186606,,,
2,213,267,310,6,270,276,persistence,,,0.2518606162944195,14.249967782788223,0.03639912283441587,,,
2,213,267,310,6,270,276,raw_var_window_ar,72.0,1e-06,0.5014160685164653,89.38127182322201,9.999999999999946e-09,,,
2,213,267,310,6,270,276,seasonal_window_naive,72.0,,0.2518606162944194,14.250057655810034,0.03638913283441612,,,
2,213,267,310,6,271,277,cholesky_gaussian_ar,267.0,0.1,0.42560676465031305,18.17680954665719,0.1278105289327692,,,
2,213,267,310,6,271,277,euclidean_gaussian_ar,267.0,1.0,0.4221209381277782,18.003777823597638,0.21988337857327753,,,
2,213,267,310,6,271,277,fixed_bwar,267.0,0.1,0.4160975959776063,16.956179319399368,0.10694641254264876,,,
2,213,267,310,6,271,277,local_bwar,24.0,0.1,0.5142903385785139,27.888467698415887,0.1255933805697247,5.826692110146283e-10,1.0,0.0
2,213,267,310,6,271,277,log_euclidean_gaussian_ar,267.0,0.1,0.44042131255493255,20.858326476567846,0.08703835816499433,,,
2,213,267,310,6,271,277,persistence,,,0.3153410673042588,19.708711824915444,0.024926063197136274,,,
2,213,267,310,6,271,277,raw_var_window_ar,72.0,1e-06,0.5536589293250258,81.12636620969896,9.999999999999927e-09,,,
2,213,267,310,6,271,277,seasonal_window_naive,72.0,,0.3153410673042587,19.708761940487452,0.02491607319713676,,,
2,213,267,310,6,272,278,cholesky_gaussian_ar,267.0,0.1,0.365613206486749,14.586719293033475,0.12990304667091343,,,
2,213,267,310,6,272,278,euclidean_gaussian_ar,267.0,1.0,0.3608467748127761,14.344916629749996,0.2227144024475893,,,
2,213,267,310,6,272,278,fixed_bwar,267.0,0.1,0.360050024517669,13.692886714855653,0.10643843158859649,,,
2,213,267,310,6,272,278,local_bwar,24.0,0.1,0.4717062966184649,23.307669066066243,0.12498398704500241,6.099116169033928e-10,1.0,0.0
2,213,267,310,6,272,278,log_euclidean_gaussian_ar,267.0,0.1,0.42252733048726704,21.377249966739164,0.0834053390241855,,,
2,213,267,310,6,272,278,persistence,,,0.42605806533530133,27.3779535073402,0.03713314826342313,,,
2,213,267,310,6,272,278,raw_var_window_ar,72.0,1e-06,0.5190909143550958,84.17115044467377,9.999999999999898e-09,,,
2,213,267,310,6,272,278,seasonal_window_naive,72.0,,0.4260580653353013,27.37799589918029,0.037123158263452534,,,
2,213,267,310,6,273,279,cholesky_gaussian_ar,267.0,0.1,0.30011335456708826,10.664240681659713,0.13497828592265948,,,
2,213,267,310,6,273,279,euclidean_gaussian_ar,267.0,1.0,0.3465289850811585,13.470289487969481,0.2291829259524263,,,
2,213,267,310,6,273,279,fixed_bwar,267.0,0.1,0.3088531218257514,11.036775508171097,0.10766587660439894,,,
2,213,267,310,6,273,279,local_bwar,24.0,0.1,0.37331108030562776,12.84565394745017,0.13187214823487683,9.756682603913841e-10,1.0,0.0
2,213,267,310,6,273,279,log_euclidean_gaussian_ar,267.0,0.1,0.28606411984082436,13.369343092739769,0.08592728757482915,,,
2,213,267,310,6,273,279,persistence,,,0.3683291576948092,19.791838579306052,0.03447150483758448,,,
2,213,267,310,6,273,279,raw_var_window_ar,72.0,1e-06,0.41545377354743646,81.69299027693393,9.999999999999822e-09,,,
2,213,267,310,6,273,279,seasonal_window_naive,72.0,,0.3683291576948091,19.791890569803094,0.03446151483758192,,,
2,213,267,310,6,274,280,cholesky_gaussian_ar,267.0,0.1,0.47308001624372215,20.959515946025526,0.1286294847125438,,,
2,213,267,310,6,274,280,euclidean_gaussian_ar,267.0,1.0,0.5060393005365224,25.492023131955264,0.22292499127269066,,,
2,213,267,310,6,274,280,fixed_bwar,267.0,0.1,0.47826879779508646,21.22910766128976,0.10335517911685987,,,
2,213,267,310,6,274,280,local_bwar,24.0,0.1,0.40790280575043275,14.795000597515964,0.13375757180065534,4.8202091334262106e-11,1.0,0.0
2,213,267,310,6,274,280,log_euclidean_gaussian_ar,267.0,0.1,0.44113598403512977,19.883929174988356,0.08751837703753754,,,
2,213,267,310,6,274,280,persistence,,,0.16741414836796137,8.673928647424866,0.055287716431459626,,,
2,213,267,310,6,274,280,raw_var_window_ar,72.0,1e-06,0.5507031496478848,89.69172142192703,9.999999999999747e-09,,,
2,213,267,310,6,274,280,seasonal_window_naive,72.0,,0.16741414836796137,8.673968098820904,0.05527772643146278,,,
2,213,267,310,6,275,281,cholesky_gaussian_ar,267.0,0.1,0.49802283386731483,22.32822739769615,0.12299826387830316,,,
2,213,267,310,6,275,281,euclidean_gaussian_ar,267.0,1.0,0.5229352816726592,25.153590032321326,0.21619333064833574,,,
2,213,267,310,6,275,281,fixed_bwar,267.0,0.1,0.513882652016104,22.745229256718655,0.10151129638841157,,,
2,213,267,310,6,275,281,local_bwar,24.0,0.1,0.35894857771776795,12.248585591368842,0.13385982600241977,6.120801474784214e-11,1.0,0.0
2,213,267,310,6,275,281,log_euclidean_gaussian_ar,267.0,0.1,0.5169955122332887,26.54097182925909,0.08152529125040558,,,
2,213,267,310,6,275,281,persistence,,,0.1911351845723399,9.193287173760687,0.045467505829327626,,,
2,213,267,310,6,275,281,raw_var_window_ar,72.0,1e-06,0.6105879778716745,98.76970480348825,9.999999999999975e-09,,,
2,213,267,310,6,275,281,seasonal_window_naive,72.0,,0.19113518457233988,9.193362216567003,0.0454575158293278,,,
2,213,267,310,6,276,282,cholesky_gaussian_ar,267.0,0.1,0.4172996423135908,15.26207524209355,0.1353100444788363,,,
2,213,267,310,6,276,282,euclidean_gaussian_ar,267.0,1.0,0.42124142885004984,15.134672486188926,0.22268354920186628,,,
2,213,267,310,6,276,282,fixed_bwar,267.0,0.1,0.43504694506866104,15.25925583536729,0.10678059633921119,,,
2,213,267,310,6,276,282,local_bwar,24.0,0.1,0.26946991875534054,9.290325617408374,0.1331512847834878,7.088728141575433e-11,1.0,0.0
2,213,267,310,6,276,282,log_euclidean_gaussian_ar,267.0,0.1,0.4521061331411765,20.15441837399883,0.08992900291685442,,,
2,213,267,310,6,276,282,persistence,,,0.29614192303843734,13.926501139908046,0.040277978930489074,,,
2,213,267,310,6,276,282,raw_var_window_ar,72.0,1e-06,0.5912094256279815,99.36165589957501,9.99999999999995e-09,,,
2,213,267,310,6,276,282,seasonal_window_naive,72.0,,0.29614192303843734,13.92656414331101,0.04026798893047772,,,
2,213,267,310,6,277,283,cholesky_gaussian_ar,267.0,0.1,0.4739767227185758,20.64232158893231,0.1363253251647843,,,
2,213,267,310,6,277,283,euclidean_gaussian_ar,267.0,1.0,0.48369935526086616,18.728753502193584,0.21849578304778897,,,
2,213,267,310,6,277,283,fixed_bwar,267.0,0.1,0.4984399145443303,20.172073675984304,0.10634832956325947,,,
2,213,267,310,6,277,283,local_bwar,24.0,0.1,0.3279761380382954,14.106866558909456,0.12613594220346772,8.958195642503e-11,1.0,0.0
2,213,267,310,6,277,283,log_euclidean_gaussian_ar,267.0,0.1,0.5250898069379553,27.91092330572054,0.0908760348788644,,,
2,213,267,310,6,277,283,persistence,,,0.34425300737024406,18.54900628979339,0.026411008386166942,,,
2,213,267,310,6,277,283,raw_var_window_ar,72.0,1e-06,0.653186531619046,107.58355957470314,9.99999999999991e-09,,,
2,213,267,310,6,277,283,seasonal_window_naive,72.0,,0.3442530073702441,18.54914048227394,0.026401018386168765,,,
2,213,267,310,6,278,284,cholesky_gaussian_ar,267.0,0.1,0.5626812201946271,29.465522053929504,0.12750378046735178,,,
2,213,267,310,6,278,284,euclidean_gaussian_ar,267.0,1.0,0.5501525670746846,27.442004711252252,0.21669193606717854,,,
2,213,267,310,6,278,284,fixed_bwar,267.0,0.1,0.5600434156038492,27.568911931165083,0.10459522010018041,,,
2,213,267,310,6,278,284,local_bwar,24.0,0.1,0.4577125006184969,25.87408894078467,0.11773343857075698,1.2697048631617264e-10,1.0,0.0
2,213,267,310,6,278,284,log_euclidean_gaussian_ar,267.0,0.1,0.6021663991852277,33.176658962083565,0.08514302473573335,,,
2,213,267,310,6,278,284,persistence,,,0.3383592969301268,19.61629998589201,0.0240006819148614,,,
2,213,267,310,6,278,284,raw_var_window_ar,72.0,1e-06,0.6971495273502715,104.22674082645219,9.99999999999967e-09,,,
2,213,267,310,6,278,284,seasonal_window_naive,72.0,,0.3383592969301269,19.616431324473186,0.023990691914862177,,,
2,213,267,310,6,279,285,cholesky_gaussian_ar,267.0,0.1,0.4541456882982847,23.032967245144974,0.1177710553760084,,,
2,213,267,310,6,279,285,euclidean_gaussian_ar,267.0,1.0,0.45617947931171693,21.363982669243505,0.20771370678018602,,,
2,213,267,310,6,279,285,fixed_bwar,267.0,0.1,0.44631472315933657,21.022606892170277,0.1020197752242234,,,
2,213,267,310,6,279,285,local_bwar,24.0,0.1,0.4140531394574653,21.4122963849641,0.11437121954717032,1.4056150075643484e-10,1.0,0.0
2,213,267,310,6,279,285,log_euclidean_gaussian_ar,267.0,0.1,0.45272973742927786,24.10018779132545,0.08440060628343776,,,
2,213,267,310,6,279,285,persistence,,,0.40727842257057817,24.906525497183807,0.035063833272721175,,,
2,213,267,310,6,279,285,raw_var_window_ar,72.0,1e-06,0.5502803810570758,89.64070615841196,9.99999999999972e-09,,,
2,213,267,310,6,279,285,seasonal_window_naive,72.0,,0.4072784225705782,24.90664200001007,0.035053843272720694,,,
2,213,267,310,6,280,286,cholesky_gaussian_ar,267.0,0.1,0.3043784097635906,13.217047004181122,0.1170362100876683,,,
2,213,267,310,6,280,286,euclidean_gaussian_ar,267.0,1.0,0.34495590398361975,15.923392525204518,0.20315726561057423,,,
2,213,267,310,6,280,286,fixed_bwar,267.0,0.1,0.32791327427306294,13.518953825101516,0.09838063128000614,,,
2,213,267,310,6,280,286,local_bwar,24.0,0.1,0.4839873011406275,21.213382772484465,0.12251003989767045,1.3713524627762734e-10,1.0,0.0
2,213,267,310,6,280,286,log_euclidean_gaussian_ar,267.0,0.1,0.28718301884205283,13.09547486441615,0.08190313781272943,,,
2,213,267,310,6,280,286,persistence,,,0.48820128046328237,29.053406102450214,0.035558502509210624,,,
2,213,267,310,6,280,286,raw_var_window_ar,72.0,1e-06,0.31037621571636037,61.223297342890355,9.99999999999982e-09,,,
2,213,267,310,6,280,286,seasonal_window_naive,72.0,,0.4882012804632823,29.053475828216314,0.03554851250921181,,,
2,213,267,310,6,281,287,cholesky_gaussian_ar,267.0,0.1,0.44215020354798246,14.014720141071283,0.12530183029105807,,,
2,213,267,310,6,281,287,euclidean_gaussian_ar,267.0,1.0,0.5247184510114956,23.733645664594114,0.21665368714421046,,,
2,213,267,310,6,281,287,fixed_bwar,267.0,0.1,0.49644274506344194,17.94884277786197,0.10370805749290686,,,
2,213,267,310,6,281,287,local_bwar,24.0,0.1,0.5614966874504054,20.390572836068962,0.13036188876792984,1.3689681592547843e-10,1.0,0.0
2,213,267,310,6,281,287,log_euclidean_gaussian_ar,267.0,0.1,0.4187248048545985,11.70756917436762,0.0890199956911394,,,
2,213,267,310,6,281,287,persistence,,,0.5347426460925992,21.71263727346274,0.04002904579613318,,,
2,213,267,310,6,281,287,raw_var_window_ar,72.0,1e-06,0.387428717717064,55.028291021208375,9.99999999999998e-09,,,
2,213,267,310,6,281,287,seasonal_window_naive,72.0,,0.5347426460925992,21.71262276485247,0.040019055796134295,,,
2,213,267,310,6,282,288,cholesky_gaussian_ar,267.0,0.1,0.47903185686473243,16.884310313193154,0.13403058470903165,,,
2,213,267,310,6,282,288,euclidean_gaussian_ar,267.0,1.0,0.6057297823463629,30.256642186956313,0.2325681610997683,,,
2,213,267,310,6,282,288,fixed_bwar,267.0,0.1,0.5402720731100353,21.752140586356056,0.10676368614690328,,,
2,213,267,310,6,282,288,local_bwar,24.0,0.1,0.5423937205498839,19.207057685047275,0.14000976785304084,1.3313830807039452e-10,1.0,0.0
2,213,267,310,6,282,288,log_euclidean_gaussian_ar,267.0,0.1,0.42854981932157066,13.405994393626429,0.08828140223325717,,,
2,213,267,310,6,282,288,persistence,,,0.6100408251744673,27.087666817907316,0.07237585128154955,,,
2,213,267,310,6,282,288,raw_var_window_ar,72.0,1e-06,0.4278266302518219,60.42686889481003,9.999999999999975e-09,,,
2,213,267,310,6,282,288,seasonal_window_naive,72.0,,0.6100408251744673,27.08763015040904,0.07236586128154968,,,
2,213,267,310,6,283,289,cholesky_gaussian_ar,267.0,0.1,0.4504335708742122,15.997027238728961,0.1605620945759239,,,
2,213,267,310,6,283,289,euclidean_gaussian_ar,267.0,1.0,0.5918158571574046,28.11303718466791,0.2643880872157831,,,
2,213,267,310,6,283,289,fixed_bwar,267.0,0.1,0.5028044733214799,19.660296571521748,0.1180206071793865,,,
2,213,267,310,6,283,289,local_bwar,24.0,0.1,0.3583655062496142,11.500365796070326,0.14182846124967904,1.2459842036444842e-10,1.0,0.0
2,213,267,310,6,283,289,log_euclidean_gaussian_ar,267.0,0.1,0.384539472850844,11.605455055904095,0.09777659785065655,,,
2,213,267,310,6,283,289,persistence,,,0.6151540596657472,32.864715374320994,0.04884627533271209,,,
2,213,267,310,6,283,289,raw_var_window_ar,72.0,1e-06,0.4146245767766549,66.27521812556728,9.999999999999985e-09,,,
2,213,267,310,6,283,289,seasonal_window_naive,72.0,,0.6151540596657473,32.864703479428854,0.04883628533271133,,,
2,213,267,310,6,284,290,cholesky_gaussian_ar,267.0,0.1,0.3001399592073265,9.379524147718705,0.16676429676559645,,,
2,213,267,310,6,284,290,euclidean_gaussian_ar,267.0,1.0,0.426543636392782,16.525264542312435,0.26795637554547963,,,
2,213,267,310,6,284,290,fixed_bwar,267.0,0.1,0.36066349747756843,11.933392889588822,0.1222963444047948,,,
2,213,267,310,6,284,290,local_bwar,24.0,0.1,0.23848657690404557,8.972592427809467,0.13792694671129072,1.3127070030433308e-10,1.0,0.0
2,213,267,310,6,284,290,log_euclidean_gaussian_ar,267.0,0.1,0.2442955096755978,8.593145506697772,0.10159544954963817,,,
2,213,267,310,6,284,290,persistence,,,0.5178610668791019,28.209244929909907,0.05262998989895685,,,
2,213,267,310,6,284,290,raw_var_window_ar,72.0,1e-06,0.33693533799677494,70.53294400189866,9.99999999999973e-09,,,
2,213,267,310,6,284,290,seasonal_window_naive,72.0,,0.517861066879102,28.20927882805738,0.0526199998989568,,,
2,213,267,310,6,285,291,cholesky_gaussian_ar,267.0,0.1,0.2931959078956651,11.740576645938136,0.142787284626288,,,
2,213,267,310,6,285,291,euclidean_gaussian_ar,267.0,1.0,0.3504606256513734,17.637856095928367,0.2461147249318835,,,
2,213,267,310,6,285,291,fixed_bwar,267.0,0.1,0.30998653750537936,12.810886463707561,0.11231186014934824,,,
2,213,267,310,6,285,291,local_bwar,24.0,0.1,0.34477991303657834,16.22614335636327,0.12811128330397728,1.0794974716184557e-10,1.0,0.0
2,213,267,310,6,285,291,log_euclidean_gaussian_ar,267.0,0.1,0.29298617861324205,11.790695770214642,0.0940991012754844,,,
2,213,267,310,6,285,291,persistence,,,0.3192298800998385,16.989651208447796,0.029511895236177935,,,
2,213,267,310,6,285,291,raw_var_window_ar,72.0,1e-06,0.37442217954899526,64.51927177033615,9.99999999999958e-09,,,
2,213,267,310,6,285,291,seasonal_window_naive,72.0,,0.31922988009983855,16.989659858972267,0.029501905236182888,,,
2,213,267,310,6,286,292,cholesky_gaussian_ar,267.0,0.1,0.28822026196957984,11.548237011811143,0.11167406025089996,,,
2,213,267,310,6,286,292,euclidean_gaussian_ar,267.0,1.0,0.3142646045567154,11.147541343899979,0.20147265368541373,,,
2,213,267,310,6,286,292,fixed_bwar,267.0,0.1,0.30011608992644273,11.003101929994086,0.09428432388016983,,,
2,213,267,310,6,286,292,local_bwar,24.0,0.1,0.2857091709995102,11.072966385176493,0.11960898670416693,9.379973392838909e-11,1.0,0.0
2,213,267,310,6,286,292,log_euclidean_gaussian_ar,267.0,0.1,0.2715702576161383,12.371111242410771,0.08141237324017077,,,
2,213,267,310,6,286,292,persistence,,,0.38275116340502036,17.25821965554512,0.026144881392166676,,,
2,213,267,310,6,286,292,raw_var_window_ar,72.0,1e-06,0.35856779440546904,71.66682398773158,9.999999999999969e-09,,,
2,213,267,310,6,286,292,seasonal_window_naive,72.0,,0.3827511634050204,17.258313623786936,0.026134891392166675,,,
2,213,267,310,6,287,293,cholesky_gaussian_ar,267.0,0.1,0.3052485068588816,13.226779494217546,0.08667156364787133,,,
2,213,267,310,6,287,293,euclidean_gaussian_ar,267.0,1.0,0.31499997896043,10.42599492313271,0.1704288505852546,,,
2,213,267,310,6,287,293,fixed_bwar,267.0,0.1,0.33139681732769194,12.640750726655853,0.08070796474614171,,,
2,213,267,310,6,287,293,local_bwar,24.0,0.1,0.20708014846386577,7.020117146283534,0.1199168707548059,7.736135784176012e-11,1.0,0.0
2,213,267,310,6,287,293,log_euclidean_gaussian_ar,267.0,0.1,0.32456297093272973,19.311890954687797,0.06630962391842589,,,
2,213,267,310,6,287,293,persistence,,,0.3559370874277119,14.112268615816445,0.021812757141883028,,,
2,213,267,310,6,287,293,raw_var_window_ar,72.0,1e-06,0.2929775205781021,72.20763428538804,9.999999999999898e-09,,,
2,213,267,310,6,287,293,seasonal_window_naive,72.0,,0.35593708742771185,14.112425488356939,0.02180276714188376,,,
2,213,267,310,6,288,294,cholesky_gaussian_ar,267.0,0.1,0.43551270177634954,18.706761299498904,0.08427172204872761,,,
2,213,267,310,6,288,294,euclidean_gaussian_ar,267.0,1.0,0.451606732471288,19.040054673294794,0.17023583507346918,,,
2,213,267,310,6,288,294,fixed_bwar,267.0,0.1,0.444656323591794,18.01685819039317,0.0832793299862985,,,
2,213,267,310,6,288,294,local_bwar,24.0,0.1,0.29939483623540314,9.898577478886082,0.12289883453885121,7.94647534771905e-11,1.0,0.0
2,213,267,310,6,288,294,log_euclidean_gaussian_ar,267.0,0.1,0.43146875105244464,22.764118067597146,0.06762437592704323,,,
2,213,267,310,6,288,294,persistence,,,0.30623407576635725,10.759788365676144,0.017575349856887187,,,
2,213,267,310,6,288,294,raw_var_window_ar,72.0,1e-06,0.44696310669101785,78.55740928739685,9.999999999999982e-09,,,
2,213,267,310,6,288,294,seasonal_window_naive,72.0,,0.30623407576635725,10.759916754968662,0.017565359856885118,,,
2,213,267,310,6,289,295,cholesky_gaussian_ar,267.0,0.1,0.4427954466418602,18.60460261777002,0.10796230487030374,,,
2,213,267,310,6,289,295,euclidean_gaussian_ar,267.0,1.0,0.4771783750286952,22.182924182820148,0.1840071165599029,,,
2,213,267,310,6,289,295,fixed_bwar,267.0,0.1,0.4574350965816918,19.07399925229605,0.09246254495867307,,,
2,213,267,310,6,289,295,local_bwar,24.0,0.1,0.3434243716149362,12.18204009909008,0.12565352898297108,8.71156735479025e-11,1.0,0.0
2,213,267,310,6,289,295,log_euclidean_gaussian_ar,267.0,0.1,0.4317928751818006,19.272317513855832,0.07839621502345781,,,
2,213,267,310,6,289,295,persistence,,,0.2113971134611335,9.646962030006806,0.03203538067089042,,,
2,213,267,310,6,289,295,raw_var_window_ar,72.0,1e-06,0.4962583668394546,78.71023490538052,9.999999999999954e-09,,,
2,213,267,310,6,289,295,seasonal_window_naive,72.0,,0.2113971134611335,9.647018525522403,0.03202539067088802,,,
2,213,267,310,6,290,296,cholesky_gaussian_ar,267.0,0.1,0.3457638580967881,11.312692344703933,0.11957964857825801,,,
2,213,267,310,6,290,296,euclidean_gaussian_ar,267.0,1.0,0.3733835119701039,15.06640505284195,0.1990954597728087,,,
2,213,267,310,6,290,296,fixed_bwar,267.0,0.1,0.37246608741905823,12.466704363451672,0.09956440486749528,,,
2,213,267,310,6,290,296,local_bwar,24.0,0.1,0.29485961168979247,8.686317627174196,0.12258297539894422,8.40287975813374e-11,1.0,0.0
2,213,267,310,6,290,296,log_euclidean_gaussian_ar,267.0,0.1,0.3387335129731021,11.304219334069925,0.08421654760787727,,,
2,213,267,310,6,290,296,persistence,,,0.28967367771504665,15.45530130322978,0.05214655370379573,,,
2,213,267,310,6,290,296,raw_var_window_ar,72.0,1e-06,0.41198714064287534,67.27554374215542,9.999999999999956e-09,,,
2,213,267,310,6,290,296,seasonal_window_naive,72.0,,0.2896736777150467,15.455319378123432,0.05213656370379406,,,
2,213,267,310,6,291,297,cholesky_gaussian_ar,267.0,0.1,0.25904584165091077,7.9640088747222615,0.12435746427532247,,,
2,213,267,310,6,291,297,euclidean_gaussian_ar,267.0,1.0,0.26891537219992306,10.040846362158497,0.203733205865404,,,
2,213,267,310,6,291,297,fixed_bwar,267.0,0.1,0.2656546726819997,7.902735034434169,0.0982384158464968,,,
2,213,267,310,6,291,297,local_bwar,24.0,0.1,0.28064554483435616,8.09311715163754,0.1117194236382053,8.401635142101118e-11,1.0,0.0
2,213,267,310,6,291,297,log_euclidean_gaussian_ar,267.0,0.1,0.2670484057053661,8.17014918340552,0.08839516202131756,,,
2,213,267,310,6,291,297,persistence,,,0.33132634552544926,15.99837828121293,0.015482370337923832,,,
2,213,267,310,6,291,297,raw_var_window_ar,72.0,1e-06,0.3087927077508126,58.516483274639384,9.99999999999996e-09,,,
2,213,267,310,6,291,297,seasonal_window_naive,72.0,,0.33132634552544926,15.998433211516831,0.015472380337920264,,,
2,213,267,310,6,292,298,cholesky_gaussian_ar,267.0,0.1,0.35457241915360754,12.213028321954452,0.12555338740062938,,,
2,213,267,310,6,292,298,euclidean_gaussian_ar,267.0,1.0,0.36269798746201853,17.226385955426444,0.2088254148487647,,,
2,213,267,310,6,292,298,fixed_bwar,267.0,0.1,0.3445588054251934,12.188335516302706,0.10015950883207471,,,
2,213,267,310,6,292,298,local_bwar,24.0,0.1,0.4035192854349636,15.496156546172271,0.102599570821445,7.556094036909719e-11,1.0,0.0
2,213,267,310,6,292,298,log_euclidean_gaussian_ar,267.0,0.1,0.35314369764289555,10.53423717594465,0.08718762654396996,,,
2,213,267,310,6,292,298,persistence,,,0.32024971698787585,13.867855099587153,0.03078292540629891,,,
2,213,267,310,6,292,298,raw_var_window_ar,72.0,1e-06,0.34014051817100177,45.856413156305145,9.999999999999861e-09,,,
2,213,267,310,6,292,298,seasonal_window_naive,72.0,,0.32024971698787597,13.867855784866759,0.030772935406298718,,,
2,213,267,310,6,293,299,cholesky_gaussian_ar,267.0,0.1,0.33891681944140933,9.698686457820333,0.11379979969583622,,,
2,213,267,310,6,293,299,euclidean_gaussian_ar,267.0,1.0,0.3518438828743018,13.351165652420143,0.20283883009808526,,,
2,213,267,310,6,293,299,fixed_bwar,267.0,0.1,0.3291064972193552,9.43603617976027,0.09676273048495451,,,
2,213,267,310,6,293,299,local_bwar,24.0,0.1,0.3734982687550128,11.873956003903501,0.09881736112918424,7.437782548264257e-11,1.0,0.0
2,213,267,310,6,293,299,log_euclidean_gaussian_ar,267.0,0.1,0.322800185949561,8.541550949278436,0.0830966569509575,,,
2,213,267,310,6,293,299,persistence,,,0.31022807541060476,14.472237140500198,0.03828881660384394,,,
2,213,267,310,6,293,299,raw_var_window_ar,72.0,1e-06,0.3295092210494784,47.55563682333993,9.999999999999932e-09,,,
2,213,267,310,6,293,299,seasonal_window_naive,72.0,,0.3102280754106048,14.472259507577206,0.03827882660384047,,,
2,213,267,310,6,294,300,cholesky_gaussian_ar,267.0,0.1,0.3067101884143408,10.074781563595495,0.10610727758706759,,,
2,213,267,310,6,294,300,euclidean_gaussian_ar,267.0,1.0,0.3743476701135502,15.37381427141785,0.20772211777839242,,,
2,213,267,310,6,294,300,fixed_bwar,267.0,0.1,0.31952105290074784,10.372001124569202,0.09546202572871192,,,
2,213,267,310,6,294,300,local_bwar,24.0,0.1,0.26556968985362556,7.642783660464149,0.09968159476699771,7.751299987584984e-11,1.0,0.0
2,213,267,310,6,294,300,log_euclidean_gaussian_ar,267.0,0.1,0.26998301651461665,10.40037306920761,0.07681443648250698,,,
2,213,267,310,6,294,300,persistence,,,0.2622714268073168,9.412637509361861,0.029632201081317745,,,
2,213,267,310,6,294,300,raw_var_window_ar,72.0,1e-06,0.33930059894260844,61.50096779077726,9.999999999999977e-09,,,
2,213,267,310,6,294,300,seasonal_window_naive,72.0,,0.26227142680731685,9.412687107329429,0.02962221108131833,,,
2,213,267,310,6,295,301,cholesky_gaussian_ar,267.0,0.1,0.4316666357165609,19.398733033332512,0.10685609657413364,,,
2,213,267,310,6,295,301,euclidean_gaussian_ar,267.0,1.0,0.4663218909265006,23.9543710461546,0.20222068743612487,,,
2,213,267,310,6,295,301,fixed_bwar,267.0,0.1,0.4382605335634107,19.45654181241631,0.0960825366679702,,,
2,213,267,310,6,295,301,local_bwar,24.0,0.1,0.2889309789593842,11.71005638469763,0.0986433016769983,9.145783235556222e-11,1.0,0.0
2,213,267,310,6,295,301,log_euclidean_gaussian_ar,267.0,0.1,0.4030891022220515,20.28341221348571,0.07608821974342088,,,
2,213,267,310,6,295,301,persistence,,,0.11051986668954872,6.491998845860323,0.02299762965453322,,,
2,213,267,310,6,295,301,raw_var_window_ar,72.0,1e-06,0.46715908571411785,78.83204407271104,9.999999999999749e-09,,,
2,213,267,310,6,295,301,seasonal_window_naive,72.0,,0.11051986668954869,6.492055489709929,0.022987639654538827,,,
2,213,267,310,6,296,302,cholesky_gaussian_ar,267.0,0.1,0.4130540449129737,18.253204811684494,0.10544615759405826,,,
2,213,267,310,6,296,302,euclidean_gaussian_ar,267.0,1.0,0.45795247519916776,23.139570612719577,0.19711969889908543,,,
2,213,267,310,6,296,302,fixed_bwar,267.0,0.1,0.4262520369973863,18.458497706314404,0.09327259238433822,,,
2,213,267,310,6,296,302,local_bwar,24.0,0.1,0.3344650278886784,12.681256963106275,0.09925996758465364,9.57919326372791e-11,1.0,0.0
2,213,267,310,6,296,302,log_euclidean_gaussian_ar,267.0,0.1,0.3905331475600867,18.530011752016435,0.07607701623346319,,,
2,213,267,310,6,296,302,persistence,,,0.1320018023265351,7.901561708568338,0.0371507752066944,,,
2,213,267,310,6,296,302,raw_var_window_ar,72.0,1e-06,0.45652134071563194,76.08183837058013,9.999999999999893e-09,,,
2,213,267,310,6,296,302,seasonal_window_naive,72.0,,0.13200180232653505,7.901625356710674,0.037140785206698314,,,
2,213,267,310,6,297,303,cholesky_gaussian_ar,267.0,0.1,0.3408467440964723,12.132993790445127,0.1069627501281583,,,
2,213,267,310,6,297,303,euclidean_gaussian_ar,267.0,1.0,0.3855007103193419,17.95822813162352,0.1936386946884883,,,
2,213,267,310,6,297,303,fixed_bwar,267.0,0.1,0.352889473805108,12.66401965702383,0.091592057008276,,,
2,213,267,310,6,297,303,local_bwar,24.0,0.1,0.358589091325888,12.184471320330518,0.09747367556448726,8.4577471687326e-11,1.0,0.0
2,213,267,310,6,297,303,log_euclidean_gaussian_ar,267.0,0.1,0.3233619382784953,10.934248503605083,0.07766489985373985,,,
2,213,267,310,6,297,303,persistence,,,0.25665946491371244,11.71745594263166,0.029983581460148363,,,
2,213,267,310,6,297,303,raw_var_window_ar,72.0,1e-06,0.393580597210235,57.426838502916816,9.999999999999949e-09,,,
2,213,267,310,6,297,303,seasonal_window_naive,72.0,,0.25665946491371244,11.71749589136717,0.029973591460147737,,,
2,213,267,310,6,298,304,cholesky_gaussian_ar,267.0,0.1,0.24980163396136185,8.017961894964158,0.1011692489754166,,,
2,213,267,310,6,298,304,euclidean_gaussian_ar,267.0,1.0,0.27933290063328353,11.213863381147313,0.18453313569040442,,,
2,213,267,310,6,298,304,fixed_bwar,267.0,0.1,0.22930311825306363,7.080812930154359,0.08291887970343242,,,
2,213,267,310,6,298,304,local_bwar,24.0,0.1,0.3977196508511519,13.215459226911658,0.08976203538465753,8.14070006789355e-11,1.0,0.0
2,213,267,310,6,298,304,log_euclidean_gaussian_ar,267.0,0.1,0.21337032786510962,7.4131940442937045,0.07074681554064802,,,
2,213,267,310,6,298,304,persistence,,,0.24349985329351928,9.336754752543849,0.00925021652578657,,,
2,213,267,310,6,298,304,raw_var_window_ar,72.0,1e-06,0.3344182514011086,43.65251194374226,9.99999999999995e-09,,,
2,213,267,310,6,298,304,seasonal_window_naive,72.0,,0.24349985329351934,9.336815995004507,0.009240226525783827,,,
2,213,267,310,6,299,305,cholesky_gaussian_ar,267.0,0.1,0.2765358637956254,8.971925992417159,0.09644604656594555,,,
2,213,267,310,6,299,305,euclidean_gaussian_ar,267.0,1.0,0.267752373480522,11.413670957880448,0.17548060346600414,,,
2,213,267,310,6,299,305,fixed_bwar,267.0,0.1,0.2478998002908353,8.030838121371433,0.08224145130314565,,,
2,213,267,310,6,299,305,local_bwar,24.0,0.1,0.45579801524329827,17.07212691339843,0.08971910421322367,8.832422585860761e-11,1.0,0.0
2,213,267,310,6,299,305,log_euclidean_gaussian_ar,267.0,0.1,0.237683475215706,7.430552864623084,0.06816165100440455,,,
2,213,267,310,6,299,305,persistence,,,0.17157626376107243,7.472691325727684,0.018387539843298353,,,
2,213,267,310,6,299,305,raw_var_window_ar,72.0,1e-06,0.35498447543356304,36.81769872812007,9.99999999999978e-09,,,
2,213,267,310,6,299,305,seasonal_window_naive,72.0,,0.17157626376107243,7.472715992201604,0.018377549843296516,,,
2,213,267,310,6,300,306,cholesky_gaussian_ar,267.0,0.1,0.30108957539417763,8.587888050146578,0.09693194078960395,,,
2,213,267,310,6,300,306,euclidean_gaussian_ar,267.0,1.0,0.3237112537434314,12.593003530522314,0.18614198256201364,,,
2,213,267,310,6,300,306,fixed_bwar,267.0,0.1,0.28240036790168427,8.091543580169041,0.08624163550143452,,,
2,213,267,310,6,300,306,local_bwar,24.0,0.1,0.44349697364684404,14.848380278009012,0.08994351977249557,8.980455101666202e-11,1.0,0.0
2,213,267,310,6,300,306,log_euclidean_gaussian_ar,267.0,0.1,0.24284831479370148,7.167187356256327,0.06829480398702265,,,
2,213,267,310,6,300,306,persistence,,,0.3201769461648523,15.190356317370512,0.025553478383538674,,,
2,213,267,310,6,300,306,raw_var_window_ar,72.0,1e-06,0.362339685635249,39.067318116905426,9.999999999999908e-09,,,
2,213,267,310,6,300,306,seasonal_window_naive,72.0,,0.3201769461648523,15.190377611277022,0.025543488383538378,,,
2,213,267,310,6,301,307,cholesky_gaussian_ar,267.0,0.1,0.4687167150201844,14.33817367783532,0.10565391650514981,,,
2,213,267,310,6,301,307,euclidean_gaussian_ar,267.0,1.0,0.5455633184245735,27.22437730032618,0.20210872241315864,,,
2,213,267,310,6,301,307,fixed_bwar,267.0,0.1,0.4784696186229843,16.902566016143865,0.09354400530076339,,,
2,213,267,310,6,301,307,local_bwar,24.0,0.1,0.5209026457708807,19.82110332206934,0.09576144144027571,7.127440183473681e-11,1.0,0.0
2,213,267,310,6,301,307,log_euclidean_gaussian_ar,267.0,0.1,0.41357142793196244,8.740482318325224,0.0772927139800333,,,
2,213,267,310,6,301,307,persistence,,,0.5369791106161863,27.38482379623784,0.029411211719911613,,,
2,213,267,310,6,301,307,raw_var_window_ar,72.0,1e-06,0.4572232528251005,33.401935909384505,9.999999999999934e-09,,,
2,213,267,310,6,301,307,seasonal_window_naive,72.0,,0.5369791106161863,27.384817770508214,0.02940122171990984,,,
2,213,267,310,6,302,308,cholesky_gaussian_ar,267.0,0.1,0.47308808154471166,15.553305926740954,0.10436846428549076,,,
2,213,267,310,6,302,308,euclidean_gaussian_ar,267.0,1.0,0.5386773412706086,27.446978045014394,0.1973373343581226,,,
2,213,267,310,6,302,308,fixed_bwar,267.0,0.1,0.485798341204144,18.082614652622965,0.09235239581095099,,,
2,213,267,310,6,302,308,local_bwar,24.0,0.1,0.46279631053440656,16.901092827518518,0.10207876259135783,6.224688335035599e-11,1.0,0.0
2,213,267,310,6,302,308,log_euclidean_gaussian_ar,267.0,0.1,0.40475968866938516,10.153826143593408,0.07770111415526806,,,
2,213,267,310,6,302,308,persistence,,,0.36380165074188514,14.848697431673969,0.027934292361555875,,,
2,213,267,310,6,302,308,raw_var_window_ar,72.0,1e-06,0.49946590491230286,44.24975343961614,9.999999999999944e-09,,,
2,213,267,310,6,302,308,seasonal_window_naive,72.0,,0.36380165074188514,14.848684942510205,0.027924302361556904,,,
2,213,267,310,6,303,309,cholesky_gaussian_ar,267.0,0.1,0.42032795469012135,14.107484652720718,0.09421737357643302,,,
2,213,267,310,6,303,309,euclidean_gaussian_ar,267.0,1.0,0.4525411799115714,21.276402541093358,0.17455201058874767,,,
2,213,267,310,6,303,309,fixed_bwar,267.0,0.1,0.4328213673658157,15.630498919165433,0.08577003708942128,,,
2,213,267,310,6,303,309,local_bwar,24.0,0.1,0.4473798252133799,17.265035374899366,0.10195156697242705,6.496733634681139e-11,1.0,0.0
2,213,267,310,6,303,309,log_euclidean_gaussian_ar,267.0,0.1,0.3783488520933979,11.071189064946125,0.07604918668599465,,,
2,213,267,310,6,303,309,persistence,,,0.21508806160361202,8.247796636813177,0.0352371659101735,,,
2,213,267,310,6,303,309,raw_var_window_ar,72.0,1e-06,0.5154220592226965,49.436292008197675,9.99999999999997e-09,,,
2,213,267,310,6,303,309,seasonal_window_naive,72.0,,0.21508806160361196,8.247818555850266,0.035227175910173054,,,
3,256,310,353,3,307,310,cholesky_gaussian_ar,310.0,0.01,0.27646840824334623,7.535846899492193,0.04488531439501996,,,
3,256,310,353,3,307,310,euclidean_gaussian_ar,310.0,0.1,0.37961230394779827,10.602783647947344,0.12589107983732165,,,
3,256,310,353,3,307,310,fixed_bwar,310.0,0.01,0.28026610666611845,7.248050711356077,0.08367738206003962,,,
3,256,310,353,3,307,310,local_bwar,24.0,0.1,0.2961174052433482,9.112852411729046,0.08213926211791348,9.382352178572741e-11,1.0,0.0
3,256,310,353,3,307,310,log_euclidean_gaussian_ar,310.0,0.1,0.26335774992905514,8.677325484720917,0.05378631465127078,,,
3,256,310,353,3,307,310,persistence,,,0.3648880974443267,12.322517266265795,0.013992034877248287,,,
3,256,310,353,3,307,310,raw_var_window_ar,72.0,10.0,0.4044896200923147,45.868158043586334,9.999999924119473e-09,,,
3,256,310,353,3,307,310,seasonal_window_naive,72.0,,0.36488809744432665,12.322660700098162,0.013982044877247243,,,
3,256,310,353,3,308,311,cholesky_gaussian_ar,310.0,0.01,0.19735337499213657,5.626395935810331,0.06161234257286851,,,
3,256,310,353,3,308,311,euclidean_gaussian_ar,310.0,0.1,0.20265172901467615,7.685405783225341,0.13129394835777314,,,
3,256,310,353,3,308,311,fixed_bwar,310.0,0.01,0.20206936627599256,5.673291027629947,0.08315263455672182,,,
3,256,310,353,3,308,311,local_bwar,24.0,0.1,0.21433334514475758,6.528484276461892,0.07552209594374057,8.150847841958488e-11,1.0,0.0
3,256,310,353,3,308,311,log_euclidean_gaussian_ar,310.0,0.1,0.18154765600916042,6.120036298221004,0.06593159979833782,,,
3,256,310,353,3,308,311,persistence,,,0.2331100931095588,8.137858793303137,0.01330148964223018,,,
3,256,310,353,3,308,311,raw_var_window_ar,72.0,10.0,0.2959343253216937,35.16371759845774,9.999999922438674e-09,,,
3,256,310,353,3,308,311,seasonal_window_naive,72.0,,0.2331100931095588,8.1379778273774,0.013291499642230776,,,
3,256,310,353,3,309,312,cholesky_gaussian_ar,310.0,0.01,0.2833701982752513,8.163882480613811,0.09226539281664294,,,
3,256,310,353,3,309,312,euclidean_gaussian_ar,310.0,0.1,0.2225690896666744,10.438568149143677,0.10513521231814188,,,
3,256,310,353,3,309,312,fixed_bwar,310.0,0.01,0.25116995388914276,7.647984369835317,0.08658168530881545,,,
3,256,310,353,3,309,312,local_bwar,24.0,0.1,0.2757441506005631,9.64913132445535,0.08020180959501895,6.752190967201235e-11,1.0,0.0
3,256,310,353,3,309,312,log_euclidean_gaussian_ar,310.0,0.1,0.21542925410648686,5.9069704727547485,0.06554465172766766,,,
3,256,310,353,3,309,312,persistence,,,0.40963030817268353,19.427377360556,0.013778272789307641,,,
3,256,310,353,3,309,312,raw_var_window_ar,72.0,10.0,0.30077357970854485,30.14512162780244,9.999999949137685e-09,,,
3,256,310,353,3,309,312,seasonal_window_naive,72.0,,0.40963030817268364,19.42747938589489,0.013768282789304857,,,
3,256,310,353,3,310,313,cholesky_gaussian_ar,310.0,0.01,0.25761538779232596,6.609649444847486,0.08815962877902558,,,
3,256,310,353,3,310,313,euclidean_gaussian_ar,310.0,0.1,0.2444902546789389,9.436511812337894,0.05549982078411952,,,
3,256,310,353,3,310,313,fixed_bwar,310.0,0.01,0.34196496100502977,10.177501102691975,0.09215605340375281,,,
3,256,310,353,3,310,313,local_bwar,24.0,0.1,0.293686642727423,9.413240787246648,0.08679975842600442,7.027744079878209e-11,1.0,0.0
3,256,310,353,3,310,313,log_euclidean_gaussian_ar,310.0,0.1,0.2876130259089052,5.591252057889772,0.07025889602891734,,,
3,256,310,353,3,310,313,persistence,,,0.3861310862525899,15.311037678218952,0.030875582596290883,,,
3,256,310,353,3,310,313,raw_var_window_ar,72.0,10.0,0.2853416972383579,26.60119437275894,9.99999988740849e-09,,,
3,256,310,353,3,310,313,seasonal_window_naive,72.0,,0.3861310862525899,15.311058150065517,0.030865592596291812,,,
3,256,310,353,3,311,314,cholesky_gaussian_ar,310.0,0.01,0.1369032985163111,4.245421978635602,0.05650325664510335,,,
3,256,310,353,3,311,314,euclidean_gaussian_ar,310.0,0.1,0.11751998806549059,4.6075747905956375,1.000000044407768e-08,,,
3,256,310,353,3,311,314,fixed_bwar,310.0,0.01,0.11969885781286135,3.672225215421156,0.08562723665818915,,,
3,256,310,353,3,311,314,local_bwar,24.0,0.1,0.1671401376993466,4.858214785283837,0.08838314496089157,7.485594893340723e-11,1.0,0.0
3,256,310,353,3,311,314,log_euclidean_gaussian_ar,310.0,0.1,0.1915047296588641,4.992437561290584,0.06787908084939887,,,
3,256,310,353,3,311,314,persistence,,,0.13347373146893243,6.057607756209173,0.0173154699796199,,,
3,256,310,353,3,311,314,raw_var_window_ar,72.0,10.0,0.2853716492344729,38.23281535493686,9.999999973427285e-09,,,
3,256,310,353,3,311,314,seasonal_window_naive,72.0,,0.13347373146893243,6.057667904221335,0.017305479979619457,,,
3,256,310,353,3,312,315,cholesky_gaussian_ar,310.0,0.01,0.2586614155671599,6.546586105318221,0.03756872066717441,,,
3,256,310,353,3,312,315,euclidean_gaussian_ar,310.0,0.1,0.2653247089908417,8.10160424494852,9.999999578848739e-09,,,
3,256,310,353,3,312,315,fixed_bwar,310.0,0.01,0.24704362882165967,6.543390470772888,0.0846130757863593,,,
3,256,310,353,3,312,315,local_bwar,24.0,0.1,0.2511280621219739,7.067326620835013,0.08422514222493423,7.832138449287879e-11,1.0,0.0
3,256,310,353,3,312,315,log_euclidean_gaussian_ar,310.0,0.1,0.307251201756817,8.409483011265499,0.06659052494901345,,,
3,256,310,353,3,312,315,persistence,,,0.4037213626851696,18.78992839885463,0.015514566880116319,,,
3,256,310,353,3,312,315,raw_var_window_ar,72.0,10.0,0.3866617075579733,40.623288691973876,9.999999953917019e-09,,,
3,256,310,353,3,312,315,seasonal_window_naive,72.0,,0.40372136268516956,18.79003079770204,0.015504576880116831,,,
3,256,310,353,3,313,316,cholesky_gaussian_ar,310.0,0.01,0.23974354859096764,6.444054349253336,0.03978040748804769,,,
3,256,310,353,3,313,316,euclidean_gaussian_ar,310.0,0.1,0.2858644169250606,9.807926357377797,9.999999606158371e-09,,,
3,256,310,353,3,313,316,fixed_bwar,310.0,0.01,0.22778182698890834,6.3103410322589415,0.05405139691828148,,,
3,256,310,353,3,313,316,local_bwar,24.0,0.1,0.3094134566617344,9.838828844976701,0.07962030202754612,8.790772745342395e-11,1.0,0.0
3,256,310,353,3,313,316,log_euclidean_gaussian_ar,310.0,0.1,0.2851924136453734,8.934547799241138,0.06304441826164793,,,
3,256,310,353,3,313,316,persistence,,,0.40073594218287334,18.30200539193168,0.01695447547677931,,,
3,256,310,353,3,313,316,raw_var_window_ar,72.0,10.0,0.41151801998244997,43.76436372431701,9.999999952368904e-09,,,
3,256,310,353,3,313,316,seasonal_window_naive,72.0,,0.4007359421828733,18.302097888786616,0.016944485476779455,,,
3,256,310,353,3,314,317,cholesky_gaussian_ar,310.0,0.01,0.30015193977390675,8.02442761357368,0.05632865553598371,,,
3,256,310,353,3,314,317,euclidean_gaussian_ar,310.0,0.1,0.24543903047075813,8.922713530979369,1.0000000494285117e-08,,,
3,256,310,353,3,314,317,fixed_bwar,310.0,0.01,0.27782524760836586,7.854522929636575,0.09018577333000868,,,
3,256,310,353,3,314,317,local_bwar,24.0,0.1,0.25994162104793406,7.304032993952291,0.07597502480087104,9.079233387323666e-11,1.0,0.0
3,256,310,353,3,314,317,log_euclidean_gaussian_ar,310.0,0.1,0.3034820467405006,7.171451883097391,0.07471682401099242,,,
3,256,310,353,3,314,317,persistence,,,0.17138490861943204,7.143429821434366,0.015075310866249008,,,
3,256,310,353,3,314,317,raw_var_window_ar,72.0,10.0,0.362257898850821,38.23040738330238,9.999999957184976e-09,,,
3,256,310,353,3,314,317,seasonal_window_naive,72.0,,0.17138490861943204,7.143480592875943,0.01506532086624791,,,
3,256,310,353,3,315,318,cholesky_gaussian_ar,310.0,0.01,0.2177581213008664,6.064035786129411,0.058273000885064485,,,
3,256,310,353,3,315,318,euclidean_gaussian_ar,310.0,0.1,0.16662641870157138,6.947071854830651,1.0000000075822082e-08,,,
3,256,310,353,3,315,318,fixed_bwar,310.0,0.01,0.25201769568921406,6.933816222340334,0.07163066650673644,,,
3,256,310,353,3,315,318,local_bwar,24.0,0.1,0.16242586380004995,4.4646402003750065,0.07511649704344177,7.625475802975148e-11,1.0,0.0
3,256,310,353,3,315,318,log_euclidean_gaussian_ar,310.0,0.1,0.21588461764318254,4.913004848128972,0.06302283131466002,,,
3,256,310,353,3,315,318,persistence,,,0.26751956282909223,9.410362185519862,0.016661643283613276,,,
3,256,310,353,3,315,318,raw_var_window_ar,72.0,10.0,0.2724245999548428,29.430541920926988,9.999999909085901e-09,,,
3,256,310,353,3,315,318,seasonal_window_naive,72.0,,0.2675195628290923,9.410466980212593,0.016651653283611418,,,
3,256,310,353,3,316,319,cholesky_gaussian_ar,310.0,0.01,0.1298227313161773,4.511802681339848,0.042349383513473275,,,
3,256,310,353,3,316,319,euclidean_gaussian_ar,310.0,0.1,0.14861330296609887,5.993261844699593,0.059759876714276634,,,
3,256,310,353,3,316,319,fixed_bwar,310.0,0.01,0.1797424024898154,4.901227152929891,0.05793786254011602,,,
3,256,310,353,3,316,319,local_bwar,24.0,0.1,0.2594522131712223,8.93058060785851,0.0787895194992168,8.552430852817775e-11,1.0,0.0
3,256,310,353,3,316,319,log_euclidean_gaussian_ar,310.0,0.1,0.17993378596792342,5.674135476497257,0.05329152860685077,,,
3,256,310,353,3,316,319,persistence,,,0.45803435547333704,22.888824809324184,0.010257468023155641,,,
3,256,310,353,3,316,319,raw_var_window_ar,72.0,10.0,0.2943560728967178,27.61114128392394,9.999999878128164e-09,,,
3,256,310,353,3,316,319,seasonal_window_naive,72.0,,0.4580343554733371,22.889002255445153,0.010247478023156962,,,
3,256,310,353,3,317,320,cholesky_gaussian_ar,310.0,0.01,0.17967364940456243,5.001671122382273,0.05808398504954914,,,
3,256,310,353,3,317,320,euclidean_gaussian_ar,310.0,0.1,0.18509711882826782,6.919433589450609,0.11991640588173334,,,
3,256,310,353,3,317,320,fixed_bwar,310.0,0.01,0.23010665458565058,5.912651186146469,0.06429142496748255,,,
3,256,310,353,3,317,320,local_bwar,24.0,0.1,0.3187359019488689,11.475328164054048,0.08118976542899951,1.066303481525356e-10,1.0,0.0
3,256,310,353,3,317,320,log_euclidean_gaussian_ar,310.0,0.1,0.24850058442062,6.3490146344488325,0.057364236317084205,,,
3,256,310,353,3,317,320,persistence,,,0.3647894308698656,17.087135516564196,0.011135548153365024,,,
3,256,310,353,3,317,320,raw_var_window_ar,72.0,10.0,0.3310729102720489,25.77487190072971,9.99999990263703e-09,,,
3,256,310,353,3,317,320,seasonal_window_naive,72.0,,0.3647894308698656,17.087228095293824,0.011125558153365332,,,
3,256,310,353,3,318,321,cholesky_gaussian_ar,310.0,0.01,0.17947279647518055,6.342836149545441,0.05682098164770926,,,
3,256,310,353,3,318,321,euclidean_gaussian_ar,310.0,0.1,0.15704238730084977,5.155111883104835,0.14578190796602952,,,
3,256,310,353,3,318,321,fixed_bwar,310.0,0.01,0.2063770787949934,5.98513210137531,0.07313761213817224,,,
3,256,310,353,3,318,321,local_bwar,24.0,0.1,0.1672046045416748,5.272291189598353,0.08165081937845287,1.0795151588659401e-10,1.0,0.0
3,256,310,353,3,318,321,log_euclidean_gaussian_ar,310.0,0.1,0.2348061539540043,6.909563028012529,0.06503170152659993,,,
3,256,310,353,3,318,321,persistence,,,0.15684120082427216,6.75037978658196,0.023955743248483125,,,
3,256,310,353,3,318,321,raw_var_window_ar,72.0,10.0,0.31239961256513765,39.36771888590933,9.999999975438707e-09,,,
3,256,310,353,3,318,321,seasonal_window_naive,72.0,,0.15684120082427216,6.750437147405698,0.023945753248484216,,,
3,256,310,353,3,319,322,cholesky_gaussian_ar,310.0,0.01,0.22393993165039386,5.406715037346071,0.06241061035532437,,,
3,256,310,353,3,319,322,euclidean_gaussian_ar,310.0,0.1,0.22202764269595454,6.283677684761304,1.0000000396847226e-08,,,
3,256,310,353,3,319,322,fixed_bwar,310.0,0.01,0.2395408010884628,6.306706380318784,0.08983462108937187,,,
3,256,310,353,3,319,322,local_bwar,24.0,0.1,0.2485532276388253,6.1763538085674,0.08145908585422504,1.0487668251399394e-10,1.0,0.0
3,256,310,353,3,319,322,log_euclidean_gaussian_ar,310.0,0.1,0.29543073732111746,6.536906304154868,0.08016296398803038,,,
3,256,310,353,3,319,322,persistence,,,0.42224569477339097,18.631380664217133,0.022770136688728432,,,
3,256,310,353,3,319,322,raw_var_window_ar,72.0,10.0,0.40004859075824456,37.19181678948098,9.999999805186892e-09,,,
3,256,310,353,3,319,322,seasonal_window_naive,72.0,,0.42224569477339097,18.631417677987343,0.022760146688728194,,,
3,256,310,353,3,320,323,cholesky_gaussian_ar,310.0,0.01,0.24703773457598444,5.829345505720674,0.05458696693683714,,,
3,256,310,353,3,320,323,euclidean_gaussian_ar,310.0,0.1,0.1963894303587453,5.543055520096294,9.999999875328579e-09,,,
3,256,310,353,3,320,323,fixed_bwar,310.0,0.01,0.20198347362038596,4.810018010472387,0.06003982199195233,,,
3,256,310,353,3,320,323,local_bwar,24.0,0.1,0.2791428381601662,6.699809550484371,0.07574616827109658,1.2372683937266543e-10,1.0,0.0
3,256,310,353,3,320,323,log_euclidean_gaussian_ar,310.0,0.1,0.28389785151659,6.164990318607064,0.06219323563977871,,,
3,256,310,353,3,320,323,persistence,,,0.3725556657817081,17.841333906562454,0.023326799014934917,,,
3,256,310,353,3,320,323,raw_var_window_ar,72.0,10.0,0.41183642322534914,35.21144116073768,9.99999998638915e-09,,,
3,256,310,353,3,320,323,seasonal_window_naive,72.0,,0.372555665781708,17.841387571943997,0.023316809014934745,,,
3,256,310,353,3,321,324,cholesky_gaussian_ar,310.0,0.01,0.368101109093509,10.267128186020372,0.06455584957331777,,,
3,256,310,353,3,321,324,euclidean_gaussian_ar,310.0,0.1,0.3412799359186201,12.527214688259331,1.0000000021607702e-08,,,
3,256,310,353,3,321,324,fixed_bwar,310.0,0.01,0.37733012339962874,11.02041234164539,0.0948619621950589,,,
3,256,310,353,3,321,324,local_bwar,24.0,0.1,0.3595668129747556,9.513571892812392,0.07453237801584284,1.3818488859963942e-10,1.0,0.0
3,256,310,353,3,321,324,log_euclidean_gaussian_ar,310.0,0.1,0.45441439294378116,10.595263227661619,0.07774413380095496,,,
3,256,310,353,3,321,324,persistence,,,0.2876940875518616,11.788901827422253,0.020305372337275925,,,
3,256,310,353,3,321,324,raw_var_window_ar,72.0,10.0,0.4670536453582733,25.555743282765256,9.999999975923724e-09,,,
3,256,310,353,3,321,324,seasonal_window_naive,72.0,,0.2876940875518616,11.788883423692209,0.020295382337275895,,,
3,256,310,353,3,322,325,cholesky_gaussian_ar,310.0,0.01,0.3659510957343183,9.025685557194713,0.05092678126926885,,,
3,256,310,353,3,322,325,euclidean_gaussian_ar,310.0,0.1,0.35484870853904865,14.510125521693588,1.0000000409214301e-08,,,
3,256,310,353,3,322,325,fixed_bwar,310.0,0.01,0.38307041098006694,10.849802457952578,0.06458595431114669,,,
3,256,310,353,3,322,325,local_bwar,24.0,0.1,0.39276180262617594,11.043097955353662,0.07502033472532134,1.6390902965732823e-10,1.0,0.0
3,256,310,353,3,322,325,log_euclidean_gaussian_ar,310.0,0.1,0.4068933894773407,7.216203379860987,0.057105227328806775,,,
3,256,310,353,3,322,325,persistence,,,0.3792714864267961,13.776308137063873,0.01000612593567839,,,
3,256,310,353,3,322,325,raw_var_window_ar,72.0,10.0,0.46237294979517124,19.776953848049896,9.999999847249202e-09,,,
3,256,310,353,3,322,325,seasonal_window_naive,72.0,,0.37927148642679614,13.776329046980592,0.00999613593567689,,,
3,256,310,353,3,323,326,cholesky_gaussian_ar,310.0,0.01,0.2989410862210909,7.5051090737298365,0.053932488354459455,,,
3,256,310,353,3,323,326,euclidean_gaussian_ar,310.0,0.1,0.2830822248730367,12.369047292016266,9.99999943915048e-09,,,
3,256,310,353,3,323,326,fixed_bwar,310.0,0.01,0.28420744279634946,7.777914501073209,0.0635255062983548,,,
3,256,310,353,3,323,326,local_bwar,24.0,0.1,0.37871452123502913,12.02372077411575,0.07217717971779414,1.9255834304995528e-10,1.0,0.0
3,256,310,353,3,323,326,log_euclidean_gaussian_ar,310.0,0.1,0.30186112740394416,5.03472796315406,0.05733868894745922,,,
3,256,310,353,3,323,326,persistence,,,0.3534951772288949,14.875833844944692,0.007454039262280449,,,
3,256,310,353,3,323,326,raw_var_window_ar,72.0,10.0,0.4266637059992631,19.014943698258733,9.999999942118063e-09,,,
3,256,310,353,3,323,326,seasonal_window_naive,72.0,,0.35349517722889495,14.875914962950262,0.00744404926228197,,,
3,256,310,353,3,324,327,cholesky_gaussian_ar,310.0,0.01,0.26567344908619034,5.757125420039165,0.0375265238191318,,,
3,256,310,353,3,324,327,euclidean_gaussian_ar,310.0,0.1,0.18894031070732914,7.659517500114736,0.08230728753224559,,,
3,256,310,353,3,324,327,fixed_bwar,310.0,0.01,0.1973446411036522,4.390080832201985,0.04901339976276688,,,
3,256,310,353,3,324,327,local_bwar,24.0,0.1,0.4123933941109397,12.831040103379227,0.06680240305169433,2.256410352561337e-10,1.0,0.0
3,256,310,353,3,324,327,log_euclidean_gaussian_ar,310.0,0.1,0.21409933375318183,3.6367124730330946,0.034406909618159294,,,
3,256,310,353,3,324,327,persistence,,,0.2631342761156287,7.582857416587569,0.010171794291932454,,,
3,256,310,353,3,324,327,raw_var_window_ar,72.0,10.0,0.43088469213943476,19.090239879123004,9.999999808822093e-09,,,
3,256,310,353,3,324,327,seasonal_window_naive,72.0,,0.2631342761156287,7.582973541315068,0.010161804291932605,,,
3,256,310,353,3,325,328,cholesky_gaussian_ar,310.0,0.01,0.3372581046896205,8.39802993963911,0.04141285200335789,,,
3,256,310,353,3,325,328,euclidean_gaussian_ar,310.0,0.1,0.1802848153622925,5.962343787998752,0.11747779369132816,,,
3,256,310,353,3,325,328,fixed_bwar,310.0,0.01,0.21083772653776267,4.683111814973839,0.06000195857853533,,,
3,256,310,353,3,325,328,local_bwar,24.0,0.1,0.40801464399707604,11.861022611361,0.06369229998212557,2.621687740395764e-10,1.0,0.0
3,256,310,353,3,325,328,log_euclidean_gaussian_ar,310.0,0.1,0.2729262071483277,4.373431575916534,0.03487934063094902,,,
3,256,310,353,3,325,328,persistence,,,0.15434773511445907,4.4299974477717186,0.011110502029396651,,,
3,256,310,353,3,325,328,raw_var_window_ar,72.0,10.0,0.45495737319875595,18.163381301868867,9.999999693387725e-09,,,
3,256,310,353,3,325,328,seasonal_window_naive,72.0,,0.15434773511445904,4.4300565425653735,0.011100512029395023,,,
3,256,310,353,3,326,329,cholesky_gaussian_ar,310.0,0.01,0.3850005907378381,10.442755390850486,0.0311233844100741,,,
3,256,310,353,3,326,329,euclidean_gaussian_ar,310.0,0.1,0.23055262722546377,8.023914965250714,0.09868613941430066,,,
3,256,310,353,3,326,329,fixed_bwar,310.0,0.01,0.2588168402594735,6.350373450397399,0.05648494069441811,,,
3,256,310,353,3,326,329,local_bwar,24.0,0.1,0.3917911086571465,11.15547717721742,0.060614815095100194,2.7759141246158357e-10,1.0,0.0
3,256,310,353,3,326,329,log_euclidean_gaussian_ar,310.0,0.1,0.32298196807605317,5.390637157106247,0.04031589120780214,,,
3,256,310,353,3,326,329,persistence,,,0.2405167150729371,6.3994992754617295,0.014791594019338898,,,
3,256,310,353,3,326,329,raw_var_window_ar,72.0,10.0,0.5114887814380886,19.57610636224588,9.999999944821252e-09,,,
3,256,310,353,3,326,329,seasonal_window_naive,72.0,,0.24051671507293704,6.399526508407904,0.014781604019339574,,,
3,256,310,353,3,327,330,cholesky_gaussian_ar,310.0,0.01,0.49252812938240476,15.980299189305427,0.049620520482967,,,
3,256,310,353,3,327,330,euclidean_gaussian_ar,310.0,0.1,0.31755681800617325,12.17711525559173,0.10823569616617737,,,
3,256,310,353,3,327,330,fixed_bwar,310.0,0.01,0.3963390915787664,11.427740409773143,0.06769926013289859,,,
3,256,310,353,3,327,330,local_bwar,24.0,0.1,0.48920380888225984,15.079519841750312,0.059381827640295606,2.598945430284202e-10,1.0,0.0
3,256,310,353,3,327,330,log_euclidean_gaussian_ar,310.0,0.1,0.48377821005866245,10.261763649211172,0.052873001288879104,,,
3,256,310,353,3,327,330,persistence,,,0.26757543332292644,6.331577697190433,0.013780862051123409,,,
3,256,310,353,3,327,330,raw_var_window_ar,72.0,10.0,0.6306783939256291,18.99784622149924,9.999999935818206e-09,,,
3,256,310,353,3,327,330,seasonal_window_naive,72.0,,0.2675754333229264,6.33153385616999,0.013770872051124015,,,
3,256,310,353,3,328,331,cholesky_gaussian_ar,310.0,0.01,0.5427637707406033,18.402404191738412,0.0473578639828263,,,
3,256,310,353,3,328,331,euclidean_gaussian_ar,310.0,0.1,0.3937704718549482,17.51542927654925,0.12127248131717638,,,
3,256,310,353,3,328,331,fixed_bwar,310.0,0.01,0.45044951681807827,13.850954782156531,0.05874612131626763,,,
3,256,310,353,3,328,331,local_bwar,24.0,0.1,0.5618679288338047,19.95164959443431,0.05578661033510054,1.9821483293016944e-10,1.0,0.0
3,256,310,353,3,328,331,log_euclidean_gaussian_ar,310.0,0.1,0.5156745845080087,11.456406421267262,0.041500168420389914,,,
3,256,310,353,3,328,331,persistence,,,0.31605833746779405,8.318911018536708,0.01173407681143122,,,
3,256,310,353,3,328,331,raw_var_window_ar,72.0,10.0,0.7378862595784835,19.926226099659313,9.999999958906036e-09,,,
3,256,310,353,3,328,331,seasonal_window_naive,72.0,,0.31605833746779405,8.318837662557739,0.011724086811431464,,,
3,256,310,353,3,329,332,cholesky_gaussian_ar,310.0,0.01,0.5789956382964314,21.24176144013773,0.03264039883109274,,,
3,256,310,353,3,329,332,euclidean_gaussian_ar,310.0,0.1,0.46338823401091955,23.102612843484096,0.11442214979685146,,,
3,256,310,353,3,329,332,fixed_bwar,310.0,0.01,0.5591976375935527,21.644810539418046,0.0566195736593235,,,
3,256,310,353,3,329,332,local_bwar,24.0,0.1,0.6367817383015293,27.47677857459125,0.05021480889713058,1.5139789004458167e-10,1.0,0.0
3,256,310,353,3,329,332,log_euclidean_gaussian_ar,310.0,0.1,0.5789731914292157,15.89224093336159,0.03794304480221454,,,
3,256,310,353,3,329,332,persistence,,,0.4254133526967953,13.597189033511203,0.005548716771077799,,,
3,256,310,353,3,329,332,raw_var_window_ar,72.0,10.0,0.8388095266763453,22.90229104290596,9.99999996031167e-09,,,
3,256,310,353,3,329,332,seasonal_window_naive,72.0,,0.42541335269679537,13.597089549896292,0.005538726771077308,,,
3,256,310,353,3,330,333,cholesky_gaussian_ar,310.0,0.01,0.489625117305006,15.327105440560416,0.011626969432235968,,,
3,256,310,353,3,330,333,euclidean_gaussian_ar,310.0,0.1,0.37099149184443636,16.721546505970537,0.06715455973779139,,,
3,256,310,353,3,330,333,fixed_bwar,310.0,0.01,0.42981806595213834,14.032688922569804,0.057565258857341914,,,
3,256,310,353,3,330,333,local_bwar,24.0,0.1,0.5659718784640748,22.470189266216433,0.03778649164876886,1.2540397121659453e-10,1.0,0.0
3,256,310,353,3,330,333,log_euclidean_gaussian_ar,310.0,0.1,0.4622192935008964,10.97154372817593,0.02341078163337214,,,
3,256,310,353,3,330,333,persistence,,,0.22937920710326543,6.088385143175219,0.005614980879767345,,,
3,256,310,353,3,330,333,raw_var_window_ar,72.0,10.0,0.8071392359615995,21.635601322223646,9.99999992733213e-09,,,
3,256,310,353,3,330,333,seasonal_window_naive,72.0,,0.2293792071032654,6.088334948347811,0.005604990879766844,,,
3,256,310,353,3,331,334,cholesky_gaussian_ar,310.0,0.01,0.325578758707413,6.31226172169524,0.0046131069901423965,,,
3,256,310,353,3,331,334,euclidean_gaussian_ar,310.0,0.1,0.21730875381705494,6.491117899429626,1.0000000146524514e-08,,,
3,256,310,353,3,331,334,fixed_bwar,310.0,0.01,0.2591876305996886,5.168417689918137,0.035202453603234624,,,
3,256,310,353,3,331,334,local_bwar,24.0,0.1,0.41298178802802676,10.058674312302664,0.03517681273314844,1.1494011620696966e-10,1.0,0.0
3,256,310,353,3,331,334,log_euclidean_gaussian_ar,310.0,0.1,0.3069107657605527,4.490154149305953,0.015219854941272138,,,
3,256,310,353,3,331,334,persistence,,,0.1066519652973811,2.5336992206094413,0.00459213720498924,,,
3,256,310,353,3,331,334,raw_var_window_ar,72.0,10.0,0.7209868011857803,21.41525988600299,9.99999995027522e-09,,,
3,256,310,353,3,331,334,seasonal_window_naive,72.0,,0.10665196529738113,2.533799195853464,0.004582147204989178,,,
3,256,310,353,3,332,335,cholesky_gaussian_ar,310.0,0.01,0.15998871295073985,3.277744927228042,0.0016731853185150422,,,
3,256,310,353,3,332,335,euclidean_gaussian_ar,310.0,0.1,0.10932749484890036,2.885499794246269,9.999999962119345e-09,,,
3,256,310,353,3,332,335,fixed_bwar,310.0,0.01,0.15267285108958703,2.988892962310474,0.0061931323933570375,,,
3,256,310,353,3,332,335,local_bwar,24.0,0.1,0.2585703855671441,4.659753467882945,0.03739270016338947,1.2329487401794543e-10,1.0,0.0
3,256,310,353,3,332,335,log_euclidean_gaussian_ar,310.0,0.1,0.1555030383343813,3.148162772123676,0.006308986714483209,,,
3,256,310,353,3,332,335,persistence,,,0.3203349876227703,11.4194646817338,0.0021495995346294456,,,
3,256,310,353,3,332,335,raw_var_window_ar,72.0,10.0,0.622958677439016,22.585791000212463,9.999999934960372e-09,,,
3,256,310,353,3,332,335,seasonal_window_naive,72.0,,0.3203349876227703,11.419822152240654,0.0021396095346294963,,,
3,256,310,353,3,333,336,cholesky_gaussian_ar,310.0,0.01,0.2177731088375251,4.553456035223036,0.0022136633403156427,,,
3,256,310,353,3,333,336,euclidean_gaussian_ar,310.0,0.1,0.19534626984917278,3.596386758892139,9.99999987974403e-09,,,
3,256,310,353,3,333,336,fixed_bwar,310.0,0.01,0.2496346576025613,4.937322946022297,0.0055518790643271495,,,
3,256,310,353,3,333,336,local_bwar,24.0,0.1,0.19724209334170303,4.1087731625793555,0.03486943767012833,1.6197989902123897e-10,1.0,0.0
3,256,310,353,3,333,336,log_euclidean_gaussian_ar,310.0,0.1,0.250944834427112,5.819952085273414,0.005040038493195919,,,
3,256,310,353,3,333,336,persistence,,,0.4446195112038315,16.762759252034996,0.002567990472129686,,,
3,256,310,353,3,333,336,raw_var_window_ar,72.0,10.0,0.5628145400210538,24.548529844137512,9.99999992139931e-09,,,
3,256,310,353,3,333,336,seasonal_window_naive,72.0,,0.4446195112038313,16.763171752645064,0.0025580004721296925,,,
3,256,310,353,3,334,337,cholesky_gaussian_ar,310.0,0.01,0.2045725180656514,4.100394088753638,0.004016338230790136,,,
3,256,310,353,3,334,337,euclidean_gaussian_ar,310.0,0.1,0.21012977548903414,4.962323939594034,9.999999796209091e-09,,,
3,256,310,353,3,334,337,fixed_bwar,310.0,0.01,0.21543591269997753,4.062863550274253,0.021309592827280354,,,
3,256,310,353,3,334,337,local_bwar,24.0,0.1,0.2183867663337922,4.659523846595869,0.037191943770328015,1.8892603147841464e-10,1.0,0.0
3,256,310,353,3,334,337,log_euclidean_gaussian_ar,310.0,0.1,0.1956875434615742,4.410515322850468,0.009040152091830076,,,
3,256,310,353,3,334,337,persistence,,,0.3493715466923763,8.229982553383287,0.003834653337831247,,,
3,256,310,353,3,334,337,raw_var_window_ar,72.0,10.0,0.5480325165095202,24.483818933114705,9.999999987615948e-09,,,
3,256,310,353,3,334,337,seasonal_window_naive,72.0,,0.34937154669237624,8.230197288200893,0.003824663337831336,,,
3,256,310,353,3,335,338,cholesky_gaussian_ar,310.0,0.01,0.18801447530073068,3.372182253053935,0.005022809991047383,,,
3,256,310,353,3,335,338,euclidean_gaussian_ar,310.0,0.1,0.1934497459064824,6.704567831905561,9.999999818002276e-09,,,
3,256,310,353,3,335,338,fixed_bwar,310.0,0.01,0.17741927783863407,3.13967109340319,0.031297380565004654,,,
3,256,310,353,3,335,338,local_bwar,24.0,0.1,0.1857348384619451,3.520187901606276,0.03757150065168081,2.2527195415279933e-10,1.0,0.0
3,256,310,353,3,335,338,log_euclidean_gaussian_ar,310.0,0.1,0.18130680979389305,3.5660659235178995,0.009989064097842462,,,
3,256,310,353,3,335,338,persistence,,,0.1524244011760133,2.338906956308243,0.0020259278338282693,,,
3,256,310,353,3,335,338,raw_var_window_ar,72.0,10.0,0.5443873815091353,21.493450295701486,9.999999946139144e-09,,,
3,256,310,353,3,335,338,seasonal_window_naive,72.0,,0.15242440117601333,2.339011913332441,0.002015937833827619,,,
3,256,310,353,3,336,339,cholesky_gaussian_ar,310.0,0.01,0.16149363849743614,2.7396566105411186,0.008085912971830634,,,
3,256,310,353,3,336,339,euclidean_gaussian_ar,310.0,0.1,0.17883141850166134,7.472247508344138,0.0245455769993394,,,
3,256,310,353,3,336,339,fixed_bwar,310.0,0.01,0.17503846947236576,3.2120865967832395,0.043448983821335184,,,
3,256,310,353,3,336,339,local_bwar,24.0,0.1,0.14156228194499634,2.460392155165436,0.0368660406508967,1.8978468464920183e-10,1.0,0.0
3,256,310,353,3,336,339,log_euclidean_gaussian_ar,310.0,0.1,0.18194620142853574,2.4677215909323107,0.01806996122448516,,,
3,256,310,353,3,336,339,persistence,,,0.16288792877317815,3.802213640965594,0.0037435856463476306,,,
3,256,310,353,3,336,339,raw_var_window_ar,72.0,10.0,0.5370466102377294,18.85509683028291,9.999999958256675e-09,,,
3,256,310,353,3,336,339,seasonal_window_naive,72.0,,0.16288792877317818,3.802332582324805,0.0037335956463476778,,,
3,256,310,353,3,337,340,cholesky_gaussian_ar,310.0,0.01,0.16520402155129743,3.172129674198725,0.011420949019851644,,,
3,256,310,353,3,337,340,euclidean_gaussian_ar,310.0,0.1,0.17553772241852636,7.426686214935701,0.034246147517668114,,,
3,256,310,353,3,337,340,fixed_bwar,310.0,0.01,0.18696421361525617,3.669021833184216,0.03926122328785653,,,
3,256,310,353,3,337,340,local_bwar,24.0,0.1,0.17402370129779407,3.863265730115409,0.030196431965279234,1.3392216084466403e-10,1.0,0.0
3,256,310,353,3,337,340,log_euclidean_gaussian_ar,310.0,0.1,0.182881721949283,2.7339283273297053,0.0225982102088665,,,
3,256,310,353,3,337,340,persistence,,,0.2940827789806248,9.009266174153527,0.0033526821358655264,,,
3,256,310,353,3,337,340,raw_var_window_ar,72.0,10.0,0.5306605299940507,17.406016679874753,9.999999817150829e-09,,,
3,256,310,353,3,337,340,seasonal_window_naive,72.0,,0.29408277898062485,9.00939911934249,0.003342692135866716,,,
3,256,310,353,3,338,341,cholesky_gaussian_ar,310.0,0.01,0.1658551258701178,3.499887071118543,0.01427095329413955,,,
3,256,310,353,3,338,341,euclidean_gaussian_ar,310.0,0.1,0.15471348464672924,5.690835644726833,0.031354468883196984,,,
3,256,310,353,3,338,341,fixed_bwar,310.0,0.01,0.16363945836034968,3.4080188117751122,0.04286004855312476,,,
3,256,310,353,3,338,341,local_bwar,24.0,0.1,0.15160202080888469,2.8455859840224336,0.024619932379865126,1.4745258822738806e-10,1.0,0.0
3,256,310,353,3,338,341,log_euclidean_gaussian_ar,310.0,0.1,0.15336905661808353,3.1535094371825148,0.024761244003718,,,
3,256,310,353,3,338,341,persistence,,,0.24385727531075196,6.098229115170514,0.004262698654498896,,,
3,256,310,353,3,338,341,raw_var_window_ar,72.0,10.0,0.4530827252203575,19.2384705668358,9.999999961641475e-09,,,
3,256,310,353,3,338,341,seasonal_window_naive,72.0,,0.243857275310752,6.098428618442033,0.004252708654498027,,,
3,256,310,353,3,339,342,cholesky_gaussian_ar,310.0,0.01,0.15510681841784518,3.9066006293686852,0.019897328055323925,,,
3,256,310,353,3,339,342,euclidean_gaussian_ar,310.0,0.1,0.1862725332418514,5.4990054389526986,0.08782789498808098,,,
3,256,310,353,3,339,342,fixed_bwar,310.0,0.01,0.17888334955166466,4.2917997326071875,0.052658758021419005,,,
3,256,310,353,3,339,342,local_bwar,24.0,0.1,0.10693678399629658,2.5941672625973524,0.02429168577889048,1.5551915513462083e-10,1.0,0.0
3,256,310,353,3,339,342,log_euclidean_gaussian_ar,310.0,0.1,0.16690259011489333,4.362173546705815,0.027243380531641152,,,
3,256,310,353,3,339,342,persistence,,,0.17669471527828565,5.067252520087082,0.006510458554104423,,,
3,256,310,353,3,339,342,raw_var_window_ar,72.0,10.0,0.4333548873020874,25.392209298933874,9.99999991627354e-09,,,
3,256,310,353,3,339,342,seasonal_window_naive,72.0,,0.1766947152782857,5.067399194842335,0.00650046855410292,,,
3,256,310,353,3,340,343,cholesky_gaussian_ar,310.0,0.01,0.18864264539801454,4.05019291329074,0.03155285874638312,,,
3,256,310,353,3,340,343,euclidean_gaussian_ar,310.0,0.1,0.23215487047266492,5.313301485537402,0.04626377560520618,,,
3,256,310,353,3,340,343,fixed_bwar,310.0,0.01,0.20377377943257682,4.1911154462576725,0.038878263256337656,,,
3,256,310,353,3,340,343,local_bwar,24.0,0.1,0.17950640291327727,3.9167620109902366,0.02681746130040711,1.480104594007861e-10,1.0,0.0
3,256,310,353,3,340,343,log_euclidean_gaussian_ar,310.0,0.1,0.21954273321144321,4.79944225190674,0.028860154624724847,,,
3,256,310,353,3,340,343,persistence,,,0.3196746911985087,10.749053537241565,0.013796190755736308,,,
3,256,310,353,3,340,343,raw_var_window_ar,72.0,10.0,0.47234729524900904,27.118499471492402,9.999999979328902e-09,,,
3,256,310,353,3,340,343,seasonal_window_naive,72.0,,0.31967469119850866,10.749151626256793,0.013786200755736378,,,
3,256,310,353,3,341,344,cholesky_gaussian_ar,310.0,0.01,0.2551969537999094,5.430129618172815,0.035539345593269656,,,
3,256,310,353,3,341,344,euclidean_gaussian_ar,310.0,0.1,0.239657752861123,6.958993564463288,0.10204683002468025,,,
3,256,310,353,3,341,344,fixed_bwar,310.0,0.01,0.22144013465448997,4.770482500526393,0.040246794813665464,,,
3,256,310,353,3,341,344,local_bwar,24.0,0.1,0.19316397047182,4.516141752561738,0.02969923344062624,1.3453143933679546e-10,1.0,0.0
3,256,310,353,3,341,344,log_euclidean_gaussian_ar,310.0,0.1,0.29881355231439716,5.8943523232551875,0.037378858092159524,,,
3,256,310,353,3,341,344,persistence,,,0.2878586040672055,7.917307840558319,0.01307906914643795,,,
3,256,310,353,3,341,344,raw_var_window_ar,72.0,10.0,0.5571293449052402,25.51855841628472,9.999999955968634e-09,,,
3,256,310,353,3,341,344,seasonal_window_naive,72.0,,0.2878586040672055,7.917317911555756,0.013069079146438418,,,
3,256,310,353,3,342,345,cholesky_gaussian_ar,310.0,0.01,0.340750109862209,7.771836194640747,0.03831817412698395,,,
3,256,310,353,3,342,345,euclidean_gaussian_ar,310.0,0.1,0.28240615938193575,11.359680707922324,0.0780272763354646,,,
3,256,310,353,3,342,345,fixed_bwar,310.0,0.01,0.3098015653287881,7.628588824045986,0.05970884186852699,,,
3,256,310,353,3,342,345,local_bwar,24.0,0.1,0.17456633876281016,3.157028849758585,0.02751951986465594,1.306376357450064e-10,1.0,0.0
3,256,310,353,3,342,345,log_euclidean_gaussian_ar,310.0,0.1,0.3936860717419276,7.846402491498943,0.05678906642165869,,,
3,256,310,353,3,342,345,persistence,,,0.23668213749635691,5.7480184715966836,0.013879605364629682,,,
3,256,310,353,3,342,345,raw_var_window_ar,72.0,10.0,0.5853176697275099,20.42828093893813,9.99999992446502e-09,,,
3,256,310,353,3,342,345,seasonal_window_naive,72.0,,0.23668213749635691,5.74796803832689,0.013869615364629368,,,
3,256,310,353,3,343,346,cholesky_gaussian_ar,310.0,0.01,0.30279077387695214,6.189369694359881,0.01746378876666446,,,
3,256,310,353,3,343,346,euclidean_gaussian_ar,310.0,0.1,0.312272060946942,14.199447312809447,0.08035694079412513,,,
3,256,310,353,3,343,346,fixed_bwar,310.0,0.01,0.3961858451950688,11.134393176709324,0.05243336821184389,,,
3,256,310,353,3,343,346,local_bwar,24.0,0.1,0.19520455081958413,3.368331863014941,0.021628403532981812,1.1991738433549567e-10,1.0,0.0
3,256,310,353,3,343,346,log_euclidean_gaussian_ar,310.0,0.1,0.38618081109805513,6.739601734202973,0.040229185045302436,,,
3,256,310,353,3,343,346,persistence,,,0.3521697640267091,10.524853584705289,0.0047042848906638296,,,
3,256,310,353,3,343,346,raw_var_window_ar,72.0,10.0,0.6610283922328926,19.494465293383243,9.999999854793804e-09,,,
3,256,310,353,3,343,346,seasonal_window_naive,72.0,,0.3521697640267091,10.524802601328728,0.0046942948906626755,,,
3,256,310,353,3,344,347,cholesky_gaussian_ar,310.0,0.01,0.20703875972223665,3.8498173430254905,0.003970070029323886,,,
3,256,310,353,3,344,347,euclidean_gaussian_ar,310.0,0.1,0.28063179115285647,13.256308315908822,0.08069487873182607,,,
3,256,310,353,3,344,347,fixed_bwar,310.0,0.01,0.37620965456430894,10.418782381831829,0.052716615995900135,,,
3,256,310,353,3,344,347,local_bwar,24.0,0.1,0.23328026194575924,4.806854489665689,0.017769183735307743,1.1160730206675948e-10,1.0,0.0
3,256,310,353,3,344,347,log_euclidean_gaussian_ar,310.0,0.1,0.3104205822795361,4.425314643934923,0.021457156788944116,,,
3,256,310,353,3,344,347,persistence,,,0.32990262525504355,10.663573693584919,0.00264224623033339,,,
3,256,310,353,3,344,347,raw_var_window_ar,72.0,10.0,0.6661083463919025,18.002334572635338,9.999999858454952e-09,,,
3,256,310,353,3,344,347,seasonal_window_naive,72.0,,0.3299026252550436,10.663611789823584,0.0026322562303357504,,,
3,256,310,353,3,345,348,cholesky_gaussian_ar,310.0,0.01,0.1865381841985531,3.3966280754197893,0.008304353392442374,,,
3,256,310,353,3,345,348,euclidean_gaussian_ar,310.0,0.1,0.22776681039376026,8.479321764925762,0.08490561717438593,,,
3,256,310,353,3,345,348,fixed_bwar,310.0,0.01,0.30108471245870866,6.761081425419207,0.05098483876282458,,,
3,256,310,353,3,345,348,local_bwar,24.0,0.1,0.20603778769565795,3.2911824707571133,0.015826844253409175,1.0587467058773119e-10,1.0,0.0
3,256,310,353,3,345,348,log_euclidean_gaussian_ar,310.0,0.1,0.2984200805470648,4.6312620401515705,0.02268004832715796,,,
3,256,310,353,3,345,348,persistence,,,0.20535637125415138,3.830177022847881,0.0038028455415142722,,,
3,256,310,353,3,345,348,raw_var_window_ar,72.0,10.0,0.6291748791874648,20.150245735887438,9.999999971062036e-09,,,
3,256,310,353,3,345,348,seasonal_window_naive,72.0,,0.20535637125415138,3.83023454973503,0.003792855541515006,,,
3,256,310,353,3,346,349,cholesky_gaussian_ar,310.0,0.01,0.21663880743108427,4.715401286948692,0.0076527709627216695,,,
3,256,310,353,3,346,349,euclidean_gaussian_ar,310.0,0.1,0.2059589711860911,5.782374736922822,0.025973274441554943,,,
3,256,310,353,3,346,349,fixed_bwar,310.0,0.01,0.2222404065113711,4.8159738157455685,0.04083506213528986,,,
3,256,310,353,3,346,349,local_bwar,24.0,0.1,0.17502166738231617,3.330817047754817,0.01398328433049791,1.1200580451976294e-10,1.0,0.0
3,256,310,353,3,346,349,log_euclidean_gaussian_ar,310.0,0.1,0.25724496693522203,5.613366410560204,0.016441027415142806,,,
3,256,310,353,3,346,349,persistence,,,0.20471653897809117,5.256525112126838,0.003119016296319595,,,
3,256,310,353,3,346,349,raw_var_window_ar,72.0,10.0,0.5576836775238494,22.49304050924998,9.999999914594497e-09,,,
3,256,310,353,3,346,349,seasonal_window_naive,72.0,,0.20471653897809117,5.256675994094154,0.003109026296319221,,,
3,256,310,353,3,347,350,cholesky_gaussian_ar,310.0,0.01,0.2461072361036249,5.059967190028908,0.009502396435418219,,,
3,256,310,353,3,347,350,euclidean_gaussian_ar,310.0,0.1,0.26776069255581847,5.996766185417409,9.999999945456602e-09,,,
3,256,310,353,3,347,350,fixed_bwar,310.0,0.01,0.25521352790723106,5.374254340328044,0.0341643910752515,,,
3,256,310,353,3,347,350,local_bwar,24.0,0.1,0.2537042112001774,5.36276186624369,0.013478369928258948,1.2200583344019044e-10,1.0,0.0
3,256,310,353,3,347,350,log_euclidean_gaussian_ar,310.0,0.1,0.29217080790758154,6.599755504793037,0.015760546412182785,,,
3,256,310,353,3,347,350,persistence,,,0.3552079786261735,10.90952321505004,0.0022529863945935083,,,
3,256,310,353,3,347,350,raw_var_window_ar,72.0,10.0,0.5229620089287027,23.487902217995213,9.999999943775563e-09,,,
3,256,310,353,3,347,350,seasonal_window_naive,72.0,,0.3552079786261734,10.909712353328546,0.0022429963945935984,,,
3,256,310,353,3,348,351,cholesky_gaussian_ar,310.0,0.01,0.3134632648211438,7.156083956284137,0.009560637846343187,,,
3,256,310,353,3,348,351,euclidean_gaussian_ar,310.0,0.1,0.25001846346390355,7.686913073921616,1.0000000152898856e-08,,,
3,256,310,353,3,348,351,fixed_bwar,310.0,0.01,0.26659927100252534,6.0298645521496645,0.04287486054988058,,,
3,256,310,353,3,348,351,local_bwar,24.0,0.1,0.2531099746266453,5.182993793913082,0.013333456249689497,1.1177353990511919e-10,1.0,0.0
3,256,310,353,3,348,351,log_euclidean_gaussian_ar,310.0,0.1,0.3066855177746157,5.881706599277709,0.01582891021595408,,,
3,256,310,353,3,348,351,persistence,,,0.2746858657199336,5.509470279276959,0.0029003420405127106,,,
3,256,310,353,3,348,351,raw_var_window_ar,72.0,10.0,0.5565586059866874,23.65376030841462,9.99999997547434e-09,,,
3,256,310,353,3,348,351,seasonal_window_naive,72.0,,0.27468586571993353,5.5095960516646425,0.002890352040512677,,,
3,256,310,353,3,349,352,cholesky_gaussian_ar,310.0,0.01,0.40085130526507173,10.358514289531557,0.014259257500440886,,,
3,256,310,353,3,349,352,euclidean_gaussian_ar,310.0,0.1,0.29988449752911406,13.19258264229478,9.999999942561629e-09,,,
3,256,310,353,3,349,352,fixed_bwar,310.0,0.01,0.3690815572368009,10.530284789727673,0.05207692548030794,,,
3,256,310,353,3,349,352,local_bwar,24.0,0.1,0.17551196696511911,3.0729316978801373,0.013273489017908754,1.2617521669375532e-10,1.0,0.0
3,256,310,353,3,349,352,log_euclidean_gaussian_ar,310.0,0.1,0.45307224061987345,8.660046556303987,0.032371431738065774,,,
3,256,310,353,3,349,352,persistence,,,0.10206856701086,2.6969529711788622,0.007058504664615686,,,
3,256,310,353,3,349,352,raw_var_window_ar,72.0,10.0,0.5987421351187859,20.972811324128813,9.999999871448915e-09,,,
3,256,310,353,3,349,352,seasonal_window_naive,72.0,,0.10206856701085999,2.6969583214037023,0.007048514664615663,,,
3,256,310,353,4,306,310,cholesky_gaussian_ar,310.0,0.01,0.25793766200171525,6.822211431467562,0.06130520215622406,,,
3,256,310,353,4,306,310,euclidean_gaussian_ar,310.0,0.1,0.32208784883037933,8.797128262913176,9.999999159691545e-09,,,
3,256,310,353,4,306,310,fixed_bwar,310.0,0.01,0.2801255742971362,7.162490416244395,0.08370277443576787,,,
3,256,310,353,4,306,310,local_bwar,24.0,0.1,0.3143526248050334,9.947635512074992,0.09133737888794395,9.552536659656145e-11,1.0,0.0
3,256,310,353,4,306,310,log_euclidean_gaussian_ar,310.0,0.1,0.2604089569960092,8.006775844626459,0.06764954076296756,,,
3,256,310,353,4,306,310,persistence,,,0.4148365513197548,17.568309147744902,0.015079273230822463,,,
3,256,310,353,4,306,310,raw_var_window_ar,72.0,10.0,0.4405008305809009,52.76413976903572,9.999999999828119e-09,,,
3,256,310,353,4,306,310,seasonal_window_naive,72.0,,0.4148365513197548,17.568432626241425,0.015069283230821233,,,
3,256,310,353,4,307,311,cholesky_gaussian_ar,310.0,0.01,0.2015667903705552,5.754586813751903,0.06465708501435437,,,
3,256,310,353,4,307,311,euclidean_gaussian_ar,310.0,0.1,0.23176443917202189,6.727982579079813,0.1422040758824598,,,
3,256,310,353,4,307,311,fixed_bwar,310.0,0.01,0.19677996840968948,5.4879623546776,0.07481400884138846,,,
3,256,310,353,4,307,311,local_bwar,24.0,0.1,0.25803458837040516,7.935407654696006,0.07914635857993275,9.382352178572741e-11,1.0,0.0
3,256,310,353,4,307,311,log_euclidean_gaussian_ar,310.0,0.1,0.1764850992261099,6.23200760243192,0.06282719852813906,,,
3,256,310,353,4,307,311,persistence,,,0.22965186481278513,7.646060157021308,0.013992034877248287,,,
3,256,310,353,4,307,311,raw_var_window_ar,72.0,10.0,0.3515699763566585,42.419159217974915,9.999999998972119e-09,,,
3,256,310,353,4,307,311,seasonal_window_naive,72.0,,0.22965186481278516,7.6461783956304,0.013982044877247243,,,
3,256,310,353,4,308,312,cholesky_gaussian_ar,310.0,0.01,0.2323579304324711,6.5501361870645365,0.07439316067234548,,,
3,256,310,353,4,308,312,euclidean_gaussian_ar,310.0,0.1,0.15929319747886722,7.851854415835104,0.11101330463645387,,,
3,256,310,353,4,308,312,fixed_bwar,310.0,0.01,0.20725097070990364,6.1176333906641265,0.07435161006089255,,,
3,256,310,353,4,308,312,local_bwar,24.0,0.1,0.2696032581068143,9.277994060432292,0.07596438644562108,8.150847841958488e-11,1.0,0.0
3,256,310,353,4,308,312,log_euclidean_gaussian_ar,310.0,0.1,0.17794705455137497,5.655079512452186,0.06117654121265215,,,
3,256,310,353,4,308,312,persistence,,,0.36229794017407146,16.604652615820992,0.01330148964223018,,,
3,256,310,353,4,308,312,raw_var_window_ar,72.0,10.0,0.3412151387645992,34.495255597637325,9.999999998590971e-09,,,
3,256,310,353,4,308,312,seasonal_window_naive,72.0,,0.36229794017407146,16.604772158178086,0.013291499642230776,,,
3,256,310,353,4,309,313,cholesky_gaussian_ar,310.0,0.01,0.3032013607048903,7.426767961100023,0.09071570652629611,,,
3,256,310,353,4,309,313,euclidean_gaussian_ar,310.0,0.1,0.2422139236834107,10.030179524146842,0.15096973981862824,,,
3,256,310,353,4,309,313,fixed_bwar,310.0,0.01,0.26434585546448053,7.070645025064757,0.08201795413530877,,,
3,256,310,353,4,309,313,local_bwar,24.0,0.1,0.2722257208732469,8.520900484043715,0.08064071800239513,6.752190967201235e-11,1.0,0.0
3,256,310,353,4,309,313,log_euclidean_gaussian_ar,310.0,0.1,0.21807544529597694,4.767196856833,0.0630247487309818,,,
3,256,310,353,4,309,313,persistence,,,0.3782521512557707,16.411956170671473,0.013778272789307641,,,
3,256,310,353,4,309,313,raw_var_window_ar,72.0,10.0,0.35575085217755775,33.65412174014327,9.999999999634226e-09,,,
3,256,310,353,4,309,313,seasonal_window_naive,72.0,,0.3782521512557708,16.41204702614288,0.013768282789304857,,,
3,256,310,353,4,310,314,cholesky_gaussian_ar,310.0,0.01,0.22003969504325102,5.574478505309456,0.0864667806385926,,,
3,256,310,353,4,310,314,euclidean_gaussian_ar,310.0,0.1,0.19648413243438992,6.9878570706594125,0.14045934942774296,,,
3,256,310,353,4,310,314,fixed_bwar,310.0,0.01,0.2879244518298072,7.665997920515023,0.08808986413575187,,,
3,256,310,353,4,310,314,local_bwar,24.0,0.1,0.18621751109074064,5.237295339022909,0.08606121693450952,7.027744079878209e-11,1.0,0.0
3,256,310,353,4,310,314,log_euclidean_gaussian_ar,310.0,0.1,0.2499979712583321,5.533811427175669,0.07199514813641845,,,
3,256,310,353,4,310,314,persistence,,,0.21779985458897314,7.669628730110482,0.030875582596290883,,,
3,256,310,353,4,310,314,raw_var_window_ar,72.0,10.0,0.34643155704766293,43.379173395740324,9.999999999655149e-09,,,
3,256,310,353,4,310,314,seasonal_window_naive,72.0,,0.21779985458897314,7.669663163159754,0.030865592596291812,,,
3,256,310,353,4,311,315,cholesky_gaussian_ar,310.0,0.01,0.22721453716378148,5.988597316792574,0.047540430649801006,,,
3,256,310,353,4,311,315,euclidean_gaussian_ar,310.0,0.1,0.21813204877682524,6.854009054978764,1.0000000272287448e-08,,,
3,256,310,353,4,311,315,fixed_bwar,310.0,0.01,0.24865001292594627,6.8380259438463025,0.08559553960967181,,,
3,256,310,353,4,311,315,local_bwar,24.0,0.1,0.2617987683937391,7.4626527794522985,0.08943291957813987,7.485594893340723e-11,1.0,0.0
3,256,310,353,4,311,315,log_euclidean_gaussian_ar,310.0,0.1,0.31650336667641443,8.516626309422513,0.07184522634425673,,,
3,256,310,353,4,311,315,persistence,,,0.2560833720748443,9.20345054503679,0.0173154699796199,,,
3,256,310,353,4,311,315,raw_var_window_ar,72.0,10.0,0.4542257012920696,48.22385725559462,9.999999999807403e-09,,,
3,256,310,353,4,311,315,seasonal_window_naive,72.0,,0.2560833720748443,9.203492338449585,0.017305479979619457,,,
3,256,310,353,4,312,316,cholesky_gaussian_ar,310.0,0.01,0.26978803825347636,7.6455663272917045,0.0321418874854753,,,
3,256,310,353,4,312,316,euclidean_gaussian_ar,310.0,0.1,0.24317097227589676,7.26667429169477,9.999999894755847e-09,,,
3,256,310,353,4,312,316,fixed_bwar,310.0,0.01,0.22819420226183945,6.12707239844233,0.08964270852417484,,,
3,256,310,353,4,312,316,local_bwar,24.0,0.1,0.2992349505352163,9.102263493071842,0.08703605535628499,7.832138449287879e-11,1.0,0.0
3,256,310,353,4,312,316,log_euclidean_gaussian_ar,310.0,0.1,0.3013573905453047,8.783310654801149,0.07217969566556416,,,
3,256,310,353,4,312,316,persistence,,,0.43769990164573447,22.187000189721047,0.015514566880116319,,,
3,256,310,353,4,312,316,raw_var_window_ar,72.0,10.0,0.4767533046709195,50.68462670920048,9.99999999934111e-09,,,
3,256,310,353,4,312,316,seasonal_window_naive,72.0,,0.4376999016457344,22.187098935692354,0.015504576880116831,,,
3,256,310,353,4,313,317,cholesky_gaussian_ar,310.0,0.01,0.19429055907253318,4.834568671910303,0.03895230587355863,,,
3,256,310,353,4,313,317,euclidean_gaussian_ar,310.0,0.1,0.20464269146228484,6.229657097623332,9.999999939225267e-09,,,
3,256,310,353,4,313,317,fixed_bwar,310.0,0.01,0.15664894523020714,3.886057885338565,0.054912447023089284,,,
3,256,310,353,4,313,317,local_bwar,24.0,0.1,0.2531036978405876,7.014816577514129,0.08109866580796166,8.790772745342395e-11,1.0,0.0
3,256,310,353,4,313,317,log_euclidean_gaussian_ar,310.0,0.1,0.2144315574223498,5.636073743173184,0.06416225271898812,,,
3,256,310,353,4,313,317,persistence,,,0.31400124172420774,12.590168520791618,0.01695447547677931,,,
3,256,310,353,4,313,317,raw_var_window_ar,72.0,10.0,0.4266105254003115,44.20519052159905,9.99999999935052e-09,,,
3,256,310,353,4,313,317,seasonal_window_naive,72.0,,0.3140012417242077,12.590264286654342,0.016944485476779455,,,
3,256,310,353,4,314,318,cholesky_gaussian_ar,310.0,0.01,0.1777604586982537,4.51841561395463,0.05583995242099309,,,
3,256,310,353,4,314,318,euclidean_gaussian_ar,310.0,0.1,0.13289454193537956,5.674808755799461,1.0000000383149373e-08,,,
3,256,310,353,4,314,318,fixed_bwar,310.0,0.01,0.196350404073922,5.244832570373483,0.08336524810361744,,,
3,256,310,353,4,314,318,local_bwar,24.0,0.1,0.1871003828850892,5.082478171254991,0.07593675402365399,9.079233387323666e-11,1.0,0.0
3,256,310,353,4,314,318,log_euclidean_gaussian_ar,310.0,0.1,0.223299613727383,4.3937534087641135,0.07442697243874782,,,
3,256,310,353,4,314,318,persistence,,,0.1497971421837461,6.2061577022827965,0.015075310866249008,,,
3,256,310,353,4,314,318,raw_var_window_ar,72.0,10.0,0.3472784436001384,36.94033350340793,9.999999999114138e-09,,,
3,256,310,353,4,314,318,seasonal_window_naive,72.0,,0.1497971421837461,6.206226421437832,0.01506532086624791,,,
3,256,310,353,4,315,319,cholesky_gaussian_ar,310.0,0.01,0.15600157834292278,5.149662292232188,0.04913014857475886,,,
3,256,310,353,4,315,319,euclidean_gaussian_ar,310.0,0.1,0.1568522230839767,6.795216248007455,0.08216732458515229,,,
3,256,310,353,4,315,319,fixed_bwar,310.0,0.01,0.20748883937665757,5.857373248373401,0.059207835904617374,,,
3,256,310,353,4,315,319,local_bwar,24.0,0.1,0.23552088714000421,7.958641948140363,0.07357257072833576,7.625475802975148e-11,1.0,0.0
3,256,310,353,4,315,319,log_euclidean_gaussian_ar,310.0,0.1,0.2039699428658923,5.787243819710592,0.05901850788958518,,,
3,256,310,353,4,315,319,persistence,,,0.4223991827797086,19.50154260733425,0.016661643283613276,,,
3,256,310,353,4,315,319,raw_var_window_ar,72.0,10.0,0.34643303877059034,34.610666182694324,9.999999997873407e-09,,,
3,256,310,353,4,315,319,seasonal_window_naive,72.0,,0.4223991827797087,19.50167336464812,0.016651653283611418,,,
3,256,310,353,4,316,320,cholesky_gaussian_ar,310.0,0.01,0.17663088331255322,4.947260787874049,0.039231161132705125,,,
3,256,310,353,4,316,320,euclidean_gaussian_ar,310.0,0.1,0.18448186232784536,7.300057312977247,0.0875952325030141,,,
3,256,310,353,4,316,320,fixed_bwar,310.0,0.01,0.22520183670653857,5.878372831970621,0.054297529686590455,,,
3,256,310,353,4,316,320,local_bwar,24.0,0.1,0.3078965345386373,10.730818793860676,0.07641039120920222,8.552430852817775e-11,1.0,0.0
3,256,310,353,4,316,320,log_euclidean_gaussian_ar,310.0,0.1,0.21741745648049324,6.0260619689820825,0.053217375820381524,,,
3,256,310,353,4,316,320,persistence,,,0.4475224998441882,23.596832614032557,0.010257468023155641,,,
3,256,310,353,4,316,320,raw_var_window_ar,72.0,10.0,0.3983889429363137,32.47818386768769,9.999999997737456e-09,,,
3,256,310,353,4,316,320,seasonal_window_naive,72.0,,0.4475224998441882,23.596966824099553,0.010247478023156962,,,
3,256,310,353,4,317,321,cholesky_gaussian_ar,310.0,0.01,0.2552983733523715,8.37963649668846,0.048977794087220534,,,
3,256,310,353,4,317,321,euclidean_gaussian_ar,310.0,0.1,0.210978484039288,7.23233725259259,0.12867032241326026,,,
3,256,310,353,4,317,321,fixed_bwar,310.0,0.01,0.24832308952740206,7.357323125225653,0.06436659904003986,,,
3,256,310,353,4,317,321,local_bwar,24.0,0.1,0.16871123084110387,5.246996188216553,0.08002614381955253,1.066303481525356e-10,1.0,0.0
3,256,310,353,4,317,321,log_euclidean_gaussian_ar,310.0,0.1,0.2329537522676347,7.811900308053,0.058372964527507724,,,
3,256,310,353,4,317,321,persistence,,,0.18554244273990872,8.542199655211906,0.011135548153365024,,,
3,256,310,353,4,317,321,raw_var_window_ar,72.0,10.0,0.3682937184273339,44.60240566035143,9.999999999270771e-09,,,
3,256,310,353,4,317,321,seasonal_window_naive,72.0,,0.18554244273990872,8.542305045489258,0.011125558153365332,,,
3,256,310,353,4,318,322,cholesky_gaussian_ar,310.0,0.01,0.2609162727194784,6.7677070338625125,0.0499540869802608,,,
3,256,310,353,4,318,322,euclidean_gaussian_ar,310.0,0.1,0.30332970510523893,10.83579639112369,0.16190396386698738,,,
3,256,310,353,4,318,322,fixed_bwar,310.0,0.01,0.2752661021061718,7.294220024219436,0.08811793008656782,,,
3,256,310,353,4,318,322,local_bwar,24.0,0.1,0.24901140169004726,6.156763567843797,0.08397579164340417,1.0795151588659401e-10,1.0,0.0
3,256,310,353,4,318,322,log_euclidean_gaussian_ar,310.0,0.1,0.3446806541055467,8.738491815398188,0.06994134904456142,,,
3,256,310,353,4,318,322,persistence,,,0.27007070164181957,8.384896843164952,0.023955743248483125,,,
3,256,310,353,4,318,322,raw_var_window_ar,72.0,10.0,0.479518954029174,44.256978637207666,9.99999999959115e-09,,,
3,256,310,353,4,318,322,seasonal_window_naive,72.0,,0.27007070164181957,8.384914514526855,0.023945753248484216,,,
3,256,310,353,4,319,323,cholesky_gaussian_ar,310.0,0.01,0.32834375199065724,7.780402296963322,0.057353844688175275,,,
3,256,310,353,4,319,323,euclidean_gaussian_ar,310.0,0.1,0.2625664716124062,8.0450539377455,1.0000000272292181e-08,,,
3,256,310,353,4,319,323,fixed_bwar,310.0,0.01,0.3105336089526894,7.702027370839631,0.11002078737295888,,,
3,256,310,353,4,319,323,local_bwar,24.0,0.1,0.30622981525832516,7.281586422304439,0.08507609070328495,1.0487668251399394e-10,1.0,0.0
3,256,310,353,4,319,323,log_euclidean_gaussian_ar,310.0,0.1,0.36047633632566756,8.018472733768977,0.08368017085929576,,,
3,256,310,353,4,319,323,persistence,,,0.4247521106952884,18.75000660090315,0.022770136688728432,,,
3,256,310,353,4,319,323,raw_var_window_ar,72.0,10.0,0.4963057514533874,43.42300789243564,9.999999999523453e-09,,,
3,256,310,353,4,319,323,seasonal_window_naive,72.0,,0.4247521106952884,18.750030323015924,0.022760146688728194,,,
3,256,310,353,4,320,324,cholesky_gaussian_ar,310.0,0.01,0.39280507093198,10.89804480560117,0.05825953251245716,,,
3,256,310,353,4,320,324,euclidean_gaussian_ar,310.0,0.1,0.25872292506218897,9.63264095703952,1.0000000050247591e-08,,,
3,256,310,353,4,320,324,fixed_bwar,310.0,0.01,0.3092153311394967,8.22143382366511,0.0887460097948929,,,
3,256,310,353,4,320,324,local_bwar,24.0,0.1,0.36803253121699564,9.617629839424986,0.07889782243554477,1.2372683937266543e-10,1.0,0.0
3,256,310,353,4,320,324,log_euclidean_gaussian_ar,310.0,0.1,0.38201782036352727,7.563927939762403,0.070547664602969,,,
3,256,310,353,4,320,324,persistence,,,0.339186788509408,13.561580884612649,0.023326799014934917,,,
3,256,310,353,4,320,324,raw_var_window_ar,72.0,10.0,0.5512947810036908,31.49233133962317,9.99999999794015e-09,,,
3,256,310,353,4,320,324,seasonal_window_naive,72.0,,0.3391867885094079,13.561591932566872,0.023316809014934745,,,
3,256,310,353,4,321,325,cholesky_gaussian_ar,310.0,0.01,0.4245100673095781,12.792708136695282,0.06884068444562914,,,
3,256,310,353,4,321,325,euclidean_gaussian_ar,310.0,0.1,0.4017307782610015,16.957988128088374,1.0000000172767759e-08,,,
3,256,310,353,4,321,325,fixed_bwar,310.0,0.01,0.42349826866351,13.229664320086592,0.0852405123646217,,,
3,256,310,353,4,321,325,local_bwar,24.0,0.1,0.4046283322558128,11.734368313846947,0.07326355642231971,1.3818488859963942e-10,1.0,0.0
3,256,310,353,4,321,325,log_euclidean_gaussian_ar,310.0,0.1,0.4883630889842106,11.822548318848948,0.07357505821248479,,,
3,256,310,353,4,321,325,persistence,,,0.3460419200790069,14.129124933629903,0.020305372337275925,,,
3,256,310,353,4,321,325,raw_var_window_ar,72.0,10.0,0.558565581509981,26.168709869408957,9.99999999880961e-09,,,
3,256,310,353,4,321,325,seasonal_window_naive,72.0,,0.3460419200790069,14.129104975084676,0.020295382337275895,,,
3,256,310,353,4,322,326,cholesky_gaussian_ar,310.0,0.01,0.29255351045818506,7.434262765789109,0.03788629365108123,,,
3,256,310,353,4,322,326,euclidean_gaussian_ar,310.0,0.1,0.3013631364387702,13.68982182363149,0.012293353623254948,,,
3,256,310,353,4,322,326,fixed_bwar,310.0,0.01,0.31993640300655596,9.314668626143314,0.056636271479919904,,,
3,256,310,353,4,322,326,local_bwar,24.0,0.1,0.3674227680492476,11.144215706767238,0.07171371944257071,1.6390902965732823e-10,1.0,0.0
3,256,310,353,4,322,326,log_euclidean_gaussian_ar,310.0,0.1,0.34692030723571343,6.093100184620827,0.05496628323223812,,,
3,256,310,353,4,322,326,persistence,,,0.41531690657572984,16.61280114117364,0.01000612593567839,,,
3,256,310,353,4,322,326,raw_var_window_ar,72.0,10.0,0.510607862714685,24.7239268385371,9.9999999981535e-09,,,
3,256,310,353,4,322,326,seasonal_window_naive,72.0,,0.41531690657572995,16.612853878251137,0.00999613593567689,,,
3,256,310,353,4,323,327,cholesky_gaussian_ar,310.0,0.01,0.3400266609104421,8.48610500885409,0.03875508044190757,,,
3,256,310,353,4,323,327,euclidean_gaussian_ar,310.0,0.1,0.31883591199618033,13.72177327231135,0.015810086489966423,,,
3,256,310,353,4,323,327,fixed_bwar,310.0,0.01,0.32039375406765297,8.851246166417575,0.05385244650044104,,,
3,256,310,353,4,323,327,local_bwar,24.0,0.1,0.41726123268721077,13.02394908867499,0.07251664320610086,1.9255834304995528e-10,1.0,0.0
3,256,310,353,4,323,327,log_euclidean_gaussian_ar,310.0,0.1,0.33019051710472586,5.543525806080229,0.052258134124808835,,,
3,256,310,353,4,323,327,persistence,,,0.37485339465190753,14.876731082768972,0.007454039262280449,,,
3,256,310,353,4,323,327,raw_var_window_ar,72.0,10.0,0.5215382883594745,24.821468320613842,9.999999999032928e-09,,,
3,256,310,353,4,323,327,seasonal_window_naive,72.0,,0.3748533946519076,14.876805920424003,0.00744404926228197,,,
3,256,310,353,4,324,328,cholesky_gaussian_ar,310.0,0.01,0.33599676728374955,7.685307209631034,0.029467444074429323,,,
3,256,310,353,4,324,328,euclidean_gaussian_ar,310.0,0.1,0.23271279865864053,9.091104191045108,0.11857587843303748,,,
3,256,310,353,4,324,328,fixed_bwar,310.0,0.01,0.24880526983000836,5.671617497173921,0.05501512483049351,,,
3,256,310,353,4,324,328,local_bwar,24.0,0.1,0.43476162341977553,13.201147309652049,0.06973286162238361,2.256410352561337e-10,1.0,0.0
3,256,310,353,4,324,328,log_euclidean_gaussian_ar,310.0,0.1,0.2654369297598161,4.327748502121226,0.03496736292178972,,,
3,256,310,353,4,324,328,persistence,,,0.22506338756367808,6.179823047060759,0.010171794291932454,,,
3,256,310,353,4,324,328,raw_var_window_ar,72.0,10.0,0.5639751424066383,25.596324705909048,9.999999998865544e-09,,,
3,256,310,353,4,324,328,seasonal_window_naive,72.0,,0.2250633875636781,6.179894813985349,0.010161804291932605,,,
3,256,310,353,4,325,329,cholesky_gaussian_ar,310.0,0.01,0.38057247282063067,9.590831183863525,0.029432591745169646,,,
3,256,310,353,4,325,329,euclidean_gaussian_ar,310.0,0.1,0.2335012323638859,8.215674947689738,0.14196779769447396,,,
3,256,310,353,4,325,329,fixed_bwar,310.0,0.01,0.261233564311466,6.092972314562658,0.06821116538425655,,,
3,256,310,353,4,325,329,local_bwar,24.0,0.1,0.42670844139981245,12.97460472443257,0.06791282206995208,2.621687740395764e-10,1.0,0.0
3,256,310,353,4,325,329,log_euclidean_gaussian_ar,310.0,0.1,0.32866476184670806,5.2182307305295375,0.03755779552699092,,,
3,256,310,353,4,325,329,persistence,,,0.18067203801096568,4.838406118726468,0.011110502029396651,,,
3,256,310,353,4,325,329,raw_var_window_ar,72.0,10.0,0.5971206331638114,25.152651187830024,9.999999998315372e-09,,,
3,256,310,353,4,325,329,seasonal_window_naive,72.0,,0.18067203801096565,4.838445576013397,0.011100512029395023,,,
3,256,310,353,4,326,330,cholesky_gaussian_ar,310.0,0.01,0.5391536615147082,17.113203902879754,0.02524462480084177,,,
3,256,310,353,4,326,330,euclidean_gaussian_ar,310.0,0.1,0.3678548497037821,13.864517570730122,0.11339060046654649,,,
3,256,310,353,4,326,330,fixed_bwar,310.0,0.01,0.41593781579228906,12.093951939902063,0.05442226419775821,,,
3,256,310,353,4,326,330,local_bwar,24.0,0.1,0.5294867868656583,17.5903579673084,0.06373804270756253,2.7759141246158357e-10,1.0,0.0
3,256,310,353,4,326,330,log_euclidean_gaussian_ar,310.0,0.1,0.47960395541486533,10.05725917021878,0.04215696792404046,,,
3,256,310,353,4,326,330,persistence,,,0.30259019305323487,7.735094035258481,0.014791594019338898,,,
3,256,310,353,4,326,330,raw_var_window_ar,72.0,10.0,0.7354711647030276,25.64282812351246,9.999999999810773e-09,,,
3,256,310,353,4,326,330,seasonal_window_naive,72.0,,0.3025901930532348,7.735057565695496,0.014781604019339574,,,
3,256,310,353,4,327,331,cholesky_gaussian_ar,310.0,0.01,0.6295077007012565,24.83321422564579,0.03908654322469535,,,
3,256,310,353,4,327,331,euclidean_gaussian_ar,310.0,0.1,0.46025587720204725,21.23062012883025,0.14417226605559863,,,
3,256,310,353,4,327,331,fixed_bwar,310.0,0.01,0.5346044265952319,19.56956812343941,0.07788837649032677,,,
3,256,310,353,4,327,331,local_bwar,24.0,0.1,0.6037840622227614,23.001404933463753,0.061222900842616744,2.598945430284202e-10,1.0,0.0
3,256,310,353,4,327,331,log_euclidean_gaussian_ar,310.0,0.1,0.6120864980004003,16.4753781324794,0.052753452822242385,,,
3,256,310,353,4,327,331,persistence,,,0.35576071671196485,9.550455505309,0.013780862051123409,,,
3,256,310,353,4,327,331,raw_var_window_ar,72.0,10.0,0.8355744103665651,26.017869508782752,9.999999999856197e-09,,,
3,256,310,353,4,327,331,seasonal_window_naive,72.0,,0.3557607167119648,9.550364071413188,0.013770872051124015,,,
3,256,310,353,4,328,332,cholesky_gaussian_ar,310.0,0.01,0.6779854791970982,30.76393467934817,0.03955083275953985,,,
3,256,310,353,4,328,332,euclidean_gaussian_ar,310.0,0.1,0.5218919597938354,28.55896267409036,0.1335572832253099,,,
3,256,310,353,4,328,332,fixed_bwar,310.0,0.01,0.5645957273146737,23.179834918356967,0.06494253689453386,,,
3,256,310,353,4,328,332,local_bwar,24.0,0.1,0.6681135941157903,30.117231007817118,0.05714317675916241,1.9821483293016944e-10,1.0,0.0
3,256,310,353,4,328,332,log_euclidean_gaussian_ar,310.0,0.1,0.6357887699248002,19.45561992268053,0.04085996458632832,,,
3,256,310,353,4,328,332,persistence,,,0.420577526041325,14.548558529051355,0.01173407681143122,,,
3,256,310,353,4,328,332,raw_var_window_ar,72.0,10.0,0.9262605639909661,27.836801994165175,9.999999998748177e-09,,,
3,256,310,353,4,328,332,seasonal_window_naive,72.0,,0.42057752604132503,14.548445631221854,0.011724086811431464,,,
3,256,310,353,4,329,333,cholesky_gaussian_ar,310.0,0.01,0.5771061611070356,22.501282589235675,0.026094365547245337,,,
3,256,310,353,4,329,333,euclidean_gaussian_ar,310.0,0.1,0.4779050949757259,25.362529788916035,0.12697048065764288,,,
3,256,310,353,4,329,333,fixed_bwar,310.0,0.01,0.5491578877540557,21.89667535411938,0.06197547054410816,,,
3,256,310,353,4,329,333,local_bwar,24.0,0.1,0.624282976343377,26.606304155226592,0.051045190819778354,1.5139789004458167e-10,1.0,0.0
3,256,310,353,4,329,333,log_euclidean_gaussian_ar,310.0,0.1,0.5823231619815663,15.84717711128323,0.03751370983214669,,,
3,256,310,353,4,329,333,persistence,,,0.40879678769804983,12.764924575610863,0.005548716771077799,,,
3,256,310,353,4,329,333,raw_var_window_ar,72.0,10.0,0.9069699124701907,27.19616632033994,9.99999999928144e-09,,,
3,256,310,353,4,329,333,seasonal_window_naive,72.0,,0.40879678769804983,12.764827829288734,0.005538726771077308,,,
3,256,310,353,4,330,334,cholesky_gaussian_ar,310.0,0.01,0.44197730922285483,11.034213419525205,0.012331464240610143,,,
3,256,310,353,4,330,334,euclidean_gaussian_ar,310.0,0.1,0.31351114677952535,12.114951954539015,0.09274793528927555,,,
3,256,310,353,4,330,334,fixed_bwar,310.0,0.01,0.36720724368069574,9.296293977475601,0.059644062677676454,,,
3,256,310,353,4,330,334,local_bwar,24.0,0.1,0.4660452492796838,12.655033164713906,0.04032257449669448,1.2540397121659453e-10,1.0,0.0
3,256,310,353,4,330,334,log_euclidean_gaussian_ar,310.0,0.1,0.41083805826004793,7.059799991572504,0.02622784663251382,,,
3,256,310,353,4,330,334,persistence,,,0.153723149496617,2.9038895003205782,0.005614980879767345,,,
3,256,310,353,4,330,334,raw_var_window_ar,72.0,10.0,0.819761022460001,27.790171143570205,9.999999998474406e-09,,,
3,256,310,353,4,330,334,seasonal_window_naive,72.0,,0.15372314949661703,2.903911815084168,0.005604990879766844,,,
3,256,310,353,4,331,335,cholesky_gaussian_ar,310.0,0.01,0.27746024805226943,5.366822585791452,0.005867638409770416,,,
3,256,310,353,4,331,335,euclidean_gaussian_ar,310.0,0.1,0.1799670751499172,6.276124318779925,1.0000000152614949e-08,,,
3,256,310,353,4,331,335,fixed_bwar,310.0,0.01,0.21917203762744303,4.383102108450503,0.039051289479258004,,,
3,256,310,353,4,331,335,local_bwar,24.0,0.1,0.2940359158728464,5.629566975249943,0.03761453141456714,1.1494011620696966e-10,1.0,0.0
3,256,310,353,4,331,335,log_euclidean_gaussian_ar,310.0,0.1,0.27689252412931026,4.445404729221707,0.01775861894753328,,,
3,256,310,353,4,331,335,persistence,,,0.2326267092164568,6.36841451588623,0.00459213720498924,,,
3,256,310,353,4,331,335,raw_var_window_ar,72.0,10.0,0.7208844158929363,29.239476124984982,9.99999999781978e-09,,,
3,256,310,353,4,331,335,seasonal_window_naive,72.0,,0.23262670921645678,6.368579693733326,0.004582147204989178,,,
3,256,310,353,4,332,336,cholesky_gaussian_ar,310.0,0.01,0.2164750275206013,4.64697986913181,0.0018041251308136422,,,
3,256,310,353,4,332,336,euclidean_gaussian_ar,310.0,0.1,0.20784619832780815,5.238662054443923,9.999999876778913e-09,,,
3,256,310,353,4,332,336,fixed_bwar,310.0,0.01,0.24742976275353232,5.118247059114449,0.009900486340374541,,,
3,256,310,353,4,332,336,local_bwar,24.0,0.1,0.2171117201884295,4.2567548506782265,0.039808319923635406,1.2329487401794543e-10,1.0,0.0
3,256,310,353,4,332,336,log_euclidean_gaussian_ar,310.0,0.1,0.22966691422693053,5.122860727803978,0.008169202066833714,,,
3,256,310,353,4,332,336,persistence,,,0.46580594934993186,18.043859821663247,0.0021495995346294456,,,
3,256,310,353,4,332,336,raw_var_window_ar,72.0,10.0,0.6562477491361088,30.691831150667028,9.999999998836081e-09,,,
3,256,310,353,4,332,336,seasonal_window_naive,72.0,,0.46580594934993175,18.044304463584513,0.0021396095346294963,,,
3,256,310,353,4,333,337,cholesky_gaussian_ar,310.0,0.01,0.20429937956835764,4.021759948161785,0.002896574855956888,,,
3,256,310,353,4,333,337,euclidean_gaussian_ar,310.0,0.1,0.21730803925092199,4.76981322365925,9.99999986215506e-09,,,
3,256,310,353,4,333,337,fixed_bwar,310.0,0.01,0.24100383894873853,4.552678775276039,0.007411130783096596,,,
3,256,310,353,4,333,337,local_bwar,24.0,0.1,0.20383307984739016,4.173626277238563,0.03781327663837465,1.6197989902123897e-10,1.0,0.0
3,256,310,353,4,333,337,log_euclidean_gaussian_ar,310.0,0.1,0.22691473264061682,5.0962958255949165,0.00624935507786036,,,
3,256,310,353,4,333,337,persistence,,,0.4695250015671851,17.893614275505893,0.002567990472129686,,,
3,256,310,353,4,333,337,raw_var_window_ar,72.0,10.0,0.6389637881692448,30.590297117534035,9.999999999739938e-09,,,
3,256,310,353,4,333,337,seasonal_window_naive,72.0,,0.469525001567185,17.8940409726657,0.0025580004721296925,,,
3,256,310,353,4,334,338,cholesky_gaussian_ar,310.0,0.01,0.1852559999598559,3.3830636875616653,0.004626798441276594,,,
3,256,310,353,4,334,338,euclidean_gaussian_ar,310.0,0.1,0.18733041828268096,5.654890845795241,0.030276381257135446,,,
3,256,310,353,4,334,338,fixed_bwar,310.0,0.01,0.1806698773225046,3.106473063182226,0.028185996152058964,,,
3,256,310,353,4,334,338,local_bwar,24.0,0.1,0.18937580265902199,3.620803269471847,0.03894285048544134,1.8892603147841464e-10,1.0,0.0
3,256,310,353,4,334,338,log_euclidean_gaussian_ar,310.0,0.1,0.16987711311635215,3.0616408666423807,0.011047227854061889,,,
3,256,310,353,4,334,338,persistence,,,0.30974872857472474,6.118835880388044,0.003834653337831247,,,
3,256,310,353,4,334,338,raw_var_window_ar,72.0,10.0,0.6435957871472028,27.97616396960361,9.999999999370534e-09,,,
3,256,310,353,4,334,338,seasonal_window_naive,72.0,,0.30974872857472474,6.119025958279899,0.003824663337831336,,,
3,256,310,353,4,335,339,cholesky_gaussian_ar,310.0,0.01,0.10438842051205878,1.9723409025866476,0.005759642563611815,,,
3,256,310,353,4,335,339,euclidean_gaussian_ar,310.0,0.1,0.15558978830762502,6.192849911588317,0.0531303159182517,,,
3,256,310,353,4,335,339,fixed_bwar,310.0,0.01,0.11597752670983268,2.181975613990192,0.03862747276331735,,,
3,256,310,353,4,335,339,local_bwar,24.0,0.1,0.1406567025014245,2.4370825184167195,0.03763124743069889,2.2527195415279933e-10,1.0,0.0
3,256,310,353,4,335,339,log_euclidean_gaussian_ar,310.0,0.1,0.11722120569526384,1.9563529870911587,0.011083431702016614,,,
3,256,310,353,4,335,339,persistence,,,0.12304424253716047,2.5305696450618584,0.0020259278338282693,,,
3,256,310,353,4,335,339,raw_var_window_ar,72.0,10.0,0.6323202173647754,24.722820815354456,9.999999999464536e-09,,,
3,256,310,353,4,335,339,seasonal_window_naive,72.0,,0.12304424253716056,2.5307430682448557,0.002015937833827619,,,
3,256,310,353,4,336,340,cholesky_gaussian_ar,310.0,0.01,0.1504299505905618,3.212155617374617,0.009007110163761186,,,
3,256,310,353,4,336,340,euclidean_gaussian_ar,310.0,0.1,0.1907097453798409,8.52866192022466,0.05999169837367271,,,
3,256,310,353,4,336,340,fixed_bwar,310.0,0.01,0.16836417578569055,3.5929984152686547,0.04728992143906832,,,
3,256,310,353,4,336,340,local_bwar,24.0,0.1,0.17636047140303393,3.8828505478373305,0.03721449426329584,1.8978468464920183e-10,1.0,0.0
3,256,310,353,4,336,340,log_euclidean_gaussian_ar,310.0,0.1,0.18118002422174337,2.8372870078154095,0.018650359982242126,,,
3,256,310,353,4,336,340,persistence,,,0.2804546460018453,8.424754741846098,0.0037435856463476306,,,
3,256,310,353,4,336,340,raw_var_window_ar,72.0,10.0,0.614355557105025,22.802204701443372,9.999999999122403e-09,,,
3,256,310,353,4,336,340,seasonal_window_naive,72.0,,0.2804546460018453,8.424910253898148,0.0037335956463476778,,,
3,256,310,353,4,337,341,cholesky_gaussian_ar,310.0,0.01,0.1541082512246855,3.2169177970111047,0.011113034158974668,,,
3,256,310,353,4,337,341,euclidean_gaussian_ar,310.0,0.1,0.1674000309699785,6.919865173477515,0.07424281901746771,,,
3,256,310,353,4,337,341,fixed_bwar,310.0,0.01,0.17307827994543828,3.5712968609122164,0.0444465072466655,,,
3,256,310,353,4,337,341,local_bwar,24.0,0.1,0.1367366001726944,2.587322172682753,0.031737391788301934,1.3392216084466403e-10,1.0,0.0
3,256,310,353,4,337,341,log_euclidean_gaussian_ar,310.0,0.1,0.14775034388057232,2.979400349015055,0.02261319239408841,,,
3,256,310,353,4,337,341,persistence,,,0.2832615463950964,7.456009499888953,0.0033526821358655264,,,
3,256,310,353,4,337,341,raw_var_window_ar,72.0,10.0,0.5387671240774466,25.476727008401674,9.999999999144406e-09,,,
3,256,310,353,4,337,341,seasonal_window_naive,72.0,,0.28326154639509643,7.456183729286016,0.003342692135866716,,,
3,256,310,353,4,338,342,cholesky_gaussian_ar,310.0,0.01,0.22345996142194757,5.715342259425006,0.012947366373141983,,,
3,256,310,353,4,338,342,euclidean_gaussian_ar,310.0,0.1,0.18821652602750685,6.311234491546604,0.04955215075441613,,,
3,256,310,353,4,338,342,fixed_bwar,310.0,0.01,0.22815186465087284,5.705062203249273,0.04596846691702222,,,
3,256,310,353,4,338,342,local_bwar,24.0,0.1,0.10733636739939491,2.669707109806048,0.027177168809859185,1.4745258822738806e-10,1.0,0.0
3,256,310,353,4,338,342,log_euclidean_gaussian_ar,310.0,0.1,0.18992129550852038,5.1701827534269595,0.0250661039153814,,,
3,256,310,353,4,338,342,persistence,,,0.1779892391072908,4.82760753167044,0.004262698654498896,,,
3,256,310,353,4,338,342,raw_var_window_ar,72.0,10.0,0.5109978699565939,30.667063191840654,9.999999999693733e-09,,,
3,256,310,353,4,338,342,seasonal_window_naive,72.0,,0.1779892391072909,4.827810030254222,0.004252708654498027,,,
3,256,310,353,4,339,343,cholesky_gaussian_ar,310.0,0.01,0.23014078167744886,5.287776567823206,0.02087225894699427,,,
3,256,310,353,4,339,343,euclidean_gaussian_ar,310.0,0.1,0.24288801267657556,7.5099885946915474,0.10269245488968579,,,
3,256,310,353,4,339,343,fixed_bwar,310.0,0.01,0.25262824406788387,5.989030916527588,0.057832398351346584,,,
3,256,310,353,4,339,343,local_bwar,24.0,0.1,0.1667480739674148,3.58465667741932,0.02540459486886163,1.5551915513462083e-10,1.0,0.0
3,256,310,353,4,339,343,log_euclidean_gaussian_ar,310.0,0.1,0.25043816581549844,5.957436448485789,0.02808932439622857,,,
3,256,310,353,4,339,343,persistence,,,0.2324456428991345,6.394792791590417,0.006510458554104423,,,
3,256,310,353,4,339,343,raw_var_window_ar,72.0,10.0,0.5587497599995297,33.44529109837568,9.999999999375067e-09,,,
3,256,310,353,4,339,343,seasonal_window_naive,72.0,,0.23244564289913452,6.394900093880123,0.00650046855410292,,,
3,256,310,353,4,340,344,cholesky_gaussian_ar,310.0,0.01,0.25839381728944427,5.391626816803841,0.031060656029896057,,,
3,256,310,353,4,340,344,euclidean_gaussian_ar,310.0,0.1,0.22377086956958767,6.391587046503579,0.06338486999687243,,,
3,256,310,353,4,340,344,fixed_bwar,310.0,0.01,0.2134175126619833,4.461655804989846,0.04038421825606197,,,
3,256,310,353,4,340,344,local_bwar,24.0,0.1,0.16788471681017328,3.7044567823776493,0.025986477641166645,1.480104594007861e-10,1.0,0.0
3,256,310,353,4,340,344,log_euclidean_gaussian_ar,310.0,0.1,0.2936475172960672,5.629360560256571,0.030571448932699995,,,
3,256,310,353,4,340,344,persistence,,,0.29188658702111997,9.753818314379673,0.013796190755736308,,,
3,256,310,353,4,340,344,raw_var_window_ar,72.0,10.0,0.6480765767231262,31.45685336279579,9.999999999248674e-09,,,
3,256,310,353,4,340,344,seasonal_window_naive,72.0,,0.2918865870211199,9.753856298139114,0.013786200755736378,,,
3,256,310,353,4,341,345,cholesky_gaussian_ar,310.0,0.01,0.30739723354074244,6.631649383158749,0.0336770841622813,,,
3,256,310,353,4,341,345,euclidean_gaussian_ar,310.0,0.1,0.26425222349474825,8.785812655447373,0.1394800000123818,,,
3,256,310,353,4,341,345,fixed_bwar,310.0,0.01,0.23695585385775053,4.950033297334313,0.041233059120964935,,,
3,256,310,353,4,341,345,local_bwar,24.0,0.1,0.17344458940754817,3.151342814483775,0.02806939727533652,1.3453143933679546e-10,1.0,0.0
3,256,310,353,4,341,345,log_euclidean_gaussian_ar,310.0,0.1,0.33930437363718235,5.961468193048827,0.03816079274687276,,,
3,256,310,353,4,341,345,persistence,,,0.2630115395002523,6.057274859435589,0.01307906914643795,,,
3,256,310,353,4,341,345,raw_var_window_ar,72.0,10.0,0.6892996798793011,27.10414208627038,9.999999999335471e-09,,,
3,256,310,353,4,341,345,seasonal_window_naive,72.0,,0.2630115395002523,6.0572550676092,0.013069079146438418,,,
3,256,310,353,4,342,346,cholesky_gaussian_ar,310.0,0.01,0.3969001450760718,9.931206090781936,0.03214209300243074,,,
3,256,310,353,4,342,346,euclidean_gaussian_ar,310.0,0.1,0.3393837472442306,14.667543523259862,0.13040123868168674,,,
3,256,310,353,4,342,346,fixed_bwar,310.0,0.01,0.3554774722280725,9.696380326245265,0.06434482608963724,,,
3,256,310,353,4,342,346,local_bwar,24.0,0.1,0.2211509850158939,4.151669524617854,0.02706374730868692,1.306376357450064e-10,1.0,0.0
3,256,310,353,4,342,346,log_euclidean_gaussian_ar,310.0,0.1,0.44964206047354616,9.711177855236519,0.053224884760482434,,,
3,256,310,353,4,342,346,persistence,,,0.3192601132487338,9.13444809411135,0.013879605364629682,,,
3,256,310,353,4,342,346,raw_var_window_ar,72.0,10.0,0.7474974738962328,24.565359577967456,9.999999999374104e-09,,,
3,256,310,353,4,342,346,seasonal_window_naive,72.0,,0.3192601132487338,9.134373278405338,0.013869615364629368,,,
3,256,310,353,4,343,347,cholesky_gaussian_ar,310.0,0.01,0.3108710769179894,7.001746074974946,0.01449848886858943,,,
3,256,310,353,4,343,347,euclidean_gaussian_ar,310.0,0.1,0.3475485697553037,16.37579771272033,0.1108226005616185,,,
3,256,310,353,4,343,347,fixed_bwar,310.0,0.01,0.39935416009359676,11.988888163276876,0.05241693632400908,,,
3,256,310,353,4,343,347,local_bwar,24.0,0.1,0.24967814088703427,5.2660047271974255,0.022215609668589036,1.1991738433549567e-10,1.0,0.0
3,256,310,353,4,343,347,log_euclidean_gaussian_ar,310.0,0.1,0.4079647435332987,7.971100383315879,0.037839337586443506,,,
3,256,310,353,4,343,347,persistence,,,0.4180677750217501,14.566547747559806,0.0047042848906638296,,,
3,256,310,353,4,343,347,raw_var_window_ar,72.0,10.0,0.7628045731535162,23.89044638157598,9.999999998851048e-09,,,
3,256,310,353,4,343,347,seasonal_window_naive,72.0,,0.41806777502175013,14.566501582889535,0.0046942948906626755,,,
3,256,310,353,4,344,348,cholesky_gaussian_ar,310.0,0.01,0.18264311026512023,3.3666046981832807,0.003219500262573246,,,
3,256,310,353,4,344,348,euclidean_gaussian_ar,310.0,0.1,0.27294443099924975,11.566074871157564,0.10634060877676217,,,
3,256,310,353,4,344,348,fixed_bwar,310.0,0.01,0.3470168877134315,8.834885767309698,0.05157004583812683,,,
3,256,310,353,4,344,348,local_bwar,24.0,0.1,0.2244444503434737,3.71338626959676,0.018329495330717975,1.1160730206675948e-10,1.0,0.0
3,256,310,353,4,344,348,log_euclidean_gaussian_ar,310.0,0.1,0.2950417349545326,4.638991695323336,0.021109365074097438,,,
3,256,310,353,4,344,348,persistence,,,0.29820056938008316,7.365860965400227,0.00264224623033339,,,
3,256,310,353,4,344,348,raw_var_window_ar,72.0,10.0,0.7252159051500024,26.452437028175357,9.999999999447187e-09,,,
3,256,310,353,4,344,348,seasonal_window_naive,72.0,,0.2982005693800832,7.365913163211701,0.0026322562303357504,,,
3,256,310,353,4,345,349,cholesky_gaussian_ar,310.0,0.01,0.18189857294250514,3.6469340078909136,0.00814607898016169,,,
3,256,310,353,4,345,349,euclidean_gaussian_ar,310.0,0.1,0.22745601648544903,8.154424777539727,0.09687657806836192,,,
3,256,310,353,4,345,349,fixed_bwar,310.0,0.01,0.28153314005867647,6.723905412047328,0.05204993918054628,,,
3,256,310,353,4,345,349,local_bwar,24.0,0.1,0.18160479102342936,3.375065424887037,0.016381920054081584,1.0587467058773119e-10,1.0,0.0
3,256,310,353,4,345,349,log_euclidean_gaussian_ar,310.0,0.1,0.27940978589453874,5.566460669453868,0.021829788620049993,,,
3,256,310,353,4,345,349,persistence,,,0.1691176817301157,3.660577289400117,0.0038028455415142722,,,
3,256,310,353,4,345,349,raw_var_window_ar,72.0,10.0,0.6474953234191929,28.656537676536743,9.999999999052624e-09,,,
3,256,310,353,4,345,349,seasonal_window_naive,72.0,,0.1691176817301157,3.660685301710342,0.003792855541515006,,,
3,256,310,353,4,346,350,cholesky_gaussian_ar,310.0,0.01,0.25012653878803415,5.229545320165736,0.008570374999801041,,,
3,256,310,353,4,346,350,euclidean_gaussian_ar,310.0,0.1,0.27355894026747335,7.623137902256666,0.061796467615561276,,,
3,256,310,353,4,346,350,fixed_bwar,310.0,0.01,0.2650211988265445,5.68249824138477,0.035683703847026835,,,
3,256,310,353,4,346,350,local_bwar,24.0,0.1,0.23760329039173178,4.784697926681338,0.014271253651593468,1.1200580451976294e-10,1.0,0.0
3,256,310,353,4,346,350,log_euclidean_gaussian_ar,310.0,0.1,0.2894312482272602,6.711049844127562,0.015559127445253904,,,
3,256,310,353,4,346,350,persistence,,,0.3105493920135421,8.275968980878911,0.003119016296319595,,,
3,256,310,353,4,346,350,raw_var_window_ar,72.0,10.0,0.6221871979004681,30.547367430046073,9.999999999104787e-09,,,
3,256,310,353,4,346,350,seasonal_window_naive,72.0,,0.3105493920135421,8.276145617694095,0.003109026296319221,,,
3,256,310,353,4,347,351,cholesky_gaussian_ar,310.0,0.01,0.2404840830471533,4.5806304197888394,0.009770479988673177,,,
3,256,310,353,4,347,351,euclidean_gaussian_ar,310.0,0.1,0.2584718892360117,6.647145713408612,4.327389379255082e-05,,,
3,256,310,353,4,347,351,fixed_bwar,310.0,0.01,0.2505778410353641,5.270159645656555,0.0366906091452816,,,
3,256,310,353,4,347,351,local_bwar,24.0,0.1,0.23552673581236908,4.603018621517489,0.013263805719965258,1.2200583344019044e-10,1.0,0.0
3,256,310,353,4,347,351,log_euclidean_gaussian_ar,310.0,0.1,0.28631225886883166,5.749957611389004,0.01651823259837351,,,
3,256,310,353,4,347,351,persistence,,,0.3405992355968213,9.845176565312542,0.0022529863945935083,,,
3,256,310,353,4,347,351,raw_var_window_ar,72.0,10.0,0.6392860966622278,29.44216469956512,9.999999996236087e-09,,,
3,256,310,353,4,347,351,seasonal_window_naive,72.0,,0.3405992355968213,9.845338390853664,0.0022429963945935984,,,
3,256,310,353,4,348,352,cholesky_gaussian_ar,310.0,0.01,0.35793453989249385,8.222654954566313,0.007077940410925844,,,
3,256,310,353,4,348,352,euclidean_gaussian_ar,310.0,0.1,0.2801686385186223,11.422438495155774,0.055226487677174974,,,
3,256,310,353,4,348,352,fixed_bwar,310.0,0.01,0.291906641082419,7.144727662041483,0.05386811161396384,,,
3,256,310,353,4,348,352,local_bwar,24.0,0.1,0.18367150996793577,3.259022548003138,0.013239209330452443,1.1177353990511919e-10,1.0,0.0
3,256,310,353,4,348,352,log_euclidean_gaussian_ar,310.0,0.1,0.3614763182266542,6.12251642636059,0.019316916247246234,,,
3,256,310,353,4,348,352,persistence,,,0.18020802779634365,3.383174495584188,0.0029003420405127106,,,
3,256,310,353,4,348,352,raw_var_window_ar,72.0,10.0,0.703339528396513,27.52411301027053,9.999999999659473e-09,,,
3,256,310,353,4,348,352,seasonal_window_naive,72.0,,0.1802080277963436,3.3832429250419636,0.002890352040512677,,,
3,256,310,353,6,304,310,cholesky_gaussian_ar,310.0,0.01,0.23539820582141424,6.302246532380866,0.07314064260916203,,,
3,256,310,353,6,304,310,euclidean_gaussian_ar,310.0,0.1,0.2765331400417647,7.910137717834145,0.060970795722598226,,,
3,256,310,353,6,304,310,fixed_bwar,310.0,0.01,0.2500021400667585,6.122386586271929,0.09399640520372494,,,
3,256,310,353,6,304,310,local_bwar,24.0,0.1,0.34428263347260124,11.34477487652952,0.0978708947916976,7.207395582224e-11,1.0,0.0
3,256,310,353,6,304,310,log_euclidean_gaussian_ar,310.0,0.01,0.2286115634430833,6.518913212602097,0.06711099566370192,,,
3,256,310,353,6,304,310,persistence,,,0.3059833769486755,12.543935593099413,0.026548339459902044,,,
3,256,310,353,6,304,310,raw_var_window_ar,72.0,1e-06,0.44591913723834564,53.4064536165489,9.999999999999937e-09,,,
3,256,310,353,6,304,310,seasonal_window_naive,72.0,,0.3059833769486755,12.54402533689947,0.02653834945990275,,,
3,256,310,353,6,305,311,cholesky_gaussian_ar,310.0,0.01,0.208969535680907,5.66672133182672,0.10076811265091173,,,
3,256,310,353,6,305,311,euclidean_gaussian_ar,310.0,0.1,0.18081207335063929,5.944284150575211,0.17641824610713305,,,
3,256,310,353,6,305,311,fixed_bwar,310.0,0.01,0.1664968678546525,4.679803541952059,0.08427028486475767,,,
3,256,310,353,6,305,311,local_bwar,24.0,0.1,0.315657183690511,10.015366568937244,0.09163395821689908,8.547061507908576e-11,1.0,0.0
3,256,310,353,6,305,311,log_euclidean_gaussian_ar,310.0,0.01,0.24354319876330432,6.403252866522395,0.06867618001016841,,,
3,256,310,353,6,305,311,persistence,,,0.2620291692254037,11.086023652572326,0.02351835259897903,,,
3,256,310,353,6,305,311,raw_var_window_ar,72.0,1e-06,0.35906421943107725,43.132405140685584,9.999999999999919e-09,,,
3,256,310,353,6,305,311,seasonal_window_naive,72.0,,0.2620291692254037,11.08610709774442,0.02350836259897928,,,
3,256,310,353,6,306,312,cholesky_gaussian_ar,310.0,0.01,0.18838705236870992,5.664658666998074,0.08372729810847146,,,
3,256,310,353,6,306,312,euclidean_gaussian_ar,310.0,0.1,0.1570123325789277,7.298364062113744,0.14748849071925318,,,
3,256,310,353,6,306,312,fixed_bwar,310.0,0.01,0.14618971069244602,4.8592789898887245,0.07172499030625859,,,
3,256,310,353,6,306,312,local_bwar,24.0,0.1,0.34241144302432,11.99451450973973,0.08713761377690092,9.552536659656145e-11,1.0,0.0
3,256,310,353,6,306,312,log_euclidean_gaussian_ar,310.0,0.01,0.24805986242390476,5.551590108499344,0.05775435630618529,,,
3,256,310,353,6,306,312,persistence,,,0.10204292725188736,6.943005360945423,0.015079273230822463,,,
3,256,310,353,6,306,312,raw_var_window_ar,72.0,1e-06,0.34895735843279946,35.28867066616646,9.99999999999991e-09,,,
3,256,310,353,6,306,312,seasonal_window_naive,72.0,,0.1020429272518873,6.943061835467091,0.015069283230821233,,,
3,256,310,353,6,307,313,cholesky_gaussian_ar,310.0,0.01,0.2046466334726981,5.091732470122539,0.06849894830051312,,,
3,256,310,353,6,307,313,euclidean_gaussian_ar,310.0,0.1,0.1466296679253838,5.506393909939281,0.14950636509048568,,,
3,256,310,353,6,307,313,fixed_bwar,310.0,0.01,0.1707858341089361,4.510192674589821,0.07012048588243006,,,
3,256,310,353,6,307,313,local_bwar,24.0,0.1,0.32036155322973686,10.357492379465189,0.08461115354014949,9.382352178572741e-11,1.0,0.0
3,256,310,353,6,307,313,log_euclidean_gaussian_ar,310.0,0.01,0.30265757041002733,6.065940835830521,0.059965168532637336,,,
3,256,310,353,6,307,313,persistence,,,0.1820142431099906,6.896054786026973,0.013992034877248287,,,
3,256,310,353,6,307,313,raw_var_window_ar,72.0,1e-06,0.3617555601554522,34.19262194922566,9.999999999999883e-09,,,
3,256,310,353,6,307,313,seasonal_window_naive,72.0,,0.18201424310999065,6.896155676717468,0.013982044877247243,,,
3,256,310,353,6,308,314,cholesky_gaussian_ar,310.0,0.01,0.2616246154911469,6.733961643265918,0.07154498020917796,,,
3,256,310,353,6,308,314,euclidean_gaussian_ar,310.0,0.1,0.1927984694553653,6.565500074984622,0.16151494722751736,,,
3,256,310,353,6,308,314,fixed_bwar,310.0,0.01,0.21488684915265338,5.553954996448408,0.0815614721732565,,,
3,256,310,353,6,308,314,local_bwar,24.0,0.1,0.20086942880319267,5.73254886932086,0.0843570351759682,8.150847841958488e-11,1.0,0.0
3,256,310,353,6,308,314,log_euclidean_gaussian_ar,310.0,0.01,0.3140822804118891,7.32310195636896,0.07349353553486143,,,
3,256,310,353,6,308,314,persistence,,,0.1883645293285056,8.017974806126732,0.01330148964223018,,,
3,256,310,353,6,308,314,raw_var_window_ar,72.0,1e-06,0.35457241742492596,44.11101096210386,9.999999999999901e-09,,,
3,256,310,353,6,308,314,seasonal_window_naive,72.0,,0.1883645293285056,8.018096872447805,0.013291499642230776,,,
3,256,310,353,6,309,315,cholesky_gaussian_ar,310.0,0.01,0.39774413560729416,11.865339111988629,0.08910850334701828,,,
3,256,310,353,6,309,315,euclidean_gaussian_ar,310.0,0.1,0.3466641920824269,14.275539719677747,0.19541286654042775,,,
3,256,310,353,6,309,315,fixed_bwar,310.0,0.01,0.35261708629462146,10.922114410245042,0.0923339066667475,,,
3,256,310,353,6,309,315,local_bwar,24.0,0.1,0.27451072941449983,8.10005173210792,0.08550521781679664,6.752190967201235e-11,1.0,0.0
3,256,310,353,6,309,315,log_euclidean_gaussian_ar,310.0,0.01,0.4140900165811154,11.288105179970838,0.08191609461307846,,,
3,256,310,353,6,309,315,persistence,,,0.1393058745126819,5.3113851596630655,0.013778272789307641,,,
3,256,310,353,6,309,315,raw_var_window_ar,72.0,1e-06,0.4610950636977456,48.82692786848767,9.99999999999992e-09,,,
3,256,310,353,6,309,315,seasonal_window_naive,72.0,,0.1393058745126819,5.311430927987139,0.013768282789304857,,,
3,256,310,353,6,310,316,cholesky_gaussian_ar,310.0,0.01,0.3832111399925311,12.285335172997087,0.0808103948758985,,,
3,256,310,353,6,310,316,euclidean_gaussian_ar,310.0,0.1,0.35901390092776175,15.339314754407752,0.2032197001201972,,,
3,256,310,353,6,310,316,fixed_bwar,310.0,0.01,0.4019963348271994,14.081906120132539,0.09718367879120454,,,
3,256,310,353,6,310,316,local_bwar,24.0,0.1,0.31683103061898665,9.97634622716192,0.08739153064243671,7.027744079878209e-11,1.0,0.0
3,256,310,353,6,310,316,log_euclidean_gaussian_ar,310.0,0.01,0.44889517075792457,12.620452593531322,0.0909412294313849,,,
3,256,310,353,6,310,316,persistence,,,0.230585503915364,7.803432725297031,0.030875582596290883,,,
3,256,310,353,6,310,316,raw_var_window_ar,72.0,1e-06,0.48599253938333015,51.474956902369875,9.999999999999878e-09,,,
3,256,310,353,6,310,316,seasonal_window_naive,72.0,,0.23058550391536398,7.803435171364932,0.030865592596291812,,,
3,256,310,353,6,311,317,cholesky_gaussian_ar,310.0,0.01,0.22502528128927488,5.953752042522775,0.053545685154362754,,,
3,256,310,353,6,311,317,euclidean_gaussian_ar,310.0,0.1,0.2232368183578074,7.639534257417141,0.0774702790764014,,,
3,256,310,353,6,311,317,fixed_bwar,310.0,0.01,0.2585824999234114,7.158423260708259,0.08216611087757356,,,
3,256,310,353,6,311,317,local_bwar,24.0,0.1,0.2719192047959894,7.610519708212635,0.08738757767238153,7.485594893340723e-11,1.0,0.0
3,256,310,353,6,311,317,log_euclidean_gaussian_ar,310.0,0.01,0.30543681989339666,8.678089421777441,0.05607303870930032,,,
3,256,310,353,6,311,317,persistence,,,0.222371932642303,8.239773061111352,0.0173154699796199,,,
3,256,310,353,6,311,317,raw_var_window_ar,72.0,1e-06,0.4352452408632497,44.88907152903576,9.99999999999982e-09,,,
3,256,310,353,6,311,317,seasonal_window_naive,72.0,,0.22237193264230298,8.239819986345859,0.017305479979619457,,,
3,256,310,353,6,312,318,cholesky_gaussian_ar,310.0,0.01,0.1410889613138846,4.098565762300533,0.04507068376909117,,,
3,256,310,353,6,312,318,euclidean_gaussian_ar,310.0,0.1,0.11652537734475353,4.5680003536648215,9.99999900771012e-09,,,
3,256,310,353,6,312,318,fixed_bwar,310.0,0.01,0.13502737085263494,3.7030194298477865,0.08023263893791589,,,
3,256,310,353,6,312,318,local_bwar,24.0,0.1,0.21342664609540773,5.761431201966003,0.08356588146529086,7.832138449287879e-11,1.0,0.0
3,256,310,353,6,312,318,log_euclidean_gaussian_ar,310.0,0.01,0.12421640334785004,5.035841305610008,0.03790857065656401,,,
3,256,310,353,6,312,318,persistence,,,0.1910504867262093,8.638653679466076,0.015514566880116319,,,
3,256,310,353,6,312,318,raw_var_window_ar,72.0,1e-06,0.355483692409591,37.57846615756776,9.999999999999855e-09,,,
3,256,310,353,6,312,318,seasonal_window_naive,72.0,,0.19105048672620928,8.638755252917976,0.015504576880116831,,,
3,256,310,353,6,313,319,cholesky_gaussian_ar,310.0,0.01,0.16902994040541258,5.871156104386745,0.04884653571447272,,,
3,256,310,353,6,313,319,euclidean_gaussian_ar,310.0,0.1,0.20014271814536366,7.612883295933095,0.15236662368042547,,,
3,256,310,353,6,313,319,fixed_bwar,310.0,0.01,0.17898772145370145,5.514869039007418,0.07143029123136087,,,
3,256,310,353,6,313,319,local_bwar,24.0,0.1,0.2614903270479681,8.904353691749035,0.07916332685771928,8.790772745342395e-11,1.0,0.0
3,256,310,353,6,313,319,log_euclidean_gaussian_ar,310.0,0.01,0.1952366070278674,7.442767623140973,0.03126321573121175,,,
3,256,310,353,6,313,319,persistence,,,0.13310623038167108,6.019732922443511,0.01695447547677931,,,
3,256,310,353,6,313,319,raw_var_window_ar,72.0,1e-06,0.3536091661630494,35.385573013401505,9.999999999999969e-09,,,
3,256,310,353,6,313,319,seasonal_window_naive,72.0,,0.13310623038167108,6.019833228696214,0.016944485476779455,,,
3,256,310,353,6,314,320,cholesky_gaussian_ar,310.0,0.01,0.23386894890517132,7.956303665079276,0.05007224281120435,,,
3,256,310,353,6,314,320,euclidean_gaussian_ar,310.0,0.1,0.23283437578188643,10.12554597996172,0.15163788872391323,,,
3,256,310,353,6,314,320,fixed_bwar,310.0,0.01,0.2613969794716476,8.271177872491208,0.07953730873778879,,,
3,256,310,353,6,314,320,local_bwar,24.0,0.1,0.3328577669394035,11.527467893781058,0.07826374750122114,9.079233387323666e-11,1.0,0.0
3,256,310,353,6,314,320,log_euclidean_gaussian_ar,310.0,0.01,0.2424930965444321,6.974206221082619,0.05606330099379687,,,
3,256,310,353,6,314,320,persistence,,,0.28356862189476106,11.594116047240906,0.015075310866249008,,,
3,256,310,353,6,314,320,raw_var_window_ar,72.0,1e-06,0.4066419606417073,33.23186136072688,9.999999999999737e-09,,,
3,256,310,353,6,314,320,seasonal_window_naive,72.0,,0.28356862189476106,11.594158301826022,0.01506532086624791,,,
3,256,310,353,6,315,321,cholesky_gaussian_ar,310.0,0.01,0.1532446166775986,5.743392737296416,0.052141345099312106,,,
3,256,310,353,6,315,321,euclidean_gaussian_ar,310.0,0.1,0.15178350682500166,5.513814947642877,0.13807474783473242,,,
3,256,310,353,6,315,321,fixed_bwar,310.0,0.01,0.1984552340716274,5.7611400550572895,0.08569533061173948,,,
3,256,310,353,6,315,321,local_bwar,24.0,0.1,0.19448956581092774,5.641874360805688,0.07903441279510351,7.625475802975148e-11,1.0,0.0
3,256,310,353,6,315,321,log_euclidean_gaussian_ar,310.0,0.01,0.20006711311161982,7.028620134324875,0.04977735779487233,,,
3,256,310,353,6,315,321,persistence,,,0.21251412394492772,9.405997728969169,0.016661643283613276,,,
3,256,310,353,6,315,321,raw_var_window_ar,72.0,1e-06,0.37584567057432094,45.25210123386335,9.999999999999967e-09,,,
3,256,310,353,6,315,321,seasonal_window_naive,72.0,,0.2125141239449278,9.406099299960442,0.016651653283611418,,,
3,256,310,353,6,316,322,cholesky_gaussian_ar,310.0,0.01,0.23900923953942776,6.150471974267468,0.03863916205881107,,,
3,256,310,353,6,316,322,euclidean_gaussian_ar,310.0,0.1,0.2923336975139727,10.757748648808155,0.16515540825791447,,,
3,256,310,353,6,316,322,fixed_bwar,310.0,0.01,0.26375293218675694,7.1755248284177515,0.09012586631154099,,,
3,256,310,353,6,316,322,local_bwar,24.0,0.1,0.2650005135886254,6.816220791976837,0.07964968402879889,8.552430852817775e-11,1.0,0.0
3,256,310,353,6,316,322,log_euclidean_gaussian_ar,310.0,0.01,0.19482212909478477,4.452747066479505,0.022761780706230736,,,
3,256,310,353,6,316,322,persistence,,,0.1336891976045326,4.648974086032138,0.010257468023155641,,,
3,256,310,353,6,316,322,raw_var_window_ar,72.0,1e-06,0.48639467768050587,44.790199208182386,9.999999999999818e-09,,,
3,256,310,353,6,316,322,seasonal_window_naive,72.0,,0.13368919760453263,4.649027199222088,0.010247478023156962,,,
3,256,310,353,6,317,323,cholesky_gaussian_ar,310.0,0.01,0.29946338026594954,7.5162281356216365,0.04917599916093322,,,
3,256,310,353,6,317,323,euclidean_gaussian_ar,310.0,0.1,0.3245098990131695,12.558610117055895,0.17033964586639672,,,
3,256,310,353,6,317,323,fixed_bwar,310.0,0.01,0.2824652802620124,7.436362612984484,0.08937459600218645,,,
3,256,310,353,6,317,323,local_bwar,24.0,0.1,0.31068336322751655,7.4345241585871396,0.08103107296002278,1.066303481525356e-10,1.0,0.0
3,256,310,353,6,317,323,log_euclidean_gaussian_ar,310.0,0.01,0.2592201104175818,5.40597232246237,0.041485875564176905,,,
3,256,310,353,6,317,323,persistence,,,0.1811924624283534,5.199313218231624,0.011135548153365024,,,
3,256,310,353,6,317,323,raw_var_window_ar,72.0,1e-06,0.5064314526690512,44.18180948640122,9.999999999999979e-09,,,
3,256,310,353,6,317,323,seasonal_window_naive,72.0,,0.1811924624283534,5.1993312300588705,0.011125558153365332,,,
3,256,310,353,6,318,324,cholesky_gaussian_ar,310.0,0.01,0.37091031954131165,9.344201968794255,0.05248001454217779,,,
3,256,310,353,6,318,324,euclidean_gaussian_ar,310.0,0.1,0.3759146140909196,16.315160552135012,0.1714090002677216,,,
3,256,310,353,6,318,324,fixed_bwar,310.0,0.01,0.37214122912266184,10.640899781876165,0.09213524800747797,,,
3,256,310,353,6,318,324,local_bwar,24.0,0.1,0.3985399081975968,11.132421675658087,0.08274584605552832,1.0795151588659401e-10,1.0,0.0
3,256,310,353,6,318,324,log_euclidean_gaussian_ar,310.0,0.01,0.42458076032433767,8.638884987859008,0.05646171057369061,,,
3,256,310,353,6,318,324,persistence,,,0.3175467396460152,8.924252421644873,0.023955743248483125,,,
3,256,310,353,6,318,324,raw_var_window_ar,72.0,1e-06,0.5617837301896846,32.156446998540126,9.99999999999995e-09,,,
3,256,310,353,6,318,324,seasonal_window_naive,72.0,,0.3175467396460152,8.924222363162515,0.023945753248484216,,,
3,256,310,353,6,319,325,cholesky_gaussian_ar,310.0,0.01,0.5001551142945037,15.156045159791356,0.07424356307815216,,,
3,256,310,353,6,319,325,euclidean_gaussian_ar,310.0,0.1,0.42217622178826075,18.721426159740783,0.16246576113615327,,,
3,256,310,353,6,319,325,fixed_bwar,310.0,0.01,0.46675852957901015,15.295068112781514,0.07831051094874542,,,
3,256,310,353,6,319,325,local_bwar,24.0,0.1,0.44239914367048017,13.697872158266719,0.07973496347049402,1.0487668251399394e-10,1.0,0.0
3,256,310,353,6,319,325,log_euclidean_gaussian_ar,310.0,0.01,0.5908371648548062,14.370863853138534,0.0473533049383855,,,
3,256,310,353,6,319,325,persistence,,,0.4000717962596758,12.74609082248701,0.022770136688728432,,,
3,256,310,353,6,319,325,raw_var_window_ar,72.0,1e-06,0.5679383197287873,26.78344458184851,9.999999999999861e-09,,,
3,256,310,353,6,319,325,seasonal_window_naive,72.0,,0.40007179625967587,12.746064218653439,0.022760146688728194,,,
3,256,310,353,6,320,326,cholesky_gaussian_ar,310.0,0.01,0.4127209297679333,11.773925169133872,0.07563540121081415,,,
3,256,310,353,6,320,326,euclidean_gaussian_ar,310.0,0.1,0.31473662528868246,14.735919246090464,0.1457203938138584,,,
3,256,310,353,6,320,326,fixed_bwar,310.0,0.01,0.3242547354422094,9.528202584909387,0.07036873781483566,,,
3,256,310,353,6,320,326,local_bwar,24.0,0.1,0.39612432782903706,12.489477673516966,0.07669560509976829,1.2372683937266543e-10,1.0,0.0
3,256,310,353,6,320,326,log_euclidean_gaussian_ar,310.0,0.01,0.37454438663191103,6.68414167323448,0.04403824267490283,,,
3,256,310,353,6,320,326,persistence,,,0.24518853234394014,8.07839383525382,0.023326799014934917,,,
3,256,310,353,6,320,326,raw_var_window_ar,72.0,1e-06,0.5204260440326781,25.38255666432291,9.999999999999831e-09,,,
3,256,310,353,6,320,326,seasonal_window_naive,72.0,,0.2451885323439401,8.078405617414484,0.023316809014934745,,,
3,256,310,353,6,321,327,cholesky_gaussian_ar,310.0,0.01,0.41797638361704376,12.220515597666601,0.07723721333610374,,,
3,256,310,353,6,321,327,euclidean_gaussian_ar,310.0,0.1,0.4051132530193297,18.028822163594523,0.15306790714195104,,,
3,256,310,353,6,321,327,fixed_bwar,310.0,0.01,0.3933459433792055,12.224301408086413,0.07674594772894128,,,
3,256,310,353,6,321,327,local_bwar,24.0,0.1,0.4321448407385732,13.719616852557493,0.07582284140627112,1.3818488859963942e-10,1.0,0.0
3,256,310,353,6,321,327,log_euclidean_gaussian_ar,310.0,0.01,0.4444403453160571,11.001856800708413,0.056770312498743224,,,
3,256,310,353,6,321,327,persistence,,,0.3805173511685002,15.446279856413977,0.020305372337275925,,,
3,256,310,353,6,321,327,raw_var_window_ar,72.0,1e-06,0.5306669385839201,25.44136165017592,9.999999999999788e-09,,,
3,256,310,353,6,321,327,seasonal_window_naive,72.0,,0.3805173511685002,15.446279901863427,0.020295382337275895,,,
3,256,310,353,6,322,328,cholesky_gaussian_ar,310.0,0.01,0.3642723723385314,9.769707691519944,0.037147267525727876,,,
3,256,310,353,6,322,328,euclidean_gaussian_ar,310.0,0.1,0.37424747601604713,15.915986950097514,0.16608588294531249,,,
3,256,310,353,6,322,328,fixed_bwar,310.0,0.01,0.37111991291186913,10.814577225295054,0.08102244896735682,,,
3,256,310,353,6,322,328,local_bwar,24.0,0.1,0.4576900183018165,14.416827629209502,0.07263195861179696,1.6390902965732823e-10,1.0,0.0
3,256,310,353,6,322,328,log_euclidean_gaussian_ar,310.0,0.01,0.4419802151421295,10.879167949044287,0.05864765905337218,,,
3,256,310,353,6,322,328,persistence,,,0.4328340095526539,15.502402572960731,0.01000612593567839,,,
3,256,310,353,6,322,328,raw_var_window_ar,72.0,1e-06,0.5743284327755048,26.27663196008154,9.999999999999949e-09,,,
3,256,310,353,6,322,328,seasonal_window_naive,72.0,,0.432834009552654,15.502413569602753,0.00999613593567689,,,
3,256,310,353,6,323,329,cholesky_gaussian_ar,310.0,0.01,0.4032037990370275,11.311114268841315,0.04189919653754494,,,
3,256,310,353,6,323,329,euclidean_gaussian_ar,310.0,0.1,0.3912899256423375,17.4393586264992,0.15848474893860803,,,
3,256,310,353,6,323,329,fixed_bwar,310.0,0.01,0.3708367796050973,11.075194048064834,0.0754669577662073,,,
3,256,310,353,6,323,329,local_bwar,24.0,0.1,0.4700304885186148,15.509090040814344,0.07121914679957671,1.9255834304995528e-10,1.0,0.0
3,256,310,353,6,323,329,log_euclidean_gaussian_ar,310.0,0.01,0.48189280136645885,13.357104633786197,0.057556570342838675,,,
3,256,310,353,6,323,329,persistence,,,0.3388531983409044,13.01051942819059,0.007454039262280449,,,
3,256,310,353,6,323,329,raw_var_window_ar,72.0,1e-06,0.6086556191384442,25.878646605652378,9.999999999999803e-09,,,
3,256,310,353,6,323,329,seasonal_window_naive,72.0,,0.3388531983409045,13.010530018171394,0.00744404926228197,,,
3,256,310,353,6,324,330,cholesky_gaussian_ar,310.0,0.01,0.4733795043263932,12.970133447620231,0.029884796762062866,,,
3,256,310,353,6,324,330,euclidean_gaussian_ar,310.0,0.1,0.4069028340369745,17.11177190289917,0.15460673484430498,,,
3,256,310,353,6,324,330,fixed_bwar,310.0,0.01,0.3954396965223532,10.967682295632226,0.07249770935749508,,,
3,256,310,353,6,324,330,local_bwar,24.0,0.1,0.5886603119369616,21.697613295026933,0.07108704262390969,2.256410352561337e-10,1.0,0.0
3,256,310,353,6,324,330,log_euclidean_gaussian_ar,310.0,0.01,0.49910809312602256,11.555134469038826,0.04372879893483464,,,
3,256,310,353,6,324,330,persistence,,,0.3336387389135164,9.571327363055882,0.010171794291932454,,,
3,256,310,353,6,324,330,raw_var_window_ar,72.0,1e-06,0.744614992561044,26.252163102432625,9.99999999999982e-09,,,
3,256,310,353,6,324,330,seasonal_window_naive,72.0,,0.3336387389135164,9.57131957592126,0.010161804291932605,,,
3,256,310,353,6,325,331,cholesky_gaussian_ar,310.0,0.01,0.6263939242148227,21.51351211361794,0.03160369314725722,,,
3,256,310,353,6,325,331,euclidean_gaussian_ar,310.0,0.1,0.496699730707893,22.974594882382217,0.15506031403823015,,,
3,256,310,353,6,325,331,fixed_bwar,310.0,0.01,0.5071706523458761,17.113456874932453,0.07488579163887442,,,
3,256,310,353,6,325,331,local_bwar,24.0,0.1,0.6607196476924365,27.54787868061748,0.06992992449380256,2.621687740395764e-10,1.0,0.0
3,256,310,353,6,325,331,log_euclidean_gaussian_ar,310.0,0.01,0.6243732888291296,15.573979869538842,0.045311892822790314,,,
3,256,310,353,6,325,331,persistence,,,0.3478409950245572,9.589290428419693,0.011110502029396651,,,
3,256,310,353,6,325,331,raw_var_window_ar,72.0,1e-06,0.8460361467857151,26.737380278374108,9.999999999999716e-09,,,
3,256,310,353,6,325,331,seasonal_window_naive,72.0,,0.3478409950245573,9.589212399863962,0.011100512029395023,,,
3,256,310,353,6,326,332,cholesky_gaussian_ar,310.0,0.01,0.7131755025030894,29.94836520369372,0.03351005093233897,,,
3,256,310,353,6,326,332,euclidean_gaussian_ar,310.0,0.1,0.6196565883439846,34.86753502292244,0.15949509971367698,,,
3,256,310,353,6,326,332,fixed_bwar,310.0,0.01,0.6482477118624018,28.627318267397037,0.0768258446030805,,,
3,256,310,353,6,326,332,local_bwar,24.0,0.1,0.7226014342126253,34.83865547993521,0.06783266407368152,2.7759141246158357e-10,1.0,0.0
3,256,310,353,6,326,332,log_euclidean_gaussian_ar,310.0,0.01,0.7073688353325264,21.373332829914702,0.0412094924269191,,,
3,256,310,353,6,326,332,persistence,,,0.4737626750236381,15.804382748356444,0.014791594019338898,,,
3,256,310,353,6,326,332,raw_var_window_ar,72.0,1e-06,0.9360366660245527,28.48908041726216,9.99999999999979e-09,,,
3,256,310,353,6,326,332,seasonal_window_naive,72.0,,0.4737626750236381,15.804244839346168,0.014781604019339574,,,
3,256,310,353,6,327,333,cholesky_gaussian_ar,310.0,0.01,0.7078636479766179,29.69094690683658,0.03489119171409946,,,
3,256,310,353,6,327,333,euclidean_gaussian_ar,310.0,0.1,0.5928043036649888,33.9970270801752,0.15715382619466883,,,
3,256,310,353,6,327,333,fixed_bwar,310.0,0.01,0.650124797807355,29.076489247512022,0.07810725028291013,,,
3,256,310,353,6,327,333,local_bwar,24.0,0.1,0.6736428547753659,30.552019037305257,0.06407471654235208,2.598945430284202e-10,1.0,0.0
3,256,310,353,6,327,333,log_euclidean_gaussian_ar,310.0,0.01,0.7179844540361419,21.886595528768908,0.030458293376463285,,,
3,256,310,353,6,327,333,persistence,,,0.42526777527835036,13.729715833260396,0.013780862051123409,,,
3,256,310,353,6,327,333,raw_var_window_ar,72.0,1e-06,0.9163974800920442,27.82031949458767,9.999999999999866e-09,,,
3,256,310,353,6,327,333,seasonal_window_naive,72.0,,0.4252677752783504,13.729581166498601,0.013770872051124015,,,
3,256,310,353,6,328,334,cholesky_gaussian_ar,310.0,0.01,0.601217798482115,19.522804492975524,0.03410635632180559,,,
3,256,310,353,6,328,334,euclidean_gaussian_ar,310.0,0.1,0.46327646888784324,20.947259457418927,0.1503039740341739,,,
3,256,310,353,6,328,334,fixed_bwar,310.0,0.01,0.503277451858358,15.930669313211308,0.07565776713511473,,,
3,256,310,353,6,328,334,local_bwar,24.0,0.1,0.5462198042428698,17.414463415559077,0.05856687618788102,1.9821483293016944e-10,1.0,0.0
3,256,310,353,6,328,334,log_euclidean_gaussian_ar,310.0,0.01,0.6493644822427603,16.64035486832218,0.02954071249142385,,,
3,256,310,353,6,328,334,persistence,,,0.3105351831697281,7.302627931154314,0.01173407681143122,,,
3,256,310,353,6,328,334,raw_var_window_ar,72.0,1e-06,0.83048122939088,28.497069259627587,9.999999999999868e-09,,,
3,256,310,353,6,328,334,seasonal_window_naive,72.0,,0.31053518316972806,7.302571651863708,0.011724086811431464,,,
3,256,310,353,6,329,335,cholesky_gaussian_ar,310.0,0.01,0.4344270729449627,10.899741886376017,0.021932018369628402,,,
3,256,310,353,6,329,335,euclidean_gaussian_ar,310.0,0.1,0.3491215770283315,14.687765468015863,0.14704593545903424,,,
3,256,310,353,6,329,335,fixed_bwar,310.0,0.01,0.4067813241862404,11.284695507398359,0.07903917304830829,,,
3,256,310,353,6,329,335,local_bwar,24.0,0.1,0.39857436259549034,9.755789247040859,0.051926430166723235,1.5139789004458167e-10,1.0,0.0
3,256,310,353,6,329,335,log_euclidean_gaussian_ar,310.0,0.01,0.5320296230491053,11.081684562132114,0.03264670049530586,,,
3,256,310,353,6,329,335,persistence,,,0.20615396439327432,4.332695454807379,0.005548716771077799,,,
3,256,310,353,6,329,335,raw_var_window_ar,72.0,1e-06,0.7317691967746502,29.931839540234925,9.999999999999762e-09,,,
3,256,310,353,6,329,335,seasonal_window_naive,72.0,,0.20615396439327438,4.332693854994007,0.005538726771077308,,,
3,256,310,353,6,330,336,cholesky_gaussian_ar,310.0,0.01,0.34238866890657976,7.88915550766716,0.014857121077094635,,,
3,256,310,353,6,330,336,euclidean_gaussian_ar,310.0,0.1,0.27460161864380733,10.821597999820234,0.12443601814462249,,,
3,256,310,353,6,330,336,fixed_bwar,310.0,0.01,0.30549773555825827,7.514600369470306,0.06500656869416056,,,
3,256,310,353,6,330,336,local_bwar,24.0,0.1,0.2793718099952935,6.004921397774933,0.04484979545050638,1.2540397121659453e-10,1.0,0.0
3,256,310,353,6,330,336,log_euclidean_gaussian_ar,310.0,0.01,0.3849028826721209,7.582996024911567,0.03275516067391073,,,
3,256,310,353,6,330,336,persistence,,,0.2644077035168764,6.311885502828726,0.005614980879767345,,,
3,256,310,353,6,330,336,raw_var_window_ar,72.0,1e-06,0.6669244218044975,31.354822695424396,9.999999999999975e-09,,,
3,256,310,353,6,330,336,seasonal_window_naive,72.0,,0.2644077035168764,6.312001565915333,0.005604990879766844,,,
3,256,310,353,6,331,337,cholesky_gaussian_ar,310.0,0.01,0.29716340556099485,6.738351429800778,0.008375026525862264,,,
3,256,310,353,6,331,337,euclidean_gaussian_ar,310.0,0.1,0.2596400961234023,9.423196698790559,0.09320236791017328,,,
3,256,310,353,6,331,337,fixed_bwar,310.0,0.01,0.2777484013347732,6.308679781430682,0.05021870349842016,,,
3,256,310,353,6,331,337,local_bwar,24.0,0.1,0.23942009653451923,4.91362610831088,0.04252298731703143,1.1494011620696966e-10,1.0,0.0
3,256,310,353,6,331,337,log_euclidean_gaussian_ar,310.0,0.01,0.37734584274750244,7.78988426804074,0.02748124735483162,,,
3,256,310,353,6,331,337,persistence,,,0.39413661086692003,11.926342482503898,0.00459213720498924,,,
3,256,310,353,6,331,337,raw_var_window_ar,72.0,1e-06,0.6493896420517257,31.23358063730341,9.99999999999992e-09,,,
3,256,310,353,6,331,337,seasonal_window_naive,72.0,,0.3941366108669201,11.9265729229312,0.004582147204989178,,,
3,256,310,353,6,332,338,cholesky_gaussian_ar,310.0,0.01,0.2475011413979397,5.084476200765183,0.00418203174127793,,,
3,256,310,353,6,332,338,euclidean_gaussian_ar,310.0,0.1,0.21975343817023638,7.731978568652853,1.0000000068030133e-08,,,
3,256,310,353,6,332,338,fixed_bwar,310.0,0.01,0.24528150155736342,4.722586288137675,0.02402850260580586,,,
3,256,310,353,6,332,338,local_bwar,24.0,0.1,0.21658522435243766,4.267672087118921,0.043657890465841884,1.2329487401794543e-10,1.0,0.0
3,256,310,353,6,332,338,log_euclidean_gaussian_ar,310.0,0.01,0.2783945736627438,5.589073940192632,0.006076392530395034,,,
3,256,310,353,6,332,338,persistence,,,0.4539251316540371,15.68450727713863,0.0021495995346294456,,,
3,256,310,353,6,332,338,raw_var_window_ar,72.0,1e-06,0.6537122796924467,28.591575391170096,9.999999999999972e-09,,,
3,256,310,353,6,332,338,seasonal_window_naive,72.0,,0.4539251316540371,15.684920218533584,0.0021396095346294963,,,
3,256,310,353,6,333,339,cholesky_gaussian_ar,310.0,0.01,0.14901539688735957,2.589284456087963,0.004360857996873322,,,
3,256,310,353,6,333,339,euclidean_gaussian_ar,310.0,0.1,0.13904874641774195,4.837614975824727,0.027790079101011347,,,
3,256,310,353,6,333,339,fixed_bwar,310.0,0.01,0.14747437066236244,2.3587832083726497,0.025117730231665122,,,
3,256,310,353,6,333,339,local_bwar,24.0,0.1,0.1709423327200155,3.009205337130029,0.042128504459265345,1.6197989902123897e-10,1.0,0.0
3,256,310,353,6,333,339,log_euclidean_gaussian_ar,310.0,0.01,0.15658689863071773,2.9397926268350254,0.007068627758722302,,,
3,256,310,353,6,333,339,persistence,,,0.35927839089110536,9.916778112398685,0.002567990472129686,,,
3,256,310,353,6,333,339,raw_var_window_ar,72.0,1e-06,0.643017394096179,25.387122740549685,9.999999999999896e-09,,,
3,256,310,353,6,333,339,seasonal_window_naive,72.0,,0.3592783908911053,9.917172413670325,0.0025580004721296925,,,
3,256,310,353,6,334,340,cholesky_gaussian_ar,310.0,0.01,0.15140801988045208,2.935977522889765,0.00666054844374666,,,
3,256,310,353,6,334,340,euclidean_gaussian_ar,310.0,0.1,0.16663562924105663,6.234253910830129,0.11317687105974313,,,
3,256,310,353,6,334,340,fixed_bwar,310.0,0.01,0.15229623057203967,3.0229051179204904,0.041134088598713314,,,
3,256,310,353,6,334,340,local_bwar,24.0,0.1,0.1926442620823974,4.342632029625708,0.04068120815529673,1.8892603147841464e-10,1.0,0.0
3,256,310,353,6,334,340,log_euclidean_gaussian_ar,310.0,0.01,0.2494207585995428,4.344014524016724,0.007320294797895366,,,
3,256,310,353,6,334,340,persistence,,,0.26720993887174227,5.203454223938721,0.003834653337831247,,,
3,256,310,353,6,334,340,raw_var_window_ar,72.0,1e-06,0.6241871638746402,23.46633908634128,9.999999999999906e-09,,,
3,256,310,353,6,334,340,seasonal_window_naive,72.0,,0.2672099388717424,5.203697828380687,0.003824663337831336,,,
3,256,310,353,6,335,341,cholesky_gaussian_ar,310.0,0.01,0.18777848372411307,3.9302433394146976,0.008292649906936754,,,
3,256,310,353,6,335,341,euclidean_gaussian_ar,310.0,0.1,0.15905735953845646,5.992240504598107,0.1192350265921649,,,
3,256,310,353,6,335,341,fixed_bwar,310.0,0.01,0.1505528328139428,2.969396032894599,0.04578072516089138,,,
3,256,310,353,6,335,341,local_bwar,24.0,0.1,0.13287336389082374,2.5783642041289383,0.036566765104707216,2.2527195415279933e-10,1.0,0.0
3,256,310,353,6,335,341,log_euclidean_gaussian_ar,310.0,0.01,0.2228333394287805,4.41323658496448,0.00989257670946087,,,
3,256,310,353,6,335,341,persistence,,,0.26153772346630716,6.0438102913169045,0.0020259278338282693,,,
3,256,310,353,6,335,341,raw_var_window_ar,72.0,1e-06,0.5481298839186688,26.115722452218982,9.999999999999835e-09,,,
3,256,310,353,6,335,341,seasonal_window_naive,72.0,,0.26153772346630727,6.044054750414697,0.002015937833827619,,,
3,256,310,353,6,336,342,cholesky_gaussian_ar,310.0,0.01,0.14487451327611056,3.6576344623144594,0.012596497370164082,,,
3,256,310,353,6,336,342,euclidean_gaussian_ar,310.0,0.1,0.17615583799300163,6.393092853225106,0.125307823897577,,,
3,256,310,353,6,336,342,fixed_bwar,310.0,0.01,0.1554242568129497,3.4863296667983543,0.05370590991802818,,,
3,256,310,353,6,336,342,local_bwar,24.0,0.1,0.08934894309121784,2.445492562641755,0.03489389222083773,1.8978468464920183e-10,1.0,0.0
3,256,310,353,6,336,342,log_euclidean_gaussian_ar,310.0,0.01,0.16337067472143013,3.7567909521173286,0.01403056696840394,,,
3,256,310,353,6,336,342,persistence,,,0.20548497088190917,4.995689238354808,0.0037435856463476306,,,
3,256,310,353,6,336,342,raw_var_window_ar,72.0,1e-06,0.5206551238107023,31.29312831560968,9.999999999999602e-09,,,
3,256,310,353,6,336,342,seasonal_window_naive,72.0,,0.20548497088190926,4.995888236035446,0.0037335956463476778,,,
3,256,310,353,6,337,343,cholesky_gaussian_ar,310.0,0.01,0.17275694349277887,3.758758924986063,0.017318150107783724,,,
3,256,310,353,6,337,343,euclidean_gaussian_ar,310.0,0.1,0.2474736959763313,8.854301003579712,0.13751757751655777,,,
3,256,310,353,6,337,343,fixed_bwar,310.0,0.01,0.22245740498076624,4.859958036868525,0.05610512016207135,,,
3,256,310,353,6,337,343,local_bwar,24.0,0.1,0.16514931571930577,3.5676934740305346,0.03161115406611622,1.3392216084466403e-10,1.0,0.0
3,256,310,353,6,337,343,log_euclidean_gaussian_ar,310.0,0.01,0.1777533250882946,3.400879535637916,0.015686153646339164,,,
3,256,310,353,6,337,343,persistence,,,0.12682473128867894,3.4636094154661334,0.0033526821358655264,,,
3,256,310,353,6,337,343,raw_var_window_ar,72.0,1e-06,0.5676113767192142,34.01586629452977,9.999999999999896e-09,,,
3,256,310,353,6,337,343,seasonal_window_naive,72.0,,0.126824731288679,3.463728012216006,0.003342692135866716,,,
3,256,310,353,6,338,344,cholesky_gaussian_ar,310.0,0.01,0.24790495599200002,5.102808821514779,0.012591107364729672,,,
3,256,310,353,6,338,344,euclidean_gaussian_ar,310.0,0.1,0.2632847108109208,10.012174851542227,0.13686231091950027,,,
3,256,310,353,6,338,344,fixed_bwar,310.0,0.01,0.2566779635273746,6.093787890264995,0.06037227589061407,,,
3,256,310,353,6,338,344,local_bwar,24.0,0.1,0.1693670967608862,3.6566350457391197,0.028328183556873405,1.4745258822738806e-10,1.0,0.0
3,256,310,353,6,338,344,log_euclidean_gaussian_ar,310.0,0.01,0.2966321300461075,5.246194942818823,0.021463522594642986,,,
3,256,310,353,6,338,344,persistence,,,0.08118185519225722,2.4861072549011967,0.004262698654498896,,,
3,256,310,353,6,338,344,raw_var_window_ar,72.0,1e-06,0.6578985983906818,32.06909456993159,9.999999999999822e-09,,,
3,256,310,353,6,338,344,seasonal_window_naive,72.0,,0.08118185519225726,2.4861558592897004,0.004252708654498027,,,
3,256,310,353,6,339,345,cholesky_gaussian_ar,310.0,0.01,0.29949204636629334,6.078712993172296,0.023282910027440838,,,
3,256,310,353,6,339,345,euclidean_gaussian_ar,310.0,0.1,0.275634474726902,10.83308361208261,0.14132987818968684,,,
3,256,310,353,6,339,345,fixed_bwar,310.0,0.01,0.27685129122630914,6.370031769504985,0.06580525770922559,,,
3,256,310,353,6,339,345,local_bwar,24.0,0.1,0.17292525649931623,3.0378348956828427,0.0268457901592812,1.5551915513462083e-10,1.0,0.0
3,256,310,353,6,339,345,log_euclidean_gaussian_ar,310.0,0.01,0.25799567104345966,3.8000740407352325,0.016873794755388635,,,
3,256,310,353,6,339,345,persistence,,,0.12814185703555753,2.57524292704804,0.006510458554104423,,,
3,256,310,353,6,339,345,raw_var_window_ar,72.0,1e-06,0.6993130406089635,27.714205150766205,9.999999999999964e-09,,,
3,256,310,353,6,339,345,seasonal_window_naive,72.0,,0.12814185703555755,2.5752498330678795,0.00650046855410292,,,
3,256,310,353,6,340,346,cholesky_gaussian_ar,310.0,0.01,0.4125416492082494,10.017042874194985,0.03484370307156752,,,
3,256,310,353,6,340,346,euclidean_gaussian_ar,310.0,0.1,0.3387831422752276,13.588056268737619,0.14261427885350653,,,
3,256,310,353,6,340,346,fixed_bwar,310.0,0.01,0.3470047847305091,8.908688552132908,0.06560498617893397,,,
3,256,310,353,6,340,346,local_bwar,24.0,0.1,0.2326230081096571,4.496071981099271,0.02623645985531255,1.480104594007861e-10,1.0,0.0
3,256,310,353,6,340,346,log_euclidean_gaussian_ar,310.0,0.01,0.4437322897704595,7.8535706018415095,0.03233981827874217,,,
3,256,310,353,6,340,346,persistence,,,0.21002482053449534,4.025331571383318,0.013796190755736308,,,
3,256,310,353,6,340,346,raw_var_window_ar,72.0,1e-06,0.7581694868523089,25.2367413203129,9.999999999999744e-09,,,
3,256,310,353,6,340,346,seasonal_window_naive,72.0,,0.2100248205344953,4.0253025040492245,0.013786200755736378,,,
3,256,310,353,6,341,347,cholesky_gaussian_ar,310.0,0.01,0.4300858635567876,11.643527469068975,0.03053868329256576,,,
3,256,310,353,6,341,347,euclidean_gaussian_ar,310.0,0.1,0.4009215322054593,17.549095271807438,0.14469943981174485,,,
3,256,310,353,6,341,347,fixed_bwar,310.0,0.01,0.39053101118338596,11.454159671297486,0.06481837043325293,,,
3,256,310,353,6,341,347,local_bwar,24.0,0.1,0.26600864636894833,5.8268554032230995,0.026274473380408874,1.3453143933679546e-10,1.0,0.0
3,256,310,353,6,341,347,log_euclidean_gaussian_ar,310.0,0.01,0.4981059936117872,10.249902594515788,0.03788356201023912,,,
3,256,310,353,6,341,347,persistence,,,0.2950565040403079,7.129554964542206,0.01307906914643795,,,
3,256,310,353,6,341,347,raw_var_window_ar,72.0,1e-06,0.7720648821672977,24.50159312293215,9.9999999999998e-09,,,
3,256,310,353,6,341,347,seasonal_window_naive,72.0,,0.295056504040308,7.129494816876909,0.013069079146438418,,,
3,256,310,353,6,342,348,cholesky_gaussian_ar,310.0,0.01,0.42183231953171685,10.092526073411241,0.029846785817320493,,,
3,256,310,353,6,342,348,euclidean_gaussian_ar,310.0,0.1,0.3861858990267868,15.544258859466538,0.1549202834501776,,,
3,256,310,353,6,342,348,fixed_bwar,310.0,0.01,0.3960246855859645,10.43970756945654,0.07124483579865104,,,
3,256,310,353,6,342,348,local_bwar,24.0,0.1,0.22929557011803872,3.9206067023143056,0.025368877776221013,1.306376357450064e-10,1.0,0.0
3,256,310,353,6,342,348,log_euclidean_gaussian_ar,310.0,0.01,0.5076021284106083,11.138338674578737,0.048038758247546796,,,
3,256,310,353,6,342,348,persistence,,,0.34395568880835936,8.870953118081275,0.013879605364629682,,,
3,256,310,353,6,342,348,raw_var_window_ar,72.0,1e-06,0.7352172140711901,27.128360263602396,9.999999999999575e-09,,,
3,256,310,353,6,342,348,seasonal_window_naive,72.0,,0.34395568880835936,8.870891512574046,0.013869615364629368,,,
3,256,310,353,6,343,349,cholesky_gaussian_ar,310.0,0.01,0.2744090786556529,5.354496970221186,0.016422140463799625,,,
3,256,310,353,6,343,349,euclidean_gaussian_ar,310.0,0.1,0.3054434717964685,11.735264653389201,0.15057074381504093,,,
3,256,310,353,6,343,349,fixed_bwar,310.0,0.01,0.32158527178790564,7.833279733302314,0.07258596030461321,,,
3,256,310,353,6,343,349,local_bwar,24.0,0.1,0.19149770198672472,3.6367909814987747,0.02131384777211226,1.1991738433549567e-10,1.0,0.0
3,256,310,353,6,343,349,log_euclidean_gaussian_ar,310.0,0.01,0.3425119910892074,6.314962617223941,0.02939456293905006,,,
3,256,310,353,6,343,349,persistence,,,0.2732071609679379,6.3968178204199795,0.0047042848906638296,,,
3,256,310,353,6,343,349,raw_var_window_ar,72.0,1e-06,0.6578532756334113,29.34714453248604,9.999999999999964e-09,,,
3,256,310,353,6,343,349,seasonal_window_naive,72.0,,0.2732071609679379,6.3968277976293635,0.0046942948906626755,,,
3,256,310,353,6,344,350,cholesky_gaussian_ar,310.0,0.01,0.23030212790769153,4.572694916771714,0.008731748508354772,,,
3,256,310,353,6,344,350,euclidean_gaussian_ar,310.0,0.1,0.2871740735267781,10.502595543301847,0.13972488961429927,,,
3,256,310,353,6,344,350,fixed_bwar,310.0,0.01,0.29633978515137877,7.016374061126735,0.06826621542535129,,,
3,256,310,353,6,344,350,local_bwar,24.0,0.1,0.2327659779116007,4.685017961240006,0.018024733724363813,1.1160730206675948e-10,1.0,0.0
3,256,310,353,6,344,350,log_euclidean_gaussian_ar,310.0,0.01,0.23330295378972393,4.7939438875483,0.02390208211473015,,,
3,256,310,353,6,344,350,persistence,,,0.19930284706493376,4.59582886237693,0.00264224623033339,,,
3,256,310,353,6,344,350,raw_var_window_ar,72.0,1e-06,0.6318565544602098,31.18163342313271,9.999999999999841e-09,,,
3,256,310,353,6,344,350,seasonal_window_naive,72.0,,0.19930284706493376,4.595952637940908,0.0026322562303357504,,,
3,256,310,353,6,345,351,cholesky_gaussian_ar,310.0,0.01,0.22154064638259324,4.114474968620948,0.012602504266279808,,,
3,256,310,353,6,345,351,euclidean_gaussian_ar,310.0,0.1,0.291362086736946,10.214001509121916,0.1380536173082036,,,
3,256,310,353,6,345,351,fixed_bwar,310.0,0.01,0.2944464245479011,6.888370564383509,0.059901547263383266,,,
3,256,310,353,6,345,351,local_bwar,24.0,0.1,0.22441184711944873,4.315676062844078,0.016532781289591427,1.0587467058773119e-10,1.0,0.0
3,256,310,353,6,345,351,log_euclidean_gaussian_ar,310.0,0.01,0.2494708229622041,4.472034832201279,0.01793841019094564,,,
3,256,310,353,6,345,351,persistence,,,0.20560245518565193,4.25983393010333,0.0038028455415142722,,,
3,256,310,353,6,345,351,raw_var_window_ar,72.0,1e-06,0.6500272570739544,30.140249379434238,9.999999999999893e-09,,,
3,256,310,353,6,345,351,seasonal_window_naive,72.0,,0.20560245518565196,4.259944042451177,0.003792855541515006,,,
3,256,310,353,6,346,352,cholesky_gaussian_ar,310.0,0.01,0.2508130177283491,4.519615404853585,0.011035684286336818,,,
3,256,310,353,6,346,352,euclidean_gaussian_ar,310.0,0.1,0.2874195296694075,10.428965766274004,0.1319388773796299,,,
3,256,310,353,6,346,352,fixed_bwar,310.0,0.01,0.2716471234476831,6.085988018735215,0.04308571706667269,,,
3,256,310,353,6,346,352,local_bwar,24.0,0.1,0.19605699356593798,3.5129204400180933,0.014843176102191134,1.1200580451976294e-10,1.0,0.0
3,256,310,353,6,346,352,log_euclidean_gaussian_ar,310.0,0.01,0.29708299784679515,5.168517979414757,0.013396515578166065,,,
3,256,310,353,6,346,352,persistence,,,0.20218807685125711,4.292643767343973,0.003119016296319595,,,
3,256,310,353,6,346,352,raw_var_window_ar,72.0,1e-06,0.7125217794508929,28.109297544431424,9.999999999999959e-09,,,
3,256,310,353,6,346,352,seasonal_window_naive,72.0,,0.20218807685125711,4.292725765530289,0.003109026296319221,,,
4,299,353,364,3,350,353,cholesky_gaussian_ar,353.0,0.1,0.3671580893374092,7.636592719572443,0.015297219008671436,,,
4,299,353,364,3,350,353,euclidean_gaussian_ar,353.0,1.0,0.31155753729882213,11.159057098188518,0.09359213444694393,,,
4,299,353,364,3,350,353,fixed_bwar,353.0,0.1,0.3783507012814766,10.128601021587661,0.07007694472570566,,,
4,299,353,364,3,350,353,local_bwar,24.0,1.0,0.16983474320927272,2.5505032796841873,0.011963093366146994,1.4635533341319312e-10,1.0,0.0
4,299,353,364,3,350,353,log_euclidean_gaussian_ar,353.0,0.1,0.40671019721375834,6.481650265888886,0.03243039130462432,,,
4,299,353,364,3,350,353,persistence,,,0.28706078890230846,6.482390505906288,0.005315116929327859,,,
4,299,353,364,3,350,353,raw_var_window_ar,72.0,1e-06,0.6199077636609878,17.988975415021315,9.999999818292494e-09,,,
4,299,353,364,3,350,353,seasonal_window_naive,72.0,,0.28706078890230846,6.48233547635316,0.005305126929327104,,,
4,299,353,364,3,351,354,cholesky_gaussian_ar,353.0,0.1,0.41583083369900475,10.360741850369866,0.011420412346702656,,,
4,299,353,364,3,351,354,euclidean_gaussian_ar,353.0,1.0,0.37483123560668735,15.114017386976935,0.08021563912011631,,,
4,299,353,364,3,351,354,fixed_bwar,353.0,0.1,0.43202117288037023,13.629315451904866,0.06735830954057767,,,
4,299,353,364,3,351,354,local_bwar,24.0,1.0,0.24786838976462056,5.205583390635438,0.010574599790369715,3.247347901219656e-10,1.0,0.0
4,299,353,364,3,351,354,log_euclidean_gaussian_ar,353.0,0.1,0.4985612168415838,10.366476676159184,0.032564432858648976,,,
4,299,353,364,3,351,354,persistence,,,0.3842202942158351,11.71834179613213,0.003303547216840219,,,
4,299,353,364,3,351,354,raw_var_window_ar,72.0,1e-06,0.6913540950695468,17.549736790027815,9.999999977104534e-09,,,
4,299,353,364,3,351,354,seasonal_window_naive,72.0,,0.38422029421583515,11.718286683015863,0.0032935572168395094,,,
4,299,353,364,3,352,355,cholesky_gaussian_ar,353.0,0.1,0.34253522990975277,7.711133544607069,0.006296468337823596,,,
4,299,353,364,3,352,355,euclidean_gaussian_ar,353.0,1.0,0.33630069534519763,12.388505272636511,0.07257994760387072,,,
4,299,353,364,3,352,355,fixed_bwar,353.0,0.1,0.3503557831209176,9.901744834349017,0.0525023802146287,,,
4,299,353,364,3,352,355,local_bwar,24.0,1.0,0.2377208558216438,5.129421982500027,0.00938058600635855,4.3134793264008656e-10,1.0,0.0
4,299,353,364,3,352,355,log_euclidean_gaussian_ar,353.0,0.1,0.44321080432708393,8.39607588881531,0.02449833557966676,,,
4,299,353,364,3,352,355,persistence,,,0.27831869560424627,7.42758120330258,0.002116488051655611,,,
4,299,353,364,3,352,355,raw_var_window_ar,72.0,1e-06,0.6996885481899857,17.884678812832583,9.999999883522011e-09,,,
4,299,353,364,3,352,355,seasonal_window_naive,72.0,,0.27831869560424627,7.427585157333489,0.00210649805165533,,,
4,299,353,364,3,353,356,cholesky_gaussian_ar,353.0,0.1,0.2674266414460218,5.2369897825855745,0.0037739099778852005,,,
4,299,353,364,3,353,356,euclidean_gaussian_ar,353.0,1.0,0.3023404223058649,9.775460943845847,0.016595641514574683,,,
4,299,353,364,3,353,356,fixed_bwar,353.0,0.1,0.24076525866943696,5.602139305798922,0.029982011693551667,,,
4,299,353,364,3,353,356,local_bwar,24.0,1.0,0.21823180988845475,4.523829796315561,0.008876573115181025,5.221023317708859e-10,1.0,0.0
4,299,353,364,3,353,356,log_euclidean_gaussian_ar,353.0,0.1,0.3875167107758299,6.5438207272613775,0.01875137145113623,,,
4,299,353,364,3,353,356,persistence,,,0.1404510982451197,3.2457586397565943,0.002254388052521836,,,
4,299,353,364,3,353,356,raw_var_window_ar,72.0,1e-06,0.6974530886367756,17.804746217021073,9.999999894535587e-09,,,
4,299,353,364,3,353,356,seasonal_window_naive,72.0,,0.1404510982451197,3.2458126123290536,0.002244398052521608,,,
4,299,353,364,3,354,357,cholesky_gaussian_ar,353.0,0.1,0.24689565339702174,4.618980991342379,0.0034306108473395385,,,
4,299,353,364,3,354,357,euclidean_gaussian_ar,353.0,1.0,0.30442151301756526,8.667549924297546,9.999999973955694e-09,,,
4,299,353,364,3,354,357,fixed_bwar,353.0,0.1,0.21501023267531277,4.384076364625486,0.017742723663682756,,,
4,299,353,364,3,354,357,local_bwar,24.0,1.0,0.24153460975794913,4.676462818628276,0.008825290446334122,6.60930680193041e-10,1.0,0.0
4,299,353,364,3,354,357,log_euclidean_gaussian_ar,353.0,0.1,0.38693288226253447,6.580066117653317,0.015688322080409524,,,
4,299,353,364,3,354,357,persistence,,,0.06796374442916717,1.1423123648662452,0.0018027575979996208,,,
4,299,353,364,3,354,357,raw_var_window_ar,72.0,1e-06,0.7267878045555357,18.705804046454894,9.999999980005003e-09,,,
4,299,353,364,3,354,357,seasonal_window_naive,72.0,,0.06796374442916717,1.142380073350346,0.0017927675979996596,,,
4,299,353,364,3,355,358,cholesky_gaussian_ar,353.0,0.1,0.24662652655863634,4.946671752675415,0.003625474548852132,,,
4,299,353,364,3,355,358,euclidean_gaussian_ar,353.0,1.0,0.3185837450815922,9.532250415120886,9.999999869047955e-09,,,
4,299,353,364,3,355,358,fixed_bwar,353.0,0.1,0.22893621681555112,5.076473273318104,0.01802611843639652,,,
4,299,353,364,3,355,358,local_bwar,24.0,1.0,0.2605481233620705,5.510374744060656,0.009069733151656748,8.554924795477185e-10,1.0,0.0
4,299,353,364,3,355,358,log_euclidean_gaussian_ar,353.0,0.1,0.3030197606933031,4.965298488168885,0.013244996170924749,,,
4,299,353,364,3,355,358,persistence,,,0.08368029351296745,1.2088296726779408,0.0023738982528909948,,,
4,299,353,364,3,355,358,raw_var_window_ar,72.0,1e-06,0.7390142245204891,19.15885281499887,9.99999992779249e-09,,,
4,299,353,364,3,355,358,seasonal_window_naive,72.0,,0.0836802935129674,1.2088773724156483,0.0023639082528909986,,,
4,299,353,364,3,356,359,cholesky_gaussian_ar,353.0,0.1,0.2408852624664037,4.770616288295301,0.003809065838706318,,,
4,299,353,364,3,356,359,euclidean_gaussian_ar,353.0,1.0,0.3117115558134324,9.348215516819332,1.0000000094915908e-08,,,
4,299,353,364,3,356,359,fixed_bwar,353.0,0.1,0.22465585223504198,5.0143648528031335,0.01966244458952976,,,
4,299,353,364,3,356,359,local_bwar,24.0,1.0,0.25626035545969966,5.384373799092421,0.009061194743869657,9.421693774950109e-10,1.0,0.0
4,299,353,364,3,356,359,log_euclidean_gaussian_ar,353.0,0.1,0.30303891578730546,4.683083301058632,0.014168457852039133,,,
4,299,353,364,3,356,359,persistence,,,0.08122398705554053,1.1677995732206121,0.0013370448934652422,,,
4,299,353,364,3,356,359,raw_var_window_ar,72.0,1e-06,0.734848173694689,18.90003890515448,9.99999997734675e-09,,,
4,299,353,364,3,356,359,seasonal_window_naive,72.0,,0.08122398705554049,1.1678492200838353,0.001327054893464962,,,
4,299,353,364,3,357,360,cholesky_gaussian_ar,353.0,0.1,0.16181664896200676,3.5170045014691915,0.003380545651079882,,,
4,299,353,364,3,357,360,euclidean_gaussian_ar,353.0,1.0,0.2541505378144239,7.508191794348851,1.0000000147911195e-08,,,
4,299,353,364,3,357,360,fixed_bwar,353.0,0.1,0.16662792155010128,3.9353127743868637,0.014748782069360112,,,
4,299,353,364,3,357,360,local_bwar,24.0,1.0,0.19334054753334065,4.364013674369509,0.008889643481840275,1.0769610649628062e-10,1.0,0.0
4,299,353,364,3,357,360,log_euclidean_gaussian_ar,353.0,0.1,0.1950086140119937,3.0813529162910016,0.012172813487211517,,,
4,299,353,364,3,357,360,persistence,,,0.09968252612805016,1.6653256064824848,0.0024450852392954208,,,
4,299,353,364,3,357,360,raw_var_window_ar,72.0,1e-06,0.6771890808821546,17.606916207775228,9.999999979345127e-09,,,
4,299,353,364,3,357,360,seasonal_window_naive,72.0,,0.09968252612805018,1.6654597845293582,0.0024350952392953834,,,
4,299,353,364,3,358,361,cholesky_gaussian_ar,353.0,0.1,0.20495919795642709,4.403558282860471,0.003947233308854266,,,
4,299,353,364,3,358,361,euclidean_gaussian_ar,353.0,1.0,0.28595363275030095,8.586922042069602,1.0000000006275229e-08,,,
4,299,353,364,3,358,361,fixed_bwar,353.0,0.1,0.1936921786092476,4.618577797839786,0.013832564749966483,,,
4,299,353,364,3,358,361,local_bwar,24.0,1.0,0.21588331955252316,4.570534649952992,0.008571151069201753,1.6089564285138215e-10,1.0,0.0
4,299,353,364,3,358,361,log_euclidean_gaussian_ar,353.0,0.1,0.3019955619955545,5.283818781181116,0.012817679055401777,,,
4,299,353,364,3,358,361,persistence,,,0.06656747081109307,1.173423049458211,0.0014300152246631424,,,
4,299,353,364,3,358,361,raw_var_window_ar,72.0,1e-06,0.710180721353595,17.968843339154674,9.999999941705825e-09,,,
4,299,353,364,3,358,361,seasonal_window_naive,72.0,,0.06656747081109306,1.1734900825298809,0.001420025224663108,,,
4,299,353,364,3,359,362,cholesky_gaussian_ar,353.0,0.1,0.19189019246628794,3.9985380192508657,0.004918316517252196,,,
4,299,353,364,3,359,362,euclidean_gaussian_ar,353.0,1.0,0.24552166306392248,6.634151186720558,1.0000000000944822e-08,,,
4,299,353,364,3,359,362,fixed_bwar,353.0,0.1,0.1748401412731102,3.7718377270843355,0.013213129540422645,,,
4,299,353,364,3,359,362,local_bwar,24.0,1.0,0.1573390838234645,2.845884965368953,0.008542676612572539,1.982292164903942e-10,1.0,0.0
4,299,353,364,3,359,362,log_euclidean_gaussian_ar,353.0,0.1,0.29537999969182877,4.995767550020976,0.011591289681245343,,,
4,299,353,364,3,359,362,persistence,,,0.11867690883875899,1.9807114229422953,0.0021559810172584767,,,
4,299,353,364,3,359,362,raw_var_window_ar,72.0,1e-06,0.6466377364127969,16.766224946185638,9.999999969949912e-09,,,
4,299,353,364,3,359,362,seasonal_window_naive,72.0,,0.11867690883875905,1.9808273959560712,0.0021459910172585217,,,
4,299,353,364,3,360,363,cholesky_gaussian_ar,353.0,0.1,0.2910071332295105,6.053073078693507,0.00878953618495322,,,
4,299,353,364,3,360,363,euclidean_gaussian_ar,353.0,1.0,0.2806014498486164,7.89421229741539,1.000000002018769e-08,,,
4,299,353,364,3,360,363,fixed_bwar,353.0,0.1,0.22265901467345653,4.675100271138197,0.025441397478206642,,,
4,299,353,364,3,360,363,local_bwar,24.0,1.0,0.18459396882948206,2.9571402086039607,0.008887962126237065,2.5021353532326067e-10,1.0,0.0
4,299,353,364,3,360,363,log_euclidean_gaussian_ar,353.0,0.1,0.4273096311339605,8.33593724796973,0.020551739308936397,,,
4,299,353,364,3,360,363,persistence,,,0.07472774224419573,1.3377536755163713,0.002540440728563158,,,
4,299,353,364,3,360,363,raw_var_window_ar,72.0,1e-06,0.6805776789497555,16.67052359799372,9.9999998996315e-09,,,
4,299,353,364,3,360,363,seasonal_window_naive,72.0,,0.07472774224419569,1.3377503149893992,0.0025304507285633174,,,
4,299,353,364,4,349,353,cholesky_gaussian_ar,353.0,0.1,0.3741852954821389,8.030897209419566,0.014292958540281193,,,
4,299,353,364,4,349,353,euclidean_gaussian_ar,353.0,1.0,0.3228520098329453,11.65592891170915,0.12419574159067373,,,
4,299,353,364,4,349,353,fixed_bwar,353.0,0.01,0.3698543940454415,9.399885369049404,0.06425205637720144,,,
4,299,353,364,4,349,353,local_bwar,24.0,0.1,0.1603134191810142,2.4157412396356706,0.01309615501204633,1.2617521669375532e-10,1.0,0.0
4,299,353,364,4,349,353,log_euclidean_gaussian_ar,353.0,0.1,0.43239946333427165,7.142886038096291,0.03300647992063839,,,
4,299,353,364,4,349,353,persistence,,,0.18092144612580963,4.130131133846018,0.007058504664615686,,,
4,299,353,364,4,349,353,raw_var_window_ar,72.0,1e-06,0.7148585916800527,23.48912798660399,9.999999997958853e-09,,,
4,299,353,364,4,349,353,seasonal_window_naive,72.0,,0.18092144612580965,4.130090858717135,0.007048514664615663,,,
4,299,353,364,4,350,354,cholesky_gaussian_ar,353.0,0.1,0.4668649585951983,12.918610967286337,0.016065622996989663,,,
4,299,353,364,4,350,354,euclidean_gaussian_ar,353.0,1.0,0.415590321761213,18.130749329188994,0.13518827314736406,,,
4,299,353,364,4,350,354,fixed_bwar,353.0,0.01,0.5041342536404124,17.189549140469246,0.06350152342047172,,,
4,299,353,364,4,350,354,local_bwar,24.0,0.1,0.2255046695032441,4.401363917751613,0.01223594344707787,1.4635533341319312e-10,1.0,0.0
4,299,353,364,4,350,354,log_euclidean_gaussian_ar,353.0,0.1,0.5175314103028086,11.297756338955285,0.03803241673107403,,,
4,299,353,364,4,350,354,persistence,,,0.4060901601791651,13.269243529925362,0.005315116929327859,,,
4,299,353,364,4,350,354,raw_var_window_ar,72.0,1e-06,0.7896199054596942,22.803092371904974,9.999999999546469e-09,,,
4,299,353,364,4,350,354,seasonal_window_naive,72.0,,0.40609016017916505,13.269169360259873,0.005305126929327104,,,
4,299,353,364,4,351,355,cholesky_gaussian_ar,353.0,0.1,0.4436670499969031,12.161226536054691,0.012920597760891672,,,
4,299,353,364,4,351,355,euclidean_gaussian_ar,353.0,1.0,0.40106350431427956,17.304055910375784,0.12343366933766581,,,
4,299,353,364,4,351,355,fixed_bwar,353.0,0.01,0.49532240349505935,17.21041405403804,0.059679541125179876,,,
4,299,353,364,4,351,355,local_bwar,24.0,0.1,0.22730753830101827,4.757565127276923,0.010757349030341097,3.247347901219656e-10,1.0,0.0
4,299,353,364,4,351,355,log_euclidean_gaussian_ar,353.0,0.1,0.5265660781704438,11.797673971618966,0.037098154131718845,,,
4,299,353,364,4,351,355,persistence,,,0.3918924326391908,12.511390882659319,0.003303547216840219,,,
4,299,353,364,4,351,355,raw_var_window_ar,72.0,1e-06,0.7879765984376254,22.597021080811622,9.999999999005784e-09,,,
4,299,353,364,4,351,355,seasonal_window_naive,72.0,,0.3918924326391908,12.511347858894371,0.0032935572168395094,,,
4,299,353,364,4,352,356,cholesky_gaussian_ar,353.0,0.1,0.3692107576627977,8.74710993724608,0.007710788333193146,,,
4,299,353,364,4,352,356,euclidean_gaussian_ar,353.0,1.0,0.3634123752837155,14.128074533165243,0.10555500765800462,,,
4,299,353,364,4,352,356,fixed_bwar,353.0,0.01,0.44765252693955143,14.315222245315713,0.06048392124677561,,,
4,299,353,364,4,352,356,local_bwar,24.0,0.1,0.22870538777142882,4.826320586715324,0.009456240948647764,4.3134793264008656e-10,1.0,0.0
4,299,353,364,4,352,356,log_euclidean_gaussian_ar,353.0,0.1,0.4654816386661288,9.125242660267869,0.02812475067062542,,,
4,299,353,364,4,352,356,persistence,,,0.27529419566603364,7.297711019424051,0.002116488051655611,,,
4,299,353,364,4,352,356,raw_var_window_ar,72.0,1e-06,0.7888305189821737,22.699549712210015,9.999999998562777e-09,,,
4,299,353,364,4,352,356,seasonal_window_naive,72.0,,0.27529419566603364,7.29771823964931,0.00210649805165533,,,
4,299,353,364,4,353,357,cholesky_gaussian_ar,353.0,0.1,0.32835579777791535,6.856304646414664,0.004975785883161904,,,
4,299,353,364,4,353,357,euclidean_gaussian_ar,353.0,1.0,0.3605613066955311,12.550894366206382,0.0752257509731711,,,
4,299,353,364,4,353,357,fixed_bwar,353.0,0.01,0.3541968891975804,9.15275340660326,0.0457689171748717,,,
4,299,353,364,4,353,357,local_bwar,24.0,0.1,0.2545578347014661,5.224450605432119,0.008635433493557124,5.221023317708859e-10,1.0,0.0
4,299,353,364,4,353,357,log_euclidean_gaussian_ar,353.0,0.1,0.44455470799945346,8.040826020268117,0.021801888526146448,,,
4,299,353,364,4,353,357,persistence,,,0.17169936031960958,3.4194990638951697,0.002254388052521836,,,
4,299,353,364,4,353,357,raw_var_window_ar,72.0,1e-06,0.8190277801104677,23.70769368045428,9.999999998616036e-09,,,
4,299,353,364,4,353,357,seasonal_window_naive,72.0,,0.17169936031960956,3.419533657529173,0.002244398052521608,,,
4,299,353,364,4,354,358,cholesky_gaussian_ar,353.0,0.1,0.3017061631273274,6.547001141509256,0.004329191507859244,,,
4,299,353,364,4,354,358,euclidean_gaussian_ar,353.0,1.0,0.3507309356950956,11.532141038067962,0.004864336193897485,,,
4,299,353,364,4,354,358,fixed_bwar,353.0,0.01,0.3238411505246029,8.055778540552758,0.03240293403261296,,,
4,299,353,364,4,354,358,local_bwar,24.0,0.1,0.2873130001094754,6.715000630651664,0.008106907791924222,6.60930680193041e-10,1.0,0.0
4,299,353,364,4,354,358,log_euclidean_gaussian_ar,353.0,0.1,0.4373671282738131,8.262427138794152,0.019709888805953004,,,
4,299,353,364,4,354,358,persistence,,,0.08578181044205942,1.2953012753663014,0.0018027575979996208,,,
4,299,353,364,4,354,358,raw_var_window_ar,72.0,1e-06,0.8301904536235936,24.0388229209289,9.99999999958966e-09,,,
4,299,353,364,4,354,358,seasonal_window_naive,72.0,,0.0857818104420594,1.2953609592156852,0.0017927675979996596,,,
4,299,353,364,4,355,359,cholesky_gaussian_ar,353.0,0.1,0.2809577864781622,5.889422613456195,0.004449994178982298,,,
4,299,353,364,4,355,359,euclidean_gaussian_ar,353.0,1.0,0.34116766774417195,11.118238099086021,9.999999742097599e-09,,,
4,299,353,364,4,355,359,fixed_bwar,353.0,0.01,0.29259853246347906,7.097005406238856,0.02954343836726248,,,
4,299,353,364,4,355,359,local_bwar,24.0,0.1,0.27300883340610044,6.105154340447761,0.008456591930385296,8.554924795477185e-10,1.0,0.0
4,299,353,364,4,355,359,log_euclidean_gaussian_ar,353.0,0.1,0.33831822647717125,5.607597803601726,0.016658758121936745,,,
4,299,353,364,4,355,359,persistence,,,0.08729732345392377,1.2311023648727175,0.0023738982528909948,,,
4,299,353,364,4,355,359,raw_var_window_ar,72.0,1e-06,0.8258519958565065,23.760530817800397,9.999999999290137e-09,,,
4,299,353,364,4,355,359,seasonal_window_naive,72.0,,0.0872973234539237,1.231157063756559,0.0023639082528909986,,,
4,299,353,364,4,356,360,cholesky_gaussian_ar,353.0,0.1,0.2179403132213547,4.861502823659363,0.004689015336956494,,,
4,299,353,364,4,356,360,euclidean_gaussian_ar,353.0,1.0,0.28338347936171077,9.098200475151248,0.002001554024740592,,,
4,299,353,364,4,356,360,fixed_bwar,353.0,0.01,0.23689153262121027,5.834082396661695,0.03711722692619776,,,
4,299,353,364,4,356,360,local_bwar,24.0,0.1,0.2173656428335115,5.194552776125093,0.008350155278298457,9.421693774950109e-10,1.0,0.0
4,299,353,364,4,356,360,log_euclidean_gaussian_ar,353.0,0.1,0.27708570634576035,4.38099717864077,0.01738677603859578,,,
4,299,353,364,4,356,360,persistence,,,0.08233500709576422,1.599385461731755,0.0013370448934652422,,,
4,299,353,364,4,356,360,raw_var_window_ar,72.0,1e-06,0.7480709003139914,21.69346200270616,9.999999997005587e-09,,,
4,299,353,364,4,356,360,seasonal_window_naive,72.0,,0.08233500709576425,1.5995058895100507,0.001327054893464962,,,
4,299,353,364,4,357,361,cholesky_gaussian_ar,353.0,0.1,0.23498478449842966,4.932409039657476,0.00416648001720527,,,
4,299,353,364,4,357,361,euclidean_gaussian_ar,353.0,1.0,0.3156211571378232,10.165935467734439,1.000000028315253e-08,,,
4,299,353,364,4,357,361,fixed_bwar,353.0,0.01,0.2428202824607215,5.765230373231436,0.028623953826663356,,,
4,299,353,364,4,357,361,local_bwar,24.0,0.1,0.26296034788641465,6.425436860625884,0.008736997246159823,1.0769610649628062e-10,1.0,0.0
4,299,353,364,4,357,361,log_euclidean_gaussian_ar,353.0,0.1,0.27792136571801856,4.469714345041048,0.014799612456331804,,,
4,299,353,364,4,357,361,persistence,,,0.07286120031384707,1.4501073453162987,0.0024450852392954208,,,
4,299,353,364,4,357,361,raw_var_window_ar,72.0,1e-06,0.7969029425401495,23.024191952130032,9.999999999025808e-09,,,
4,299,353,364,4,357,361,seasonal_window_naive,72.0,,0.07286120031384712,1.4501747421771873,0.0024350952392953834,,,
4,299,353,364,4,358,362,cholesky_gaussian_ar,353.0,0.1,0.19282598968530765,3.9292637215863944,0.004691050414785754,,,
4,299,353,364,4,358,362,euclidean_gaussian_ar,353.0,1.0,0.2679089416789419,7.630278266565584,1.0000000026719789e-08,,,
4,299,353,364,4,358,362,fixed_bwar,353.0,0.01,0.20348010322148286,4.383829056083077,0.028053753634601497,,,
4,299,353,364,4,358,362,local_bwar,24.0,0.1,0.20591884008114814,4.253389870225805,0.008510424603757694,1.6089564285138215e-10,1.0,0.0
4,299,353,364,4,358,362,log_euclidean_gaussian_ar,353.0,0.1,0.2815827664372658,4.314259166020823,0.016539558868100306,,,
4,299,353,364,4,358,362,persistence,,,0.1202055086821195,2.0260246654981966,0.0014300152246631424,,,
4,299,353,364,4,358,362,raw_var_window_ar,72.0,1e-06,0.7299858608423647,21.849070963642777,9.99999999883168e-09,,,
4,299,353,364,4,358,362,seasonal_window_naive,72.0,,0.1202055086821195,2.026147547992858,0.001420025224663108,,,
4,299,353,364,4,359,363,cholesky_gaussian_ar,353.0,0.1,0.2562993485785168,4.809336735624079,0.0055183973184539424,,,
4,299,353,364,4,359,363,euclidean_gaussian_ar,353.0,1.0,0.29622153800935913,8.463606303573751,9.99999963177866e-09,,,
4,299,353,364,4,359,363,fixed_bwar,353.0,0.01,0.2381348485676541,4.875748131238845,0.02233814387640389,,,
4,299,353,364,4,359,363,local_bwar,24.0,0.1,0.20088979476996546,3.4377118285410786,0.008791413162867337,1.982292164903942e-10,1.0,0.0
4,299,353,364,4,359,363,log_euclidean_gaussian_ar,353.0,0.1,0.3720252180055533,6.051988656702452,0.016258384596366998,,,
4,299,353,364,4,359,363,persistence,,,0.07228697731073327,1.2949852809777975,0.0021559810172584767,,,
4,299,353,364,4,359,363,raw_var_window_ar,72.0,1e-06,0.786151602878567,22.88114094804397,9.999999998834233e-09,,,
4,299,353,364,4,359,363,seasonal_window_naive,72.0,,0.07228697731073329,1.2950491716898902,0.0021459910172585217,,,
4,299,353,364,6,347,353,cholesky_gaussian_ar,353.0,0.1,0.2552267337416105,4.219984771708444,0.01030816445649533,,,
4,299,353,364,6,347,353,euclidean_gaussian_ar,353.0,0.01,0.2783742881729201,9.786477892606861,0.10511350072027752,,,
4,299,353,364,6,347,353,fixed_bwar,353.0,0.01,0.32332817467289293,7.427443645000896,0.05157015660822505,,,
4,299,353,364,6,347,353,local_bwar,24.0,0.1,0.2033076708532928,3.3091373730587166,0.013591247375845905,1.2200583344019044e-10,1.0,0.0
4,299,353,364,6,347,353,log_euclidean_gaussian_ar,353.0,0.01,0.42265959690134386,6.634214712465729,0.021805901525306745,,,
4,299,353,364,6,347,353,persistence,,,0.1318194315622559,2.995902551400124,0.0022529863945935083,,,
4,299,353,364,6,347,353,raw_var_window_ar,72.0,10.0,0.7262229922961034,24.17681387893301,9.999999999999917e-09,,,
4,299,353,364,6,347,353,seasonal_window_naive,72.0,,0.1318194315622559,2.995939429589286,0.0022429963945935984,,,
4,299,353,364,6,348,354,cholesky_gaussian_ar,353.0,0.1,0.4098368134396391,10.43881091351961,0.01167988473336419,,,
4,299,353,364,6,348,354,euclidean_gaussian_ar,353.0,0.01,0.391069550314112,17.84955356789232,0.1074640821979134,,,
4,299,353,364,6,348,354,fixed_bwar,353.0,0.01,0.4385523456448024,13.621508994797876,0.06626841781153299,,,
4,299,353,364,6,348,354,local_bwar,24.0,0.1,0.2589089425435789,5.448422325914272,0.01331563484939526,1.1177353990511919e-10,1.0,0.0
4,299,353,364,6,348,354,log_euclidean_gaussian_ar,353.0,0.01,0.5685026631777755,13.513389839889989,0.03925846482625277,,,
4,299,353,364,6,348,354,persistence,,,0.1585507834943503,4.175714031224913,0.0029003420405127106,,,
4,299,353,364,6,348,354,raw_var_window_ar,72.0,10.0,0.8002671821472799,23.45510532640366,9.999999999999922e-09,,,
4,299,353,364,6,348,354,seasonal_window_naive,72.0,,0.1585507834943503,4.175689684703448,0.002890352040512677,,,
4,299,353,364,6,349,355,cholesky_gaussian_ar,353.0,0.1,0.4898468974104529,14.841088623672807,0.01677269275884029,,,
4,299,353,364,6,349,355,euclidean_gaussian_ar,353.0,0.01,0.42843442283096456,21.442819268901907,0.0634796554859374,,,
4,299,353,364,6,349,355,fixed_bwar,353.0,0.01,0.4940946423566022,17.475885616077615,0.06950245212289949,,,
4,299,353,364,6,349,355,local_bwar,24.0,0.1,0.24562715614569,5.319261434883336,0.012620126385995538,1.2617521669375532e-10,1.0,0.0
4,299,353,364,6,349,355,log_euclidean_gaussian_ar,353.0,0.01,0.6187734416551544,17.53859353780313,0.054050930244623624,,,
4,299,353,364,6,349,355,persistence,,,0.2968588749315024,9.621703914564531,0.007058504664615686,,,
4,299,353,364,6,349,355,raw_var_window_ar,72.0,10.0,0.7990397563381301,23.27171872188564,9.999999999999762e-09,,,
4,299,353,364,6,349,355,seasonal_window_naive,72.0,,0.29685887493150254,9.621650997431637,0.007048514664615663,,,
4,299,353,364,6,350,356,cholesky_gaussian_ar,353.0,0.1,0.5109117147867961,15.983542373051822,0.018451359425014302,,,
4,299,353,364,6,350,356,euclidean_gaussian_ar,353.0,0.01,0.4662924674257944,24.32038600885592,0.054485536254508554,,,
4,299,353,364,6,350,356,fixed_bwar,353.0,0.01,0.5406951474746037,20.79027768122907,0.07497066405381088,,,
4,299,353,364,6,350,356,local_bwar,24.0,0.1,0.24401280135600456,5.30284366652171,0.011743706002050065,1.4635533341319312e-10,1.0,0.0
4,299,353,364,6,350,356,log_euclidean_gaussian_ar,353.0,0.01,0.6612664921213923,20.20981126791842,0.05069723048222381,,,
4,299,353,364,6,350,356,persistence,,,0.4096563189532712,13.651201393055235,0.005315116929327859,,,
4,299,353,364,6,350,356,raw_var_window_ar,72.0,10.0,0.7989413799713687,23.32080826430228,9.999999999999757e-09,,,
4,299,353,364,6,350,356,seasonal_window_naive,72.0,,0.4096563189532712,13.651139949941403,0.005305126929327104,,,
4,299,353,364,6,351,357,cholesky_gaussian_ar,353.0,0.1,0.5199449337586293,15.900449973058743,0.015751333380652998,,,
4,299,353,364,6,351,357,euclidean_gaussian_ar,353.0,0.01,0.5000857249335687,25.910797053012587,0.07254432275256252,,,
4,299,353,364,6,351,357,fixed_bwar,353.0,0.01,0.5596727278600854,21.48691747222386,0.07270158617456933,,,
4,299,353,364,6,351,357,local_bwar,24.0,0.1,0.2789178411795646,6.016097859328616,0.010439774720484518,3.247347901219656e-10,1.0,0.0
4,299,353,364,6,351,357,log_euclidean_gaussian_ar,353.0,0.01,0.7000522457850668,21.760750614472286,0.05275621010980822,,,
4,299,353,364,6,351,357,persistence,,,0.4203528598742095,13.054441734192732,0.003303547216840219,,,
4,299,353,364,6,351,357,raw_var_window_ar,72.0,10.0,0.8292879225684574,24.342496857519976,9.99999999999977e-09,,,
4,299,353,364,6,351,357,seasonal_window_naive,72.0,,0.4203528598742095,13.054385751799703,0.0032935572168395094,,,
4,299,353,364,6,352,358,cholesky_gaussian_ar,353.0,0.1,0.4590678460228236,12.92831759465694,0.010423962644336114,,,
4,299,353,364,6,352,358,euclidean_gaussian_ar,353.0,0.01,0.47477541042138116,23.234646284696687,0.0816480628698399,,,
4,299,353,364,6,352,358,fixed_bwar,353.0,0.01,0.5262449594890475,19.250227171814196,0.06951194507462619,,,
4,299,353,364,6,352,358,local_bwar,24.0,0.1,0.2990812803748801,7.0671097525074735,0.009612806968581557,4.3134793264008656e-10,1.0,0.0
4,299,353,364,6,352,358,log_euclidean_gaussian_ar,353.0,0.01,0.6869131030151445,20.213541337467724,0.048817029691308585,,,
4,299,353,364,6,352,358,persistence,,,0.32467759171561217,8.90485390014901,0.002116488051655611,,,
4,299,353,364,6,352,358,raw_var_window_ar,72.0,10.0,0.840481727389119,24.68289979131903,9.999999999999929e-09,,,
4,299,353,364,6,352,358,seasonal_window_naive,72.0,,0.32467759171561217,8.904846582517719,0.00210649805165533,,,
4,299,353,364,6,353,359,cholesky_gaussian_ar,353.0,0.1,0.3875316161864439,9.597773353752734,0.007397675981751235,,,
4,299,353,364,6,353,359,euclidean_gaussian_ar,353.0,0.01,0.3941871404953652,16.825080410887963,0.08278072935463543,,,
4,299,353,364,6,353,359,fixed_bwar,353.0,0.01,0.4052914486534741,12.084140422340315,0.05416117428590442,,,
4,299,353,364,6,353,359,local_bwar,24.0,0.1,0.28165504590442014,6.443745790495699,0.008898780672216769,5.221023317708859e-10,1.0,0.0
4,299,353,364,6,353,359,log_euclidean_gaussian_ar,353.0,0.01,0.6238785832891487,16.495497172257828,0.040916949570767185,,,
4,299,353,364,6,353,359,persistence,,,0.187219237572743,4.024999732411904,0.002254388052521836,,,
4,299,353,364,6,353,359,raw_var_window_ar,72.0,10.0,0.8363111785322384,24.408094925912458,9.999999999999947e-09,,,
4,299,353,364,6,353,359,seasonal_window_naive,72.0,,0.187219237572743,4.0250469519485055,0.002244398052521608,,,
4,299,353,364,6,354,360,cholesky_gaussian_ar,353.0,0.1,0.27780881649872485,6.326190081953676,0.006398534424177912,,,
4,299,353,364,6,354,360,euclidean_gaussian_ar,353.0,0.01,0.27080378844754627,9.806346223666534,0.0937680191777438,,,
4,299,353,364,6,354,360,fixed_bwar,353.0,0.01,0.27638254635114745,6.773792199936832,0.0510883584883313,,,
4,299,353,364,6,354,360,local_bwar,24.0,0.1,0.22929942922903276,5.4439469688401685,0.008617046377476718,6.60930680193041e-10,1.0,0.0
4,299,353,364,6,354,360,log_euclidean_gaussian_ar,353.0,0.01,0.5784929195696442,13.5168122327335,0.04079009030197993,,,
4,299,353,364,6,354,360,persistence,,,0.08339658553704796,1.6958648628093964,0.0018027575979996208,,,
4,299,353,364,6,354,360,raw_var_window_ar,72.0,10.0,0.7582713107457715,22.35781757890033,9.999999999999702e-09,,,
4,299,353,364,6,354,360,seasonal_window_naive,72.0,,0.08339658553704793,1.6960142159305138,0.0017927675979996596,,,
4,299,353,364,6,355,361,cholesky_gaussian_ar,353.0,0.1,0.3083818483613578,6.986481696154754,0.006463171460138566,,,
4,299,353,364,6,355,361,euclidean_gaussian_ar,353.0,0.01,0.30847558429200067,11.267924107709153,0.08982872758643781,,,
4,299,353,364,6,355,361,fixed_bwar,353.0,0.01,0.30170970039676426,7.4877739062035555,0.04704072735359654,,,
4,299,353,364,6,355,361,local_bwar,24.0,0.1,0.2626013266749131,6.230210033755249,0.008779127866664405,8.554924795477185e-10,1.0,0.0
4,299,353,364,6,355,361,log_euclidean_gaussian_ar,353.0,0.01,0.47903140123340054,9.956382770590276,0.03187657945147153,,,
4,299,353,364,6,355,361,persistence,,,0.07263790377035026,1.6740901008283575,0.0023738982528909948,,,
4,299,353,364,6,355,361,raw_var_window_ar,72.0,10.0,0.8051696057512795,23.58397989527878,9.999999999999807e-09,,,
4,299,353,364,6,355,361,seasonal_window_naive,72.0,,0.07263790377035025,1.6741609059905629,0.0023639082528909986,,,
4,299,353,364,6,356,362,cholesky_gaussian_ar,353.0,0.1,0.25394291428377636,5.125944055107484,0.006822471604405054,,,
4,299,353,364,6,356,362,euclidean_gaussian_ar,353.0,0.01,0.2501569598965499,8.27763946660184,0.08235071105448702,,,
4,299,353,364,6,356,362,fixed_bwar,353.0,0.01,0.2576602820934631,5.755147288187786,0.0516760772526361,,,
4,299,353,364,6,356,362,local_bwar,24.0,0.1,0.21751246043867542,4.571324673077857,0.008823746869614821,9.421693774950109e-10,1.0,0.0
4,299,353,364,6,356,362,log_euclidean_gaussian_ar,353.0,0.01,0.4704537899462021,9.131720160733309,0.027320061502534746,,,
4,299,353,364,6,356,362,persistence,,,0.09150878484863907,2.031899234381043,0.0013370448934652422,,,
4,299,353,364,6,356,362,raw_var_window_ar,72.0,10.0,0.7396939116562622,22.521197995319476,9.999999999999724e-09,,,
4,299,353,364,6,356,362,seasonal_window_naive,72.0,,0.09150878484863909,2.0320217835710648,0.001327054893464962,,,
4,299,353,364,6,357,363,cholesky_gaussian_ar,353.0,0.1,0.2712406183015984,5.063077632545993,0.006099981762292469,,,
4,299,353,364,6,357,363,euclidean_gaussian_ar,353.0,0.01,0.2655136145912381,8.725476879203688,0.05410881466527266,,,
4,299,353,364,6,357,363,fixed_bwar,353.0,0.01,0.27100168483859055,5.810775982894965,0.04367464170326796,,,
4,299,353,364,6,357,363,local_bwar,24.0,0.1,0.23201375869885213,4.523460983621535,0.008762563064857802,1.0769610649628062e-10,1.0,0.0
4,299,353,364,6,357,363,log_euclidean_gaussian_ar,353.0,0.01,0.45579703688029255,8.830135427638837,0.02189468331817517,,,
4,299,353,364,6,357,363,persistence,,,0.06381387717734173,1.284087822084775,0.0024450852392954208,,,
4,299,353,364,6,357,363,raw_var_window_ar,72.0,10.0,0.7962187443039781,23.555960578141423,9.9999999999998e-09,,,
4,299,353,364,6,357,363,seasonal_window_naive,72.0,,0.06381387717734169,1.2841649396526533,0.0024350952392953834,,,
