drift_strength,setting,seed,n,d,phi,dispersion,window_length,fit_end,validation_end,method,ridge,validation_w2_mean,w2_mean,w2_ratio_mean,n_test_origins,min_pred_eig,mean_shift_strength,covariance_shift_strength,coordinate_dimension,reference_condition
0.0,Gradual joint shift,0,260,5,0.7,0.16,36,117,169,cholesky,1e-06,0.2453455865082271,0.22257210185595158,1.0244292008458469,91,0.1881984083638203,0.0,0.0,20,6.0
0.0,Gradual joint shift,0,260,5,0.7,0.16,36,117,169,euclidean,1e-06,0.22173648419749334,0.2099528115303465,0.9663465867369679,91,0.25387325364356317,0.0,0.0,20,6.0
0.0,Gradual joint shift,0,260,5,0.7,0.16,36,117,169,fixed_bwar,1e-06,0.21487431093883766,0.2041926960653751,0.9398345915976154,91,0.23218448834432004,0.0,0.0,20,6.0
0.0,Gradual joint shift,0,260,5,0.7,0.16,36,117,169,local_bwar,1e-06,0.21333733003628405,0.20424594457020273,0.9400796776744056,91,0.23078544476471494,0.0,0.0,20,6.0
0.0,Gradual joint shift,0,260,5,0.7,0.16,36,117,169,log_euclidean,1e-06,0.22133451039683075,0.21079612151376179,0.9702280766684175,91,0.18203479492161226,0.0,0.0,20,6.0
0.0,Gradual joint shift,0,260,5,0.7,0.16,36,117,169,persistence,,,0.21726450365938327,1.0,91,0.0897434526289165,0.0,0.0,20,6.0
0.0,Gradual joint shift,1,260,5,0.7,0.16,36,117,169,cholesky,1e-06,0.14285437943922702,0.15016767331040803,0.9507226428361247,91,0.2243400566316741,0.0,0.0,20,6.0
0.0,Gradual joint shift,1,260,5,0.7,0.16,36,117,169,euclidean,1e-06,0.14258600725950538,0.14787767086165501,0.9362244680147082,91,0.2481950435506588,0.0,0.0,20,6.0
0.0,Gradual joint shift,1,260,5,0.7,0.16,36,117,169,fixed_bwar,1e-06,0.14058659505330276,0.14560218704870154,0.9218182117500184,91,0.23412303664498113,0.0,0.0,20,6.0
0.0,Gradual joint shift,1,260,5,0.7,0.16,36,117,169,local_bwar,1e-06,0.14069317890945518,0.14579574892871755,0.9230436663239916,91,0.23296547265790757,0.0,0.0,20,6.0
0.0,Gradual joint shift,1,260,5,0.7,0.16,36,117,169,log_euclidean,1e-06,0.14237822297394853,0.1464400919847596,0.9271230498532758,91,0.2286084161044621,0.0,0.0,20,6.0
0.0,Gradual joint shift,1,260,5,0.7,0.16,36,117,169,persistence,,,0.15795108535801677,1.0,91,0.16403116883455915,0.0,0.0,20,6.0
0.0,Gradual joint shift,2,260,5,0.7,0.16,36,117,169,cholesky,1e-06,0.17587476017358658,0.18423160799079405,0.9282702607710799,91,0.136970460468118,0.0,0.0,20,6.0
0.0,Gradual joint shift,2,260,5,0.7,0.16,36,117,169,euclidean,1e-06,0.17979870791545716,0.18276485991332114,0.9208798968959011,91,0.20858507227655787,0.0,0.0,20,6.0
0.0,Gradual joint shift,2,260,5,0.7,0.16,36,117,169,fixed_bwar,1e-06,0.17465624930575663,0.1802272105052278,0.9080936844566432,91,0.15323369393232306,0.0,0.0,20,6.0
0.0,Gradual joint shift,2,260,5,0.7,0.16,36,117,169,local_bwar,1e-06,0.17444441760473314,0.18044145327647454,0.9091731691080688,91,0.15242472037253565,0.0,0.0,20,6.0
0.0,Gradual joint shift,2,260,5,0.7,0.16,36,117,169,log_euclidean,1e-06,0.17724789816075168,0.1851674150496849,0.9329854226917825,91,0.1297194558454913,0.0,0.0,20,6.0
0.0,Gradual joint shift,2,260,5,0.7,0.16,36,117,169,persistence,,,0.19846764005749754,1.0,91,0.04464339886897943,0.0,0.0,20,6.0
0.0,Gradual joint shift,3,260,5,0.7,0.16,36,117,169,cholesky,1e-06,0.18292239093022944,0.16123627908478882,0.9314254602485347,91,0.237450551669843,0.0,0.0,20,6.0
0.0,Gradual joint shift,3,260,5,0.7,0.16,36,117,169,euclidean,1e-06,0.1774262658387641,0.1622459066916634,0.9372578502277046,91,0.1867133330174737,0.0,0.0,20,6.0
0.0,Gradual joint shift,3,260,5,0.7,0.16,36,117,169,fixed_bwar,1e-06,0.17766821364865465,0.15775776450724785,0.911330869504081,91,0.2261684276107983,0.0,0.0,20,6.0
0.0,Gradual joint shift,3,260,5,0.7,0.16,36,117,169,local_bwar,1e-06,0.1781134850047989,0.15787247081631797,0.9119935018677494,91,0.22795253512630423,0.0,0.0,20,6.0
0.0,Gradual joint shift,3,260,5,0.7,0.16,36,117,169,log_euclidean,1e-06,0.18340004464273,0.15884894385541878,0.9176343654192239,91,0.22161297499924934,0.0,0.0,20,6.0
0.0,Gradual joint shift,3,260,5,0.7,0.16,36,117,169,persistence,,,0.17310701281642626,1.0,91,0.1750141934726388,0.0,0.0,20,6.0
0.0,Gradual joint shift,4,260,5,0.7,0.16,36,117,169,cholesky,1e-06,0.15750434142374609,0.14130823501248257,0.9411732720026582,91,0.23569394193172594,0.0,0.0,20,6.0
0.0,Gradual joint shift,4,260,5,0.7,0.16,36,117,169,euclidean,1e-06,0.15980123474685742,0.1371850317074782,0.913710974809856,91,0.24632290973366527,0.0,0.0,20,6.0
0.0,Gradual joint shift,4,260,5,0.7,0.16,36,117,169,fixed_bwar,1e-06,0.15492165556984727,0.13539058839456894,0.9017592149985122,91,0.23736845944429205,0.0,0.0,20,6.0
0.0,Gradual joint shift,4,260,5,0.7,0.16,36,117,169,local_bwar,1e-06,0.1550570449329755,0.13572558532623838,0.9039904378162222,91,0.23749580688430458,0.0,0.0,20,6.0
0.0,Gradual joint shift,4,260,5,0.7,0.16,36,117,169,log_euclidean,1e-06,0.1557446297911848,0.13769758085881104,0.9171247713361482,91,0.22559962237182676,0.0,0.0,20,6.0
0.0,Gradual joint shift,4,260,5,0.7,0.16,36,117,169,persistence,,,0.15014050995286177,1.0,91,0.16097797997796945,0.0,0.0,20,6.0
0.0,Gradual joint shift,5,260,5,0.7,0.16,36,117,169,cholesky,1e-06,0.16519855022695074,0.17641372035664935,0.9598139014871455,91,0.13670081636391918,0.0,0.0,20,6.0
0.0,Gradual joint shift,5,260,5,0.7,0.16,36,117,169,euclidean,1e-06,0.16269685716416088,0.17153141015668066,0.9332507226605289,91,0.31289442639465204,0.0,0.0,20,6.0
0.0,Gradual joint shift,5,260,5,0.7,0.16,36,117,169,fixed_bwar,1e-06,0.15825393029213494,0.1689571169792471,0.9192447690804499,91,0.1855852820993304,0.0,0.0,20,6.0
0.0,Gradual joint shift,5,260,5,0.7,0.16,36,117,169,local_bwar,1e-06,0.15780340176947696,0.16907183355934396,0.9198689074302645,91,0.1780170955442072,0.0,0.0,20,6.0
0.0,Gradual joint shift,5,260,5,0.7,0.16,36,117,169,log_euclidean,1e-06,0.159981307378671,0.17379087349904168,0.9455437819617806,91,0.11028196267444414,0.0,0.0,20,6.0
0.0,Gradual joint shift,5,260,5,0.7,0.16,36,117,169,persistence,,,0.18379992213418883,1.0,91,0.029877203730560995,0.0,0.0,20,6.0
0.0,Gradual joint shift,6,260,5,0.7,0.16,36,117,169,cholesky,1e-06,0.16125958418135053,0.15031323125625237,0.9422757009920718,91,0.18252719412092955,0.0,0.0,20,6.0
0.0,Gradual joint shift,6,260,5,0.7,0.16,36,117,169,euclidean,1e-06,0.15533095039281575,0.1487545286527304,0.9325045878565424,91,0.25870813232957723,0.0,0.0,20,6.0
0.0,Gradual joint shift,6,260,5,0.7,0.16,36,117,169,fixed_bwar,1e-06,0.15121710601679805,0.14562803921015569,0.9129054148062069,91,0.19982066950084065,0.0,0.0,20,6.0
0.0,Gradual joint shift,6,260,5,0.7,0.16,36,117,169,local_bwar,1e-06,0.15204876039987192,0.14565971647775874,0.9131039916000574,91,0.20004052924718727,0.0,0.0,20,6.0
0.0,Gradual joint shift,6,260,5,0.7,0.16,36,117,169,log_euclidean,1e-06,0.15461295058511396,0.14767471150358244,0.9257354867424692,91,0.18575506255892305,0.0,0.0,20,6.0
0.0,Gradual joint shift,6,260,5,0.7,0.16,36,117,169,persistence,,,0.15952149789917705,1.0,91,0.11038537792230214,0.0,0.0,20,6.0
0.0,Gradual joint shift,7,260,5,0.7,0.16,36,117,169,cholesky,1e-06,0.19416804977970398,0.18130582421675664,0.9244248773151937,91,0.21508761227045356,0.0,0.0,20,6.0
0.0,Gradual joint shift,7,260,5,0.7,0.16,36,117,169,euclidean,1e-06,0.1935336198820617,0.18087537117085875,0.9222301243012564,91,0.20509653702604938,0.0,0.0,20,6.0
0.0,Gradual joint shift,7,260,5,0.7,0.16,36,117,169,fixed_bwar,1e-06,0.1898517762392484,0.17715708874841027,0.9032716998433316,91,0.18962207894034475,0.0,0.0,20,6.0
0.0,Gradual joint shift,7,260,5,0.7,0.16,36,117,169,local_bwar,1e-06,0.189968939163016,0.17747094125326235,0.9048719411182401,91,0.19138090327868262,0.0,0.0,20,6.0
0.0,Gradual joint shift,7,260,5,0.7,0.16,36,117,169,log_euclidean,1e-06,0.1908560034916273,0.18131203411412317,0.9244565397487421,91,0.18304163908373877,0.0,0.0,20,6.0
0.0,Gradual joint shift,7,260,5,0.7,0.16,36,117,169,persistence,,,0.19612824001807802,1.0,91,0.09901678486246122,0.0,0.0,20,6.0
0.0,Gradual joint shift,8,260,5,0.7,0.16,36,117,169,cholesky,1e-06,0.19318650447361163,0.1926301646926792,1.0354370754576203,91,0.17835215040285493,0.0,0.0,20,6.0
0.0,Gradual joint shift,8,260,5,0.7,0.16,36,117,169,euclidean,1e-06,0.1915366599104285,0.18254897427223593,0.9812480633538899,91,0.2356358567081924,0.0,0.0,20,6.0
0.0,Gradual joint shift,8,260,5,0.7,0.16,36,117,169,fixed_bwar,1e-06,0.18829681490829164,0.17862222395742886,0.9601407623841647,91,0.19358121551907106,0.0,0.0,20,6.0
0.0,Gradual joint shift,8,260,5,0.7,0.16,36,117,169,local_bwar,1e-06,0.1896342207401274,0.17895297751620293,0.9619186485119194,91,0.18955656477182398,0.0,0.0,20,6.0
0.0,Gradual joint shift,8,260,5,0.7,0.16,36,117,169,log_euclidean,1e-06,0.19110427376547034,0.1849563886984198,0.9941885400276196,91,0.170688585308912,0.0,0.0,20,6.0
0.0,Gradual joint shift,8,260,5,0.7,0.16,36,117,169,persistence,,,0.18603753840622778,1.0,91,0.07842825875832173,0.0,0.0,20,6.0
0.0,Gradual joint shift,9,260,5,0.7,0.16,36,117,169,cholesky,1e-06,0.2019042373778443,0.17294391732758385,0.963365356249728,91,0.17697781460236012,0.0,0.0,20,6.0
0.0,Gradual joint shift,9,260,5,0.7,0.16,36,117,169,euclidean,1e-06,0.20145195001790778,0.17024061582358835,0.94830690807364,91,0.24834262331658052,0.0,0.0,20,6.0
0.0,Gradual joint shift,9,260,5,0.7,0.16,36,117,169,fixed_bwar,1e-06,0.19706422091969789,0.1666334295249477,0.9282134675679136,91,0.19522534476163697,0.0,0.0,20,6.0
0.0,Gradual joint shift,9,260,5,0.7,0.16,36,117,169,local_bwar,1e-06,0.19672429747037684,0.16710249322820167,0.930826336112652,91,0.1946695757477276,0.0,0.0,20,6.0
0.0,Gradual joint shift,9,260,5,0.7,0.16,36,117,169,log_euclidean,0.0001,0.197688384404776,0.16935883461550752,0.9433950413784498,91,0.17438934066566095,0.0,0.0,20,6.0
0.0,Gradual joint shift,9,260,5,0.7,0.16,36,117,169,persistence,,,0.17952059019522448,1.0,91,0.06383321212091152,0.0,0.0,20,6.0
0.0,Gradual joint shift,10,260,5,0.7,0.16,36,117,169,cholesky,1e-06,0.18064554267608843,0.19937407259131618,0.9605174927027756,91,0.26574117853801726,0.0,0.0,20,6.0
0.0,Gradual joint shift,10,260,5,0.7,0.16,36,117,169,euclidean,1e-06,0.18212396213409976,0.19251737903126176,0.9274842400790261,91,0.35021410162425454,0.0,0.0,20,6.0
0.0,Gradual joint shift,10,260,5,0.7,0.16,36,117,169,fixed_bwar,1e-06,0.1764923191225729,0.18949088463912842,0.912903603954038,91,0.28362035201808117,0.0,0.0,20,6.0
0.0,Gradual joint shift,10,260,5,0.7,0.16,36,117,169,local_bwar,1e-06,0.1770344379665302,0.1895295694961846,0.9130899746361545,91,0.28433655183237194,0.0,0.0,20,6.0
0.0,Gradual joint shift,10,260,5,0.7,0.16,36,117,169,log_euclidean,1e-06,0.17858099834410388,0.19305082083399708,0.9300541839850046,91,0.2427767570160417,0.0,0.0,20,6.0
0.0,Gradual joint shift,10,260,5,0.7,0.16,36,117,169,persistence,,,0.20756943429557181,1.0,91,0.1340863364515864,0.0,0.0,20,6.0
0.0,Gradual joint shift,11,260,5,0.7,0.16,36,117,169,cholesky,1e-06,0.18728815655589695,0.20167188463836536,1.0032205301273176,91,0.26623830192238096,0.0,0.0,20,6.0
0.0,Gradual joint shift,11,260,5,0.7,0.16,36,117,169,euclidean,0.0001,0.19423023508597362,0.19395140514033107,0.9648148616884876,91,0.28316394521611,0.0,0.0,20,6.0
0.0,Gradual joint shift,11,260,5,0.7,0.16,36,117,169,fixed_bwar,1e-06,0.18380882067267798,0.18916164475422545,0.940988109821968,91,0.2626966675773299,0.0,0.0,20,6.0
0.0,Gradual joint shift,11,260,5,0.7,0.16,36,117,169,local_bwar,1e-06,0.1831798487628143,0.19079160670556794,0.949096385776474,91,0.2654626410561508,0.0,0.0,20,6.0
0.0,Gradual joint shift,11,260,5,0.7,0.16,36,117,169,log_euclidean,1e-06,0.18215374221417474,0.1963896247857052,0.9769438305310476,91,0.2577688423777755,0.0,0.0,20,6.0
0.0,Gradual joint shift,11,260,5,0.7,0.16,36,117,169,persistence,,,0.20102447924662326,1.0,91,0.1255095917722278,0.0,0.0,20,6.0
0.0,Gradual joint shift,12,260,5,0.7,0.16,36,117,169,cholesky,1e-06,0.16979262208456627,0.18537215138825755,0.9921202110912382,91,0.2817126121796603,0.0,0.0,20,6.0
0.0,Gradual joint shift,12,260,5,0.7,0.16,36,117,169,euclidean,1e-06,0.164998731191256,0.18827328398267995,1.0076472050891314,91,0.22961781936977965,0.0,0.0,20,6.0
0.0,Gradual joint shift,12,260,5,0.7,0.16,36,117,169,fixed_bwar,1e-06,0.16111081348071005,0.1813844198027255,0.970777689721203,91,0.29415703784280123,0.0,0.0,20,6.0
0.0,Gradual joint shift,12,260,5,0.7,0.16,36,117,169,local_bwar,1e-06,0.16127751931193846,0.18259461185434162,0.9772546927916135,91,0.2926340151930278,0.0,0.0,20,6.0
0.0,Gradual joint shift,12,260,5,0.7,0.16,36,117,169,log_euclidean,1e-06,0.16318586805319338,0.18168495652478395,0.9723861759684431,91,0.29050228608049394,0.0,0.0,20,6.0
0.0,Gradual joint shift,12,260,5,0.7,0.16,36,117,169,persistence,,,0.18684444618295373,1.0,91,0.19898050744610746,0.0,0.0,20,6.0
0.0,Gradual joint shift,13,260,5,0.7,0.16,36,117,169,cholesky,1e-06,0.17893311365008333,0.15290523250641955,0.907352578804121,91,0.24292020862231958,0.0,0.0,20,6.0
0.0,Gradual joint shift,13,260,5,0.7,0.16,36,117,169,euclidean,1e-06,0.1799553452960208,0.15615801163914417,0.9266548452208965,91,0.30546925873243636,0.0,0.0,20,6.0
0.0,Gradual joint shift,13,260,5,0.7,0.16,36,117,169,fixed_bwar,1e-06,0.17392334722337852,0.1525059217444034,0.9049830349780495,91,0.26763590637500456,0.0,0.0,20,6.0
0.0,Gradual joint shift,13,260,5,0.7,0.16,36,117,169,local_bwar,1e-06,0.17401892253494294,0.15286411329452015,0.9071085739238188,91,0.26702426918402916,0.0,0.0,20,6.0
0.0,Gradual joint shift,13,260,5,0.7,0.16,36,117,169,log_euclidean,1e-06,0.17936916898966412,0.1540310690053334,0.9140333877853205,91,0.25858659250084537,0.0,0.0,20,6.0
0.0,Gradual joint shift,13,260,5,0.7,0.16,36,117,169,persistence,,,0.1685179896749141,1.0,91,0.16708501368250475,0.0,0.0,20,6.0
0.0,Gradual joint shift,14,260,5,0.7,0.16,36,117,169,cholesky,1e-06,0.16262110043221745,0.153453289675791,0.9442890734759456,91,0.2552044948379767,0.0,0.0,20,6.0
0.0,Gradual joint shift,14,260,5,0.7,0.16,36,117,169,euclidean,1e-06,0.1567643728608237,0.14887808984410214,0.9161351562861576,91,0.3116492200349439,0.0,0.0,20,6.0
0.0,Gradual joint shift,14,260,5,0.7,0.16,36,117,169,fixed_bwar,1e-06,0.15034428270810868,0.1461730704091478,0.8994895679031121,91,0.2608732350225346,0.0,0.0,20,6.0
0.0,Gradual joint shift,14,260,5,0.7,0.16,36,117,169,local_bwar,1e-06,0.1507627034009667,0.14676115192361563,0.9031083821338035,91,0.260809367012133,0.0,0.0,20,6.0
0.0,Gradual joint shift,14,260,5,0.7,0.16,36,117,169,log_euclidean,1e-06,0.15469601844345002,0.1486599262861793,0.9147926665655891,91,0.22755375217183896,0.0,0.0,20,6.0
0.0,Gradual joint shift,14,260,5,0.7,0.16,36,117,169,persistence,,,0.16250668782063377,1.0,91,0.14341813548148957,0.0,0.0,20,6.0
0.0,Gradual joint shift,15,260,5,0.7,0.16,36,117,169,cholesky,1e-06,0.17388892445017395,0.2037178636114691,0.9997067280409352,91,0.16392290148858513,0.0,0.0,20,6.0
0.0,Gradual joint shift,15,260,5,0.7,0.16,36,117,169,euclidean,1e-06,0.17534160136333357,0.2005195472995798,0.9840115981258835,91,0.1590889097325573,0.0,0.0,20,6.0
0.0,Gradual joint shift,15,260,5,0.7,0.16,36,117,169,fixed_bwar,0.0001,0.1675271406156103,0.1966533749988905,0.9650390917769262,91,0.18020737525709019,0.0,0.0,20,6.0
0.0,Gradual joint shift,15,260,5,0.7,0.16,36,117,169,local_bwar,1e-06,0.16814638597477896,0.19673884386428306,0.9654585140026272,91,0.17610677780363385,0.0,0.0,20,6.0
0.0,Gradual joint shift,15,260,5,0.7,0.16,36,117,169,log_euclidean,0.0001,0.17157645840177232,0.19989437592761333,0.9809436883429424,91,0.16510020840141437,0.0,0.0,20,6.0
0.0,Gradual joint shift,15,260,5,0.7,0.16,36,117,169,persistence,,,0.20377762587502304,1.0,91,0.11527457856142001,0.0,0.0,20,6.0
0.0,Gradual joint shift,16,260,5,0.7,0.16,36,117,169,cholesky,1e-06,0.19401516514937386,0.18608330643347676,0.9836615036344426,91,0.24426839663109975,0.0,0.0,20,6.0
0.0,Gradual joint shift,16,260,5,0.7,0.16,36,117,169,euclidean,1e-06,0.19223142231991355,0.18370354216802448,0.9710817481447306,91,0.2351453947053729,0.0,0.0,20,6.0
0.0,Gradual joint shift,16,260,5,0.7,0.16,36,117,169,fixed_bwar,1e-06,0.18980293592766742,0.17929695765134263,0.9477879469185517,91,0.24137428815471837,0.0,0.0,20,6.0
0.0,Gradual joint shift,16,260,5,0.7,0.16,36,117,169,local_bwar,1e-06,0.1895064023195426,0.17972462640012357,0.9500486617163819,91,0.2435496409727672,0.0,0.0,20,6.0
0.0,Gradual joint shift,16,260,5,0.7,0.16,36,117,169,log_euclidean,1e-06,0.19235641573354473,0.18311794441798604,0.9679861993049764,91,0.2303554594512231,0.0,0.0,20,6.0
0.0,Gradual joint shift,16,260,5,0.7,0.16,36,117,169,persistence,,,0.18917412722357665,1.0,91,0.15252809376049656,0.0,0.0,20,6.0
0.0,Gradual joint shift,17,260,5,0.7,0.16,36,117,169,cholesky,1e-06,0.16532437158245056,0.17790306229426348,0.9510950811690635,91,0.07335673753268722,0.0,0.0,20,6.0
0.0,Gradual joint shift,17,260,5,0.7,0.16,36,117,169,euclidean,1e-06,0.16266750898578333,0.17480754951587274,0.934546029459354,91,0.1735580849534938,0.0,0.0,20,6.0
0.0,Gradual joint shift,17,260,5,0.7,0.16,36,117,169,fixed_bwar,1e-06,0.15742189609887774,0.17248514435879075,0.9221301210826405,91,0.11032409043039648,0.0,0.0,20,6.0
0.0,Gradual joint shift,17,260,5,0.7,0.16,36,117,169,local_bwar,1e-06,0.15854274885736355,0.1738038511182658,0.9291801150302801,91,0.10818704929565644,0.0,0.0,20,6.0
0.0,Gradual joint shift,17,260,5,0.7,0.16,36,117,169,log_euclidean,0.0001,0.16198226748421998,0.18040707118110855,0.9644818689217258,91,0.08753990682725776,0.0,0.0,20,6.0
0.0,Gradual joint shift,17,260,5,0.7,0.16,36,117,169,persistence,,,0.18705076476222468,1.0,91,0.03989775332460467,0.0,0.0,20,6.0
0.0,Gradual joint shift,18,260,5,0.7,0.16,36,117,169,cholesky,1e-06,0.19166086959725526,0.20422068525679665,0.9396637184962047,91,0.22975773724279736,0.0,0.0,20,6.0
0.0,Gradual joint shift,18,260,5,0.7,0.16,36,117,169,euclidean,1e-06,0.19119550300116453,0.20120047037220143,0.9257670539857134,91,0.23571999813210737,0.0,0.0,20,6.0
0.0,Gradual joint shift,18,260,5,0.7,0.16,36,117,169,fixed_bwar,1e-06,0.1895493565501082,0.19653251997194598,0.9042888005691002,91,0.23710966817661183,0.0,0.0,20,6.0
0.0,Gradual joint shift,18,260,5,0.7,0.16,36,117,169,local_bwar,1e-06,0.19052296951080264,0.19689985574278066,0.9059789922160685,91,0.2379488206204679,0.0,0.0,20,6.0
0.0,Gradual joint shift,18,260,5,0.7,0.16,36,117,169,log_euclidean,1e-06,0.19344689296326517,0.20078759798801124,0.9238673384926197,91,0.233342082620431,0.0,0.0,20,6.0
0.0,Gradual joint shift,18,260,5,0.7,0.16,36,117,169,persistence,,,0.21733379850359894,1.0,91,0.13427103624191597,0.0,0.0,20,6.0
0.0,Gradual joint shift,19,260,5,0.7,0.16,36,117,169,cholesky,1e-06,0.13552837686868488,0.1677279394504718,0.9193117459759037,91,0.23264332346326289,0.0,0.0,20,6.0
0.0,Gradual joint shift,19,260,5,0.7,0.16,36,117,169,euclidean,1e-06,0.1395439413352695,0.16723028817714292,0.9165841344493446,91,0.2636005166916911,0.0,0.0,20,6.0
0.0,Gradual joint shift,19,260,5,0.7,0.16,36,117,169,fixed_bwar,1e-06,0.13384801822703743,0.16212910879132322,0.8886247250445748,91,0.245618017085926,0.0,0.0,20,6.0
0.0,Gradual joint shift,19,260,5,0.7,0.16,36,117,169,local_bwar,0.0001,0.13421184552098347,0.16327547135963705,0.8949079034920701,91,0.2481684949660564,0.0,0.0,20,6.0
0.0,Gradual joint shift,19,260,5,0.7,0.16,36,117,169,log_euclidean,1e-06,0.13522935025564153,0.16509453906041677,0.9048781583555777,91,0.2310403990874979,0.0,0.0,20,6.0
0.0,Gradual joint shift,19,260,5,0.7,0.16,36,117,169,persistence,,,0.18244946851235833,1.0,91,0.12678697287958549,0.0,0.0,20,6.0
0.0,Gradual joint shift,20,260,5,0.7,0.16,36,117,169,cholesky,1e-06,0.21968817412027122,0.19528375466636724,0.9634453702155018,91,0.17060661319386725,0.0,0.0,20,6.0
0.0,Gradual joint shift,20,260,5,0.7,0.16,36,117,169,euclidean,1e-06,0.21969257820958282,0.19597150085426654,0.9668384116988907,91,0.20258470230826703,0.0,0.0,20,6.0
0.0,Gradual joint shift,20,260,5,0.7,0.16,36,117,169,fixed_bwar,0.0001,0.2126471396146821,0.18832832393697949,0.9291302908811665,91,0.17997369455918194,0.0,0.0,20,6.0
0.0,Gradual joint shift,20,260,5,0.7,0.16,36,117,169,local_bwar,1e-06,0.2133791762320465,0.1900225432817952,0.9374888345126166,91,0.18441547451889032,0.0,0.0,20,6.0
0.0,Gradual joint shift,20,260,5,0.7,0.16,36,117,169,log_euclidean,1e-06,0.2181531196158031,0.19474750458875562,0.9607997448513476,91,0.17268840467964647,0.0,0.0,20,6.0
0.0,Gradual joint shift,20,260,5,0.7,0.16,36,117,169,persistence,,,0.20269312687930247,1.0,91,0.11373718315815047,0.0,0.0,20,6.0
0.0,Gradual joint shift,21,260,5,0.7,0.16,36,117,169,cholesky,1e-06,0.15852175003405328,0.14722192416398852,0.9104510472094877,91,0.25193933377118194,0.0,0.0,20,6.0
0.0,Gradual joint shift,21,260,5,0.7,0.16,36,117,169,euclidean,1e-06,0.1613709454313215,0.1481648264769688,0.9162821515313746,91,0.30041106757223496,0.0,0.0,20,6.0
0.0,Gradual joint shift,21,260,5,0.7,0.16,36,117,169,fixed_bwar,1e-06,0.1580001720031217,0.1459580858687077,0.9026352079180505,91,0.24946903445054855,0.0,0.0,20,6.0
0.0,Gradual joint shift,21,260,5,0.7,0.16,36,117,169,local_bwar,1e-06,0.15838298148271115,0.14624220026868964,0.9043922305521436,91,0.24845557814174318,0.0,0.0,20,6.0
0.0,Gradual joint shift,21,260,5,0.7,0.16,36,117,169,log_euclidean,1e-06,0.15928711604867224,0.14748066490399164,0.912051153844619,91,0.234209246625749,0.0,0.0,20,6.0
0.0,Gradual joint shift,21,260,5,0.7,0.16,36,117,169,persistence,,,0.16170218554333093,1.0,91,0.11326053372853274,0.0,0.0,20,6.0
0.0,Gradual joint shift,22,260,5,0.7,0.16,36,117,169,cholesky,1e-06,0.21393683036686598,0.2114145586344817,0.9696078877694899,91,0.22878990585934836,0.0,0.0,20,6.0
0.0,Gradual joint shift,22,260,5,0.7,0.16,36,117,169,euclidean,1e-06,0.21270048583284776,0.21150237559293766,0.9700106415634993,91,0.2834618241908937,0.0,0.0,20,6.0
0.0,Gradual joint shift,22,260,5,0.7,0.16,36,117,169,fixed_bwar,1e-06,0.20961886652361386,0.20446498521956094,0.9377351480524945,91,0.2636809514792034,0.0,0.0,20,6.0
0.0,Gradual joint shift,22,260,5,0.7,0.16,36,117,169,local_bwar,1e-06,0.2098543999453134,0.20588085620065977,0.9442287390341396,91,0.26422925816887993,0.0,0.0,20,6.0
0.0,Gradual joint shift,22,260,5,0.7,0.16,36,117,169,log_euclidean,1e-06,0.21440524767578462,0.2085181181769035,0.9563239799238717,91,0.23671009577047747,0.0,0.0,20,6.0
0.0,Gradual joint shift,22,260,5,0.7,0.16,36,117,169,persistence,,,0.21804129411614523,1.0,91,0.13476906357310647,0.0,0.0,20,6.0
0.0,Gradual joint shift,23,260,5,0.7,0.16,36,117,169,cholesky,1e-06,0.19167784004295674,0.19328272923845027,0.964039405060985,91,0.1379304674343632,0.0,0.0,20,6.0
0.0,Gradual joint shift,23,260,5,0.7,0.16,36,117,169,euclidean,1e-06,0.18492163131646105,0.18261965630829363,0.910855023175378,91,0.16238669121727473,0.0,0.0,20,6.0
0.0,Gradual joint shift,23,260,5,0.7,0.16,36,117,169,fixed_bwar,1e-06,0.1752152420582106,0.18045655799244278,0.9000661026043701,91,0.1416952105944402,0.0,0.0,20,6.0
0.0,Gradual joint shift,23,260,5,0.7,0.16,36,117,169,local_bwar,1e-06,0.17533840210915355,0.18145106813981587,0.9050264370045424,91,0.14174093823912146,0.0,0.0,20,6.0
0.0,Gradual joint shift,23,260,5,0.7,0.16,36,117,169,log_euclidean,1e-06,0.17794539384742564,0.18614417239327888,0.9284343092455021,91,0.1219959759843108,0.0,0.0,20,6.0
0.0,Gradual joint shift,23,260,5,0.7,0.16,36,117,169,persistence,,,0.20049256101333662,1.0,91,0.0466167627520298,0.0,0.0,20,6.0
0.0,Gradual joint shift,24,260,5,0.7,0.16,36,117,169,cholesky,1e-06,0.1767448369599178,0.1996039264570994,0.9975348505713436,91,0.21512580379272558,0.0,0.0,20,6.0
0.0,Gradual joint shift,24,260,5,0.7,0.16,36,117,169,euclidean,1e-06,0.17348501614525352,0.19321068907105413,0.96558419101392,91,0.24726239839586445,0.0,0.0,20,6.0
0.0,Gradual joint shift,24,260,5,0.7,0.16,36,117,169,fixed_bwar,1e-06,0.17087057424652988,0.18584951110917972,0.9287961794323658,91,0.21380794433984407,0.0,0.0,20,6.0
0.0,Gradual joint shift,24,260,5,0.7,0.16,36,117,169,local_bwar,1e-06,0.1712119745858538,0.18649234074410426,0.9320087663548736,91,0.21282441110836842,0.0,0.0,20,6.0
0.0,Gradual joint shift,24,260,5,0.7,0.16,36,117,169,log_euclidean,1e-06,0.17201792605618152,0.18896996691536208,0.9443908797550753,91,0.202343239301161,0.0,0.0,20,6.0
0.0,Gradual joint shift,24,260,5,0.7,0.16,36,117,169,persistence,,,0.20009719594535985,1.0,91,0.12527811638470296,0.0,0.0,20,6.0
0.0,Gradual joint shift,25,260,5,0.7,0.16,36,117,169,cholesky,1e-06,0.19783849409416523,0.17648220789166083,1.0205832054877386,91,0.1235325769821153,0.0,0.0,20,6.0
0.0,Gradual joint shift,25,260,5,0.7,0.16,36,117,169,euclidean,1e-06,0.19121842086587265,0.17208128941041506,0.9951330281336719,91,0.17344639292296316,0.0,0.0,20,6.0
0.0,Gradual joint shift,25,260,5,0.7,0.16,36,117,169,fixed_bwar,1e-06,0.18181658321180427,0.16530750764894592,0.9559607626346,91,0.13753482768758374,0.0,0.0,20,6.0
0.0,Gradual joint shift,25,260,5,0.7,0.16,36,117,169,local_bwar,1e-06,0.18150432312902762,0.16571139767975834,0.9582964280097981,91,0.13758793924172627,0.0,0.0,20,6.0
0.0,Gradual joint shift,25,260,5,0.7,0.16,36,117,169,log_euclidean,1e-06,0.19076030891109425,0.16849433276313833,0.9743899302500001,91,0.12148862508713142,0.0,0.0,20,6.0
0.0,Gradual joint shift,25,260,5,0.7,0.16,36,117,169,persistence,,,0.17292290030122498,1.0,91,0.049749841896571764,0.0,0.0,20,6.0
0.0,Gradual joint shift,26,260,5,0.7,0.16,36,117,169,cholesky,1e-06,0.16888719583393835,0.16646747234321133,0.9433320019365057,91,0.14647101614271069,0.0,0.0,20,6.0
0.0,Gradual joint shift,26,260,5,0.7,0.16,36,117,169,euclidean,0.0001,0.17843052224832395,0.16578577446297763,0.9394689804283104,91,0.20409605409362272,0.0,0.0,20,6.0
0.0,Gradual joint shift,26,260,5,0.7,0.16,36,117,169,fixed_bwar,1e-06,0.166598781304517,0.16492523085183391,0.9345924822390413,91,0.16357204544335577,0.0,0.0,20,6.0
0.0,Gradual joint shift,26,260,5,0.7,0.16,36,117,169,local_bwar,1e-06,0.16745460098534923,0.16558780853168809,0.938347154069984,91,0.16261610158420814,0.0,0.0,20,6.0
0.0,Gradual joint shift,26,260,5,0.7,0.16,36,117,169,log_euclidean,1e-06,0.16830166653910614,0.16919604677858943,0.9587941913259811,91,0.15012725032926147,0.0,0.0,20,6.0
0.0,Gradual joint shift,26,260,5,0.7,0.16,36,117,169,persistence,,,0.17646753423130027,1.0,91,0.10282005423031058,0.0,0.0,20,6.0
0.0,Gradual joint shift,27,260,5,0.7,0.16,36,117,169,cholesky,1e-06,0.18694923973146071,0.18118224136477648,1.0194941007583638,91,0.1935525928929846,0.0,0.0,20,6.0
0.0,Gradual joint shift,27,260,5,0.7,0.16,36,117,169,euclidean,1e-06,0.1784372086852294,0.17634025296616865,0.9922487230042458,91,0.273566306327612,0.0,0.0,20,6.0
0.0,Gradual joint shift,27,260,5,0.7,0.16,36,117,169,fixed_bwar,1e-06,0.17354167168160758,0.17223595820700296,0.9691542725590802,91,0.21117036155342603,0.0,0.0,20,6.0
0.0,Gradual joint shift,27,260,5,0.7,0.16,36,117,169,local_bwar,1e-06,0.17433251870703703,0.1729080525370513,0.9729360792056704,91,0.21258012070035615,0.0,0.0,20,6.0
0.0,Gradual joint shift,27,260,5,0.7,0.16,36,117,169,log_euclidean,1e-06,0.17543523178993398,0.17545846434787085,0.9872869878601235,91,0.18430209492825914,0.0,0.0,20,6.0
0.0,Gradual joint shift,27,260,5,0.7,0.16,36,117,169,persistence,,,0.1777177928052764,1.0,91,0.11335414019019907,0.0,0.0,20,6.0
0.0,Gradual joint shift,28,260,5,0.7,0.16,36,117,169,cholesky,1e-06,0.1741973771521389,0.1892786510761086,0.9061328815469918,91,0.18419958935801484,0.0,0.0,20,6.0
0.0,Gradual joint shift,28,260,5,0.7,0.16,36,117,169,euclidean,1e-06,0.15635763363854047,0.18961867865862098,0.9077606941470694,91,0.24737044968950092,0.0,0.0,20,6.0
0.0,Gradual joint shift,28,260,5,0.7,0.16,36,117,169,fixed_bwar,1e-06,0.15828177249046055,0.1854599540490708,0.8878516495052792,91,0.20219783358687915,0.0,0.0,20,6.0
0.0,Gradual joint shift,28,260,5,0.7,0.16,36,117,169,local_bwar,1e-06,0.1588845207743454,0.18611299743434176,0.8909779613270643,91,0.20077048985096296,0.0,0.0,20,6.0
0.0,Gradual joint shift,28,260,5,0.7,0.16,36,117,169,log_euclidean,1e-06,0.1649639787425769,0.1861612480167736,0.8912089511351949,91,0.17606457652755705,0.0,0.0,20,6.0
0.0,Gradual joint shift,28,260,5,0.7,0.16,36,117,169,persistence,,,0.2088861964185246,1.0,91,0.09429295664207206,0.0,0.0,20,6.0
0.0,Gradual joint shift,29,260,5,0.7,0.16,36,117,169,cholesky,1e-06,0.16137320311516737,0.15090692124049587,0.959291950829582,91,0.15826148388739558,0.0,0.0,20,6.0
0.0,Gradual joint shift,29,260,5,0.7,0.16,36,117,169,euclidean,1e-06,0.1672378047598117,0.15150186487589556,0.9630739154733816,91,0.20019837021716225,0.0,0.0,20,6.0
0.0,Gradual joint shift,29,260,5,0.7,0.16,36,117,169,fixed_bwar,1e-06,0.16010058493530008,0.1491458800645497,0.9480972845327834,91,0.19630844961740204,0.0,0.0,20,6.0
0.0,Gradual joint shift,29,260,5,0.7,0.16,36,117,169,local_bwar,1e-06,0.15955788306072965,0.14952495048086528,0.950506976521593,91,0.19093531738851466,0.0,0.0,20,6.0
0.0,Gradual joint shift,29,260,5,0.7,0.16,36,117,169,log_euclidean,1e-06,0.16269630136664406,0.1512756295803922,0.9616357727017585,91,0.17524677193634408,0.0,0.0,20,6.0
0.0,Gradual joint shift,29,260,5,0.7,0.16,36,117,169,persistence,,,0.1573107343494269,1.0,91,0.0807476062925272,0.0,0.0,20,6.0
0.0,Gradual joint shift,30,260,5,0.7,0.16,36,117,169,cholesky,1e-06,0.22058262550262933,0.19879063475227282,0.9424205227713452,91,0.0966616642660532,0.0,0.0,20,6.0
0.0,Gradual joint shift,30,260,5,0.7,0.16,36,117,169,euclidean,1e-06,0.2245095289579123,0.19886893904312705,0.9427917453433444,91,1.000000108471066e-08,0.0,0.0,20,6.0
0.0,Gradual joint shift,30,260,5,0.7,0.16,36,117,169,fixed_bwar,1e-06,0.20950611085676446,0.19027071891615696,0.9020295680050601,91,0.1185652597721393,0.0,0.0,20,6.0
0.0,Gradual joint shift,30,260,5,0.7,0.16,36,117,169,local_bwar,1e-06,0.20986455761986825,0.19006142432082748,0.9010373506292796,91,0.11825056423104621,0.0,0.0,20,6.0
0.0,Gradual joint shift,30,260,5,0.7,0.16,36,117,169,log_euclidean,1e-06,0.20673994566313664,0.1935671430762617,0.9176571542045476,91,0.09257538091831291,0.0,0.0,20,6.0
0.0,Gradual joint shift,30,260,5,0.7,0.16,36,117,169,persistence,,,0.21093623276336948,1.0,91,0.027293325178375183,0.0,0.0,20,6.0
0.0,Gradual joint shift,31,260,5,0.7,0.16,36,117,169,cholesky,1e-06,0.17755786717329203,0.20712618454238949,0.978989049969716,91,0.09953632607026987,0.0,0.0,20,6.0
0.0,Gradual joint shift,31,260,5,0.7,0.16,36,117,169,euclidean,1e-06,0.18165363605871965,0.21582913829247727,1.020123860822108,91,0.24208063031716467,0.0,0.0,20,6.0
0.0,Gradual joint shift,31,260,5,0.7,0.16,36,117,169,fixed_bwar,1e-06,0.17880648728565404,0.2037554525423055,0.9630571689969876,91,0.12228421205479317,0.0,0.0,20,6.0
0.0,Gradual joint shift,31,260,5,0.7,0.16,36,117,169,local_bwar,1e-06,0.17886220256899057,0.2040588736311622,0.9644912992310614,91,0.12439307279484665,0.0,0.0,20,6.0
0.0,Gradual joint shift,31,260,5,0.7,0.16,36,117,169,log_euclidean,1e-06,0.17998013967714102,0.20584690329998176,0.9729424830862686,91,0.10282460066895678,0.0,0.0,20,6.0
0.0,Gradual joint shift,31,260,5,0.7,0.16,36,117,169,persistence,,,0.21157150281588616,1.0,91,0.04973261384215283,0.0,0.0,20,6.0
0.0,Gradual joint shift,32,260,5,0.7,0.16,36,117,169,cholesky,1e-06,0.22044178054006366,0.19741807934175082,0.9759934691410547,91,0.1927763148201131,0.0,0.0,20,6.0
0.0,Gradual joint shift,32,260,5,0.7,0.16,36,117,169,euclidean,1e-06,0.21304546985999698,0.1914339832911937,0.9464093566649824,91,0.23877761904935302,0.0,0.0,20,6.0
0.0,Gradual joint shift,32,260,5,0.7,0.16,36,117,169,fixed_bwar,1e-06,0.2089661236574492,0.18616854295830412,0.9203781269306683,91,0.18814965094671748,0.0,0.0,20,6.0
0.0,Gradual joint shift,32,260,5,0.7,0.16,36,117,169,local_bwar,1e-06,0.20895273940749276,0.18687057316488623,0.9238488166418055,91,0.18503224661570228,0.0,0.0,20,6.0
0.0,Gradual joint shift,32,260,5,0.7,0.16,36,117,169,log_euclidean,1e-06,0.21348779897813858,0.190867969205298,0.9436111020516359,91,0.15758839294256377,0.0,0.0,20,6.0
0.0,Gradual joint shift,32,260,5,0.7,0.16,36,117,169,persistence,,,0.20227397578335551,1.0,91,0.06965505498074984,0.0,0.0,20,6.0
0.0,Gradual joint shift,33,260,5,0.7,0.16,36,117,169,cholesky,1e-06,0.2028990305599268,0.20083125228197898,1.0029642001590742,91,0.18268337072833934,0.0,0.0,20,6.0
0.0,Gradual joint shift,33,260,5,0.7,0.16,36,117,169,euclidean,1e-06,0.19454457626836127,0.19743133113461586,0.9859847751172927,91,0.11994673842330549,0.0,0.0,20,6.0
0.0,Gradual joint shift,33,260,5,0.7,0.16,36,117,169,fixed_bwar,1e-06,0.19169562604884244,0.18948174802283846,0.9462840453916863,91,0.2191194171600315,0.0,0.0,20,6.0
0.0,Gradual joint shift,33,260,5,0.7,0.16,36,117,169,local_bwar,1e-06,0.19227203130823087,0.18940314367680447,0.9458914902283181,91,0.2155853855003584,0.0,0.0,20,6.0
0.0,Gradual joint shift,33,260,5,0.7,0.16,36,117,169,log_euclidean,1e-06,0.19906442648984926,0.19436816788626984,0.9706871406982212,91,0.18260171450102128,0.0,0.0,20,6.0
0.0,Gradual joint shift,33,260,5,0.7,0.16,36,117,169,persistence,,,0.2002377076371483,1.0,91,0.09133607887695995,0.0,0.0,20,6.0
0.0,Gradual joint shift,34,260,5,0.7,0.16,36,117,169,cholesky,1e-06,0.24792951015015152,0.2214670080301624,1.0512170896578075,91,0.22527998752124792,0.0,0.0,20,6.0
0.0,Gradual joint shift,34,260,5,0.7,0.16,36,117,169,euclidean,1e-06,0.23221623643028583,0.20354868882902277,0.9661658509666871,91,0.15100684196955355,0.0,0.0,20,6.0
0.0,Gradual joint shift,34,260,5,0.7,0.16,36,117,169,fixed_bwar,1e-06,0.2260897276834483,0.1987931313095648,0.9435930832223193,91,0.21774862395261926,0.0,0.0,20,6.0
0.0,Gradual joint shift,34,260,5,0.7,0.16,36,117,169,local_bwar,1e-06,0.2259102679346021,0.19946584691899455,0.9467862005692417,91,0.22232061265884556,0.0,0.0,20,6.0
0.0,Gradual joint shift,34,260,5,0.7,0.16,36,117,169,log_euclidean,1e-06,0.23563537030177312,0.2051769082048318,0.9738943702110945,91,0.18163845253989103,0.0,0.0,20,6.0
0.0,Gradual joint shift,34,260,5,0.7,0.16,36,117,169,persistence,,,0.2106767576450402,1.0,91,0.040468653472703654,0.0,0.0,20,6.0
0.0,Gradual joint shift,35,260,5,0.7,0.16,36,117,169,cholesky,1e-06,0.19032536921438178,0.21321395077479155,0.9497992722927308,91,0.2060036123712303,0.0,0.0,20,6.0
0.0,Gradual joint shift,35,260,5,0.7,0.16,36,117,169,euclidean,1e-06,0.18765263221837578,0.20787539178308906,0.9260177165972189,91,0.2532011689914106,0.0,0.0,20,6.0
0.0,Gradual joint shift,35,260,5,0.7,0.16,36,117,169,fixed_bwar,1e-06,0.1853278513654664,0.20365319974299426,0.907209215030649,91,0.242603728058222,0.0,0.0,20,6.0
0.0,Gradual joint shift,35,260,5,0.7,0.16,36,117,169,local_bwar,1e-06,0.18541385065093077,0.2038909273813355,0.9082682148619446,91,0.24237831135447532,0.0,0.0,20,6.0
0.0,Gradual joint shift,35,260,5,0.7,0.16,36,117,169,log_euclidean,1e-06,0.1910069274182839,0.20840280831623936,0.9283671868713775,91,0.23029429216866149,0.0,0.0,20,6.0
0.0,Gradual joint shift,35,260,5,0.7,0.16,36,117,169,persistence,,,0.22448316922807499,1.0,91,0.14324350523558885,0.0,0.0,20,6.0
0.0,Gradual joint shift,36,260,5,0.7,0.16,36,117,169,cholesky,1e-06,0.16852014436375606,0.1651169729249495,0.9099130241093348,91,0.26855664341080876,0.0,0.0,20,6.0
0.0,Gradual joint shift,36,260,5,0.7,0.16,36,117,169,euclidean,1e-06,0.1679352960553201,0.1660360642834226,0.9149778771199404,91,0.3286699622124141,0.0,0.0,20,6.0
0.0,Gradual joint shift,36,260,5,0.7,0.16,36,117,169,fixed_bwar,1e-06,0.1646465027887061,0.16396622142269837,0.9035715574456527,91,0.2819998721116719,0.0,0.0,20,6.0
0.0,Gradual joint shift,36,260,5,0.7,0.16,36,117,169,local_bwar,1e-06,0.1646501882877141,0.16474721952761573,0.907875417520607,91,0.285357472897032,0.0,0.0,20,6.0
0.0,Gradual joint shift,36,260,5,0.7,0.16,36,117,169,log_euclidean,1e-06,0.16923012974683413,0.1692553870228375,0.9327186558994569,91,0.25915361584473473,0.0,0.0,20,6.0
0.0,Gradual joint shift,36,260,5,0.7,0.16,36,117,169,persistence,,,0.18146456699702004,1.0,91,0.1282257094170353,0.0,0.0,20,6.0
0.0,Gradual joint shift,37,260,5,0.7,0.16,36,117,169,cholesky,1e-06,0.1540092089182073,0.16312676240930474,0.9501867978713355,91,0.2003667931921866,0.0,0.0,20,6.0
0.0,Gradual joint shift,37,260,5,0.7,0.16,36,117,169,euclidean,1e-06,0.15105469874546607,0.16175785838717638,0.9422131551031693,91,0.23851089086566796,0.0,0.0,20,6.0
0.0,Gradual joint shift,37,260,5,0.7,0.16,36,117,169,fixed_bwar,1e-06,0.14599772991653162,0.1569171002438947,0.9140165280660103,91,0.20051149088014802,0.0,0.0,20,6.0
0.0,Gradual joint shift,37,260,5,0.7,0.16,36,117,169,local_bwar,1e-06,0.14694805905073904,0.1574383526574901,0.9170527383998743,91,0.19865011398204557,0.0,0.0,20,6.0
0.0,Gradual joint shift,37,260,5,0.7,0.16,36,117,169,log_euclidean,1e-06,0.14832996251657554,0.15921978404065054,0.9274292857952401,91,0.16605261956111078,0.0,0.0,20,6.0
0.0,Gradual joint shift,37,260,5,0.7,0.16,36,117,169,persistence,,,0.17167862442916584,1.0,91,0.09505794363384812,0.0,0.0,20,6.0
0.0,Gradual joint shift,38,260,5,0.7,0.16,36,117,169,cholesky,1e-06,0.1337710515304929,0.13390126378091743,0.9375623260912123,91,0.20994795889362636,0.0,0.0,20,6.0
0.0,Gradual joint shift,38,260,5,0.7,0.16,36,117,169,euclidean,1e-06,0.13924697573294884,0.13640481044208375,0.9550918920179491,91,0.25869464503090195,0.0,0.0,20,6.0
0.0,Gradual joint shift,38,260,5,0.7,0.16,36,117,169,fixed_bwar,1e-06,0.13317906306000626,0.13304764826198787,0.9315854015356337,91,0.23106680375076014,0.0,0.0,20,6.0
0.0,Gradual joint shift,38,260,5,0.7,0.16,36,117,169,local_bwar,1e-06,0.1335039514088882,0.1334208165309367,0.9341982858384402,91,0.2306328475125076,0.0,0.0,20,6.0
0.0,Gradual joint shift,38,260,5,0.7,0.16,36,117,169,log_euclidean,1e-06,0.13221743871043012,0.13403745718816604,0.9385159377606824,91,0.2191832294335676,0.0,0.0,20,6.0
0.0,Gradual joint shift,38,260,5,0.7,0.16,36,117,169,persistence,,,0.14281851995820344,1.0,91,0.12316412465312637,0.0,0.0,20,6.0
0.0,Gradual joint shift,39,260,5,0.7,0.16,36,117,169,cholesky,1e-06,0.1368706947782651,0.1569825279830195,0.9317752660399871,91,0.24019739110469468,0.0,0.0,20,6.0
0.0,Gradual joint shift,39,260,5,0.7,0.16,36,117,169,euclidean,1e-06,0.14013871745414147,0.15143507134074446,0.8988481437983307,91,0.28777358147085386,0.0,0.0,20,6.0
0.0,Gradual joint shift,39,260,5,0.7,0.16,36,117,169,fixed_bwar,1e-06,0.13412528312092034,0.14994314586228072,0.8899927681239259,91,0.2351910159802628,0.0,0.0,20,6.0
0.0,Gradual joint shift,39,260,5,0.7,0.16,36,117,169,local_bwar,1e-06,0.13411241132951895,0.15034284790730765,0.8923652135427051,91,0.23476783082227876,0.0,0.0,20,6.0
0.0,Gradual joint shift,39,260,5,0.7,0.16,36,117,169,log_euclidean,1e-06,0.13468691972469446,0.15425205719350732,0.915568461505744,91,0.21367649120224327,0.0,0.0,20,6.0
0.0,Gradual joint shift,39,260,5,0.7,0.16,36,117,169,persistence,,,0.16847681378170712,1.0,91,0.12508392639458976,0.0,0.0,20,6.0
0.0,Gradual joint shift,40,260,5,0.7,0.16,36,117,169,cholesky,1e-06,0.13851704823061498,0.15448912827055827,0.9058771225991339,91,0.17668116106323423,0.0,0.0,20,6.0
0.0,Gradual joint shift,40,260,5,0.7,0.16,36,117,169,euclidean,1e-06,0.13545168719713202,0.15157975283320116,0.8888174325144179,91,0.21876002180560086,0.0,0.0,20,6.0
0.0,Gradual joint shift,40,260,5,0.7,0.16,36,117,169,fixed_bwar,1e-06,0.13670562676273132,0.1498900918939351,0.8789097761830942,91,0.20479266966450743,0.0,0.0,20,6.0
0.0,Gradual joint shift,40,260,5,0.7,0.16,36,117,169,local_bwar,1e-06,0.1370599836423264,0.15003343696579066,0.8797503079582742,91,0.20409938466876443,0.0,0.0,20,6.0
0.0,Gradual joint shift,40,260,5,0.7,0.16,36,117,169,log_euclidean,1e-06,0.13872922553042422,0.15219351652482663,0.8924163555787761,91,0.18401551123567872,0.0,0.0,20,6.0
0.0,Gradual joint shift,40,260,5,0.7,0.16,36,117,169,persistence,,,0.17054093145359445,1.0,91,0.11411827561756863,0.0,0.0,20,6.0
0.0,Gradual joint shift,41,260,5,0.7,0.16,36,117,169,cholesky,1e-06,0.15194663286849558,0.1711378273097848,0.980069598360099,91,0.17012327776188207,0.0,0.0,20,6.0
0.0,Gradual joint shift,41,260,5,0.7,0.16,36,117,169,euclidean,1e-06,0.1516057699718292,0.16691896380387214,0.9559090727371382,91,0.19893910110766852,0.0,0.0,20,6.0
0.0,Gradual joint shift,41,260,5,0.7,0.16,36,117,169,fixed_bwar,1e-06,0.14973254069264458,0.16543413917002744,0.9474058008106274,91,0.19074741926071853,0.0,0.0,20,6.0
0.0,Gradual joint shift,41,260,5,0.7,0.16,36,117,169,local_bwar,1e-06,0.1496175661775073,0.16591388681754957,0.9501532125991976,91,0.19270354001877196,0.0,0.0,20,6.0
0.0,Gradual joint shift,41,260,5,0.7,0.16,36,117,169,log_euclidean,1e-06,0.15066806442643715,0.16781845103593837,0.9610602430197048,91,0.1646966102935281,0.0,0.0,20,6.0
0.0,Gradual joint shift,41,260,5,0.7,0.16,36,117,169,persistence,,,0.1746180348784832,1.0,91,0.08862047455250545,0.0,0.0,20,6.0
0.0,Gradual joint shift,42,260,5,0.7,0.16,36,117,169,cholesky,1e-06,0.22576179674108127,0.20791054163974337,0.9724555942916755,91,0.2372602012351761,0.0,0.0,20,6.0
0.0,Gradual joint shift,42,260,5,0.7,0.16,36,117,169,euclidean,1e-06,0.22255401949122527,0.20319404768135546,0.9503952365094106,91,0.24411542466169156,0.0,0.0,20,6.0
0.0,Gradual joint shift,42,260,5,0.7,0.16,36,117,169,fixed_bwar,1e-06,0.21575813243687703,0.2013290074559444,0.9416719231724533,91,0.2550149488025019,0.0,0.0,20,6.0
0.0,Gradual joint shift,42,260,5,0.7,0.16,36,117,169,local_bwar,1e-06,0.21598602451064128,0.20111873272757758,0.9406884096174128,91,0.2513073968474046,0.0,0.0,20,6.0
0.0,Gradual joint shift,42,260,5,0.7,0.16,36,117,169,log_euclidean,1e-06,0.21814465681352102,0.20692776838264576,0.9678588896501147,91,0.20531293283388796,0.0,0.0,20,6.0
0.0,Gradual joint shift,42,260,5,0.7,0.16,36,117,169,persistence,,,0.2137995224256824,1.0,91,0.10804891608589874,0.0,0.0,20,6.0
0.0,Gradual joint shift,43,260,5,0.7,0.16,36,117,169,cholesky,1e-06,0.16616118676851052,0.18484482671892058,0.9750250842997088,91,0.2530356575109687,0.0,0.0,20,6.0
0.0,Gradual joint shift,43,260,5,0.7,0.16,36,117,169,euclidean,1e-06,0.16206715802099525,0.17765872765310878,0.93711963153806,91,0.221054599066987,0.0,0.0,20,6.0
0.0,Gradual joint shift,43,260,5,0.7,0.16,36,117,169,fixed_bwar,1e-06,0.1586446451759693,0.17619149181910215,0.9293802115708717,91,0.24605420232412506,0.0,0.0,20,6.0
0.0,Gradual joint shift,43,260,5,0.7,0.16,36,117,169,local_bwar,1e-06,0.1592184471514844,0.1766004119441246,0.9315371958178701,91,0.2476410275810339,0.0,0.0,20,6.0
0.0,Gradual joint shift,43,260,5,0.7,0.16,36,117,169,log_euclidean,1e-06,0.1610438003744106,0.17958161471947495,0.9472625344110381,91,0.23821903725781457,0.0,0.0,20,6.0
0.0,Gradual joint shift,43,260,5,0.7,0.16,36,117,169,persistence,,,0.18957956025478204,1.0,91,0.16895246024715413,0.0,0.0,20,6.0
0.0,Gradual joint shift,44,260,5,0.7,0.16,36,117,169,cholesky,1e-06,0.19163247102943493,0.20162396932241433,0.9481259521763041,91,0.18158791469989063,0.0,0.0,20,6.0
0.0,Gradual joint shift,44,260,5,0.7,0.16,36,117,169,euclidean,1e-06,0.1904642096327368,0.20826859290871305,0.9793719398720351,91,0.21115673535387536,0.0,0.0,20,6.0
0.0,Gradual joint shift,44,260,5,0.7,0.16,36,117,169,fixed_bwar,1e-06,0.18467126675501896,0.19750480764700154,0.9287558142963991,91,0.20038345618923328,0.0,0.0,20,6.0
0.0,Gradual joint shift,44,260,5,0.7,0.16,36,117,169,local_bwar,1e-06,0.18532014703576444,0.19706961368687315,0.9267093379314373,91,0.1999570127929689,0.0,0.0,20,6.0
0.0,Gradual joint shift,44,260,5,0.7,0.16,36,117,169,log_euclidean,1e-06,0.18812697357590785,0.19809143946273466,0.9315144190929323,91,0.17919827871661786,0.0,0.0,20,6.0
0.0,Gradual joint shift,44,260,5,0.7,0.16,36,117,169,persistence,,,0.21265525836478985,1.0,91,0.0711793071436888,0.0,0.0,20,6.0
0.0,Gradual joint shift,45,260,5,0.7,0.16,36,117,169,cholesky,1e-06,0.2263601850148709,0.19534183397791682,0.9570846532123617,91,0.17170255799472708,0.0,0.0,20,6.0
0.0,Gradual joint shift,45,260,5,0.7,0.16,36,117,169,euclidean,1e-06,0.21630788138977902,0.19225558679330124,0.9419634692024411,91,0.22483518716034598,0.0,0.0,20,6.0
0.0,Gradual joint shift,45,260,5,0.7,0.16,36,117,169,fixed_bwar,0.0001,0.21401492268934919,0.18638566263026934,0.913203555273337,91,0.21217266577096158,0.0,0.0,20,6.0
0.0,Gradual joint shift,45,260,5,0.7,0.16,36,117,169,local_bwar,1e-06,0.21552726150038415,0.18666456216309965,0.9145700340107596,91,0.2080182693760686,0.0,0.0,20,6.0
0.0,Gradual joint shift,45,260,5,0.7,0.16,36,117,169,log_euclidean,1e-06,0.22319925699482587,0.1887365297308875,0.924721716938584,91,0.17867088060497147,0.0,0.0,20,6.0
0.0,Gradual joint shift,45,260,5,0.7,0.16,36,117,169,persistence,,,0.20410089465155556,1.0,91,0.08930114277146199,0.0,0.0,20,6.0
0.0,Gradual joint shift,46,260,5,0.7,0.16,36,117,169,cholesky,1e-06,0.2126222827643269,0.236246788547551,0.9726234718434741,91,0.11747129618096883,0.0,0.0,20,6.0
0.0,Gradual joint shift,46,260,5,0.7,0.16,36,117,169,euclidean,1e-06,0.21284167200933762,0.24806596442742562,1.0212827909787203,91,0.28427118617230146,0.0,0.0,20,6.0
0.0,Gradual joint shift,46,260,5,0.7,0.16,36,117,169,fixed_bwar,1e-06,0.20582732319661812,0.22692606034733323,0.9342502136165989,91,0.15967418108763667,0.0,0.0,20,6.0
0.0,Gradual joint shift,46,260,5,0.7,0.16,36,117,169,local_bwar,1e-06,0.20573381128931847,0.22779078521564908,0.9378102692210858,91,0.1621552387953164,0.0,0.0,20,6.0
0.0,Gradual joint shift,46,260,5,0.7,0.16,36,117,169,log_euclidean,0.0001,0.20907124619951473,0.23036026673468415,0.9483887750761125,91,0.09965446687628243,0.0,0.0,20,6.0
0.0,Gradual joint shift,46,260,5,0.7,0.16,36,117,169,persistence,,,0.24289645005150623,1.0,91,0.030400418421645817,0.0,0.0,20,6.0
0.0,Gradual joint shift,47,260,5,0.7,0.16,36,117,169,cholesky,1e-06,0.22702233770776997,0.1680308070178813,0.9290745911779704,91,0.2192700451738207,0.0,0.0,20,6.0
0.0,Gradual joint shift,47,260,5,0.7,0.16,36,117,169,euclidean,1e-06,0.21606258004785478,0.16454491307192642,0.909800414315967,91,0.26869429524663613,0.0,0.0,20,6.0
0.0,Gradual joint shift,47,260,5,0.7,0.16,36,117,169,fixed_bwar,1e-06,0.21218127086412622,0.1643134451073717,0.9085205835018676,91,0.2482894357483189,0.0,0.0,20,6.0
0.0,Gradual joint shift,47,260,5,0.7,0.16,36,117,169,local_bwar,1e-06,0.21256980507606646,0.16412850709649732,0.9074980257346595,91,0.24901577960034166,0.0,0.0,20,6.0
0.0,Gradual joint shift,47,260,5,0.7,0.16,36,117,169,log_euclidean,1e-06,0.21906576016784912,0.16704452565458403,0.923621252170354,91,0.233928095845963,0.0,0.0,20,6.0
0.0,Gradual joint shift,47,260,5,0.7,0.16,36,117,169,persistence,,,0.18085825251644827,1.0,91,0.14265380866892563,0.0,0.0,20,6.0
0.0,Gradual joint shift,48,260,5,0.7,0.16,36,117,169,cholesky,1e-06,0.20988450941736436,0.20576881390760693,0.9650468890596966,91,0.15772347709200948,0.0,0.0,20,6.0
0.0,Gradual joint shift,48,260,5,0.7,0.16,36,117,169,euclidean,1e-06,0.20258354794088335,0.19772516636417728,0.927322527962077,91,0.1442402494952514,0.0,0.0,20,6.0
0.0,Gradual joint shift,48,260,5,0.7,0.16,36,117,169,fixed_bwar,1e-06,0.1982815552137671,0.18987655752895177,0.890512890019168,91,0.1781353388278397,0.0,0.0,20,6.0
0.0,Gradual joint shift,48,260,5,0.7,0.16,36,117,169,local_bwar,1e-06,0.19901364377806807,0.1903461328536679,0.8927151781001013,91,0.1757834279834498,0.0,0.0,20,6.0
0.0,Gradual joint shift,48,260,5,0.7,0.16,36,117,169,log_euclidean,1e-06,0.2009918438748319,0.19413121059926827,0.9104670299666376,91,0.16431704165605995,0.0,0.0,20,6.0
0.0,Gradual joint shift,48,260,5,0.7,0.16,36,117,169,persistence,,,0.21322157113847587,1.0,91,0.07292689429009173,0.0,0.0,20,6.0
0.0,Gradual joint shift,49,260,5,0.7,0.16,36,117,169,cholesky,1e-06,0.1646633150268895,0.18970091963802477,1.0291206670287891,91,0.13103087347231612,0.0,0.0,20,6.0
0.0,Gradual joint shift,49,260,5,0.7,0.16,36,117,169,euclidean,1e-06,0.1634020131630745,0.1885961105344993,1.0231271173732095,91,0.11916125201104324,0.0,0.0,20,6.0
0.0,Gradual joint shift,49,260,5,0.7,0.16,36,117,169,fixed_bwar,1e-06,0.15771885780313186,0.18136431320641258,0.9838948769375874,91,0.15839227756361507,0.0,0.0,20,6.0
0.0,Gradual joint shift,49,260,5,0.7,0.16,36,117,169,local_bwar,1e-06,0.15781104183666764,0.1818659362444856,0.9866161638798107,91,0.15825439942564717,0.0,0.0,20,6.0
0.0,Gradual joint shift,49,260,5,0.7,0.16,36,117,169,log_euclidean,1e-06,0.1601682354616941,0.18206304087306582,0.9876854494015994,91,0.12863613209527713,0.0,0.0,20,6.0
0.0,Gradual joint shift,49,260,5,0.7,0.16,36,117,169,persistence,,,0.1843330191645233,1.0,91,0.07022515831867525,0.0,0.0,20,6.0
0.5,Gradual joint shift,0,260,5,0.7,0.16,36,117,169,cholesky,1e-06,0.25396170777997373,0.2598678794457007,1.0647237788180859,91,0.23404301003367847,0.175,0.4,20,6.0
0.5,Gradual joint shift,0,260,5,0.7,0.16,36,117,169,euclidean,1e-06,0.22501563675742706,0.24009127693413063,0.9836956078751589,91,0.19431542467215956,0.175,0.4,20,6.0
0.5,Gradual joint shift,0,260,5,0.7,0.16,36,117,169,fixed_bwar,1e-06,0.21923468375232041,0.23135837875242235,0.9479154092146128,91,0.21548143431888211,0.175,0.4,20,6.0
0.5,Gradual joint shift,0,260,5,0.7,0.16,36,117,169,local_bwar,1e-06,0.21805860589167692,0.22913093997920378,0.9387892061888066,91,0.21587488302066032,0.175,0.4,20,6.0
0.5,Gradual joint shift,0,260,5,0.7,0.16,36,117,169,log_euclidean,1e-06,0.22783601871625425,0.23913690159682413,0.9797853665720967,91,0.20506508549881844,0.175,0.4,20,6.0
0.5,Gradual joint shift,0,260,5,0.7,0.16,36,117,169,persistence,,,0.24407070135521097,1.0,91,0.1006749880671659,0.175,0.4,20,6.0
0.5,Gradual joint shift,1,260,5,0.7,0.16,36,117,169,cholesky,1e-06,0.14213560103787679,0.15321776623489639,0.9526115257558173,91,0.1903595543057437,0.175,0.4,20,6.0
0.5,Gradual joint shift,1,260,5,0.7,0.16,36,117,169,euclidean,1e-06,0.14257513284796886,0.1529281997407165,0.9508111837549714,91,0.192906576703208,0.175,0.4,20,6.0
0.5,Gradual joint shift,1,260,5,0.7,0.16,36,117,169,fixed_bwar,1e-06,0.14024338250993396,0.14894657252471893,0.9260559346058133,91,0.19829395714032608,0.175,0.4,20,6.0
0.5,Gradual joint shift,1,260,5,0.7,0.16,36,117,169,local_bwar,1e-06,0.14020555398800066,0.14825660782602218,0.9217661688658826,91,0.19583331027413953,0.175,0.4,20,6.0
0.5,Gradual joint shift,1,260,5,0.7,0.16,36,117,169,log_euclidean,1e-06,0.14198890284503196,0.14963120063246732,0.9303125207858889,91,0.1945341507854947,0.175,0.4,20,6.0
0.5,Gradual joint shift,1,260,5,0.7,0.16,36,117,169,persistence,,,0.160839714922965,1.0,91,0.14374998143241938,0.175,0.4,20,6.0
0.5,Gradual joint shift,2,260,5,0.7,0.16,36,117,169,cholesky,1e-06,0.17173373275745482,0.1822638155336469,0.9253786278071388,91,0.1602402826267058,0.175,0.4,20,6.0
0.5,Gradual joint shift,2,260,5,0.7,0.16,36,117,169,euclidean,1e-06,0.1765715443484039,0.1816761814163267,0.9223951280293782,91,0.20176006231052582,0.175,0.4,20,6.0
0.5,Gradual joint shift,2,260,5,0.7,0.16,36,117,169,fixed_bwar,1e-06,0.17074220448073366,0.1780975072375767,0.904225703718774,91,0.17154950804393163,0.175,0.4,20,6.0
0.5,Gradual joint shift,2,260,5,0.7,0.16,36,117,169,local_bwar,1e-06,0.1705656929027332,0.17814830200460346,0.9044835957840388,91,0.17583775227342835,0.175,0.4,20,6.0
0.5,Gradual joint shift,2,260,5,0.7,0.16,36,117,169,log_euclidean,1e-06,0.17276787797384127,0.18305413301593312,0.929391179092476,91,0.14849702119416716,0.175,0.4,20,6.0
0.5,Gradual joint shift,2,260,5,0.7,0.16,36,117,169,persistence,,,0.19696134107349744,1.0,91,0.05034243966356106,0.175,0.4,20,6.0
0.5,Gradual joint shift,3,260,5,0.7,0.16,36,117,169,cholesky,1e-06,0.18922681006951375,0.190694675319853,0.9479701176302654,91,0.20838580726150877,0.175,0.4,20,6.0
0.5,Gradual joint shift,3,260,5,0.7,0.16,36,117,169,euclidean,1e-06,0.18311552127796726,0.191486084353583,0.9519043235200748,91,0.15555750118209424,0.175,0.4,20,6.0
0.5,Gradual joint shift,3,260,5,0.7,0.16,36,117,169,fixed_bwar,1e-06,0.18320552092329484,0.1852304606750529,0.9208067362149222,91,0.20507863772966928,0.175,0.4,20,6.0
0.5,Gradual joint shift,3,260,5,0.7,0.16,36,117,169,local_bwar,1e-06,0.18376476152510055,0.1848286895995294,0.9188094755515837,91,0.20520385322482676,0.175,0.4,20,6.0
0.5,Gradual joint shift,3,260,5,0.7,0.16,36,117,169,log_euclidean,1e-06,0.1897234838774964,0.1894141949643057,0.9416046692440667,91,0.19966293902437923,0.175,0.4,20,6.0
0.5,Gradual joint shift,3,260,5,0.7,0.16,36,117,169,persistence,,,0.20116106169733636,1.0,91,0.15834940654932303,0.175,0.4,20,6.0
0.5,Gradual joint shift,4,260,5,0.7,0.16,36,117,169,cholesky,1e-06,0.15529400083386977,0.13730684082749314,0.9333428408572719,91,0.2548869019402634,0.175,0.4,20,6.0
0.5,Gradual joint shift,4,260,5,0.7,0.16,36,117,169,euclidean,1e-06,0.15783684609624188,0.13500111186769442,0.917669655132395,91,0.28015749225232794,0.175,0.4,20,6.0
0.5,Gradual joint shift,4,260,5,0.7,0.16,36,117,169,fixed_bwar,1e-06,0.1531132764932225,0.13367046949160769,0.9086246175510395,91,0.2536340606317999,0.175,0.4,20,6.0
0.5,Gradual joint shift,4,260,5,0.7,0.16,36,117,169,local_bwar,1e-06,0.1531846384675893,0.13346509316410246,0.9072285725775819,91,0.2526447911974739,0.175,0.4,20,6.0
0.5,Gradual joint shift,4,260,5,0.7,0.16,36,117,169,log_euclidean,1e-06,0.15418917663658693,0.13596802358773646,0.9242422346645105,91,0.24244918866731618,0.175,0.4,20,6.0
0.5,Gradual joint shift,4,260,5,0.7,0.16,36,117,169,persistence,,,0.147112973729329,1.0,91,0.17645029171768797,0.175,0.4,20,6.0
0.5,Gradual joint shift,5,260,5,0.7,0.16,36,117,169,cholesky,1e-06,0.17604959277578405,0.22253240117626585,0.9906768625193108,91,0.17557337084572308,0.175,0.4,20,6.0
0.5,Gradual joint shift,5,260,5,0.7,0.16,36,117,169,euclidean,1e-06,0.17128991437621693,0.21080539077541047,0.938470182461747,91,0.21136831447151988,0.175,0.4,20,6.0
0.5,Gradual joint shift,5,260,5,0.7,0.16,36,117,169,fixed_bwar,1e-06,0.16654563557098673,0.20779374840088202,0.9250628565943341,91,0.18820186477345127,0.175,0.4,20,6.0
0.5,Gradual joint shift,5,260,5,0.7,0.16,36,117,169,local_bwar,1e-06,0.166167707232241,0.2078234323896553,0.925195004725166,91,0.18624231929299445,0.175,0.4,20,6.0
0.5,Gradual joint shift,5,260,5,0.7,0.16,36,117,169,log_euclidean,1e-06,0.17002931397205576,0.2177912200473655,0.9695699206960644,91,0.1280434978134885,0.175,0.4,20,6.0
0.5,Gradual joint shift,5,260,5,0.7,0.16,36,117,169,persistence,,,0.22462662609315573,1.0,91,0.03472591844815937,0.175,0.4,20,6.0
0.5,Gradual joint shift,6,260,5,0.7,0.16,36,117,169,cholesky,1e-06,0.1649085189449537,0.15872404878735719,0.9842327400413037,91,0.17939331582720736,0.175,0.4,20,6.0
0.5,Gradual joint shift,6,260,5,0.7,0.16,36,117,169,euclidean,1e-06,0.15653011257333704,0.15250936017625427,0.9456960466609334,91,0.2463762238197194,0.175,0.4,20,6.0
0.5,Gradual joint shift,6,260,5,0.7,0.16,36,117,169,fixed_bwar,1e-06,0.15114790339469408,0.14801374061620534,0.9178191370711456,91,0.19820080528685838,0.175,0.4,20,6.0
0.5,Gradual joint shift,6,260,5,0.7,0.16,36,117,169,local_bwar,1e-06,0.15189069193990018,0.14735575392348,0.9137390241302301,91,0.1993704598411742,0.175,0.4,20,6.0
0.5,Gradual joint shift,6,260,5,0.7,0.16,36,117,169,log_euclidean,1e-06,0.15574965227681264,0.1506434062247238,0.9341254435636918,91,0.18582576166561549,0.175,0.4,20,6.0
0.5,Gradual joint shift,6,260,5,0.7,0.16,36,117,169,persistence,,,0.16126678409488418,1.0,91,0.10912983200332214,0.175,0.4,20,6.0
0.5,Gradual joint shift,7,260,5,0.7,0.16,36,117,169,cholesky,1e-06,0.20288225312716524,0.21186498619868366,0.9313039931975856,91,0.12755045581084143,0.175,0.4,20,6.0
0.5,Gradual joint shift,7,260,5,0.7,0.16,36,117,169,euclidean,1e-06,0.2007089643682822,0.21129015847495522,0.9287771983547278,91,0.08379668053886406,0.175,0.4,20,6.0
0.5,Gradual joint shift,7,260,5,0.7,0.16,36,117,169,fixed_bwar,1e-06,0.19640098625416164,0.20551688262062762,0.9033993624346182,91,0.1088593857356428,0.175,0.4,20,6.0
0.5,Gradual joint shift,7,260,5,0.7,0.16,36,117,169,local_bwar,1e-06,0.1966957431537145,0.20497054442630977,0.9009978002362876,91,0.10898821084026572,0.175,0.4,20,6.0
0.5,Gradual joint shift,7,260,5,0.7,0.16,36,117,169,log_euclidean,1e-06,0.19900389850559197,0.21460841361880023,0.9433633945986567,91,0.10529108653317518,0.175,0.4,20,6.0
0.5,Gradual joint shift,7,260,5,0.7,0.16,36,117,169,persistence,,,0.22749283557912797,1.0,91,0.06020976590445443,0.175,0.4,20,6.0
0.5,Gradual joint shift,8,260,5,0.7,0.16,36,117,169,cholesky,1e-06,0.1912899000310791,0.18897047986394463,1.0468072045789596,91,0.16917555539468387,0.175,0.4,20,6.0
0.5,Gradual joint shift,8,260,5,0.7,0.16,36,117,169,euclidean,1e-06,0.18964750518418136,0.17865506010234375,0.9896646512421923,91,0.23739480637334023,0.175,0.4,20,6.0
0.5,Gradual joint shift,8,260,5,0.7,0.16,36,117,169,fixed_bwar,1e-06,0.18665189013457556,0.17439283139413372,0.9660539173194659,91,0.1866324464001528,0.175,0.4,20,6.0
0.5,Gradual joint shift,8,260,5,0.7,0.16,36,117,169,local_bwar,1e-06,0.18814995583134822,0.1738771864101284,0.9631974876556877,91,0.17999184317482667,0.175,0.4,20,6.0
0.5,Gradual joint shift,8,260,5,0.7,0.16,36,117,169,log_euclidean,1e-06,0.19003592368123734,0.18145323865544152,1.0051652388005772,91,0.160580004121539,0.175,0.4,20,6.0
0.5,Gradual joint shift,8,260,5,0.7,0.16,36,117,169,persistence,,,0.18052080558611666,1.0,91,0.07075413580447398,0.175,0.4,20,6.0
0.5,Gradual joint shift,9,260,5,0.7,0.16,36,117,169,cholesky,1e-06,0.2073132018345055,0.18910206058049306,1.0065782170633146,91,0.0980347124787498,0.175,0.4,20,6.0
0.5,Gradual joint shift,9,260,5,0.7,0.16,36,117,169,euclidean,1e-06,0.2037553626221847,0.18244200964429733,0.9711271903726075,91,0.21060410858207607,0.175,0.4,20,6.0
0.5,Gradual joint shift,9,260,5,0.7,0.16,36,117,169,fixed_bwar,1e-06,0.19792750402599915,0.1758589385971388,0.9360859227253447,91,0.12006114194653016,0.175,0.4,20,6.0
0.5,Gradual joint shift,9,260,5,0.7,0.16,36,117,169,local_bwar,1e-06,0.19742000690796838,0.17512361742580396,0.9321718549920844,91,0.11964951173686285,0.175,0.4,20,6.0
0.5,Gradual joint shift,9,260,5,0.7,0.16,36,117,169,log_euclidean,1e-06,0.1998537267652402,0.18093326772451987,0.9630962532852148,91,0.10671441566684096,0.175,0.4,20,6.0
0.5,Gradual joint shift,9,260,5,0.7,0.16,36,117,169,persistence,,,0.1878662357031698,1.0,91,0.038786854309212505,0.175,0.4,20,6.0
0.5,Gradual joint shift,10,260,5,0.7,0.16,36,117,169,cholesky,1e-06,0.17553496920346492,0.18188819152665286,0.9418137424551031,91,0.18581989947610905,0.175,0.4,20,6.0
0.5,Gradual joint shift,10,260,5,0.7,0.16,36,117,169,euclidean,1e-06,0.1781134412420575,0.17964432527220178,0.9301950438637566,91,0.2909434583526025,0.175,0.4,20,6.0
0.5,Gradual joint shift,10,260,5,0.7,0.16,36,117,169,fixed_bwar,1e-06,0.17271000366976128,0.17680723485561609,0.9155046413670308,91,0.21207345014499213,0.175,0.4,20,6.0
0.5,Gradual joint shift,10,260,5,0.7,0.16,36,117,169,local_bwar,1e-06,0.17326506146412496,0.1766837704352651,0.9148653448474775,91,0.2124932889144009,0.175,0.4,20,6.0
0.5,Gradual joint shift,10,260,5,0.7,0.16,36,117,169,log_euclidean,1e-06,0.1747758824991929,0.17952802263051998,0.9295928309036937,91,0.17602765843581414,0.175,0.4,20,6.0
0.5,Gradual joint shift,10,260,5,0.7,0.16,36,117,169,persistence,,,0.19312543800062845,1.0,91,0.09618509079067128,0.175,0.4,20,6.0
0.5,Gradual joint shift,11,260,5,0.7,0.16,36,117,169,cholesky,1e-06,0.18213405501682134,0.17908359209113134,0.9702431475340624,91,0.2217491223104957,0.175,0.4,20,6.0
0.5,Gradual joint shift,11,260,5,0.7,0.16,36,117,169,euclidean,1e-06,0.19103640482578615,0.18172477425107825,0.9845526041523642,91,0.29210187423237305,0.175,0.4,20,6.0
0.5,Gradual joint shift,11,260,5,0.7,0.16,36,117,169,fixed_bwar,1e-06,0.1794075374944931,0.17460529934143315,0.9459805514898918,91,0.2662061902966334,0.175,0.4,20,6.0
0.5,Gradual joint shift,11,260,5,0.7,0.16,36,117,169,local_bwar,1e-06,0.17841271509394108,0.17430690228378126,0.9443638891421556,91,0.2683898321714986,0.175,0.4,20,6.0
0.5,Gradual joint shift,11,260,5,0.7,0.16,36,117,169,log_euclidean,1e-06,0.1773880659771168,0.17810786440963208,0.9649568279679895,91,0.24595540456358556,0.175,0.4,20,6.0
0.5,Gradual joint shift,11,260,5,0.7,0.16,36,117,169,persistence,,,0.18457599267388203,1.0,91,0.12649618406166227,0.175,0.4,20,6.0
0.5,Gradual joint shift,12,260,5,0.7,0.16,36,117,169,cholesky,1e-06,0.1781291824700809,0.22391533648569703,1.0223885877804064,91,0.2113935918594122,0.175,0.4,20,6.0
0.5,Gradual joint shift,12,260,5,0.7,0.16,36,117,169,euclidean,1e-06,0.171193781459637,0.2227001015828885,1.0168398731831674,91,0.1288508847053075,0.175,0.4,20,6.0
0.5,Gradual joint shift,12,260,5,0.7,0.16,36,117,169,fixed_bwar,1e-06,0.16741281860666923,0.21078754857376103,0.9624476263678671,91,0.21397317577972214,0.175,0.4,20,6.0
0.5,Gradual joint shift,12,260,5,0.7,0.16,36,117,169,local_bwar,1e-06,0.1678896791545322,0.2117680548692669,0.9669245794096077,91,0.20947872795676417,0.175,0.4,20,6.0
0.5,Gradual joint shift,12,260,5,0.7,0.16,36,117,169,log_euclidean,1e-06,0.17039221672764718,0.2128404510335972,0.9718210979652308,91,0.2039860339592889,0.175,0.4,20,6.0
0.5,Gradual joint shift,12,260,5,0.7,0.16,36,117,169,persistence,,,0.21901196781921695,1.0,91,0.15047758748588516,0.175,0.4,20,6.0
0.5,Gradual joint shift,13,260,5,0.7,0.16,36,117,169,cholesky,1e-06,0.18888750310877753,0.18842764851388952,0.9153182645304562,91,0.17723265923596046,0.175,0.4,20,6.0
0.5,Gradual joint shift,13,260,5,0.7,0.16,36,117,169,euclidean,1e-06,0.19010038419457512,0.194442842814302,0.9445380592436572,91,0.24121314501115437,0.175,0.4,20,6.0
0.5,Gradual joint shift,13,260,5,0.7,0.16,36,117,169,fixed_bwar,1e-06,0.1837532612930129,0.18739351367863147,0.9102947846422109,91,0.20511280499767356,0.175,0.4,20,6.0
0.5,Gradual joint shift,13,260,5,0.7,0.16,36,117,169,local_bwar,1e-06,0.18370783615313954,0.1877250136655264,0.911905100299651,91,0.18987882051191887,0.175,0.4,20,6.0
0.5,Gradual joint shift,13,260,5,0.7,0.16,36,117,169,log_euclidean,1e-06,0.19084304130994503,0.191570409404487,0.9305847419657134,91,0.18376897262897865,0.175,0.4,20,6.0
0.5,Gradual joint shift,13,260,5,0.7,0.16,36,117,169,persistence,,,0.20586025190980967,1.0,91,0.11746335289764466,0.175,0.4,20,6.0
0.5,Gradual joint shift,14,260,5,0.7,0.16,36,117,169,cholesky,1e-06,0.1653552391759372,0.16703989805421196,0.9670440428662045,91,0.18164634633152524,0.175,0.4,20,6.0
0.5,Gradual joint shift,14,260,5,0.7,0.16,36,117,169,euclidean,1e-06,0.1584070217249701,0.16127059886651132,0.9336438404237435,91,0.20027100009049711,0.175,0.4,20,6.0
0.5,Gradual joint shift,14,260,5,0.7,0.16,36,117,169,fixed_bwar,1e-06,0.15204047313750746,0.15694920427506856,0.9086259917228738,91,0.18596663767739796,0.175,0.4,20,6.0
0.5,Gradual joint shift,14,260,5,0.7,0.16,36,117,169,local_bwar,1e-06,0.15250288715985746,0.1566965191784878,0.9071631219521428,91,0.18258335087562103,0.175,0.4,20,6.0
0.5,Gradual joint shift,14,260,5,0.7,0.16,36,117,169,log_euclidean,1e-06,0.15659352440872173,0.15988072830953737,0.92559746313225,91,0.1770612692470541,0.175,0.4,20,6.0
0.5,Gradual joint shift,14,260,5,0.7,0.16,36,117,169,persistence,,,0.1727324616561676,1.0,91,0.09883013221815978,0.175,0.4,20,6.0
0.5,Gradual joint shift,15,260,5,0.7,0.16,36,117,169,cholesky,1e-06,0.18040877689367013,0.24878790571506645,1.0078607181865233,91,0.13938121598024247,0.175,0.4,20,6.0
0.5,Gradual joint shift,15,260,5,0.7,0.16,36,117,169,euclidean,1e-06,0.18075034896222325,0.24387278552640226,0.987949153156535,91,0.1474129139551612,0.175,0.4,20,6.0
0.5,Gradual joint shift,15,260,5,0.7,0.16,36,117,169,fixed_bwar,1e-06,0.17302950354467223,0.23791310187797216,0.9638059737491306,91,0.15211024915555807,0.175,0.4,20,6.0
0.5,Gradual joint shift,15,260,5,0.7,0.16,36,117,169,local_bwar,1e-06,0.17341403420494444,0.2388273042922275,0.9675094845735455,91,0.14850059355286108,0.175,0.4,20,6.0
0.5,Gradual joint shift,15,260,5,0.7,0.16,36,117,169,log_euclidean,1e-06,0.1776407647345422,0.24764860204419092,1.003245303250412,91,0.1350591983406425,0.175,0.4,20,6.0
0.5,Gradual joint shift,15,260,5,0.7,0.16,36,117,169,persistence,,,0.24684750702727917,1.0,91,0.09596276872937251,0.175,0.4,20,6.0
0.5,Gradual joint shift,16,260,5,0.7,0.16,36,117,169,cholesky,1e-06,0.19253129247060669,0.19402957357020476,0.9891289154975816,91,0.17522373759134702,0.175,0.4,20,6.0
0.5,Gradual joint shift,16,260,5,0.7,0.16,36,117,169,euclidean,1e-06,0.19072342116953298,0.18996211208783279,0.9683937064732158,91,0.18734665134376866,0.175,0.4,20,6.0
0.5,Gradual joint shift,16,260,5,0.7,0.16,36,117,169,fixed_bwar,1e-06,0.1880118744432188,0.18629447566021537,0.9496967358241718,91,0.18113638832823742,0.175,0.4,20,6.0
0.5,Gradual joint shift,16,260,5,0.7,0.16,36,117,169,local_bwar,1e-06,0.18769863877630533,0.18628098856120318,0.9496279809463782,91,0.17834488923567052,0.175,0.4,20,6.0
0.5,Gradual joint shift,16,260,5,0.7,0.16,36,117,169,log_euclidean,1e-06,0.1913839815532632,0.19061998974749023,0.9717474520082571,91,0.16917215201268843,0.175,0.4,20,6.0
0.5,Gradual joint shift,16,260,5,0.7,0.16,36,117,169,persistence,,,0.19616206798746563,1.0,91,0.1212640569717089,0.175,0.4,20,6.0
0.5,Gradual joint shift,17,260,5,0.7,0.16,36,117,169,cholesky,1e-06,0.17575195431345741,0.23254804982317936,0.9886037091305598,91,0.06409227549809522,0.175,0.4,20,6.0
0.5,Gradual joint shift,17,260,5,0.7,0.16,36,117,169,euclidean,1e-06,0.1701634438899604,0.22388451321644576,0.9517734522003573,91,0.15626701739524176,0.175,0.4,20,6.0
0.5,Gradual joint shift,17,260,5,0.7,0.16,36,117,169,fixed_bwar,1e-06,0.165644493219584,0.22151187265545147,0.9416869291750467,91,0.1062901521194897,0.175,0.4,20,6.0
0.5,Gradual joint shift,17,260,5,0.7,0.16,36,117,169,local_bwar,1e-06,0.16715982162983462,0.221679652580057,0.942400191900358,91,0.09973598784978153,0.175,0.4,20,6.0
0.5,Gradual joint shift,17,260,5,0.7,0.16,36,117,169,log_euclidean,1e-06,0.1728523600932525,0.23888980815383817,1.0155636677836897,91,0.08105772903673578,0.175,0.4,20,6.0
0.5,Gradual joint shift,17,260,5,0.7,0.16,36,117,169,persistence,,,0.2352287854834135,1.0,91,0.03670873792128653,0.175,0.4,20,6.0
0.5,Gradual joint shift,18,260,5,0.7,0.16,36,117,169,cholesky,1e-06,0.1976869956803984,0.2395855170860001,0.9496461072127151,91,0.1448653395306831,0.175,0.4,20,6.0
0.5,Gradual joint shift,18,260,5,0.7,0.16,36,117,169,euclidean,1e-06,0.19787561146508195,0.2383085060173847,0.9445844131465297,91,0.1309336648458332,0.175,0.4,20,6.0
0.5,Gradual joint shift,18,260,5,0.7,0.16,36,117,169,fixed_bwar,1e-06,0.19513813551123338,0.22859637607521832,0.906088403435677,91,0.15134685453872057,0.175,0.4,20,6.0
0.5,Gradual joint shift,18,260,5,0.7,0.16,36,117,169,local_bwar,1e-06,0.19580074163063196,0.2278510499481295,0.9031341511761809,91,0.15303617954528434,0.175,0.4,20,6.0
0.5,Gradual joint shift,18,260,5,0.7,0.16,36,117,169,log_euclidean,1e-06,0.20042180710266896,0.23562969143102336,0.9339663846662459,91,0.15348356101821967,0.175,0.4,20,6.0
0.5,Gradual joint shift,18,260,5,0.7,0.16,36,117,169,persistence,,,0.2522892636175829,1.0,91,0.10054136367507335,0.175,0.4,20,6.0
0.5,Gradual joint shift,19,260,5,0.7,0.16,36,117,169,cholesky,1e-06,0.13762051945186216,0.18897604841977647,0.9540248844268554,91,0.23544350552869095,0.175,0.4,20,6.0
0.5,Gradual joint shift,19,260,5,0.7,0.16,36,117,169,euclidean,1e-06,0.13917473115489606,0.18200144605345175,0.9188143682154271,91,0.2670191298048976,0.175,0.4,20,6.0
0.5,Gradual joint shift,19,260,5,0.7,0.16,36,117,169,fixed_bwar,1e-06,0.134059875620614,0.17751446027913112,0.89616231193334,91,0.24902743277180506,0.175,0.4,20,6.0
0.5,Gradual joint shift,19,260,5,0.7,0.16,36,117,169,local_bwar,1e-06,0.1343359188177295,0.17753711455740484,0.8962766795761846,91,0.2467767622536838,0.175,0.4,20,6.0
0.5,Gradual joint shift,19,260,5,0.7,0.16,36,117,169,log_euclidean,1e-06,0.13571357763603922,0.18155181368029713,0.9165444484217792,91,0.22992733471709742,0.175,0.4,20,6.0
0.5,Gradual joint shift,19,260,5,0.7,0.16,36,117,169,persistence,,,0.19808293421330056,1.0,91,0.129620246765611,0.175,0.4,20,6.0
0.5,Gradual joint shift,20,260,5,0.7,0.16,36,117,169,cholesky,1e-06,0.22173076879830725,0.2280003890420477,0.9799557415354696,91,0.10321667832121073,0.175,0.4,20,6.0
0.5,Gradual joint shift,20,260,5,0.7,0.16,36,117,169,euclidean,1e-06,0.22202510897011127,0.22382602620516878,0.9620141457055722,91,0.13790868526549127,0.175,0.4,20,6.0
0.5,Gradual joint shift,20,260,5,0.7,0.16,36,117,169,fixed_bwar,1e-06,0.21463848330746968,0.2145919320976939,0.9223256014161585,91,0.1278848278661912,0.175,0.4,20,6.0
0.5,Gradual joint shift,20,260,5,0.7,0.16,36,117,169,local_bwar,1e-06,0.2150696937143929,0.21640057608853103,0.9300992331659167,91,0.12649175769590515,0.175,0.4,20,6.0
0.5,Gradual joint shift,20,260,5,0.7,0.16,36,117,169,log_euclidean,1e-06,0.22091594823019764,0.22441310963523148,0.964537456215995,91,0.11564783461713098,0.175,0.4,20,6.0
0.5,Gradual joint shift,20,260,5,0.7,0.16,36,117,169,persistence,,,0.23266396570604225,1.0,91,0.07168403852232638,0.175,0.4,20,6.0
0.5,Gradual joint shift,21,260,5,0.7,0.16,36,117,169,cholesky,1e-06,0.1610159393070599,0.15919953755706215,0.9177211353200934,91,0.21216848384169867,0.175,0.4,20,6.0
0.5,Gradual joint shift,21,260,5,0.7,0.16,36,117,169,euclidean,1e-06,0.16327215182139868,0.16102219490615838,0.9282280199340801,91,0.26126841806532397,0.175,0.4,20,6.0
0.5,Gradual joint shift,21,260,5,0.7,0.16,36,117,169,fixed_bwar,1e-06,0.16013448558018087,0.15807037664348048,0.911211977997951,91,0.213072885968645,0.175,0.4,20,6.0
0.5,Gradual joint shift,21,260,5,0.7,0.16,36,117,169,local_bwar,1e-06,0.1606969081981468,0.1575689589616747,0.9083215072636912,91,0.20819982967269196,0.175,0.4,20,6.0
0.5,Gradual joint shift,21,260,5,0.7,0.16,36,117,169,log_euclidean,1e-06,0.16241908115337114,0.1609805649722527,0.9279880401527725,91,0.2035719976288947,0.175,0.4,20,6.0
0.5,Gradual joint shift,21,260,5,0.7,0.16,36,117,169,persistence,,,0.17347267206778963,1.0,91,0.12185122042796688,0.175,0.4,20,6.0
0.5,Gradual joint shift,22,260,5,0.7,0.16,36,117,169,cholesky,1e-06,0.21617286023312277,0.22407296468657692,0.9791774017133327,91,0.18767636984024466,0.175,0.4,20,6.0
0.5,Gradual joint shift,22,260,5,0.7,0.16,36,117,169,euclidean,1e-06,0.21481381439097547,0.22324419651303046,0.975555764145717,91,0.18513326854702877,0.175,0.4,20,6.0
0.5,Gradual joint shift,22,260,5,0.7,0.16,36,117,169,fixed_bwar,1e-06,0.2115445765321027,0.21531806771704443,0.9409193401980325,91,0.20055005068995135,0.175,0.4,20,6.0
0.5,Gradual joint shift,22,260,5,0.7,0.16,36,117,169,local_bwar,1e-06,0.21162373250645883,0.21717233635095287,0.9490223165904261,91,0.20393743305642253,0.175,0.4,20,6.0
0.5,Gradual joint shift,22,260,5,0.7,0.16,36,117,169,log_euclidean,1e-06,0.21640658223237969,0.22202513871131446,0.9702285982714568,91,0.19570624581204046,0.175,0.4,20,6.0
0.5,Gradual joint shift,22,260,5,0.7,0.16,36,117,169,persistence,,,0.22883796571949205,1.0,91,0.12109086006795414,0.175,0.4,20,6.0
0.5,Gradual joint shift,23,260,5,0.7,0.16,36,117,169,cholesky,1e-06,0.1930978095494225,0.2032930206701081,0.9848963217454909,91,0.1352263324929144,0.175,0.4,20,6.0
0.5,Gradual joint shift,23,260,5,0.7,0.16,36,117,169,euclidean,1e-06,0.18538078535424374,0.1883688669828002,0.9125930817063446,91,0.1291766899304145,0.175,0.4,20,6.0
0.5,Gradual joint shift,23,260,5,0.7,0.16,36,117,169,fixed_bwar,1e-06,0.17557649975439013,0.18518176653996346,0.8971524950455902,91,0.13676947980102974,0.175,0.4,20,6.0
0.5,Gradual joint shift,23,260,5,0.7,0.16,36,117,169,local_bwar,1e-06,0.17545373142347206,0.18578141730443798,0.9000576308457081,91,0.13935235163269669,0.175,0.4,20,6.0
0.5,Gradual joint shift,23,260,5,0.7,0.16,36,117,169,log_euclidean,1e-06,0.17893426813891397,0.19248631984367737,0.9325409587375931,91,0.12042412313242556,0.175,0.4,20,6.0
0.5,Gradual joint shift,23,260,5,0.7,0.16,36,117,169,persistence,,,0.2064105796535216,1.0,91,0.04635097564184326,0.175,0.4,20,6.0
0.5,Gradual joint shift,24,260,5,0.7,0.16,36,117,169,cholesky,1e-06,0.1889503590828102,0.24824030591197607,1.0376803227546183,91,0.12101744502428165,0.175,0.4,20,6.0
0.5,Gradual joint shift,24,260,5,0.7,0.16,36,117,169,euclidean,1e-06,0.1828507312378849,0.2344051727398245,0.9798474684053249,91,0.13004043998580553,0.175,0.4,20,6.0
0.5,Gradual joint shift,24,260,5,0.7,0.16,36,117,169,fixed_bwar,1e-06,0.17878513052697884,0.2231280334546601,0.9327073978588132,91,0.13441918242489045,0.175,0.4,20,6.0
0.5,Gradual joint shift,24,260,5,0.7,0.16,36,117,169,local_bwar,1e-06,0.17919354964753317,0.22309871793983954,0.9325848547739223,91,0.12613161936091896,0.175,0.4,20,6.0
0.5,Gradual joint shift,24,260,5,0.7,0.16,36,117,169,log_euclidean,1e-06,0.18194400662162,0.23093894898554457,0.9653581526156628,91,0.11898557196421405,0.175,0.4,20,6.0
0.5,Gradual joint shift,24,260,5,0.7,0.16,36,117,169,persistence,,,0.2392261860116989,1.0,91,0.07699500661293662,0.175,0.4,20,6.0
0.5,Gradual joint shift,25,260,5,0.7,0.16,36,117,169,cholesky,1e-06,0.20161750168912546,0.19560219562034242,1.0476087911575105,91,0.12002347906809399,0.175,0.4,20,6.0
0.5,Gradual joint shift,25,260,5,0.7,0.16,36,117,169,euclidean,1e-06,0.19260038998296844,0.18610090061052015,0.9967216313886574,91,0.13636392746945616,0.175,0.4,20,6.0
0.5,Gradual joint shift,25,260,5,0.7,0.16,36,117,169,fixed_bwar,1e-06,0.1836868297055723,0.17895969404793882,0.9584746641155872,91,0.1367605593121312,0.175,0.4,20,6.0
0.5,Gradual joint shift,25,260,5,0.7,0.16,36,117,169,local_bwar,1e-06,0.18326469201759038,0.1788761357428302,0.958027141454973,91,0.1374916452231623,0.175,0.4,20,6.0
0.5,Gradual joint shift,25,260,5,0.7,0.16,36,117,169,log_euclidean,1e-06,0.19259415579784384,0.18323058001466205,0.9813487308947497,91,0.12241220929160651,0.175,0.4,20,6.0
0.5,Gradual joint shift,25,260,5,0.7,0.16,36,117,169,persistence,,,0.1867130146972327,1.0,91,0.045010656473784966,0.175,0.4,20,6.0
0.5,Gradual joint shift,26,260,5,0.7,0.16,36,117,169,cholesky,1e-06,0.17482650244712314,0.18671162883093204,0.9528938596548442,91,0.12675602484826134,0.175,0.4,20,6.0
0.5,Gradual joint shift,26,260,5,0.7,0.16,36,117,169,euclidean,1e-06,0.1845415418260581,0.18413719434289658,0.9397550807202231,91,0.12097854894720886,0.175,0.4,20,6.0
0.5,Gradual joint shift,26,260,5,0.7,0.16,36,117,169,fixed_bwar,1e-06,0.17143313586046374,0.1829631408598592,0.9337632292115754,91,0.13794375057928832,0.175,0.4,20,6.0
0.5,Gradual joint shift,26,260,5,0.7,0.16,36,117,169,local_bwar,1e-06,0.1722069215986144,0.18383124556739244,0.9381936530181981,91,0.13431327480688232,0.175,0.4,20,6.0
0.5,Gradual joint shift,26,260,5,0.7,0.16,36,117,169,log_euclidean,1e-06,0.17395746162372164,0.19015136607703215,0.970448762480971,91,0.12683089047990442,0.175,0.4,20,6.0
0.5,Gradual joint shift,26,260,5,0.7,0.16,36,117,169,persistence,,,0.19594168536101433,1.0,91,0.08737162065972987,0.175,0.4,20,6.0
0.5,Gradual joint shift,27,260,5,0.7,0.16,36,117,169,cholesky,1e-06,0.1953275008902546,0.20662602399674224,1.0901674294444854,91,0.1765801797592334,0.175,0.4,20,6.0
0.5,Gradual joint shift,27,260,5,0.7,0.16,36,117,169,euclidean,1e-06,0.18218149101599074,0.19149751283615932,1.010348780252867,91,0.24928485451917956,0.175,0.4,20,6.0
0.5,Gradual joint shift,27,260,5,0.7,0.16,36,117,169,fixed_bwar,1e-06,0.1756710487902414,0.18537517098327824,0.9780470519863397,91,0.16943283798886125,0.175,0.4,20,6.0
0.5,Gradual joint shift,27,260,5,0.7,0.16,36,117,169,local_bwar,1e-06,0.17662123453081804,0.18585229068273598,0.9805643552099809,91,0.16209518811178011,0.175,0.4,20,6.0
0.5,Gradual joint shift,27,260,5,0.7,0.16,36,117,169,log_euclidean,1e-06,0.17979920911341912,0.19335639639724012,1.020156326631691,91,0.14023442809857645,0.175,0.4,20,6.0
0.5,Gradual joint shift,27,260,5,0.7,0.16,36,117,169,persistence,,,0.18953604594666001,1.0,91,0.07796963736961918,0.175,0.4,20,6.0
0.5,Gradual joint shift,28,260,5,0.7,0.16,36,117,169,cholesky,1e-06,0.1729417346497938,0.19640227773321348,0.9114631000801052,91,0.16192575179512791,0.175,0.4,20,6.0
0.5,Gradual joint shift,28,260,5,0.7,0.16,36,117,169,euclidean,1e-06,0.1569497808226388,0.19892361296136793,0.9231641050272907,91,0.21507128375817963,0.175,0.4,20,6.0
0.5,Gradual joint shift,28,260,5,0.7,0.16,36,117,169,fixed_bwar,1e-06,0.15827950280480457,0.19355238161412436,0.8982373107379893,91,0.18921310670527364,0.175,0.4,20,6.0
0.5,Gradual joint shift,28,260,5,0.7,0.16,36,117,169,local_bwar,1e-06,0.1587062510772303,0.19462333102536467,0.9032073695461871,91,0.18177397673682877,0.175,0.4,20,6.0
0.5,Gradual joint shift,28,260,5,0.7,0.16,36,117,169,log_euclidean,1e-06,0.16505778378405792,0.19757963900922912,0.9169269947504571,91,0.16103105760375924,0.175,0.4,20,6.0
0.5,Gradual joint shift,28,260,5,0.7,0.16,36,117,169,persistence,,,0.21548022922261184,1.0,91,0.08970818394479528,0.175,0.4,20,6.0
0.5,Gradual joint shift,29,260,5,0.7,0.16,36,117,169,cholesky,1e-06,0.1631084233912613,0.16009544861842218,0.9572963732951655,91,0.1318761193623911,0.175,0.4,20,6.0
0.5,Gradual joint shift,29,260,5,0.7,0.16,36,117,169,euclidean,1e-06,0.1693794982132388,0.16236914293152882,0.9708920085159182,91,0.15643983561973404,0.175,0.4,20,6.0
0.5,Gradual joint shift,29,260,5,0.7,0.16,36,117,169,fixed_bwar,1e-06,0.1617566057137606,0.15844149721038875,0.9474065126015577,91,0.1552001130907861,0.175,0.4,20,6.0
0.5,Gradual joint shift,29,260,5,0.7,0.16,36,117,169,local_bwar,1e-06,0.161050517310298,0.1584143779211071,0.9472443518562043,91,0.15054746821749854,0.175,0.4,20,6.0
0.5,Gradual joint shift,29,260,5,0.7,0.16,36,117,169,log_euclidean,1e-06,0.16551994091114147,0.1622220962821865,0.9700127378974504,91,0.1466505701361065,0.175,0.4,20,6.0
0.5,Gradual joint shift,29,260,5,0.7,0.16,36,117,169,persistence,,,0.16723707838498159,1.0,91,0.06689552291722929,0.175,0.4,20,6.0
0.5,Gradual joint shift,30,260,5,0.7,0.16,36,117,169,cholesky,1e-06,0.21971102761434788,0.20298344975698426,0.9598157938701345,91,0.09458770442928027,0.175,0.4,20,6.0
0.5,Gradual joint shift,30,260,5,0.7,0.16,36,117,169,euclidean,1e-06,0.2239046935635604,0.2005934271546745,0.9485144713034429,91,1.0000000406337585e-08,0.175,0.4,20,6.0
0.5,Gradual joint shift,30,260,5,0.7,0.16,36,117,169,fixed_bwar,1e-06,0.2084532325691192,0.19197693705681812,0.9077710348629378,91,0.11621322792695661,0.175,0.4,20,6.0
0.5,Gradual joint shift,30,260,5,0.7,0.16,36,117,169,local_bwar,1e-06,0.2089091948856499,0.19007121691851797,0.898759756900982,91,0.11310911046151191,0.175,0.4,20,6.0
0.5,Gradual joint shift,30,260,5,0.7,0.16,36,117,169,log_euclidean,1e-06,0.2055858315557472,0.1947138375257165,0.9207125840357606,91,0.09274603032366274,0.175,0.4,20,6.0
0.5,Gradual joint shift,30,260,5,0.7,0.16,36,117,169,persistence,,,0.21148167289321396,1.0,91,0.027998267701126407,0.175,0.4,20,6.0
0.5,Gradual joint shift,31,260,5,0.7,0.16,36,117,169,cholesky,1e-06,0.17561098133615285,0.2053548749190687,0.9997670463982089,91,0.11392207021194092,0.175,0.4,20,6.0
0.5,Gradual joint shift,31,260,5,0.7,0.16,36,117,169,euclidean,1e-06,0.17985398986681334,0.21044231032522626,1.0245351473345043,91,0.2697883893467109,0.175,0.4,20,6.0
0.5,Gradual joint shift,31,260,5,0.7,0.16,36,117,169,fixed_bwar,1e-06,0.176547580068246,0.20025297683062054,0.9749285341158845,91,0.1362407167649168,0.175,0.4,20,6.0
0.5,Gradual joint shift,31,260,5,0.7,0.16,36,117,169,local_bwar,1e-06,0.17662895775125814,0.20043364085272042,0.9758080941255332,91,0.143741967637208,0.175,0.4,20,6.0
0.5,Gradual joint shift,31,260,5,0.7,0.16,36,117,169,log_euclidean,1e-06,0.17740864040743748,0.20240785028158356,0.9854195023302026,91,0.12197034966568603,0.175,0.4,20,6.0
0.5,Gradual joint shift,31,260,5,0.7,0.16,36,117,169,persistence,,,0.20540272422349426,1.0,91,0.059862750422185695,0.175,0.4,20,6.0
0.5,Gradual joint shift,32,260,5,0.7,0.16,36,117,169,cholesky,1e-06,0.22008813150783546,0.20286671351398716,1.0066975742833226,91,0.15520059617089146,0.175,0.4,20,6.0
0.5,Gradual joint shift,32,260,5,0.7,0.16,36,117,169,euclidean,1e-06,0.21165692110573506,0.19284758634817137,0.956979062855042,91,0.1571316812273748,0.175,0.4,20,6.0
0.5,Gradual joint shift,32,260,5,0.7,0.16,36,117,169,fixed_bwar,1e-06,0.2071399074882666,0.1870921692058464,0.9284186136033823,91,0.1500535362183549,0.175,0.4,20,6.0
0.5,Gradual joint shift,32,260,5,0.7,0.16,36,117,169,local_bwar,1e-06,0.2070040071319466,0.18785667799161154,0.9322123810816285,91,0.1500682379059925,0.175,0.4,20,6.0
0.5,Gradual joint shift,32,260,5,0.7,0.16,36,117,169,log_euclidean,1e-06,0.2115166360643446,0.192343693952824,0.9544785676120852,91,0.12419920534497274,0.175,0.4,20,6.0
0.5,Gradual joint shift,32,260,5,0.7,0.16,36,117,169,persistence,,,0.201517038181412,1.0,91,0.05489898138116224,0.175,0.4,20,6.0
0.5,Gradual joint shift,33,260,5,0.7,0.16,36,117,169,cholesky,1e-06,0.20495187346676913,0.20600324968207478,0.9886550358123095,91,0.21986814050376782,0.175,0.4,20,6.0
0.5,Gradual joint shift,33,260,5,0.7,0.16,36,117,169,euclidean,1e-06,0.1954879766841363,0.20567441227997083,0.987076872584034,91,0.19901346088454955,0.175,0.4,20,6.0
0.5,Gradual joint shift,33,260,5,0.7,0.16,36,117,169,fixed_bwar,1e-06,0.19340616202394312,0.19727010606728815,0.9467427532315449,91,0.24168183095244744,0.175,0.4,20,6.0
0.5,Gradual joint shift,33,260,5,0.7,0.16,36,117,169,local_bwar,1e-06,0.19415344674991852,0.19592288056847568,0.9402771208891848,91,0.24583901932796196,0.175,0.4,20,6.0
0.5,Gradual joint shift,33,260,5,0.7,0.16,36,117,169,log_euclidean,1e-06,0.20150077721309548,0.2024091766481289,0.971406286534948,91,0.22857817464696778,0.175,0.4,20,6.0
0.5,Gradual joint shift,33,260,5,0.7,0.16,36,117,169,persistence,,,0.20836716773795236,1.0,91,0.12809353173789664,0.175,0.4,20,6.0
0.5,Gradual joint shift,34,260,5,0.7,0.16,36,117,169,cholesky,1e-06,0.2572757351261172,0.2593156739651324,1.0676542918891316,91,0.24639055634535356,0.175,0.4,20,6.0
0.5,Gradual joint shift,34,260,5,0.7,0.16,36,117,169,euclidean,1e-06,0.2365208083338951,0.23423490445714393,0.9643917671075155,91,0.23441702597634853,0.175,0.4,20,6.0
0.5,Gradual joint shift,34,260,5,0.7,0.16,36,117,169,fixed_bwar,1e-06,0.2306943275912499,0.22948091862062137,0.9448186603055491,91,0.24882518242177742,0.175,0.4,20,6.0
0.5,Gradual joint shift,34,260,5,0.7,0.16,36,117,169,local_bwar,1e-06,0.23052014874134613,0.22959035674721934,0.9452692388755677,91,0.25056661603474345,0.175,0.4,20,6.0
0.5,Gradual joint shift,34,260,5,0.7,0.16,36,117,169,log_euclidean,1e-06,0.24240606902723674,0.23899602858984204,0.9839942636969641,91,0.22191551007595312,0.175,0.4,20,6.0
0.5,Gradual joint shift,34,260,5,0.7,0.16,36,117,169,persistence,,,0.242883558784083,1.0,91,0.05066148002942186,0.175,0.4,20,6.0
0.5,Gradual joint shift,35,260,5,0.7,0.16,36,117,169,cholesky,1e-06,0.1918218114673745,0.22836496703771825,0.9614507471376192,91,0.12347211010105923,0.175,0.4,20,6.0
0.5,Gradual joint shift,35,260,5,0.7,0.16,36,117,169,euclidean,1e-06,0.1896380709582662,0.2221976689027176,0.9354854974032436,91,0.18353723331931635,0.175,0.4,20,6.0
0.5,Gradual joint shift,35,260,5,0.7,0.16,36,117,169,fixed_bwar,1e-06,0.18723690912059474,0.21753642447774987,0.9158609595719391,91,0.17170062656801666,0.175,0.4,20,6.0
0.5,Gradual joint shift,35,260,5,0.7,0.16,36,117,169,local_bwar,1e-06,0.18727764166434605,0.21696710090508864,0.913464021979459,91,0.16331937176055095,0.175,0.4,20,6.0
0.5,Gradual joint shift,35,260,5,0.7,0.16,36,117,169,log_euclidean,1e-06,0.1930173465623038,0.22394112241892541,0.9428256980807006,91,0.1521678222702109,0.175,0.4,20,6.0
0.5,Gradual joint shift,35,260,5,0.7,0.16,36,117,169,persistence,,,0.23752123311318282,1.0,91,0.09321270812567231,0.175,0.4,20,6.0
0.5,Gradual joint shift,36,260,5,0.7,0.16,36,117,169,cholesky,1e-06,0.1673960260803537,0.17294622350044492,0.9262240535106377,91,0.25640756856413083,0.175,0.4,20,6.0
0.5,Gradual joint shift,36,260,5,0.7,0.16,36,117,169,euclidean,1e-06,0.16677922765665765,0.17328672628338526,0.9280476369428938,91,0.3044006110046102,0.175,0.4,20,6.0
0.5,Gradual joint shift,36,260,5,0.7,0.16,36,117,169,fixed_bwar,1e-06,0.1632034616539411,0.17147375942527152,0.9183381823030922,91,0.25191022274184344,0.175,0.4,20,6.0
0.5,Gradual joint shift,36,260,5,0.7,0.16,36,117,169,local_bwar,1e-06,0.16312411241427607,0.17179827705852274,0.9200761562907396,91,0.2531622632601625,0.175,0.4,20,6.0
0.5,Gradual joint shift,36,260,5,0.7,0.16,36,117,169,log_euclidean,1e-06,0.16731370015292246,0.17781177216240215,0.9522817962760917,91,0.23217830852106486,0.175,0.4,20,6.0
0.5,Gradual joint shift,36,260,5,0.7,0.16,36,117,169,persistence,,,0.18672180110733716,1.0,91,0.11104615590843088,0.175,0.4,20,6.0
0.5,Gradual joint shift,37,260,5,0.7,0.16,36,117,169,cholesky,1e-06,0.1545994844949978,0.1838064854688798,1.0164036032582442,91,0.202364892919852,0.175,0.4,20,6.0
0.5,Gradual joint shift,37,260,5,0.7,0.16,36,117,169,euclidean,1e-06,0.14937750612274436,0.17467203705493126,0.9658924025352111,91,0.22117576849323664,0.175,0.4,20,6.0
0.5,Gradual joint shift,37,260,5,0.7,0.16,36,117,169,fixed_bwar,1e-06,0.14408014500332073,0.16784873654217491,0.9281612680238908,91,0.20700479037732986,0.175,0.4,20,6.0
0.5,Gradual joint shift,37,260,5,0.7,0.16,36,117,169,local_bwar,1e-06,0.1450975277088231,0.1674901261038764,0.9261782425570644,91,0.20884939694540397,0.175,0.4,20,6.0
0.5,Gradual joint shift,37,260,5,0.7,0.16,36,117,169,log_euclidean,1e-06,0.14681051185940464,0.17086701678820565,0.9448515981277663,91,0.1834969348693556,0.175,0.4,20,6.0
0.5,Gradual joint shift,37,260,5,0.7,0.16,36,117,169,persistence,,,0.18084005692193408,1.0,91,0.11015979387428634,0.175,0.4,20,6.0
0.5,Gradual joint shift,38,260,5,0.7,0.16,36,117,169,cholesky,1e-06,0.14236450929627145,0.1679101782723973,0.9487572552016752,91,0.19259355759659735,0.175,0.4,20,6.0
0.5,Gradual joint shift,38,260,5,0.7,0.16,36,117,169,euclidean,1e-06,0.14812346744767463,0.17079021907520464,0.9650305963121082,91,0.23220061735123948,0.175,0.4,20,6.0
0.5,Gradual joint shift,38,260,5,0.7,0.16,36,117,169,fixed_bwar,1e-06,0.14190679708478357,0.1655131855768556,0.9352133221658157,91,0.20871037275445048,0.175,0.4,20,6.0
0.5,Gradual joint shift,38,260,5,0.7,0.16,36,117,169,local_bwar,1e-06,0.14246242247686824,0.1653736752734513,0.9344250351549145,91,0.2071945286792652,0.175,0.4,20,6.0
0.5,Gradual joint shift,38,260,5,0.7,0.16,36,117,169,log_euclidean,1e-06,0.1418839472110929,0.16806324027904154,0.949622114561564,91,0.19733714972667393,0.175,0.4,20,6.0
0.5,Gradual joint shift,38,260,5,0.7,0.16,36,117,169,persistence,,,0.17697907167698548,1.0,91,0.112769423413541,0.175,0.4,20,6.0
0.5,Gradual joint shift,39,260,5,0.7,0.16,36,117,169,cholesky,1e-06,0.1410791744635977,0.17012241037578535,0.9132972264275331,91,0.20028039046272458,0.175,0.4,20,6.0
0.5,Gradual joint shift,39,260,5,0.7,0.16,36,117,169,euclidean,1e-06,0.14438888928741114,0.1689929077654635,0.9072335244204256,91,0.21012278667087456,0.175,0.4,20,6.0
0.5,Gradual joint shift,39,260,5,0.7,0.16,36,117,169,fixed_bwar,1e-06,0.1379361863732235,0.16579468003930406,0.8900639316234922,91,0.21684200064337794,0.175,0.4,20,6.0
0.5,Gradual joint shift,39,260,5,0.7,0.16,36,117,169,local_bwar,1e-06,0.13787153925029444,0.16582303729305037,0.890216166717848,91,0.2123620148192209,0.175,0.4,20,6.0
0.5,Gradual joint shift,39,260,5,0.7,0.16,36,117,169,log_euclidean,1e-06,0.13891157989553193,0.17088484867557363,0.9173903543286757,91,0.20709901389746935,0.175,0.4,20,6.0
0.5,Gradual joint shift,39,260,5,0.7,0.16,36,117,169,persistence,,,0.1862727767621048,1.0,91,0.11828332528842653,0.175,0.4,20,6.0
0.5,Gradual joint shift,40,260,5,0.7,0.16,36,117,169,cholesky,1e-06,0.1407729846482938,0.16236591673763281,0.9130772304821292,91,0.21853806982185778,0.175,0.4,20,6.0
0.5,Gradual joint shift,40,260,5,0.7,0.16,36,117,169,euclidean,1e-06,0.13728543901090237,0.15924936293,0.8955510502560157,91,0.22585355328668638,0.175,0.4,20,6.0
0.5,Gradual joint shift,40,260,5,0.7,0.16,36,117,169,fixed_bwar,1e-06,0.13886825192009458,0.15786561564270346,0.8877694408754365,91,0.23461642172300662,0.175,0.4,20,6.0
0.5,Gradual joint shift,40,260,5,0.7,0.16,36,117,169,local_bwar,1e-06,0.1391456140053489,0.15793422119002312,0.8881552494515281,91,0.2408726290870166,0.175,0.4,20,6.0
0.5,Gradual joint shift,40,260,5,0.7,0.16,36,117,169,log_euclidean,1e-06,0.14107410619307464,0.1615623999404082,0.9085585919242521,91,0.23393174442212092,0.175,0.4,20,6.0
0.5,Gradual joint shift,40,260,5,0.7,0.16,36,117,169,persistence,,,0.1778227638552538,1.0,91,0.1360790120286636,0.175,0.4,20,6.0
0.5,Gradual joint shift,41,260,5,0.7,0.16,36,117,169,cholesky,1e-06,0.1582892799141406,0.21077823030166687,0.986827789481398,91,0.1334767849195558,0.175,0.4,20,6.0
0.5,Gradual joint shift,41,260,5,0.7,0.16,36,117,169,euclidean,1e-06,0.15783338591276183,0.20572347394069615,0.9631622807667425,91,0.14109809648961588,0.175,0.4,20,6.0
0.5,Gradual joint shift,41,260,5,0.7,0.16,36,117,169,fixed_bwar,1e-06,0.15519194299502087,0.202226436608061,0.9467897473425876,91,0.14439994422586455,0.175,0.4,20,6.0
0.5,Gradual joint shift,41,260,5,0.7,0.16,36,117,169,local_bwar,1e-06,0.1554291997490034,0.2028180706917431,0.9495596773972534,91,0.14086557088734586,0.175,0.4,20,6.0
0.5,Gradual joint shift,41,260,5,0.7,0.16,36,117,169,log_euclidean,1e-06,0.15800137543636486,0.20754711663302233,0.9717002653787992,91,0.1285551788145707,0.175,0.4,20,6.0
0.5,Gradual joint shift,41,260,5,0.7,0.16,36,117,169,persistence,,,0.21359170520768972,1.0,91,0.07292017841438529,0.175,0.4,20,6.0
0.5,Gradual joint shift,42,260,5,0.7,0.16,36,117,169,cholesky,1e-06,0.2263390645558801,0.22603992066101167,0.9667311038673247,91,0.22408735807204022,0.175,0.4,20,6.0
0.5,Gradual joint shift,42,260,5,0.7,0.16,36,117,169,euclidean,1e-06,0.22582822384674392,0.22284954316870728,0.9530864470037512,91,0.23515151596655623,0.175,0.4,20,6.0
0.5,Gradual joint shift,42,260,5,0.7,0.16,36,117,169,fixed_bwar,1e-06,0.2179783174000211,0.21992565097726266,0.9405814986850719,91,0.25371382869378134,0.175,0.4,20,6.0
0.5,Gradual joint shift,42,260,5,0.7,0.16,36,117,169,local_bwar,1e-06,0.21847881971511493,0.22048365521371815,0.9429679800194034,91,0.2509292706905452,0.175,0.4,20,6.0
0.5,Gradual joint shift,42,260,5,0.7,0.16,36,117,169,log_euclidean,1e-06,0.22171307946886593,0.23089641603484343,0.9875014400094606,91,0.20437782075465105,0.175,0.4,20,6.0
0.5,Gradual joint shift,42,260,5,0.7,0.16,36,117,169,persistence,,,0.23381881451497566,1.0,91,0.10535575457220306,0.175,0.4,20,6.0
0.5,Gradual joint shift,43,260,5,0.7,0.16,36,117,169,cholesky,1e-06,0.1675667060627976,0.1892367063262689,0.9697723004113554,91,0.16277147393525646,0.175,0.4,20,6.0
0.5,Gradual joint shift,43,260,5,0.7,0.16,36,117,169,euclidean,1e-06,0.1631618013911022,0.18349261654536417,0.9403358381692302,91,0.16195029424206164,0.175,0.4,20,6.0
0.5,Gradual joint shift,43,260,5,0.7,0.16,36,117,169,fixed_bwar,0.0001,0.15988179613111403,0.18112609906571298,0.9282082591981179,91,0.16822418828789937,0.175,0.4,20,6.0
0.5,Gradual joint shift,43,260,5,0.7,0.16,36,117,169,local_bwar,1e-06,0.16029054969510007,0.18052545123356215,0.9251301479731333,91,0.16246948622628482,0.175,0.4,20,6.0
0.5,Gradual joint shift,43,260,5,0.7,0.16,36,117,169,log_euclidean,1e-06,0.16208997704219794,0.1839497006746587,0.9426782353507962,91,0.15199424030096412,0.175,0.4,20,6.0
0.5,Gradual joint shift,43,260,5,0.7,0.16,36,117,169,persistence,,,0.19513519436057206,1.0,91,0.10258375083902485,0.175,0.4,20,6.0
0.5,Gradual joint shift,44,260,5,0.7,0.16,36,117,169,cholesky,1e-06,0.1942681891578202,0.21606700783364516,0.9435592646369706,91,0.10635068077698327,0.175,0.4,20,6.0
0.5,Gradual joint shift,44,260,5,0.7,0.16,36,117,169,euclidean,1e-06,0.19288280377291261,0.22749703734984233,0.9934739200636122,91,0.18044030233124841,0.175,0.4,20,6.0
0.5,Gradual joint shift,44,260,5,0.7,0.16,36,117,169,fixed_bwar,1e-06,0.18629904807838576,0.21234148763661465,0.9272900103313491,91,0.1233561589298251,0.175,0.4,20,6.0
0.5,Gradual joint shift,44,260,5,0.7,0.16,36,117,169,local_bwar,1e-06,0.18695706859658087,0.21131934711368394,0.9228263480173197,91,0.11924572952641502,0.175,0.4,20,6.0
0.5,Gradual joint shift,44,260,5,0.7,0.16,36,117,169,log_euclidean,1e-06,0.19044690090441269,0.21506080794681115,0.9391652146854395,91,0.10595090565008196,0.175,0.4,20,6.0
0.5,Gradual joint shift,44,260,5,0.7,0.16,36,117,169,persistence,,,0.22899145388263004,1.0,91,0.05416119129575215,0.175,0.4,20,6.0
0.5,Gradual joint shift,45,260,5,0.7,0.16,36,117,169,cholesky,1e-06,0.23358651213822326,0.21170721773859505,0.9589699270070688,91,0.17711261140440634,0.175,0.4,20,6.0
0.5,Gradual joint shift,45,260,5,0.7,0.16,36,117,169,euclidean,1e-06,0.2215050362574615,0.20841019961860696,0.9440354280342,91,0.2040600760483916,0.175,0.4,20,6.0
0.5,Gradual joint shift,45,260,5,0.7,0.16,36,117,169,fixed_bwar,1e-06,0.21979739481664212,0.20148165298580675,0.912651198768453,91,0.19454971620153427,0.175,0.4,20,6.0
0.5,Gradual joint shift,45,260,5,0.7,0.16,36,117,169,local_bwar,1e-06,0.2206950332695058,0.2017279738411183,0.9137669580475254,91,0.1935836695967945,0.175,0.4,20,6.0
0.5,Gradual joint shift,45,260,5,0.7,0.16,36,117,169,log_euclidean,1e-06,0.23024946925134057,0.20550439292913475,0.9308729990028926,91,0.18589626148590926,0.175,0.4,20,6.0
0.5,Gradual joint shift,45,260,5,0.7,0.16,36,117,169,persistence,,,0.22076523129284167,1.0,91,0.09931271793105681,0.175,0.4,20,6.0
0.5,Gradual joint shift,46,260,5,0.7,0.16,36,117,169,cholesky,1e-06,0.20566212262582131,0.23507187548880043,1.0299341617287203,91,0.10864171413365309,0.175,0.4,20,6.0
0.5,Gradual joint shift,46,260,5,0.7,0.16,36,117,169,euclidean,1e-06,0.20841176349750018,0.24006873460864758,1.0518271929481078,91,0.2680670178039608,0.175,0.4,20,6.0
0.5,Gradual joint shift,46,260,5,0.7,0.16,36,117,169,fixed_bwar,1e-06,0.2002799541403601,0.2174840738931493,0.9528756975657838,91,0.1404558313829634,0.175,0.4,20,6.0
0.5,Gradual joint shift,46,260,5,0.7,0.16,36,117,169,local_bwar,1e-06,0.1995995588018957,0.21757603481354273,0.9532786113267783,91,0.13944841541945951,0.175,0.4,20,6.0
0.5,Gradual joint shift,46,260,5,0.7,0.16,36,117,169,log_euclidean,1e-06,0.20160245750978859,0.22136783028763807,0.9698918266888398,91,0.08309839786152219,0.175,0.4,20,6.0
0.5,Gradual joint shift,46,260,5,0.7,0.16,36,117,169,persistence,,,0.22823971106486826,1.0,91,0.02215228300149604,0.175,0.4,20,6.0
0.5,Gradual joint shift,47,260,5,0.7,0.16,36,117,169,cholesky,1e-06,0.23494004065461813,0.19397297272486125,0.9438275802711297,91,0.2322722143898936,0.175,0.4,20,6.0
0.5,Gradual joint shift,47,260,5,0.7,0.16,36,117,169,euclidean,1e-06,0.22212726204788186,0.18861726933451942,0.917767967426374,91,0.2143135267799785,0.175,0.4,20,6.0
0.5,Gradual joint shift,47,260,5,0.7,0.16,36,117,169,fixed_bwar,1e-06,0.2183249799262638,0.18780193665833253,0.9138007473746765,91,0.25461019934832746,0.175,0.4,20,6.0
0.5,Gradual joint shift,47,260,5,0.7,0.16,36,117,169,local_bwar,1e-06,0.2185780790896277,0.18719780823750018,0.9108611983354606,91,0.25480048769911956,0.175,0.4,20,6.0
0.5,Gradual joint shift,47,260,5,0.7,0.16,36,117,169,log_euclidean,1e-06,0.2259174150320873,0.19341697886391124,0.9411222428570849,91,0.24507726007813582,0.175,0.4,20,6.0
0.5,Gradual joint shift,47,260,5,0.7,0.16,36,117,169,persistence,,,0.20551738133053857,1.0,91,0.1655747768646943,0.175,0.4,20,6.0
0.5,Gradual joint shift,48,260,5,0.7,0.16,36,117,169,cholesky,1e-06,0.20512142697258395,0.20695937420609906,0.9468936847181119,91,0.16610614161555232,0.175,0.4,20,6.0
0.5,Gradual joint shift,48,260,5,0.7,0.16,36,117,169,euclidean,1e-06,0.20202894313667355,0.2066770235370638,0.9456018559888697,91,0.14789784190437957,0.175,0.4,20,6.0
0.5,Gradual joint shift,48,260,5,0.7,0.16,36,117,169,fixed_bwar,1e-06,0.19722574139883012,0.1965587690413025,0.8993081748296585,91,0.1572823423334609,0.175,0.4,20,6.0
0.5,Gradual joint shift,48,260,5,0.7,0.16,36,117,169,local_bwar,1e-06,0.1976640557285448,0.1956935085236897,0.8953493799071942,91,0.16256470347163984,0.175,0.4,20,6.0
0.5,Gradual joint shift,48,260,5,0.7,0.16,36,117,169,log_euclidean,1e-06,0.19939085207851087,0.20186758263596472,0.9235973962549481,91,0.1418008037055956,0.175,0.4,20,6.0
0.5,Gradual joint shift,48,260,5,0.7,0.16,36,117,169,persistence,,,0.21856664327390715,1.0,91,0.05676614440476377,0.175,0.4,20,6.0
0.5,Gradual joint shift,49,260,5,0.7,0.16,36,117,169,cholesky,1e-06,0.169451950524718,0.20528345853913857,1.0280173356280549,91,0.07928339241854014,0.175,0.4,20,6.0
0.5,Gradual joint shift,49,260,5,0.7,0.16,36,117,169,euclidean,1e-06,0.16762692181092315,0.20339417079839675,1.0185561712298437,91,0.004133255102349852,0.175,0.4,20,6.0
0.5,Gradual joint shift,49,260,5,0.7,0.16,36,117,169,fixed_bwar,1e-06,0.16179275877150523,0.19559962121327418,0.9795226701677464,91,0.10381699616815313,0.175,0.4,20,6.0
0.5,Gradual joint shift,49,260,5,0.7,0.16,36,117,169,local_bwar,1e-06,0.161851830782719,0.19647013016391995,0.9838819999376733,91,0.10427121032259691,0.175,0.4,20,6.0
0.5,Gradual joint shift,49,260,5,0.7,0.16,36,117,169,log_euclidean,1e-06,0.16470526811319386,0.19853909404738432,0.9942429455010695,91,0.08280678514434153,0.175,0.4,20,6.0
0.5,Gradual joint shift,49,260,5,0.7,0.16,36,117,169,persistence,,,0.19968871285008352,1.0,91,0.044835944510026746,0.175,0.4,20,6.0
1.0,Gradual joint shift,0,260,5,0.7,0.16,36,117,169,cholesky,1e-06,0.2667735273120946,0.3548338819388642,1.1292886912621034,91,0.141576251905745,0.35,0.8,20,6.0
1.0,Gradual joint shift,0,260,5,0.7,0.16,36,117,169,euclidean,1e-06,0.23238751768991403,0.32216560623054896,1.0253191545345224,91,0.03058417396052347,0.35,0.8,20,6.0
1.0,Gradual joint shift,0,260,5,0.7,0.16,36,117,169,fixed_bwar,1e-06,0.22752896405089437,0.3049816921997194,0.9706299019732929,91,0.16787770133085972,0.35,0.8,20,6.0
1.0,Gradual joint shift,0,260,5,0.7,0.16,36,117,169,local_bwar,1e-06,0.2267659526223812,0.29776611249598023,0.9476657123197892,91,0.1673128955421751,0.35,0.8,20,6.0
1.0,Gradual joint shift,0,260,5,0.7,0.16,36,117,169,log_euclidean,1e-06,0.23948387787176004,0.3220652839914069,1.0249998705655672,91,0.15470581758012433,0.35,0.8,20,6.0
1.0,Gradual joint shift,0,260,5,0.7,0.16,36,117,169,persistence,,,0.31421007284000924,1.0,91,0.0909766435207756,0.35,0.8,20,6.0
1.0,Gradual joint shift,1,260,5,0.7,0.16,36,117,169,cholesky,1e-06,0.14326599059727718,0.16903990021070442,0.9576233379044503,91,0.10362742484359566,0.35,0.8,20,6.0
1.0,Gradual joint shift,1,260,5,0.7,0.16,36,117,169,euclidean,1e-06,0.14421490088820785,0.17147286761153685,0.971406275308541,91,0.09569697176825068,0.35,0.8,20,6.0
1.0,Gradual joint shift,1,260,5,0.7,0.16,36,117,169,fixed_bwar,1e-06,0.14138575063706488,0.16464390047057206,0.932719679423078,91,0.1117405265430338,0.35,0.8,20,6.0
1.0,Gradual joint shift,1,260,5,0.7,0.16,36,117,169,local_bwar,1e-06,0.141109473911982,0.16220832080574185,0.9189219433533118,91,0.10728464011927132,0.35,0.8,20,6.0
1.0,Gradual joint shift,1,260,5,0.7,0.16,36,117,169,log_euclidean,1e-06,0.14387259354138066,0.16522790657584488,0.9360281165150949,91,0.10782591677948661,0.35,0.8,20,6.0
1.0,Gradual joint shift,1,260,5,0.7,0.16,36,117,169,persistence,,,0.1765202387199662,1.0,91,0.08144397182911509,0.35,0.8,20,6.0
1.0,Gradual joint shift,2,260,5,0.7,0.16,36,117,169,cholesky,1e-06,0.17066775941164117,0.20455228989603347,0.9292037424575056,91,0.12891488523671674,0.35,0.8,20,6.0
1.0,Gradual joint shift,2,260,5,0.7,0.16,36,117,169,euclidean,1e-06,0.17668515864816955,0.20456529112677072,0.9292628021349296,91,0.180367708144774,0.35,0.8,20,6.0
1.0,Gradual joint shift,2,260,5,0.7,0.16,36,117,169,fixed_bwar,1e-06,0.16948481878425128,0.19881120112763168,0.9031241460272182,91,0.1450313141861966,0.35,0.8,20,6.0
1.0,Gradual joint shift,2,260,5,0.7,0.16,36,117,169,local_bwar,1e-06,0.16893153094500393,0.19759193153815582,0.8975854651051839,91,0.14186886566559687,0.35,0.8,20,6.0
1.0,Gradual joint shift,2,260,5,0.7,0.16,36,117,169,log_euclidean,1e-06,0.17107850823132068,0.2070943086458309,0.9407511728818213,91,0.13013922459306243,0.35,0.8,20,6.0
1.0,Gradual joint shift,2,260,5,0.7,0.16,36,117,169,persistence,,,0.22013717826302026,1.0,91,0.0534687212281233,0.35,0.8,20,6.0
1.0,Gradual joint shift,3,260,5,0.7,0.16,36,117,169,cholesky,1e-06,0.20047964778111665,0.2672888573090852,0.9884298330202946,91,0.1808232785741626,0.35,0.8,20,6.0
1.0,Gradual joint shift,3,260,5,0.7,0.16,36,117,169,euclidean,1e-06,0.19331235476645203,0.27040744930970334,0.9999623353530234,91,0.04715073596040059,0.35,0.8,20,6.0
1.0,Gradual joint shift,3,260,5,0.7,0.16,36,117,169,fixed_bwar,1e-06,0.19286444398663202,0.2550699825023196,0.9432446333582634,91,0.17862203384486594,0.35,0.8,20,6.0
1.0,Gradual joint shift,3,260,5,0.7,0.16,36,117,169,local_bwar,1e-06,0.19324289110872112,0.2524142518992943,0.933423784921399,91,0.17939331578347242,0.35,0.8,20,6.0
1.0,Gradual joint shift,3,260,5,0.7,0.16,36,117,169,log_euclidean,1e-06,0.20069903061946512,0.2678161300658452,0.9903796790713695,91,0.17385828956581212,0.35,0.8,20,6.0
1.0,Gradual joint shift,3,260,5,0.7,0.16,36,117,169,persistence,,,0.27041763449444284,1.0,91,0.13961108103142397,0.35,0.8,20,6.0
1.0,Gradual joint shift,4,260,5,0.7,0.16,36,117,169,cholesky,1e-06,0.15607866250191696,0.15370237857401736,0.943187462978632,91,0.2569653228515467,0.35,0.8,20,6.0
1.0,Gradual joint shift,4,260,5,0.7,0.16,36,117,169,euclidean,1e-06,0.15879093582461015,0.15143935777451187,0.9293005416026847,91,0.26515730632195733,0.35,0.8,20,6.0
1.0,Gradual joint shift,4,260,5,0.7,0.16,36,117,169,fixed_bwar,1e-06,0.1535264348162018,0.14995611691186067,0.920198703366938,91,0.25927528648892784,0.35,0.8,20,6.0
1.0,Gradual joint shift,4,260,5,0.7,0.16,36,117,169,local_bwar,1e-06,0.1535307082783207,0.14840538793940664,0.9106827274993814,91,0.2519144662341339,0.35,0.8,20,6.0
1.0,Gradual joint shift,4,260,5,0.7,0.16,36,117,169,log_euclidean,1e-06,0.1551720037856152,0.15276016184166347,0.9374055940341841,91,0.2466283899878965,0.35,0.8,20,6.0
1.0,Gradual joint shift,4,260,5,0.7,0.16,36,117,169,persistence,,,0.16296058271238864,1.0,91,0.18729343774944862,0.35,0.8,20,6.0
1.0,Gradual joint shift,5,260,5,0.7,0.16,36,117,169,cholesky,1e-06,0.19119788514800395,0.3137542305893468,1.0326916273818167,91,0.08686350027999389,0.35,0.8,20,6.0
1.0,Gradual joint shift,5,260,5,0.7,0.16,36,117,169,euclidean,1e-06,0.18360108258676908,0.2891743809796168,0.9517894357313871,91,0.11798556051983543,0.35,0.8,20,6.0
1.0,Gradual joint shift,5,260,5,0.7,0.16,36,117,169,fixed_bwar,1e-06,0.17756457978471787,0.2834295307330665,0.9328808181837253,91,0.09521876914160989,0.35,0.8,20,6.0
1.0,Gradual joint shift,5,260,5,0.7,0.16,36,117,169,local_bwar,1e-06,0.17720624001559096,0.2819746438397694,0.9280921990448748,91,0.09305378954865363,0.35,0.8,20,6.0
1.0,Gradual joint shift,5,260,5,0.7,0.16,36,117,169,log_euclidean,1e-06,0.1832507802024096,0.30338003916129624,0.9985459822108165,91,0.09038417919623247,0.35,0.8,20,6.0
1.0,Gradual joint shift,5,260,5,0.7,0.16,36,117,169,persistence,,,0.3038218014653687,1.0,91,0.03808153599435123,0.35,0.8,20,6.0
1.0,Gradual joint shift,6,260,5,0.7,0.16,36,117,169,cholesky,1e-06,0.17247536879817205,0.19134060538878137,1.0410106744298604,91,0.15165564429519057,0.35,0.8,20,6.0
1.0,Gradual joint shift,6,260,5,0.7,0.16,36,117,169,euclidean,1e-06,0.16071734554151024,0.17741585760092426,0.965251474983151,91,0.09910671104603139,0.35,0.8,20,6.0
1.0,Gradual joint shift,6,260,5,0.7,0.16,36,117,169,fixed_bwar,1e-06,0.15362888344165054,0.17035482908448377,0.9268351333857539,91,0.1599541149492385,0.35,0.8,20,6.0
1.0,Gradual joint shift,6,260,5,0.7,0.16,36,117,169,local_bwar,1e-06,0.1541986737592149,0.1681056977938608,0.914598474695481,91,0.15711692084667997,0.35,0.8,20,6.0
1.0,Gradual joint shift,6,260,5,0.7,0.16,36,117,169,log_euclidean,1e-06,0.15918861788328004,0.17524204523690343,0.953424597616712,91,0.14739107066151538,0.35,0.8,20,6.0
1.0,Gradual joint shift,6,260,5,0.7,0.16,36,117,169,persistence,,,0.18380273141154346,1.0,91,0.09566025639164719,0.35,0.8,20,6.0
1.0,Gradual joint shift,7,260,5,0.7,0.16,36,117,169,cholesky,1e-06,0.21615873877336286,0.27947196337847274,0.9519988133471716,91,0.058678785280544946,0.35,0.8,20,6.0
1.0,Gradual joint shift,7,260,5,0.7,0.16,36,117,169,euclidean,1e-06,0.2118981271991024,0.28312295349862104,0.9644356181697593,91,9.999999639147764e-09,0.35,0.8,20,6.0
1.0,Gradual joint shift,7,260,5,0.7,0.16,36,117,169,fixed_bwar,1e-06,0.20551705251249508,0.26787318906611174,0.9124885195482342,91,0.05294267497842192,0.35,0.8,20,6.0
1.0,Gradual joint shift,7,260,5,0.7,0.16,36,117,169,local_bwar,1e-06,0.20588405443200783,0.26367336156956,0.8981821442515985,91,0.05526383657370825,0.35,0.8,20,6.0
1.0,Gradual joint shift,7,260,5,0.7,0.16,36,117,169,log_euclidean,1e-06,0.2106898654642533,0.29230498085911494,0.9957134574407908,91,0.05843409576332458,0.35,0.8,20,6.0
1.0,Gradual joint shift,7,260,5,0.7,0.16,36,117,169,persistence,,,0.2935633526641339,1.0,91,0.0332114864429786,0.35,0.8,20,6.0
1.0,Gradual joint shift,8,260,5,0.7,0.16,36,117,169,cholesky,1e-06,0.19199840910350724,0.20151408074741642,1.0623815779270387,91,0.12393659328166118,0.35,0.8,20,6.0
1.0,Gradual joint shift,8,260,5,0.7,0.16,36,117,169,euclidean,1e-06,0.18988704742859414,0.18932211809120034,0.9981055904789286,91,0.22079280370534043,0.35,0.8,20,6.0
1.0,Gradual joint shift,8,260,5,0.7,0.16,36,117,169,fixed_bwar,1e-06,0.18654232921399158,0.1843442478144029,0.9718622745787916,91,0.15428168336261391,0.35,0.8,20,6.0
1.0,Gradual joint shift,8,260,5,0.7,0.16,36,117,169,local_bwar,1e-06,0.18828178785649882,0.18266224628712185,0.9629947680005871,91,0.1316536387550528,0.35,0.8,20,6.0
1.0,Gradual joint shift,8,260,5,0.7,0.16,36,117,169,log_euclidean,1e-06,0.1909845982924555,0.192887391910713,1.0169017024531752,91,0.11246846882024883,0.35,0.8,20,6.0
1.0,Gradual joint shift,8,260,5,0.7,0.16,36,117,169,persistence,,,0.1896814524406746,1.0,91,0.04622654406510141,0.35,0.8,20,6.0
1.0,Gradual joint shift,9,260,5,0.7,0.16,36,117,169,cholesky,1e-06,0.2184018188028101,0.2581771147510167,1.1335529780830913,91,0.04918413790081521,0.35,0.8,20,6.0
1.0,Gradual joint shift,9,260,5,0.7,0.16,36,117,169,euclidean,1e-06,0.21066047375437083,0.23286632718845696,1.02242338146165,91,0.1183322695374168,0.35,0.8,20,6.0
1.0,Gradual joint shift,9,260,5,0.7,0.16,36,117,169,fixed_bwar,1e-06,0.20176431625110777,0.21725055836197604,0.9538607543078625,91,0.06817101266078132,0.35,0.8,20,6.0
1.0,Gradual joint shift,9,260,5,0.7,0.16,36,117,169,local_bwar,1e-06,0.20112560228485127,0.21346784477374847,0.9372523641439785,91,0.0623393380106479,0.35,0.8,20,6.0
1.0,Gradual joint shift,9,260,5,0.7,0.16,36,117,169,log_euclidean,1e-06,0.2053908511090769,0.22881282466233926,1.0046260648227245,91,0.05423766282782762,0.35,0.8,20,6.0
1.0,Gradual joint shift,9,260,5,0.7,0.16,36,117,169,persistence,,,0.22775919585832705,1.0,91,0.019959874770162714,0.35,0.8,20,6.0
1.0,Gradual joint shift,10,260,5,0.7,0.16,36,117,169,cholesky,1e-06,0.1737470502470263,0.1862393286787533,0.9487991540323455,91,0.12281608794187493,0.35,0.8,20,6.0
1.0,Gradual joint shift,10,260,5,0.7,0.16,36,117,169,euclidean,1e-06,0.17715070929607254,0.18509943849873534,0.9429919657968446,91,0.17968067669421225,0.35,0.8,20,6.0
1.0,Gradual joint shift,10,260,5,0.7,0.16,36,117,169,fixed_bwar,1e-06,0.17149965314866802,0.18248773131724935,0.9296865829759668,91,0.13666568677247493,0.35,0.8,20,6.0
1.0,Gradual joint shift,10,260,5,0.7,0.16,36,117,169,local_bwar,1e-06,0.17196984916161243,0.18155196655086517,0.9249193148322438,91,0.1437866675609874,0.35,0.8,20,6.0
1.0,Gradual joint shift,10,260,5,0.7,0.16,36,117,169,log_euclidean,1e-06,0.17389137605363825,0.18632516870741767,0.9492364673922928,91,0.1186520425371679,0.35,0.8,20,6.0
1.0,Gradual joint shift,10,260,5,0.7,0.16,36,117,169,persistence,,,0.19628951805790104,1.0,91,0.06503128813887053,0.35,0.8,20,6.0
1.0,Gradual joint shift,11,260,5,0.7,0.16,36,117,169,cholesky,1e-06,0.18084257784475544,0.19013658142064485,0.9723499670526158,91,0.1359150268318866,0.35,0.8,20,6.0
1.0,Gradual joint shift,11,260,5,0.7,0.16,36,117,169,euclidean,1e-06,0.19182019634529887,0.1999742325334995,1.0226592745198464,91,0.23600645791790376,0.35,0.8,20,6.0
1.0,Gradual joint shift,11,260,5,0.7,0.16,36,117,169,fixed_bwar,1e-06,0.1775402419255935,0.1880135508210144,0.9614928835909362,91,0.1838422023284304,0.35,0.8,20,6.0
1.0,Gradual joint shift,11,260,5,0.7,0.16,36,117,169,local_bwar,1e-06,0.17634052966175348,0.18447032506471675,0.9433729856646452,91,0.16870817182689635,0.35,0.8,20,6.0
1.0,Gradual joint shift,11,260,5,0.7,0.16,36,117,169,log_euclidean,1e-06,0.17560158913612384,0.19155887973941393,0.9796235369940807,91,0.1543115746741056,0.35,0.8,20,6.0
1.0,Gradual joint shift,11,260,5,0.7,0.16,36,117,169,persistence,,,0.19554336181754217,1.0,91,0.08617225923984315,0.35,0.8,20,6.0
1.0,Gradual joint shift,12,260,5,0.7,0.16,36,117,169,cholesky,1e-06,0.19307798229205148,0.31690879617970763,1.0864204459408167,91,0.12051911862609349,0.35,0.8,20,6.0
1.0,Gradual joint shift,12,260,5,0.7,0.16,36,117,169,euclidean,1e-06,0.18235771677815266,0.3043543628065812,1.0433815865964648,91,0.052689407121507464,0.35,0.8,20,6.0
1.0,Gradual joint shift,12,260,5,0.7,0.16,36,117,169,fixed_bwar,1e-06,0.17754014336138424,0.2787033323386375,0.9554452329964152,91,0.12803432126432227,0.35,0.8,20,6.0
1.0,Gradual joint shift,12,260,5,0.7,0.16,36,117,169,local_bwar,1e-06,0.17815434604634656,0.2784115836487197,0.9544450659274538,91,0.12146209650694205,0.35,0.8,20,6.0
1.0,Gradual joint shift,12,260,5,0.7,0.16,36,117,169,log_euclidean,1e-06,0.18215132032935524,0.286669463337996,0.9827545651988521,91,0.11961144153948423,0.35,0.8,20,6.0
1.0,Gradual joint shift,12,260,5,0.7,0.16,36,117,169,persistence,,,0.2916999559091245,1.0,91,0.09388288655074879,0.35,0.8,20,6.0
1.0,Gradual joint shift,13,260,5,0.7,0.16,36,117,169,cholesky,1e-06,0.20211715487320012,0.2641391561686545,0.9422479577506964,91,0.10257171030647577,0.35,0.8,20,6.0
1.0,Gradual joint shift,13,260,5,0.7,0.16,36,117,169,euclidean,1e-06,0.20383374924202619,0.27653778669991874,0.9864768576474225,91,0.09155564746216065,0.35,0.8,20,6.0
1.0,Gradual joint shift,13,260,5,0.7,0.16,36,117,169,fixed_bwar,1e-06,0.196419961389244,0.2604162673382799,0.9289675170608898,91,0.13560858682512156,0.35,0.8,20,6.0
1.0,Gradual joint shift,13,260,5,0.7,0.16,36,117,169,local_bwar,1e-06,0.19603809554357227,0.2586413389873055,0.9226359203445302,91,0.1079518415834401,0.35,0.8,20,6.0
1.0,Gradual joint shift,13,260,5,0.7,0.16,36,117,169,log_euclidean,1e-06,0.2058240888155011,0.27196759646635194,0.9701738888768214,91,0.10777993995547945,0.35,0.8,20,6.0
1.0,Gradual joint shift,13,260,5,0.7,0.16,36,117,169,persistence,,,0.28032871177476354,1.0,91,0.06725394255731132,0.35,0.8,20,6.0
1.0,Gradual joint shift,14,260,5,0.7,0.16,36,117,169,cholesky,1e-06,0.17012316712031883,0.2018900371857389,1.0134528831768195,91,0.09622162056765172,0.35,0.8,20,6.0
1.0,Gradual joint shift,14,260,5,0.7,0.16,36,117,169,euclidean,1e-06,0.16201215376378833,0.19402373148059587,0.9739653962856606,91,0.11082517185436659,0.35,0.8,20,6.0
1.0,Gradual joint shift,14,260,5,0.7,0.16,36,117,169,fixed_bwar,1e-06,0.15534237328290662,0.18442998166704214,0.9258064403284723,91,0.09388492774791282,0.35,0.8,20,6.0
1.0,Gradual joint shift,14,260,5,0.7,0.16,36,117,169,local_bwar,1e-06,0.15584562113612194,0.18175639453877487,0.9123854978127498,91,0.08953864201575891,0.35,0.8,20,6.0
1.0,Gradual joint shift,14,260,5,0.7,0.16,36,117,169,log_euclidean,1e-06,0.16023291842122692,0.18928725907685054,0.9501891283698398,91,0.0887725182403418,0.35,0.8,20,6.0
1.0,Gradual joint shift,14,260,5,0.7,0.16,36,117,169,persistence,,,0.1992100871555907,1.0,91,0.05887576582983499,0.35,0.8,20,6.0
1.0,Gradual joint shift,15,260,5,0.7,0.16,36,117,169,cholesky,1e-06,0.19174352985551713,0.3534423173561716,1.0343976736030112,91,0.1081866296775069,0.35,0.8,20,6.0
1.0,Gradual joint shift,15,260,5,0.7,0.16,36,117,169,euclidean,1e-06,0.19036580018502963,0.34372867707564236,1.0059693660263873,91,0.13014753930538775,0.35,0.8,20,6.0
1.0,Gradual joint shift,15,260,5,0.7,0.16,36,117,169,fixed_bwar,1e-06,0.18134038460764107,0.3319932357942022,0.9716239790590605,91,0.11986137472874318,0.35,0.8,20,6.0
1.0,Gradual joint shift,15,260,5,0.7,0.16,36,117,169,local_bwar,1e-06,0.18184750191268656,0.3318854747562397,0.971308601523605,91,0.11209948901744204,0.35,0.8,20,6.0
1.0,Gradual joint shift,15,260,5,0.7,0.16,36,117,169,log_euclidean,1e-06,0.18771486739475468,0.35729106800331556,1.04566157302927,91,0.1009978462782132,0.35,0.8,20,6.0
1.0,Gradual joint shift,15,260,5,0.7,0.16,36,117,169,persistence,,,0.34168901030593224,1.0,91,0.07209351822098584,0.35,0.8,20,6.0
1.0,Gradual joint shift,16,260,5,0.7,0.16,36,117,169,cholesky,1e-06,0.19649827880096324,0.23453944632825904,0.9954179565787784,91,0.10915692858923379,0.35,0.8,20,6.0
1.0,Gradual joint shift,16,260,5,0.7,0.16,36,117,169,euclidean,1e-06,0.19321206997983348,0.23219396493634742,0.9854634080758262,91,0.12311009103665245,0.35,0.8,20,6.0
1.0,Gradual joint shift,16,260,5,0.7,0.16,36,117,169,fixed_bwar,1e-06,0.18958076107024027,0.22690049569201326,0.9629971900434319,91,0.11638986723233502,0.35,0.8,20,6.0
1.0,Gradual joint shift,16,260,5,0.7,0.16,36,117,169,local_bwar,1e-06,0.18913471468426302,0.22483437444971863,0.9542282847814554,91,0.10896428558156987,0.35,0.8,20,6.0
1.0,Gradual joint shift,16,260,5,0.7,0.16,36,117,169,log_euclidean,1e-06,0.19405857381288866,0.23450303045574547,0.9952634025625053,91,0.10325482813109331,0.35,0.8,20,6.0
1.0,Gradual joint shift,16,260,5,0.7,0.16,36,117,169,persistence,,,0.23561906310627956,1.0,91,0.07219247278046027,0.35,0.8,20,6.0
1.0,Gradual joint shift,17,260,5,0.7,0.16,36,117,169,cholesky,1e-06,0.19032017943059237,0.34058692408182845,1.0488647049401598,91,0.05405046789597191,0.35,0.8,20,6.0
1.0,Gradual joint shift,17,260,5,0.7,0.16,36,117,169,euclidean,1e-06,0.1813708560115335,0.3209411121199645,0.9883638538806531,91,0.07121396839511787,0.35,0.8,20,6.0
1.0,Gradual joint shift,17,260,5,0.7,0.16,36,117,169,fixed_bwar,1e-06,0.17659111112310633,0.3152434093204178,0.9708173218703768,91,0.09392570493023111,0.35,0.8,20,6.0
1.0,Gradual joint shift,17,260,5,0.7,0.16,36,117,169,local_bwar,1e-06,0.1785556908561325,0.3101139418419703,0.9550207160324223,91,0.07293819156214287,0.35,0.8,20,6.0
1.0,Gradual joint shift,17,260,5,0.7,0.16,36,117,169,log_euclidean,1e-06,0.18712820304675448,0.35268295320614806,1.086115395208524,91,0.06816293865916577,0.35,0.8,20,6.0
1.0,Gradual joint shift,17,260,5,0.7,0.16,36,117,169,persistence,,,0.32471959679609935,1.0,91,0.030922445347066514,0.35,0.8,20,6.0
1.0,Gradual joint shift,18,260,5,0.7,0.16,36,117,169,cholesky,1e-06,0.20766397819456534,0.3166743621641865,0.9808947078663501,91,0.0855565609420385,0.35,0.8,20,6.0
1.0,Gradual joint shift,18,260,5,0.7,0.16,36,117,169,euclidean,1e-06,0.2075348863692432,0.31587019885073,0.9784038224879474,91,0.009070913996211512,0.35,0.8,20,6.0
1.0,Gradual joint shift,18,260,5,0.7,0.16,36,117,169,fixed_bwar,1e-06,0.20335847353749975,0.29580338509506926,0.9162471285195801,91,0.08651606051344826,0.35,0.8,20,6.0
1.0,Gradual joint shift,18,260,5,0.7,0.16,36,117,169,local_bwar,1e-06,0.20372205967810425,0.29075280616326776,0.9006030261299562,91,0.08744008458240131,0.35,0.8,20,6.0
1.0,Gradual joint shift,18,260,5,0.7,0.16,36,117,169,log_euclidean,1e-06,0.21004753686198302,0.3077188011293931,0.9531549743275535,91,0.08951354470362413,0.35,0.8,20,6.0
1.0,Gradual joint shift,18,260,5,0.7,0.16,36,117,169,persistence,,,0.3228423597605283,1.0,91,0.06079443507129151,0.35,0.8,20,6.0
1.0,Gradual joint shift,19,260,5,0.7,0.16,36,117,169,cholesky,1e-06,0.14352670694859923,0.2531712156357686,1.024450523065501,91,0.17382242424867542,0.35,0.8,20,6.0
1.0,Gradual joint shift,19,260,5,0.7,0.16,36,117,169,euclidean,1e-06,0.142664135902576,0.23071802345365802,0.9335942840665695,91,0.19923134978384402,0.35,0.8,20,6.0
1.0,Gradual joint shift,19,260,5,0.7,0.16,36,117,169,fixed_bwar,1e-06,0.13733379371639176,0.22537480985066471,0.9119731137582028,91,0.17977355806736672,0.35,0.8,20,6.0
1.0,Gradual joint shift,19,260,5,0.7,0.16,36,117,169,local_bwar,1e-06,0.137288216164002,0.22320756380273304,0.9032034108445451,91,0.17274547940969828,0.35,0.8,20,6.0
1.0,Gradual joint shift,19,260,5,0.7,0.16,36,117,169,log_euclidean,1e-06,0.1392706008781383,0.23270480311403785,0.9416337345909144,91,0.1711452252492152,0.35,0.8,20,6.0
1.0,Gradual joint shift,19,260,5,0.7,0.16,36,117,169,persistence,,,0.2471287875164484,1.0,91,0.13103456092310822,0.35,0.8,20,6.0
1.0,Gradual joint shift,20,260,5,0.7,0.16,36,117,169,cholesky,1e-06,0.22881650186866082,0.30917993659109966,1.017972234547668,91,0.054988187859186265,0.35,0.8,20,6.0
1.0,Gradual joint shift,20,260,5,0.7,0.16,36,117,169,euclidean,1e-06,0.22832291286198306,0.2992836773610095,0.9853888876682061,91,0.004791224176735879,0.35,0.8,20,6.0
1.0,Gradual joint shift,20,260,5,0.7,0.16,36,117,169,fixed_bwar,1e-06,0.2197878612567763,0.282064049754417,0.9286934145206568,91,0.06779030501838157,0.35,0.8,20,6.0
1.0,Gradual joint shift,20,260,5,0.7,0.16,36,117,169,local_bwar,1e-06,0.21993723163041942,0.2809946961132981,0.9251725770188004,91,0.06802795444687339,0.35,0.8,20,6.0
1.0,Gradual joint shift,20,260,5,0.7,0.16,36,117,169,log_euclidean,1e-06,0.22767861731452996,0.29889687447407975,0.9841153425492092,91,0.06320893782822035,0.35,0.8,20,6.0
1.0,Gradual joint shift,20,260,5,0.7,0.16,36,117,169,persistence,,,0.30372138462939763,1.0,91,0.0403462861157185,0.35,0.8,20,6.0
1.0,Gradual joint shift,21,260,5,0.7,0.16,36,117,169,cholesky,1e-06,0.16667672200090589,0.19160632749382656,0.9367629619236159,91,0.13500817741863919,0.35,0.8,20,6.0
1.0,Gradual joint shift,21,260,5,0.7,0.16,36,117,169,euclidean,1e-06,0.16863724153019916,0.194733401033902,0.95205121837041,91,0.18457320668887242,0.35,0.8,20,6.0
1.0,Gradual joint shift,21,260,5,0.7,0.16,36,117,169,fixed_bwar,1e-06,0.16463560315808315,0.18958514282249717,0.9268813940021696,91,0.1420164186861735,0.35,0.8,20,6.0
1.0,Gradual joint shift,21,260,5,0.7,0.16,36,117,169,local_bwar,1e-06,0.1652981297669259,0.1869869521897583,0.9141788450592331,91,0.12968458604239563,0.35,0.8,20,6.0
1.0,Gradual joint shift,21,260,5,0.7,0.16,36,117,169,log_euclidean,1e-06,0.1682211340619822,0.19531454980395796,0.9548924535753038,91,0.12795372319616102,0.35,0.8,20,6.0
1.0,Gradual joint shift,21,260,5,0.7,0.16,36,117,169,persistence,,,0.20454088737706758,1.0,91,0.1004842203193987,0.35,0.8,20,6.0
1.0,Gradual joint shift,22,260,5,0.7,0.16,36,117,169,cholesky,1e-06,0.22090837447694656,0.2559072842118777,0.9939919106910791,91,0.10338004283477412,0.35,0.8,20,6.0
1.0,Gradual joint shift,22,260,5,0.7,0.16,36,117,169,euclidean,1e-06,0.21932063305507743,0.25420429415345913,0.987377177752669,91,0.09823311177101186,0.35,0.8,20,6.0
1.0,Gradual joint shift,22,260,5,0.7,0.16,36,117,169,fixed_bwar,1e-06,0.21504557194109714,0.24434025898823172,0.9490634142691311,91,0.10485381587888432,0.35,0.8,20,6.0
1.0,Gradual joint shift,22,260,5,0.7,0.16,36,117,169,local_bwar,1e-06,0.21495424413334924,0.2457977134204968,0.9547244407629017,91,0.10183228581664709,0.35,0.8,20,6.0
1.0,Gradual joint shift,22,260,5,0.7,0.16,36,117,169,log_euclidean,1e-06,0.22040399867891255,0.2556866350496784,0.9931348679421698,91,0.10259833009143261,0.35,0.8,20,6.0
1.0,Gradual joint shift,22,260,5,0.7,0.16,36,117,169,persistence,,,0.2574540913858711,1.0,91,0.08021778081125445,0.35,0.8,20,6.0
1.0,Gradual joint shift,23,260,5,0.7,0.16,36,117,169,cholesky,1e-06,0.1991648702581812,0.2579607288057651,1.0285382752407448,91,0.11922076389393764,0.35,0.8,20,6.0
1.0,Gradual joint shift,23,260,5,0.7,0.16,36,117,169,euclidean,1e-06,0.18965604233735703,0.2324610222828401,0.9268661165069141,91,0.056018454310051397,0.35,0.8,20,6.0
1.0,Gradual joint shift,23,260,5,0.7,0.16,36,117,169,fixed_bwar,1e-06,0.17890299413102617,0.22581370072405638,0.9003619866624444,91,0.09484425021366591,0.35,0.8,20,6.0
1.0,Gradual joint shift,23,260,5,0.7,0.16,36,117,169,local_bwar,1e-06,0.1786624430944052,0.22443473469327904,0.8948637879657767,91,0.10271764829568811,0.35,0.8,20,6.0
1.0,Gradual joint shift,23,260,5,0.7,0.16,36,117,169,log_euclidean,1e-06,0.18379619096954947,0.23885584082077474,0.9523634689912812,91,0.09496884388957763,0.35,0.8,20,6.0
1.0,Gradual joint shift,23,260,5,0.7,0.16,36,117,169,persistence,,,0.25080323699707285,1.0,91,0.04309098151992878,0.35,0.8,20,6.0
1.0,Gradual joint shift,24,260,5,0.7,0.16,36,117,169,cholesky,1e-06,0.20846950491290442,0.37442988748844397,1.139783073711266,91,0.06442354756817595,0.35,0.8,20,6.0
1.0,Gradual joint shift,24,260,5,0.7,0.16,36,117,169,euclidean,1e-06,0.1973545825905969,0.33353259290194964,1.015289688733529,91,1.0000000615284482e-08,0.35,0.8,20,6.0
1.0,Gradual joint shift,24,260,5,0.7,0.16,36,117,169,fixed_bwar,1e-06,0.19031031164435738,0.31055055988133184,0.9453312449456195,91,0.07232203522213855,0.35,0.8,20,6.0
1.0,Gradual joint shift,24,260,5,0.7,0.16,36,117,169,local_bwar,1e-06,0.19073100470018584,0.3069178200832068,0.9342730055489901,91,0.06986480592789354,0.35,0.8,20,6.0
1.0,Gradual joint shift,24,260,5,0.7,0.16,36,117,169,log_euclidean,1e-06,0.1961323960748328,0.3306977194903744,1.0066601940307929,91,0.06622539846710267,0.35,0.8,20,6.0
1.0,Gradual joint shift,24,260,5,0.7,0.16,36,117,169,persistence,,,0.3285097806104953,1.0,91,0.042195700222460775,0.35,0.8,20,6.0
1.0,Gradual joint shift,25,260,5,0.7,0.16,36,117,169,cholesky,1e-06,0.20805043536487533,0.23906889820586494,1.0913488895055148,91,0.09611215373856803,0.35,0.8,20,6.0
1.0,Gradual joint shift,25,260,5,0.7,0.16,36,117,169,euclidean,1e-06,0.19646282737474957,0.22106924362525757,1.0091805138387098,91,0.024042520132395804,0.35,0.8,20,6.0
1.0,Gradual joint shift,25,260,5,0.7,0.16,36,117,169,fixed_bwar,1e-06,0.18762728724704195,0.21156231699695774,0.9657814188653808,91,0.11046673903501626,0.35,0.8,20,6.0
1.0,Gradual joint shift,25,260,5,0.7,0.16,36,117,169,local_bwar,1e-06,0.1869639506829577,0.21014795653458535,0.959324867086565,91,0.11256046161739997,0.35,0.8,20,6.0
1.0,Gradual joint shift,25,260,5,0.7,0.16,36,117,169,log_euclidean,1e-06,0.19756046012621084,0.2200516222538382,1.0045350749632636,91,0.10266722551129694,0.35,0.8,20,6.0
1.0,Gradual joint shift,25,260,5,0.7,0.16,36,117,169,persistence,,,0.21905817699982813,1.0,91,0.03676969377621675,0.35,0.8,20,6.0
1.0,Gradual joint shift,26,260,5,0.7,0.16,36,117,169,cholesky,1e-06,0.18506945978349523,0.23622207504119222,0.9921521380168232,91,0.0827740451072129,0.35,0.8,20,6.0
1.0,Gradual joint shift,26,260,5,0.7,0.16,36,117,169,euclidean,1e-06,0.19390765397746534,0.22741605277557295,0.9551661204452885,91,0.05150574318515019,0.35,0.8,20,6.0
1.0,Gradual joint shift,26,260,5,0.7,0.16,36,117,169,fixed_bwar,1e-06,0.17896185725897726,0.2247226880815626,0.9438537672744199,91,0.09297558180993808,0.35,0.8,20,6.0
1.0,Gradual joint shift,26,260,5,0.7,0.16,36,117,169,local_bwar,1e-06,0.179505967172844,0.22438358005215128,0.9424294856684758,91,0.08329447654823025,0.35,0.8,20,6.0
1.0,Gradual joint shift,26,260,5,0.7,0.16,36,117,169,log_euclidean,1e-06,0.18257131560368467,0.237823097298384,0.9988765631375844,91,0.07824135890753972,0.35,0.8,20,6.0
1.0,Gradual joint shift,26,260,5,0.7,0.16,36,117,169,persistence,,,0.2380905770292124,1.0,91,0.04963881904050798,0.35,0.8,20,6.0
1.0,Gradual joint shift,27,260,5,0.7,0.16,36,117,169,cholesky,1e-06,0.20928770761499849,0.270510172813373,1.1593964644810517,91,0.11568262485346127,0.35,0.8,20,6.0
1.0,Gradual joint shift,27,260,5,0.7,0.16,36,117,169,euclidean,1e-06,0.18918968651929363,0.24466483095300523,1.0486242977097577,91,0.16056306066416656,0.35,0.8,20,6.0
1.0,Gradual joint shift,27,260,5,0.7,0.16,36,117,169,fixed_bwar,1e-06,0.18066915031320827,0.2327223038863396,0.997439074196504,91,0.11695972949590278,0.35,0.8,20,6.0
1.0,Gradual joint shift,27,260,5,0.7,0.16,36,117,169,local_bwar,1e-06,0.18135780110725153,0.23138498988751532,0.9917073965075929,91,0.10448879082290947,0.35,0.8,20,6.0
1.0,Gradual joint shift,27,260,5,0.7,0.16,36,117,169,log_euclidean,1e-06,0.1884316871353522,0.25467503884259024,1.0915276736353356,91,0.09146468243318424,0.35,0.8,20,6.0
1.0,Gradual joint shift,27,260,5,0.7,0.16,36,117,169,persistence,,,0.23331981863033704,1.0,91,0.04750701434951406,0.35,0.8,20,6.0
1.0,Gradual joint shift,28,260,5,0.7,0.16,36,117,169,cholesky,1e-06,0.17467300296178648,0.23131039536205245,0.929003613878891,91,0.10069521284140955,0.35,0.8,20,6.0
1.0,Gradual joint shift,28,260,5,0.7,0.16,36,117,169,euclidean,1e-06,0.16018782516180902,0.23592691413205047,0.9475447720233617,91,0.1379471634408326,0.35,0.8,20,6.0
1.0,Gradual joint shift,28,260,5,0.7,0.16,36,117,169,fixed_bwar,1e-06,0.15999373413330564,0.22660123350160746,0.9100903766253449,91,0.1345092636034699,0.35,0.8,20,6.0
1.0,Gradual joint shift,28,260,5,0.7,0.16,36,117,169,local_bwar,1e-06,0.1602354212454271,0.2277697037474779,0.9147832616097163,91,0.11766629965957419,0.35,0.8,20,6.0
1.0,Gradual joint shift,28,260,5,0.7,0.16,36,117,169,log_euclidean,1e-06,0.16720026464840457,0.23651875769962144,0.9499217720378393,91,0.11611178414142413,0.35,0.8,20,6.0
1.0,Gradual joint shift,28,260,5,0.7,0.16,36,117,169,persistence,,,0.24898761630889318,1.0,91,0.07153729817720755,0.35,0.8,20,6.0
1.0,Gradual joint shift,29,260,5,0.7,0.16,36,117,169,cholesky,1e-06,0.1673515185335207,0.18318943487142839,0.9660905220588424,91,0.08819997786948904,0.35,0.8,20,6.0
1.0,Gradual joint shift,29,260,5,0.7,0.16,36,117,169,euclidean,1e-06,0.17397656641124956,0.18716321362638438,0.9870471345109535,91,0.09554840833035884,0.35,0.8,20,6.0
1.0,Gradual joint shift,29,260,5,0.7,0.16,36,117,169,fixed_bwar,1e-06,0.1649383650224081,0.18080191108871554,0.9534993805484828,91,0.0979993593424959,0.35,0.8,20,6.0
1.0,Gradual joint shift,29,260,5,0.7,0.16,36,117,169,local_bwar,1e-06,0.16382306375104883,0.17930397107924215,0.945599658346814,91,0.09080949055902864,0.35,0.8,20,6.0
1.0,Gradual joint shift,29,260,5,0.7,0.16,36,117,169,log_euclidean,1e-06,0.1697375098828746,0.18725107631272675,0.9875104980699796,91,0.09018837908572046,0.35,0.8,20,6.0
1.0,Gradual joint shift,29,260,5,0.7,0.16,36,117,169,persistence,,,0.18961932726659203,1.0,91,0.0541648722007492,0.35,0.8,20,6.0
1.0,Gradual joint shift,30,260,5,0.7,0.16,36,117,169,cholesky,1e-06,0.2230370334761953,0.2386976791564084,1.0139500987900507,91,0.09162057088354915,0.35,0.8,20,6.0
1.0,Gradual joint shift,30,260,5,0.7,0.16,36,117,169,euclidean,1e-06,0.22633070558361293,0.22929825942062,0.9740228460268311,91,1.0000000444524982e-08,0.35,0.8,20,6.0
1.0,Gradual joint shift,30,260,5,0.7,0.16,36,117,169,fixed_bwar,1e-06,0.21001189620717783,0.21743849498404508,0.9236444369673436,91,0.11293705776177573,0.35,0.8,20,6.0
1.0,Gradual joint shift,30,260,5,0.7,0.16,36,117,169,local_bwar,1e-06,0.21013414816446124,0.21150871869541174,0.8984556824100656,91,0.105469673013179,0.35,0.8,20,6.0
1.0,Gradual joint shift,30,260,5,0.7,0.16,36,117,169,log_euclidean,1e-06,0.20716093259870255,0.22246317354547698,0.9449884791120254,91,0.08840627112634827,0.35,0.8,20,6.0
1.0,Gradual joint shift,30,260,5,0.7,0.16,36,117,169,persistence,,,0.23541363568211784,1.0,91,0.028204282975254312,0.35,0.8,20,6.0
1.0,Gradual joint shift,31,260,5,0.7,0.16,36,117,169,cholesky,1e-06,0.17827875372316998,0.24535496125748604,1.0549881591165413,91,0.10888655522394601,0.35,0.8,20,6.0
1.0,Gradual joint shift,31,260,5,0.7,0.16,36,117,169,euclidean,1e-06,0.18201786058534783,0.24240625420384246,1.0423091775693423,91,0.12015632335692673,0.35,0.8,20,6.0
1.0,Gradual joint shift,31,260,5,0.7,0.16,36,117,169,fixed_bwar,1e-06,0.17795179220501545,0.2323817425453448,0.9992053371316422,91,0.12959607842303902,0.35,0.8,20,6.0
1.0,Gradual joint shift,31,260,5,0.7,0.16,36,117,169,local_bwar,1e-06,0.1780506322832447,0.23142294772886507,0.9950826685977587,91,0.1334403345958265,0.35,0.8,20,6.0
1.0,Gradual joint shift,31,260,5,0.7,0.16,36,117,169,log_euclidean,1e-06,0.17919933883683023,0.23928035384492075,1.0288682923786012,91,0.11971241347432104,0.35,0.8,20,6.0
1.0,Gradual joint shift,31,260,5,0.7,0.16,36,117,169,persistence,,,0.23256655455066813,1.0,91,0.059059689737199876,0.35,0.8,20,6.0
1.0,Gradual joint shift,32,260,5,0.7,0.16,36,117,169,cholesky,1e-06,0.2228096696048526,0.24388543926584635,1.1056974974578175,91,0.09389487898432038,0.35,0.8,20,6.0
1.0,Gradual joint shift,32,260,5,0.7,0.16,36,117,169,euclidean,1e-06,0.21213162776833686,0.21527290645235064,0.9759775518019953,91,0.08396073323060442,0.35,0.8,20,6.0
1.0,Gradual joint shift,32,260,5,0.7,0.16,36,117,169,fixed_bwar,1e-06,0.20666696265758325,0.20807278196910564,0.9433345221628592,91,0.09513451975554499,0.35,0.8,20,6.0
1.0,Gradual joint shift,32,260,5,0.7,0.16,36,117,169,local_bwar,1e-06,0.2062423370083089,0.20839413866649806,0.9447914492232352,91,0.09110701867122081,0.35,0.8,20,6.0
1.0,Gradual joint shift,32,260,5,0.7,0.16,36,117,169,log_euclidean,1e-06,0.21133507566201887,0.21775913898997773,0.9872493239226585,91,0.09233591652608934,0.35,0.8,20,6.0
1.0,Gradual joint shift,32,260,5,0.7,0.16,36,117,169,persistence,,,0.2205715757036437,1.0,91,0.042021159239212756,0.35,0.8,20,6.0
1.0,Gradual joint shift,33,260,5,0.7,0.16,36,117,169,cholesky,1e-06,0.21007941501401783,0.23567622288727777,1.0041324193697128,91,0.11108296799767109,0.35,0.8,20,6.0
1.0,Gradual joint shift,33,260,5,0.7,0.16,36,117,169,euclidean,1e-06,0.19891546462526755,0.23520657243155496,1.0021314061042015,91,0.036868396026770195,0.35,0.8,20,6.0
1.0,Gradual joint shift,33,260,5,0.7,0.16,36,117,169,fixed_bwar,1e-06,0.19716233607604366,0.22581549883192695,0.9621193873330769,91,0.1304655056016811,0.35,0.8,20,6.0
1.0,Gradual joint shift,33,260,5,0.7,0.16,36,117,169,local_bwar,1e-06,0.1979298761806197,0.22055355168899066,0.9397001052752543,91,0.13122185584746957,0.35,0.8,20,6.0
1.0,Gradual joint shift,33,260,5,0.7,0.16,36,117,169,log_euclidean,1e-06,0.2070040409676047,0.23217968573033831,0.9892349202847373,91,0.12805684468942474,0.35,0.8,20,6.0
1.0,Gradual joint shift,33,260,5,0.7,0.16,36,117,169,persistence,,,0.23470631795277574,1.0,91,0.08334957085261052,0.35,0.8,20,6.0
1.0,Gradual joint shift,34,260,5,0.7,0.16,36,117,169,cholesky,1e-06,0.2728670220625887,0.350088644013672,1.094872660687866,91,0.15533186536990265,0.35,0.8,20,6.0
1.0,Gradual joint shift,34,260,5,0.7,0.16,36,117,169,euclidean,1e-06,0.24495342751994953,0.31194106344930106,0.9755693249598827,91,0.16501131041204833,0.35,0.8,20,6.0
1.0,Gradual joint shift,34,260,5,0.7,0.16,36,117,169,fixed_bwar,1e-06,0.2393433743463216,0.3057813660552413,0.9563053916955895,91,0.15057447921877873,0.35,0.8,20,6.0
1.0,Gradual joint shift,34,260,5,0.7,0.16,36,117,169,local_bwar,1e-06,0.23917726920867055,0.30405399378798387,0.9509031808481655,91,0.15128931544924984,0.35,0.8,20,6.0
1.0,Gradual joint shift,34,260,5,0.7,0.16,36,117,169,log_euclidean,1e-06,0.25414942109570765,0.3246367128807354,1.0152738961016192,91,0.15208394383077842,0.35,0.8,20,6.0
1.0,Gradual joint shift,34,260,5,0.7,0.16,36,117,169,persistence,,,0.31975284120595804,1.0,91,0.06037859896121677,0.35,0.8,20,6.0
1.0,Gradual joint shift,35,260,5,0.7,0.16,36,117,169,cholesky,1e-06,0.19637151018369842,0.2637316307792931,0.9717669677209112,91,0.07394934102887607,0.35,0.8,20,6.0
1.0,Gradual joint shift,35,260,5,0.7,0.16,36,117,169,euclidean,1e-06,0.19401878803158837,0.25591757930582665,0.9429746795772858,91,0.14945297242665737,0.35,0.8,20,6.0
1.0,Gradual joint shift,35,260,5,0.7,0.16,36,117,169,fixed_bwar,1e-06,0.19138780231668145,0.2510831541488883,0.9251613643463829,91,0.11288492289801218,0.35,0.8,20,6.0
1.0,Gradual joint shift,35,260,5,0.7,0.16,36,117,169,local_bwar,1e-06,0.19121712423095025,0.24943434707081186,0.9190860359912489,91,0.09907155458505879,0.35,0.8,20,6.0
1.0,Gradual joint shift,35,260,5,0.7,0.16,36,117,169,log_euclidean,1e-06,0.1983395055639943,0.26225848178763705,0.9663388834050759,91,0.09064470722995432,0.35,0.8,20,6.0
1.0,Gradual joint shift,35,260,5,0.7,0.16,36,117,169,persistence,,,0.2713939036205603,1.0,91,0.0550468585039448,0.35,0.8,20,6.0
1.0,Gradual joint shift,36,260,5,0.7,0.16,36,117,169,cholesky,1e-06,0.16864042583030558,0.20606888720267813,0.9609513936033209,91,0.23220095233558838,0.35,0.8,20,6.0
1.0,Gradual joint shift,36,260,5,0.7,0.16,36,117,169,euclidean,1e-06,0.16779015864391822,0.20475390742739835,0.9548193099842521,91,0.2456778304072758,0.35,0.8,20,6.0
1.0,Gradual joint shift,36,260,5,0.7,0.16,36,117,169,fixed_bwar,1e-06,0.1637178984339403,0.20349976053202423,0.9489709054858685,91,0.2166637095687084,0.35,0.8,20,6.0
1.0,Gradual joint shift,36,260,5,0.7,0.16,36,117,169,local_bwar,1e-06,0.16358675188306385,0.20174752716843802,0.9407997976805437,91,0.21474717935431908,0.35,0.8,20,6.0
1.0,Gradual joint shift,36,260,5,0.7,0.16,36,117,169,log_euclidean,1e-06,0.167652232248566,0.21325828303578093,0.9944773665862829,91,0.1994458360199511,0.35,0.8,20,6.0
1.0,Gradual joint shift,36,260,5,0.7,0.16,36,117,169,persistence,,,0.21444257074228565,1.0,91,0.09130171667128772,0.35,0.8,20,6.0
1.0,Gradual joint shift,37,260,5,0.7,0.16,36,117,169,cholesky,1e-06,0.160998936370969,0.26869927492877854,1.168773202418956,91,0.11907626418482652,0.35,0.8,20,6.0
1.0,Gradual joint shift,37,260,5,0.7,0.16,36,117,169,euclidean,1e-06,0.15180313664609765,0.22944377791402112,0.9980218188484312,91,0.15102975429475227,0.35,0.8,20,6.0
1.0,Gradual joint shift,37,260,5,0.7,0.16,36,117,169,fixed_bwar,1e-06,0.14556261972096307,0.2186622601480014,0.9511249708771525,91,0.11400021812073055,0.35,0.8,20,6.0
1.0,Gradual joint shift,37,260,5,0.7,0.16,36,117,169,local_bwar,1e-06,0.14658724663384376,0.21398610964541784,0.9307849107882437,91,0.11735369883323872,0.35,0.8,20,6.0
1.0,Gradual joint shift,37,260,5,0.7,0.16,36,117,169,log_euclidean,1e-06,0.14952204398871163,0.22486157641866755,0.9780904129401984,91,0.10792149225301946,0.35,0.8,20,6.0
1.0,Gradual joint shift,37,260,5,0.7,0.16,36,117,169,persistence,,,0.22989855891002978,1.0,91,0.07627387462199182,0.35,0.8,20,6.0
1.0,Gradual joint shift,38,260,5,0.7,0.16,36,117,169,cholesky,1e-06,0.15576080244072119,0.2385007110849406,0.9646909825374792,91,0.12985016199885682,0.35,0.8,20,6.0
1.0,Gradual joint shift,38,260,5,0.7,0.16,36,117,169,euclidean,1e-06,0.16230079511639,0.2436099622132036,0.9853569523307492,91,0.1060876902810656,0.35,0.8,20,6.0
1.0,Gradual joint shift,38,260,5,0.7,0.16,36,117,169,fixed_bwar,1e-06,0.15462628124387745,0.23367271122285446,0.9451626217646347,91,0.12925090720144844,0.35,0.8,20,6.0
1.0,Gradual joint shift,38,260,5,0.7,0.16,36,117,169,local_bwar,1e-06,0.1554333132395529,0.23138598004256186,0.9359132197855776,91,0.11532652545716647,0.35,0.8,20,6.0
1.0,Gradual joint shift,38,260,5,0.7,0.16,36,117,169,log_euclidean,1e-06,0.15637848839778634,0.24009358718083382,0.9711338698522279,91,0.11929360717881253,0.35,0.8,20,6.0
1.0,Gradual joint shift,38,260,5,0.7,0.16,36,117,169,persistence,,,0.24723016530910155,1.0,91,0.0739549781845886,0.35,0.8,20,6.0
1.0,Gradual joint shift,39,260,5,0.7,0.16,36,117,169,cholesky,1e-06,0.14877158996509943,0.21270557877836316,0.9258658636722225,91,0.10823259952871787,0.35,0.8,20,6.0
1.0,Gradual joint shift,39,260,5,0.7,0.16,36,117,169,euclidean,1e-06,0.1515229546220474,0.21404909021878002,0.9317139067150013,91,0.11225775321028156,0.35,0.8,20,6.0
1.0,Gradual joint shift,39,260,5,0.7,0.16,36,117,169,fixed_bwar,1e-06,0.14364880286468093,0.2058672174978744,0.896099811886342,91,0.1206772436801179,0.35,0.8,20,6.0
1.0,Gradual joint shift,39,260,5,0.7,0.16,36,117,169,local_bwar,1e-06,0.14358839032744444,0.20379427162122746,0.8870766831303852,91,0.11484194580416292,0.35,0.8,20,6.0
1.0,Gradual joint shift,39,260,5,0.7,0.16,36,117,169,log_euclidean,1e-06,0.1453964171331566,0.21313055807551262,0.9277157155955145,91,0.11243184043153258,0.35,0.8,20,6.0
1.0,Gradual joint shift,39,260,5,0.7,0.16,36,117,169,persistence,,,0.22973692747966543,1.0,91,0.09281852080028366,0.35,0.8,20,6.0
1.0,Gradual joint shift,40,260,5,0.7,0.16,36,117,169,cholesky,1e-06,0.1460005047934856,0.19520739760388123,0.9332613849755619,91,0.16348881460526324,0.35,0.8,20,6.0
1.0,Gradual joint shift,40,260,5,0.7,0.16,36,117,169,euclidean,1e-06,0.14232312735892866,0.19261474217733424,0.9208662338499186,91,0.11080331125611352,0.35,0.8,20,6.0
1.0,Gradual joint shift,40,260,5,0.7,0.16,36,117,169,fixed_bwar,1e-06,0.14348442767515285,0.1899510856180584,0.9081316354682865,91,0.15846311897918158,0.35,0.8,20,6.0
1.0,Gradual joint shift,40,260,5,0.7,0.16,36,117,169,local_bwar,1e-06,0.14353160508311164,0.18864371980143954,0.9018812881573546,91,0.16757792383499598,0.35,0.8,20,6.0
1.0,Gradual joint shift,40,260,5,0.7,0.16,36,117,169,log_euclidean,1e-06,0.1459649538309193,0.19799942425095934,0.9466097041864369,91,0.1640248308777467,0.35,0.8,20,6.0
1.0,Gradual joint shift,40,260,5,0.7,0.16,36,117,169,persistence,,,0.20916690730645934,1.0,91,0.08587443535809726,0.35,0.8,20,6.0
1.0,Gradual joint shift,41,260,5,0.7,0.16,36,117,169,cholesky,1e-06,0.16852194680705365,0.30070340055077804,1.0198724735088114,91,0.08921015989368027,0.35,0.8,20,6.0
1.0,Gradual joint shift,41,260,5,0.7,0.16,36,117,169,euclidean,1e-06,0.16792258544128755,0.2911258143949759,0.9873889150752506,91,0.06672631080118326,0.35,0.8,20,6.0
1.0,Gradual joint shift,41,260,5,0.7,0.16,36,117,169,fixed_bwar,1e-06,0.16329384977524503,0.2802860862225524,0.9506246471516961,91,0.08156621049259451,0.35,0.8,20,6.0
1.0,Gradual joint shift,41,260,5,0.7,0.16,36,117,169,local_bwar,1e-06,0.16373486732762965,0.27963520013706783,0.9484170871415342,91,0.0741865301063675,0.35,0.8,20,6.0
1.0,Gradual joint shift,41,260,5,0.7,0.16,36,117,169,log_euclidean,1e-06,0.16790718717946615,0.29236079185915037,0.9915774926530507,91,0.06846395715314117,0.35,0.8,20,6.0
1.0,Gradual joint shift,41,260,5,0.7,0.16,36,117,169,persistence,,,0.2948441186143848,1.0,91,0.04658461031466281,0.35,0.8,20,6.0
1.0,Gradual joint shift,42,260,5,0.7,0.16,36,117,169,cholesky,1e-06,0.23077809426248352,0.29010464598021957,1.0019797575312264,91,0.17070828208245425,0.35,0.8,20,6.0
1.0,Gradual joint shift,42,260,5,0.7,0.16,36,117,169,euclidean,1e-06,0.23215093534520742,0.2828960180458862,0.9770821925667941,91,0.2249144122579333,0.35,0.8,20,6.0
1.0,Gradual joint shift,42,260,5,0.7,0.16,36,117,169,fixed_bwar,1e-06,0.2222307004358582,0.2750852036896741,0.9501047622387998,91,0.2326163182933937,0.35,0.8,20,6.0
1.0,Gradual joint shift,42,260,5,0.7,0.16,36,117,169,local_bwar,1e-06,0.22264903758954752,0.27436972797266335,0.9476336119301667,91,0.21872403385500552,0.35,0.8,20,6.0
1.0,Gradual joint shift,42,260,5,0.7,0.16,36,117,169,log_euclidean,1e-06,0.22734831569344185,0.29925406294669804,1.0335805289102868,91,0.18308326074027484,0.35,0.8,20,6.0
1.0,Gradual joint shift,42,260,5,0.7,0.16,36,117,169,persistence,,,0.289531443923585,1.0,91,0.1001205443476003,0.35,0.8,20,6.0
1.0,Gradual joint shift,43,260,5,0.7,0.16,36,117,169,cholesky,1e-06,0.1721442525769804,0.21328691525911345,0.9841137199210966,91,0.0851784155949903,0.35,0.8,20,6.0
1.0,Gradual joint shift,43,260,5,0.7,0.16,36,117,169,euclidean,1e-06,0.16638278436259624,0.20681111277286443,0.9542341276053908,91,0.09439358695291296,0.35,0.8,20,6.0
1.0,Gradual joint shift,43,260,5,0.7,0.16,36,117,169,fixed_bwar,1e-06,0.16342430985011752,0.20023860430589968,0.9239083303159521,91,0.09301770458260192,0.35,0.8,20,6.0
1.0,Gradual joint shift,43,260,5,0.7,0.16,36,117,169,local_bwar,1e-06,0.16379257447914,0.19992386754800456,0.9224561232678461,91,0.08779046414559423,0.35,0.8,20,6.0
1.0,Gradual joint shift,43,260,5,0.7,0.16,36,117,169,log_euclidean,1e-06,0.16598749781211197,0.20676835361118537,0.9540368352510541,91,0.08655094847228595,0.35,0.8,20,6.0
1.0,Gradual joint shift,43,260,5,0.7,0.16,36,117,169,persistence,,,0.21672994791314784,1.0,91,0.059102691767025484,0.35,0.8,20,6.0
1.0,Gradual joint shift,44,260,5,0.7,0.16,36,117,169,cholesky,1e-06,0.2009645588433891,0.2644720269493636,0.9524603665835117,91,0.05782931521481845,0.35,0.8,20,6.0
1.0,Gradual joint shift,44,260,5,0.7,0.16,36,117,169,euclidean,1e-06,0.1985148920627187,0.28212338643871265,1.016029359205713,91,0.10659038359710156,0.35,0.8,20,6.0
1.0,Gradual joint shift,44,260,5,0.7,0.16,36,117,169,fixed_bwar,1e-06,0.19012272097215763,0.2580060605353092,0.9291740598535146,91,0.07426776678155032,0.35,0.8,20,6.0
1.0,Gradual joint shift,44,260,5,0.7,0.16,36,117,169,local_bwar,1e-06,0.1907567214343714,0.25474652858283353,0.9174352947593141,91,0.06272850297745827,0.35,0.8,20,6.0
1.0,Gradual joint shift,44,260,5,0.7,0.16,36,117,169,log_euclidean,1e-06,0.19580296390573843,0.2688030933838479,0.968058118721874,91,0.05819616466966493,0.35,0.8,20,6.0
1.0,Gradual joint shift,44,260,5,0.7,0.16,36,117,169,persistence,,,0.27767247460178146,1.0,91,0.029234239933713848,0.35,0.8,20,6.0
1.0,Gradual joint shift,45,260,5,0.7,0.16,36,117,169,cholesky,1e-06,0.24394414186827273,0.2597026605028708,0.9656119014568824,91,0.16224942653000182,0.35,0.8,20,6.0
1.0,Gradual joint shift,45,260,5,0.7,0.16,36,117,169,euclidean,1e-06,0.23028916366098556,0.2586614483927949,0.9617405248468643,91,0.11883303349643995,0.35,0.8,20,6.0
1.0,Gradual joint shift,45,260,5,0.7,0.16,36,117,169,fixed_bwar,1e-06,0.2283968689295803,0.2495544749713283,0.9278794858224971,91,0.16307030487249555,0.35,0.8,20,6.0
1.0,Gradual joint shift,45,260,5,0.7,0.16,36,117,169,local_bwar,1e-06,0.22914491256652791,0.24827902552018807,0.9231371810369287,91,0.16317311158046705,0.35,0.8,20,6.0
1.0,Gradual joint shift,45,260,5,0.7,0.16,36,117,169,log_euclidean,1e-06,0.24143006710056697,0.2589864280119541,0.9629488458836354,91,0.16372973686007894,0.35,0.8,20,6.0
1.0,Gradual joint shift,45,260,5,0.7,0.16,36,117,169,persistence,,,0.2689513873131019,1.0,91,0.09199153970144719,0.35,0.8,20,6.0
1.0,Gradual joint shift,46,260,5,0.7,0.16,36,117,169,cholesky,1e-06,0.20424198280728956,0.2808729995891953,1.1416911923928637,91,0.08097538406597739,0.35,0.8,20,6.0
1.0,Gradual joint shift,46,260,5,0.7,0.16,36,117,169,euclidean,1e-06,0.20871888035647046,0.26831481625565806,1.0906447503164645,91,0.1840358577974634,0.35,0.8,20,6.0
1.0,Gradual joint shift,46,260,5,0.7,0.16,36,117,169,fixed_bwar,1e-06,0.19855296838020978,0.23968095593423733,0.974253975193945,91,0.11890501338524699,0.35,0.8,20,6.0
1.0,Gradual joint shift,46,260,5,0.7,0.16,36,117,169,local_bwar,1e-06,0.1975164146218546,0.2369739958746395,0.9632507372083704,91,0.11460199725447383,0.35,0.8,20,6.0
1.0,Gradual joint shift,46,260,5,0.7,0.16,36,117,169,log_euclidean,1e-06,0.19910714165191848,0.24840884101868166,1.0097310397167054,91,0.052994917974424946,0.35,0.8,20,6.0
1.0,Gradual joint shift,46,260,5,0.7,0.16,36,117,169,persistence,,,0.24601486063890474,1.0,91,0.013725776809698706,0.35,0.8,20,6.0
1.0,Gradual joint shift,47,260,5,0.7,0.16,36,117,169,cholesky,1e-06,0.2456604477470115,0.24561818973584545,0.9785313145904473,91,0.13512203144629414,0.35,0.8,20,6.0
1.0,Gradual joint shift,47,260,5,0.7,0.16,36,117,169,euclidean,1e-06,0.23075673476898212,0.238331768843766,0.9495025564929551,91,0.07844177546852622,0.35,0.8,20,6.0
1.0,Gradual joint shift,47,260,5,0.7,0.16,36,117,169,fixed_bwar,1e-06,0.22657021913503028,0.23482188464698245,0.9355193429498841,91,0.1307064450420349,0.35,0.8,20,6.0
1.0,Gradual joint shift,47,260,5,0.7,0.16,36,117,169,local_bwar,1e-06,0.22674163326704866,0.2326484769999111,0.9268605891160703,91,0.12746596431853577,0.35,0.8,20,6.0
1.0,Gradual joint shift,47,260,5,0.7,0.16,36,117,169,log_euclidean,1e-06,0.23517043100565382,0.24668977982578402,0.9828004791036188,91,0.12843185283683553,0.35,0.8,20,6.0
1.0,Gradual joint shift,47,260,5,0.7,0.16,36,117,169,persistence,,,0.25100697961684143,1.0,91,0.10648146289461512,0.35,0.8,20,6.0
1.0,Gradual joint shift,48,260,5,0.7,0.16,36,117,169,cholesky,1e-06,0.20473950448635067,0.24525603192695022,0.9561195149092394,91,0.13442694508544664,0.35,0.8,20,6.0
1.0,Gradual joint shift,48,260,5,0.7,0.16,36,117,169,euclidean,1e-06,0.20548008763172418,0.25145032274820656,0.9802676766840756,91,0.041549183554014796,0.35,0.8,20,6.0
1.0,Gradual joint shift,48,260,5,0.7,0.16,36,117,169,fixed_bwar,1e-06,0.19880809481751774,0.23722540020090171,0.9248124614190679,91,0.09675389864520913,0.35,0.8,20,6.0
1.0,Gradual joint shift,48,260,5,0.7,0.16,36,117,169,local_bwar,1e-06,0.19889751673443268,0.23190719307025096,0.9040796721702424,91,0.10580661173204904,0.35,0.8,20,6.0
1.0,Gradual joint shift,48,260,5,0.7,0.16,36,117,169,log_euclidean,1e-06,0.2021567647328559,0.24952278519291465,0.9727532589637238,91,0.08768659420683228,0.35,0.8,20,6.0
1.0,Gradual joint shift,48,260,5,0.7,0.16,36,117,169,persistence,,,0.25651189846306127,1.0,91,0.03799682626298812,0.35,0.8,20,6.0
1.0,Gradual joint shift,49,260,5,0.7,0.16,36,117,169,cholesky,1e-06,0.17707096539822512,0.24627193886133678,1.03471977129411,91,0.04916956160210625,0.35,0.8,20,6.0
1.0,Gradual joint shift,49,260,5,0.7,0.16,36,117,169,euclidean,1e-06,0.17455649235926846,0.24480424309406523,1.028553198538553,91,1.0000000112506409e-08,0.35,0.8,20,6.0
1.0,Gradual joint shift,49,260,5,0.7,0.16,36,117,169,fixed_bwar,1e-06,0.1676796129992294,0.23320508461348322,0.9798189470208045,91,0.06592389097607529,0.35,0.8,20,6.0
1.0,Gradual joint shift,49,260,5,0.7,0.16,36,117,169,local_bwar,1e-06,0.1676244415536197,0.23285377884709024,0.9783429241172731,91,0.06807723495681178,0.35,0.8,20,6.0
1.0,Gradual joint shift,49,260,5,0.7,0.16,36,117,169,log_euclidean,1e-06,0.17138913979402007,0.24040775718197196,1.0100812162311399,91,0.05359740345883963,0.35,0.8,20,6.0
1.0,Gradual joint shift,49,260,5,0.7,0.16,36,117,169,persistence,,,0.23800834360527176,1.0,91,0.02854938832238215,0.35,0.8,20,6.0
1.5,Gradual joint shift,0,260,5,0.7,0.16,36,117,169,cholesky,1e-06,0.2834774850690405,0.5560537201687353,1.2109327211049143,91,0.08343597481948624,0.5249999999999999,1.2000000000000002,20,6.0
1.5,Gradual joint shift,0,260,5,0.7,0.16,36,117,169,euclidean,1e-06,0.24435438069416046,0.5006404078339134,1.0902577023842766,91,1.0000000236504784e-08,0.5249999999999999,1.2000000000000002,20,6.0
1.5,Gradual joint shift,0,260,5,0.7,0.16,36,117,169,fixed_bwar,1e-06,0.24032737467331236,0.4629923753651703,1.0082705979948172,91,0.12406873287956104,0.5249999999999999,1.2000000000000002,20,6.0
1.5,Gradual joint shift,0,260,5,0.7,0.16,36,117,169,local_bwar,1e-06,0.24001133119917076,0.4451028970953599,0.9693122135534092,91,0.12520113100380956,0.5249999999999999,1.2000000000000002,20,6.0
1.5,Gradual joint shift,0,260,5,0.7,0.16,36,117,169,log_euclidean,1e-06,0.2570834678633806,0.5080027226528041,1.1062908078089917,91,0.11399461450858576,0.5249999999999999,1.2000000000000002,20,6.0
1.5,Gradual joint shift,0,260,5,0.7,0.16,36,117,169,persistence,,,0.4591945617435828,1.0,91,0.06250302923014066,0.5249999999999999,1.2000000000000002,20,6.0
1.5,Gradual joint shift,1,260,5,0.7,0.16,36,117,169,cholesky,1e-06,0.14627305366687732,0.19780818923392424,0.966468841552068,91,0.0534521413519256,0.5249999999999999,1.2000000000000002,20,6.0
1.5,Gradual joint shift,1,260,5,0.7,0.16,36,117,169,euclidean,1e-06,0.14729478232922216,0.20326499386123345,0.9931301828603126,91,0.03247218992424269,0.5249999999999999,1.2000000000000002,20,6.0
1.5,Gradual joint shift,1,260,5,0.7,0.16,36,117,169,fixed_bwar,1e-06,0.14388767684005335,0.19273259675845705,0.9416700604755468,91,0.05823878558241971,0.5249999999999999,1.2000000000000002,20,6.0
1.5,Gradual joint shift,1,260,5,0.7,0.16,36,117,169,local_bwar,1e-06,0.14314516865110705,0.18750447872699313,0.9161260564738164,91,0.05404341261465067,0.5249999999999999,1.2000000000000002,20,6.0
1.5,Gradual joint shift,1,260,5,0.7,0.16,36,117,169,log_euclidean,1e-06,0.14682947760040277,0.19369915966975682,0.9463925795016239,91,0.0525981748065013,0.5249999999999999,1.2000000000000002,20,6.0
1.5,Gradual joint shift,1,260,5,0.7,0.16,36,117,169,persistence,,,0.2046710465246462,1.0,91,0.041938399594442455,0.5249999999999999,1.2000000000000002,20,6.0
1.5,Gradual joint shift,2,260,5,0.7,0.16,36,117,169,cholesky,1e-06,0.17218772790381986,0.2550312419156798,0.9348474735473442,91,0.07331563789221467,0.5249999999999999,1.2000000000000002,20,6.0
1.5,Gradual joint shift,2,260,5,0.7,0.16,36,117,169,euclidean,1e-06,0.17974779693658446,0.25645670427162265,0.9400726760444196,91,0.10285436680876868,0.5249999999999999,1.2000000000000002,20,6.0
1.5,Gradual joint shift,2,260,5,0.7,0.16,36,117,169,fixed_bwar,1e-06,0.17054541125333317,0.2470997058985179,0.9057734810776488,91,0.0913259785753934,0.5249999999999999,1.2000000000000002,20,6.0
1.5,Gradual joint shift,2,260,5,0.7,0.16,36,117,169,local_bwar,1e-06,0.1694020462282119,0.2425455873786596,0.8890798157818012,91,0.0807670790523735,0.5249999999999999,1.2000000000000002,20,6.0
1.5,Gradual joint shift,2,260,5,0.7,0.16,36,117,169,log_euclidean,1e-06,0.17172780522819803,0.26456880329225907,0.9698085437665208,91,0.0756779105607239,0.5249999999999999,1.2000000000000002,20,6.0
1.5,Gradual joint shift,2,260,5,0.7,0.16,36,117,169,persistence,,,0.2728051892229498,1.0,91,0.04618331612910623,0.5249999999999999,1.2000000000000002,20,6.0
1.5,Gradual joint shift,3,260,5,0.7,0.16,36,117,169,cholesky,1e-06,0.21755735212812694,0.4296823023558543,1.0371255592270234,91,0.1256616528568797,0.5249999999999999,1.2000000000000002,20,6.0
1.5,Gradual joint shift,3,260,5,0.7,0.16,36,117,169,euclidean,1e-06,0.20908385357408085,0.450950397372911,1.0884604287744097,91,9.999998049686338e-09,0.5249999999999999,1.2000000000000002,20,6.0
1.5,Gradual joint shift,3,260,5,0.7,0.16,36,117,169,fixed_bwar,1e-06,0.20754096938666927,0.40583520518514515,0.9795657438622519,91,0.14239040509678164,0.5249999999999999,1.2000000000000002,20,6.0
1.5,Gradual joint shift,3,260,5,0.7,0.16,36,117,169,local_bwar,1e-06,0.20745945983862507,0.39685479758174413,0.9578897050617281,91,0.12526491056281575,0.5249999999999999,1.2000000000000002,20,6.0
1.5,Gradual joint shift,3,260,5,0.7,0.16,36,117,169,log_euclidean,1e-06,0.21751025272380206,0.441146164529976,1.064795920335801,91,0.12710014515959633,0.5249999999999999,1.2000000000000002,20,6.0
1.5,Gradual joint shift,3,260,5,0.7,0.16,36,117,169,persistence,,,0.41430114081471425,1.0,91,0.10341927580510876,0.5249999999999999,1.2000000000000002,20,6.0
1.5,Gradual joint shift,4,260,5,0.7,0.16,36,117,169,cholesky,1e-06,0.15943886055066547,0.19236941017722925,0.9646545985804258,91,0.150823082735435,0.5249999999999999,1.2000000000000002,20,6.0
1.5,Gradual joint shift,4,260,5,0.7,0.16,36,117,169,euclidean,1e-06,0.16180657078762373,0.19010939500263052,0.9533215387710223,91,0.06719034479390863,0.5249999999999999,1.2000000000000002,20,6.0
1.5,Gradual joint shift,4,260,5,0.7,0.16,36,117,169,fixed_bwar,1e-06,0.15623603237724176,0.18687244775077558,0.9370895606774816,91,0.12963515722751792,0.5249999999999999,1.2000000000000002,20,6.0
1.5,Gradual joint shift,4,260,5,0.7,0.16,36,117,169,local_bwar,1e-06,0.15610763587425008,0.18236600880736453,0.9144915964482501,91,0.14679013580017228,0.5249999999999999,1.2000000000000002,20,6.0
1.5,Gradual joint shift,4,260,5,0.7,0.16,36,117,169,log_euclidean,1e-06,0.15847624583987463,0.19160370827587414,0.9608149139881433,91,0.1434323705462648,0.5249999999999999,1.2000000000000002,20,6.0
1.5,Gradual joint shift,4,260,5,0.7,0.16,36,117,169,persistence,,,0.1994179164856704,1.0,91,0.12062622062971554,0.5249999999999999,1.2000000000000002,20,6.0
1.5,Gradual joint shift,5,260,5,0.7,0.16,36,117,169,cholesky,1e-06,0.2105767051709995,0.47832900687386753,1.0879430543503976,91,0.04248181062379385,0.5249999999999999,1.2000000000000002,20,6.0
1.5,Gradual joint shift,5,260,5,0.7,0.16,36,117,169,euclidean,1e-06,0.1999104353269855,0.4271243614341657,0.9714798301761461,91,0.06610946246763764,0.5249999999999999,1.2000000000000002,20,6.0
1.5,Gradual joint shift,5,260,5,0.7,0.16,36,117,169,fixed_bwar,1e-06,0.1920831789602323,0.41404961980113136,0.9417417751080439,91,0.04650890425034509,0.5249999999999999,1.2000000000000002,20,6.0
1.5,Gradual joint shift,5,260,5,0.7,0.16,36,117,169,local_bwar,1e-06,0.19157436461298566,0.40883469957091734,0.9298806164454483,91,0.04470898935072734,0.5249999999999999,1.2000000000000002,20,6.0
1.5,Gradual joint shift,5,260,5,0.7,0.16,36,117,169,log_euclidean,1e-06,0.20011942990949555,0.45427873497336413,1.0332415290542518,91,0.04343264033503262,0.5249999999999999,1.2000000000000002,20,6.0
1.5,Gradual joint shift,5,260,5,0.7,0.16,36,117,169,persistence,,,0.4396636432037098,1.0,91,0.03540974275215892,0.5249999999999999,1.2000000000000002,20,6.0
1.5,Gradual joint shift,6,260,5,0.7,0.16,36,117,169,cholesky,1e-06,0.1831433622645925,0.25416337293822927,1.1107377822572666,91,0.08248278406666606,0.5249999999999999,1.2000000000000002,20,6.0
1.5,Gradual joint shift,6,260,5,0.7,0.16,36,117,169,euclidean,1e-06,0.16718664378462073,0.22792009901989396,0.9960501483380156,91,1.000000002333831e-08,0.5249999999999999,1.2000000000000002,20,6.0
1.5,Gradual joint shift,6,260,5,0.7,0.16,36,117,169,fixed_bwar,1e-06,0.15852963464142528,0.2150833662893249,0.9399514120026004,91,0.0849922536606819,0.5249999999999999,1.2000000000000002,20,6.0
1.5,Gradual joint shift,6,260,5,0.7,0.16,36,117,169,local_bwar,1e-06,0.15889192845532193,0.20951696484437884,0.9156252774984928,91,0.08006304719181377,0.5249999999999999,1.2000000000000002,20,6.0
1.5,Gradual joint shift,6,260,5,0.7,0.16,36,117,169,log_euclidean,1e-06,0.16482641926286706,0.2248731884270051,0.9827346234629816,91,0.08093794692112459,0.5249999999999999,1.2000000000000002,20,6.0
1.5,Gradual joint shift,6,260,5,0.7,0.16,36,117,169,persistence,,,0.22882391955886533,1.0,91,0.060641898944867406,0.5249999999999999,1.2000000000000002,20,6.0
1.5,Gradual joint shift,7,260,5,0.7,0.16,36,117,169,cholesky,1e-06,0.23305748644838278,0.40807514018176855,0.9850719754166687,91,0.02654911575335568,0.5249999999999999,1.2000000000000002,20,6.0
1.5,Gradual joint shift,7,260,5,0.7,0.16,36,117,169,euclidean,1e-06,0.226542158405715,0.4148089188967966,1.0013269638922635,91,9.999997788799165e-09,0.5249999999999999,1.2000000000000002,20,6.0
1.5,Gradual joint shift,7,260,5,0.7,0.16,36,117,169,fixed_bwar,1e-06,0.21770875615380092,0.38578913272318915,0.9312747228283469,91,0.02281947583349073,0.5249999999999999,1.2000000000000002,20,6.0
1.5,Gradual joint shift,7,260,5,0.7,0.16,36,117,169,local_bwar,1e-06,0.21806064560217975,0.37211011396988347,0.8982542893388714,91,0.027240336735261255,0.5249999999999999,1.2000000000000002,20,6.0
1.5,Gradual joint shift,7,260,5,0.7,0.16,36,117,169,log_euclidean,1e-06,0.22573090524454578,0.4514573120948388,1.0897942620162357,91,0.029769869721572605,0.5249999999999999,1.2000000000000002,20,6.0
1.5,Gradual joint shift,7,260,5,0.7,0.16,36,117,169,persistence,,,0.4142592118805935,1.0,91,0.016583768002338583,0.5249999999999999,1.2000000000000002,20,6.0
1.5,Gradual joint shift,8,260,5,0.7,0.16,36,117,169,cholesky,1e-06,0.1947584929680612,0.22774820144510513,1.0815668133012368,91,0.07006942012912161,0.5249999999999999,1.2000000000000002,20,6.0
1.5,Gradual joint shift,8,260,5,0.7,0.16,36,117,169,euclidean,1e-06,0.19177983190838283,0.21367289344229476,1.0147237562485893,91,0.1534199699771207,0.5249999999999999,1.2000000000000002,20,6.0
1.5,Gradual joint shift,8,260,5,0.7,0.16,36,117,169,fixed_bwar,1e-06,0.1878443244417289,0.206132216435503,0.9789133922210365,91,0.08980913431732504,0.5249999999999999,1.2000000000000002,20,6.0
1.5,Gradual joint shift,8,260,5,0.7,0.16,36,117,169,local_bwar,1e-06,0.18967443036361137,0.20292738461295323,0.9636937781055896,91,0.07020141355278947,0.5249999999999999,1.2000000000000002,20,6.0
1.5,Gradual joint shift,8,260,5,0.7,0.16,36,117,169,log_euclidean,1e-06,0.19338374093853952,0.21735774777545258,1.0322229774644083,91,0.06260345476672678,0.5249999999999999,1.2000000000000002,20,6.0
1.5,Gradual joint shift,8,260,5,0.7,0.16,36,117,169,persistence,,,0.2105724756383339,1.0,91,0.024643078497913133,0.5249999999999999,1.2000000000000002,20,6.0
1.5,Gradual joint shift,9,260,5,0.7,0.16,36,117,169,cholesky,1e-06,0.23426301375349645,0.4385285075946013,1.3926327751645913,91,0.02431534342639483,0.5249999999999999,1.2000000000000002,20,6.0
1.5,Gradual joint shift,9,260,5,0.7,0.16,36,117,169,euclidean,1e-06,0.22066408880907737,0.3458134704792373,1.0981980982819177,91,0.027680497593462843,0.5249999999999999,1.2000000000000002,20,6.0
1.5,Gradual joint shift,9,260,5,0.7,0.16,36,117,169,fixed_bwar,1e-06,0.20893014236236132,0.30790646286942275,0.9778170049399915,91,0.043993799613083945,0.5249999999999999,1.2000000000000002,20,6.0
1.5,Gradual joint shift,9,260,5,0.7,0.16,36,117,169,local_bwar,1e-06,0.2079952872952617,0.2982450276613048,0.9471352337599236,91,0.031083237294615974,0.5249999999999999,1.2000000000000002,20,6.0
1.5,Gradual joint shift,9,260,5,0.7,0.16,36,117,169,log_euclidean,1e-06,0.2138837602806183,0.341667663793018,1.0850322808476203,91,0.02636207754127956,0.5249999999999999,1.2000000000000002,20,6.0
1.5,Gradual joint shift,9,260,5,0.7,0.16,36,117,169,persistence,,,0.31489170398332245,1.0,91,0.009663703814980823,0.5249999999999999,1.2000000000000002,20,6.0
1.5,Gradual joint shift,10,260,5,0.7,0.16,36,117,169,cholesky,1e-06,0.17490578269122617,0.2142449178370818,0.968122029992237,91,0.07951841144156344,0.5249999999999999,1.2000000000000002,20,6.0
1.5,Gradual joint shift,10,260,5,0.7,0.16,36,117,169,euclidean,1e-06,0.17887744998576144,0.21425737030906317,0.9681782997631829,91,0.07244852841768944,0.5249999999999999,1.2000000000000002,20,6.0
1.5,Gradual joint shift,10,260,5,0.7,0.16,36,117,169,fixed_bwar,1e-06,0.17302796734294554,0.2112875185460967,0.9547582431916404,91,0.07921083714737888,0.5249999999999999,1.2000000000000002,20,6.0
1.5,Gradual joint shift,10,260,5,0.7,0.16,36,117,169,local_bwar,1e-06,0.17323968626829211,0.2081897473835786,0.9407601491570878,91,0.09207609210029433,0.5249999999999999,1.2000000000000002,20,6.0
1.5,Gradual joint shift,10,260,5,0.7,0.16,36,117,169,log_euclidean,1e-06,0.17563121731212952,0.21913661072639973,0.9902264313377395,91,0.0763417176736238,0.5249999999999999,1.2000000000000002,20,6.0
1.5,Gradual joint shift,10,260,5,0.7,0.16,36,117,169,persistence,,,0.22129949655086328,1.0,91,0.041995151386380346,0.5249999999999999,1.2000000000000002,20,6.0
1.5,Gradual joint shift,11,260,5,0.7,0.16,36,117,169,cholesky,1e-06,0.18299454898887454,0.2383302031829358,1.0046552725090658,91,0.06713321624489708,0.5249999999999999,1.2000000000000002,20,6.0
1.5,Gradual joint shift,11,260,5,0.7,0.16,36,117,169,euclidean,1e-06,0.19596566059093184,0.2570192102175825,1.08343676643875,91,0.07325820085370667,0.5249999999999999,1.2000000000000002,20,6.0
1.5,Gradual joint shift,11,260,5,0.7,0.16,36,117,169,fixed_bwar,1e-06,0.17813026038524654,0.23365772412552524,0.9849589408732784,91,0.10324126469998782,0.5249999999999999,1.2000000000000002,20,6.0
1.5,Gradual joint shift,11,260,5,0.7,0.16,36,117,169,local_bwar,1e-06,0.1766769010517157,0.22438137852510784,0.9458555062577245,91,0.08181232312246009,0.5249999999999999,1.2000000000000002,20,6.0
1.5,Gradual joint shift,11,260,5,0.7,0.16,36,117,169,log_euclidean,1e-06,0.1767617449901819,0.24325779939524822,1.0254270230022062,91,0.07384171891367693,0.5249999999999999,1.2000000000000002,20,6.0
1.5,Gradual joint shift,11,260,5,0.7,0.16,36,117,169,persistence,,,0.23722585219477374,1.0,91,0.0495267425045989,0.5249999999999999,1.2000000000000002,20,6.0
1.5,Gradual joint shift,12,260,5,0.7,0.16,36,117,169,cholesky,1e-06,0.21561734296908786,0.4926581822939756,1.1353427610390796,91,0.06791023843182763,0.5249999999999999,1.2000000000000002,20,6.0
1.5,Gradual joint shift,12,260,5,0.7,0.16,36,117,169,euclidean,1e-06,0.1992903818311218,0.4763672013263111,1.0977997992521857,91,9.999997929756686e-09,0.5249999999999999,1.2000000000000002,20,6.0
1.5,Gradual joint shift,12,260,5,0.7,0.16,36,117,169,fixed_bwar,1e-06,0.19249163372118458,0.4168483791880126,0.960637226318469,91,0.07351549148232911,0.5249999999999999,1.2000000000000002,20,6.0
1.5,Gradual joint shift,12,260,5,0.7,0.16,36,117,169,local_bwar,1e-06,0.19306343719114463,0.4096825832611843,0.9441234753548178,91,0.0687884452244795,0.5249999999999999,1.2000000000000002,20,6.0
1.5,Gradual joint shift,12,260,5,0.7,0.16,36,117,169,log_euclidean,1e-06,0.19972477359724408,0.43975459618568363,1.0134251603988529,91,0.06909048690863731,0.5249999999999999,1.2000000000000002,20,6.0
1.5,Gradual joint shift,12,260,5,0.7,0.16,36,117,169,persistence,,,0.43392902936474337,1.0,91,0.05319831099572824,0.5249999999999999,1.2000000000000002,20,6.0
1.5,Gradual joint shift,13,260,5,0.7,0.16,36,117,169,cholesky,1e-06,0.21906404615665057,0.4164119034626091,0.9905064681297204,91,0.05818135567636155,0.5249999999999999,1.2000000000000002,20,6.0
1.5,Gradual joint shift,13,260,5,0.7,0.16,36,117,169,euclidean,1e-06,0.2212724138843778,0.4408115527498028,1.0485451798910719,91,9.999999127591782e-09,0.5249999999999999,1.2000000000000002,20,6.0
1.5,Gradual joint shift,13,260,5,0.7,0.16,36,117,169,fixed_bwar,1e-06,0.21276987482652332,0.40447093303796866,0.9621028409927405,91,0.07809312959071342,0.5249999999999999,1.2000000000000002,20,6.0
1.5,Gradual joint shift,13,260,5,0.7,0.16,36,117,169,local_bwar,1e-06,0.21182797655998756,0.39507693237368485,0.9397576142059574,91,0.059906191089436366,0.5249999999999999,1.2000000000000002,20,6.0
1.5,Gradual joint shift,13,260,5,0.7,0.16,36,117,169,log_euclidean,1e-06,0.22509990203401134,0.4390338255541551,1.0443165536889458,91,0.06183736105443623,0.5249999999999999,1.2000000000000002,20,6.0
1.5,Gradual joint shift,13,260,5,0.7,0.16,36,117,169,persistence,,,0.42040301286359116,1.0,91,0.037312211325276914,0.5249999999999999,1.2000000000000002,20,6.0
1.5,Gradual joint shift,14,260,5,0.7,0.16,36,117,169,cholesky,1e-06,0.17686166664972358,0.2667618676046457,1.0841683317539854,91,0.054993249888816015,0.5249999999999999,1.2000000000000002,20,6.0
1.5,Gradual joint shift,14,260,5,0.7,0.16,36,117,169,euclidean,1e-06,0.1674360380489856,0.2529801704497865,1.0281570294367193,91,0.018908669999748974,0.5249999999999999,1.2000000000000002,20,6.0
1.5,Gradual joint shift,14,260,5,0.7,0.16,36,117,169,fixed_bwar,1e-06,0.16031103523696427,0.23449573193529258,0.9530329382477618,91,0.04748336118509529,0.5249999999999999,1.2000000000000002,20,6.0
1.5,Gradual joint shift,14,260,5,0.7,0.16,36,117,169,local_bwar,1e-06,0.16075332363518588,0.22621942415880153,0.9193965310817304,91,0.04264431111451739,0.5249999999999999,1.2000000000000002,20,6.0
1.5,Gradual joint shift,14,260,5,0.7,0.16,36,117,169,log_euclidean,1e-06,0.1657062738904352,0.2448647811678529,0.9951746240489753,91,0.04314656263100425,0.5249999999999999,1.2000000000000002,20,6.0
1.5,Gradual joint shift,14,260,5,0.7,0.16,36,117,169,persistence,,,0.24605207493293402,1.0,91,0.03280471289090891,0.5249999999999999,1.2000000000000002,20,6.0
1.5,Gradual joint shift,15,260,5,0.7,0.16,36,117,169,cholesky,1e-06,0.2091870966003255,0.5723850390127309,1.084791238806669,91,0.08002214035607523,0.5249999999999999,1.2000000000000002,20,6.0
1.5,Gradual joint shift,15,260,5,0.7,0.16,36,117,169,euclidean,1e-06,0.20516796618690192,0.5483831708518011,1.0393026000035324,91,1.0000001932625124e-08,0.5249999999999999,1.2000000000000002,20,6.0
1.5,Gradual joint shift,15,260,5,0.7,0.16,36,117,169,fixed_bwar,1e-06,0.19380351659715045,0.5210641540344866,0.9875272598455314,91,0.08704890833457984,0.5249999999999999,1.2000000000000002,20,6.0
1.5,Gradual joint shift,15,260,5,0.7,0.16,36,117,169,local_bwar,1e-06,0.1938910571444912,0.5154507706308797,0.9768887058630609,91,0.07871343939782066,0.5249999999999999,1.2000000000000002,20,6.0
1.5,Gradual joint shift,15,260,5,0.7,0.16,36,117,169,log_euclidean,1e-06,0.20196896368322895,0.5808704021061836,1.1008728043866285,91,0.07145463449202771,0.5249999999999999,1.2000000000000002,20,6.0
1.5,Gradual joint shift,15,260,5,0.7,0.16,36,117,169,persistence,,,0.5276453372193404,1.0,91,0.05052340718520199,0.5249999999999999,1.2000000000000002,20,6.0
1.5,Gradual joint shift,16,260,5,0.7,0.16,36,117,169,cholesky,1e-06,0.2055792474092731,0.3271717676946649,1.0016625596526763,91,0.06389362854880552,0.5249999999999999,1.2000000000000002,20,6.0
1.5,Gradual joint shift,16,260,5,0.7,0.16,36,117,169,euclidean,1e-06,0.19966483566514776,0.3330366311716394,1.0196183087191493,91,0.034083916363668997,0.5249999999999999,1.2000000000000002,20,6.0
1.5,Gradual joint shift,16,260,5,0.7,0.16,36,117,169,fixed_bwar,1e-06,0.19501038692397646,0.3226410530474099,0.9877914140382398,91,0.07461170438248253,0.5249999999999999,1.2000000000000002,20,6.0
1.5,Gradual joint shift,16,260,5,0.7,0.16,36,117,169,local_bwar,1e-06,0.19439040880075087,0.3148166689871778,0.9638364358299979,91,0.06447722934936227,0.5249999999999999,1.2000000000000002,20,6.0
1.5,Gradual joint shift,16,260,5,0.7,0.16,36,117,169,log_euclidean,1e-06,0.20105957208496492,0.3406808080291893,1.0430215681492754,91,0.06177526357822553,0.5249999999999999,1.2000000000000002,20,6.0
1.5,Gradual joint shift,16,260,5,0.7,0.16,36,117,169,persistence,,,0.32662872795016995,1.0,91,0.04168477440617902,0.5249999999999999,1.2000000000000002,20,6.0
1.5,Gradual joint shift,17,260,5,0.7,0.16,36,117,169,cholesky,1e-06,0.20923215200944473,0.5368417158144392,1.1263474399419733,91,0.03713410155115248,0.5249999999999999,1.2000000000000002,20,6.0
1.5,Gradual joint shift,17,260,5,0.7,0.16,36,117,169,euclidean,1e-06,0.19633116607534498,0.5114365232643827,1.0730448132141355,91,9.999999395543263e-09,0.5249999999999999,1.2000000000000002,20,6.0
1.5,Gradual joint shift,17,260,5,0.7,0.16,36,117,169,fixed_bwar,1e-06,0.19095238735005088,0.48005527968152084,1.0072038356400874,91,0.052994093271805216,0.5249999999999999,1.2000000000000002,20,6.0
1.5,Gradual joint shift,17,260,5,0.7,0.16,36,117,169,local_bwar,1e-06,0.1933300963445427,0.4622159259606278,0.9697750930483093,91,0.04266891400555474,0.5249999999999999,1.2000000000000002,20,6.0
1.5,Gradual joint shift,17,260,5,0.7,0.16,36,117,169,log_euclidean,1e-06,0.2051711674874945,0.5630773708481279,1.1813924597530088,91,0.044352834897740175,0.5249999999999999,1.2000000000000002,20,6.0
1.5,Gradual joint shift,17,260,5,0.7,0.16,36,117,169,persistence,,,0.4766217747537083,1.0,91,0.021838367139808853,0.5249999999999999,1.2000000000000002,20,6.0
1.5,Gradual joint shift,18,260,5,0.7,0.16,36,117,169,cholesky,1e-06,0.221349168743511,0.4661370979079144,1.0362985992794524,91,0.0474999298729139,0.5249999999999999,1.2000000000000002,20,6.0
1.5,Gradual joint shift,18,260,5,0.7,0.16,36,117,169,euclidean,1e-06,0.22103268957483882,0.4625737013246098,1.0283765889856369,91,9.999999010056875e-09,0.5249999999999999,1.2000000000000002,20,6.0
1.5,Gradual joint shift,18,260,5,0.7,0.16,36,117,169,fixed_bwar,1e-06,0.21489094789980073,0.4217944161643078,0.9377176041485479,91,0.04690515335787035,0.5249999999999999,1.2000000000000002,20,6.0
1.5,Gradual joint shift,18,260,5,0.7,0.16,36,117,169,local_bwar,1e-06,0.21463571460563197,0.4053586862077485,0.9011783027100633,91,0.04596302085258529,0.5249999999999999,1.2000000000000002,20,6.0
1.5,Gradual joint shift,18,260,5,0.7,0.16,36,117,169,log_euclidean,1e-06,0.22331454137209078,0.4453248960315163,0.9900296888039055,91,0.04892965501784921,0.5249999999999999,1.2000000000000002,20,6.0
1.5,Gradual joint shift,18,260,5,0.7,0.16,36,117,169,persistence,,,0.4498096381023999,1.0,91,0.03368577249676929,0.5249999999999999,1.2000000000000002,20,6.0
1.5,Gradual joint shift,19,260,5,0.7,0.16,36,117,169,cholesky,1e-06,0.15273279490835476,0.3934205926508024,1.1429845034650017,91,0.0950869581377674,0.5249999999999999,1.2000000000000002,20,6.0
1.5,Gradual joint shift,19,260,5,0.7,0.16,36,117,169,euclidean,1e-06,0.14966996631121496,0.33029220149124616,0.9595808530920434,91,0.14546482895198443,0.5249999999999999,1.2000000000000002,20,6.0
1.5,Gradual joint shift,19,260,5,0.7,0.16,36,117,169,fixed_bwar,1e-06,0.14376462147175037,0.32196103729410996,0.9353767525669824,91,0.10443404659720792,0.5249999999999999,1.2000000000000002,20,6.0
1.5,Gradual joint shift,19,260,5,0.7,0.16,36,117,169,local_bwar,1e-06,0.14325669963122592,0.3157140241834126,0.9172276284188028,91,0.09189482745000864,0.5249999999999999,1.2000000000000002,20,6.0
1.5,Gradual joint shift,19,260,5,0.7,0.16,36,117,169,log_euclidean,1e-06,0.14602891086687084,0.33921705496353055,0.985509768367638,91,0.09259260740409467,0.5249999999999999,1.2000000000000002,20,6.0
1.5,Gradual joint shift,19,260,5,0.7,0.16,36,117,169,persistence,,,0.34420466021904295,1.0,91,0.07387569394453715,0.5249999999999999,1.2000000000000002,20,6.0
1.5,Gradual joint shift,20,260,5,0.7,0.16,36,117,169,cholesky,1e-06,0.24087744306410924,0.47559856035914955,1.0786166104283068,91,0.027410295301078327,0.5249999999999999,1.2000000000000002,20,6.0
1.5,Gradual joint shift,20,260,5,0.7,0.16,36,117,169,euclidean,1e-06,0.23842623456894368,0.4539296835654221,1.0294734624309934,91,9.999999506440218e-09,0.5249999999999999,1.2000000000000002,20,6.0
1.5,Gradual joint shift,20,260,5,0.7,0.16,36,117,169,fixed_bwar,1e-06,0.22860059687337356,0.4188355527209692,0.9498829934674489,91,0.03299949888681608,0.5249999999999999,1.2000000000000002,20,6.0
1.5,Gradual joint shift,20,260,5,0.7,0.16,36,117,169,local_bwar,1e-06,0.22848585183736608,0.40837790935472407,0.9261659581756486,91,0.03433381923695931,0.5249999999999999,1.2000000000000002,20,6.0
1.5,Gradual joint shift,20,260,5,0.7,0.16,36,117,169,log_euclidean,1e-06,0.23826711418473592,0.45020747903622377,1.0210318228482895,91,0.03262068926995791,0.5249999999999999,1.2000000000000002,20,6.0
1.5,Gradual joint shift,20,260,5,0.7,0.16,36,117,169,persistence,,,0.44093383669503716,1.0,91,0.02099993111633913,0.5249999999999999,1.2000000000000002,20,6.0
1.5,Gradual joint shift,21,260,5,0.7,0.16,36,117,169,cholesky,1e-06,0.17500209535953137,0.24810479959958484,0.961437405572096,91,0.06591368839170292,0.5249999999999999,1.2000000000000002,20,6.0
1.5,Gradual joint shift,21,260,5,0.7,0.16,36,117,169,euclidean,1e-06,0.17650083335472025,0.25338007538124985,0.9818797648871385,91,0.0916545549665455,0.5249999999999999,1.2000000000000002,20,6.0
1.5,Gradual joint shift,21,260,5,0.7,0.16,36,117,169,fixed_bwar,1e-06,0.17135009152775502,0.24455082228679828,0.9476652950261406,91,0.08190214143544078,0.5249999999999999,1.2000000000000002,20,6.0
1.5,Gradual joint shift,21,260,5,0.7,0.16,36,117,169,local_bwar,1e-06,0.1721028079717083,0.23834201109742542,0.9236053682079911,91,0.06721967314523616,0.5249999999999999,1.2000000000000002,20,6.0
1.5,Gradual joint shift,21,260,5,0.7,0.16,36,117,169,log_euclidean,1e-06,0.17615664890725224,0.25683252915150084,0.9952584588950123,91,0.06833510947450452,0.5249999999999999,1.2000000000000002,20,6.0
1.5,Gradual joint shift,21,260,5,0.7,0.16,36,117,169,persistence,,,0.25805611281781987,1.0,91,0.05331266500661145,0.5249999999999999,1.2000000000000002,20,6.0
1.5,Gradual joint shift,22,260,5,0.7,0.16,36,117,169,cholesky,1e-06,0.22782985786927915,0.3115600276944897,1.014008717336078,91,0.050362576315298176,0.5249999999999999,1.2000000000000002,20,6.0
1.5,Gradual joint shift,22,260,5,0.7,0.16,36,117,169,euclidean,1e-06,0.22594186228017485,0.3100379900548817,1.0090550670039193,91,0.04396718681519439,0.5249999999999999,1.2000000000000002,20,6.0
1.5,Gradual joint shift,22,260,5,0.7,0.16,36,117,169,fixed_bwar,1e-06,0.22020822519355582,0.29542073930220875,0.9614815069539377,91,0.0471341199290031,0.5249999999999999,1.2000000000000002,20,6.0
1.5,Gradual joint shift,22,260,5,0.7,0.16,36,117,169,local_bwar,1e-06,0.2198620142158275,0.2952948432173933,0.9610717633535599,91,0.048415129428422146,0.5249999999999999,1.2000000000000002,20,6.0
1.5,Gradual joint shift,22,260,5,0.7,0.16,36,117,169,log_euclidean,1e-06,0.22618713859379536,0.3152138415542107,1.0259004838527812,91,0.049108647218044525,0.5249999999999999,1.2000000000000002,20,6.0
1.5,Gradual joint shift,22,260,5,0.7,0.16,36,117,169,persistence,,,0.3072557684839191,1.0,91,0.038978018798678224,0.5249999999999999,1.2000000000000002,20,6.0
1.5,Gradual joint shift,23,260,5,0.7,0.16,36,117,169,cholesky,1e-06,0.20919360548906046,0.3887190110417385,1.1180685330274762,91,0.07819964230763743,0.5249999999999999,1.2000000000000002,20,6.0
1.5,Gradual joint shift,23,260,5,0.7,0.16,36,117,169,euclidean,1e-06,0.1973993373547177,0.33460463291040693,0.9624198982698222,91,9.999998927470024e-09,0.5249999999999999,1.2000000000000002,20,6.0
1.5,Gradual joint shift,23,260,5,0.7,0.16,36,117,169,fixed_bwar,1e-06,0.18547443250985995,0.3161101695916487,0.9092244617602502,91,0.05407571872958985,0.5249999999999999,1.2000000000000002,20,6.0
1.5,Gradual joint shift,23,260,5,0.7,0.16,36,117,169,local_bwar,1e-06,0.18521137034230734,0.31035121725776826,0.8926600458072946,91,0.06090970038164813,0.5249999999999999,1.2000000000000002,20,6.0
1.5,Gradual joint shift,23,260,5,0.7,0.16,36,117,169,log_euclidean,1e-06,0.19273316808254248,0.34456644958523486,0.9910729701277293,91,0.05617872464185502,0.5249999999999999,1.2000000000000002,20,6.0
1.5,Gradual joint shift,23,260,5,0.7,0.16,36,117,169,persistence,,,0.34767011105229434,1.0,91,0.030478990122698432,0.5249999999999999,1.2000000000000002,20,6.0
1.5,Gradual joint shift,24,260,5,0.7,0.16,36,117,169,cholesky,1e-06,0.23570336246400017,0.6791477326953569,1.360721878060995,91,0.03370720985739912,0.5249999999999999,1.2000000000000002,20,6.0
1.5,Gradual joint shift,24,260,5,0.7,0.16,36,117,169,euclidean,1e-06,0.21663370990872205,0.5343955455033125,1.0707003429412592,91,9.999999947899649e-09,0.5249999999999999,1.2000000000000002,20,6.0
1.5,Gradual joint shift,24,260,5,0.7,0.16,36,117,169,fixed_bwar,1e-06,0.20619198604506034,0.4812725755132501,0.9642646088393824,91,0.02936920017924791,0.5249999999999999,1.2000000000000002,20,6.0
1.5,Gradual joint shift,24,260,5,0.7,0.16,36,117,169,local_bwar,1e-06,0.20647022624880557,0.4683416562341895,0.938356571575344,91,0.03455238459261339,0.5249999999999999,1.2000000000000002,20,6.0
1.5,Gradual joint shift,24,260,5,0.7,0.16,36,117,169,log_euclidean,1e-06,0.21527886693794288,0.5373360710470003,1.0765918997376185,91,0.03476511735650646,0.5249999999999999,1.2000000000000002,20,6.0
1.5,Gradual joint shift,24,260,5,0.7,0.16,36,117,169,persistence,,,0.49910840976785836,1.0,91,0.021990421149347916,0.5249999999999999,1.2000000000000002,20,6.0
1.5,Gradual joint shift,25,260,5,0.7,0.16,36,117,169,cholesky,1e-06,0.21721278763413843,0.32102817238325715,1.1571699506444857,91,0.06450237057061527,0.5249999999999999,1.2000000000000002,20,6.0
1.5,Gradual joint shift,25,260,5,0.7,0.16,36,117,169,euclidean,1e-06,0.20281728066967109,0.28550430500861834,1.0291215256372979,91,1.0000000358266237e-08,0.5249999999999999,1.2000000000000002,20,6.0
1.5,Gradual joint shift,25,260,5,0.7,0.16,36,117,169,fixed_bwar,1e-06,0.19366667042525193,0.271521462982794,0.9787193304132109,91,0.06903172922914275,0.5249999999999999,1.2000000000000002,20,6.0
1.5,Gradual joint shift,25,260,5,0.7,0.16,36,117,169,local_bwar,1e-06,0.19271670834768762,0.2673432358686079,0.9636585996754362,91,0.07600145975754478,0.5249999999999999,1.2000000000000002,20,6.0
1.5,Gradual joint shift,25,260,5,0.7,0.16,36,117,169,log_euclidean,1e-06,0.2053426426547501,0.28926839569385115,1.0426894707809167,91,0.071797200293522,0.5249999999999999,1.2000000000000002,20,6.0
1.5,Gradual joint shift,25,260,5,0.7,0.16,36,117,169,persistence,,,0.2774252582383949,1.0,91,0.027795162054394005,0.5249999999999999,1.2000000000000002,20,6.0
1.5,Gradual joint shift,26,260,5,0.7,0.16,36,117,169,cholesky,1e-06,0.20047858480188907,0.33525501565218807,1.0709577329081441,91,0.04036503952028979,0.5249999999999999,1.2000000000000002,20,6.0
1.5,Gradual joint shift,26,260,5,0.7,0.16,36,117,169,euclidean,1e-06,0.20645310297423586,0.3120380472244002,0.9967921255001424,91,0.00945283140283183,0.5249999999999999,1.2000000000000002,20,6.0
1.5,Gradual joint shift,26,260,5,0.7,0.16,36,117,169,fixed_bwar,1e-06,0.18955983474172433,0.3021793508187985,0.9652989437160208,91,0.05187370050243519,0.5249999999999999,1.2000000000000002,20,6.0
1.5,Gradual joint shift,26,260,5,0.7,0.16,36,117,169,local_bwar,1e-06,0.18966394769190711,0.2983756563628959,0.9531482053199252,91,0.04164433990502929,0.5249999999999999,1.2000000000000002,20,6.0
1.5,Gradual joint shift,26,260,5,0.7,0.16,36,117,169,log_euclidean,1e-06,0.19447953811720026,0.3293515911353942,1.0520994971123252,91,0.04015740768217705,0.5249999999999999,1.2000000000000002,20,6.0
1.5,Gradual joint shift,26,260,5,0.7,0.16,36,117,169,persistence,,,0.3130422474674291,1.0,91,0.024804282487101446,0.5249999999999999,1.2000000000000002,20,6.0
1.5,Gradual joint shift,27,260,5,0.7,0.16,36,117,169,cholesky,1e-06,0.2262984740550468,0.4000482521407392,1.2169538707914447,91,0.07008802547181249,0.5249999999999999,1.2000000000000002,20,6.0
1.5,Gradual joint shift,27,260,5,0.7,0.16,36,117,169,euclidean,1e-06,0.19896939088608814,0.3684314957308084,1.1207751376285275,91,1.0000001106126694e-08,0.5249999999999999,1.2000000000000002,20,6.0
1.5,Gradual joint shift,27,260,5,0.7,0.16,36,117,169,fixed_bwar,1e-06,0.18876086898649166,0.337155704478301,1.0256336265154784,91,0.08157107448598297,0.5249999999999999,1.2000000000000002,20,6.0
1.5,Gradual joint shift,27,260,5,0.7,0.16,36,117,169,local_bwar,1e-06,0.18910405016073945,0.3308784638667171,1.0065381493592156,91,0.06565191160892485,0.5249999999999999,1.2000000000000002,20,6.0
1.5,Gradual joint shift,27,260,5,0.7,0.16,36,117,169,log_euclidean,1e-06,0.2003785287963152,0.3944512487930674,1.199927687443978,91,0.05803564234028139,0.5249999999999999,1.2000000000000002,20,6.0
1.5,Gradual joint shift,27,260,5,0.7,0.16,36,117,169,persistence,,,0.3287291833671298,1.0,91,0.028837459978939148,0.5249999999999999,1.2000000000000002,20,6.0
1.5,Gradual joint shift,28,260,5,0.7,0.16,36,117,169,cholesky,1e-06,0.1785175155562064,0.30470475197145486,0.9557021927838856,91,0.0509064152095535,0.5249999999999999,1.2000000000000002,20,6.0
1.5,Gradual joint shift,28,260,5,0.7,0.16,36,117,169,euclidean,1e-06,0.16535696250028814,0.31310320247686213,0.982043815328573,91,0.015209792438789284,0.5249999999999999,1.2000000000000002,20,6.0
1.5,Gradual joint shift,28,260,5,0.7,0.16,36,117,169,fixed_bwar,1e-06,0.16356706714694272,0.2946290496052428,0.9240998932367858,91,0.07420809235824663,0.5249999999999999,1.2000000000000002,20,6.0
1.5,Gradual joint shift,28,260,5,0.7,0.16,36,117,169,local_bwar,1e-06,0.16360972220247735,0.29439928882941346,0.9233792517769625,91,0.06134181802450824,0.5249999999999999,1.2000000000000002,20,6.0
1.5,Gradual joint shift,28,260,5,0.7,0.16,36,117,169,log_euclidean,1e-06,0.17132103175349236,0.3163325591163982,0.9921726472608525,91,0.06217670664492008,0.5249999999999999,1.2000000000000002,20,6.0
1.5,Gradual joint shift,28,260,5,0.7,0.16,36,117,169,persistence,,,0.3188281394268583,1.0,91,0.042963897271104584,0.5249999999999999,1.2000000000000002,20,6.0
1.5,Gradual joint shift,29,260,5,0.7,0.16,36,117,169,cholesky,1e-06,0.17363518580702425,0.21946387736814285,0.9804021066828077,91,0.048912040576404615,0.5249999999999999,1.2000000000000002,20,6.0
1.5,Gradual joint shift,29,260,5,0.7,0.16,36,117,169,euclidean,1e-06,0.18081466623197695,0.2258092757223737,1.008748648213166,91,0.02974302863261934,0.5249999999999999,1.2000000000000002,20,6.0
1.5,Gradual joint shift,29,260,5,0.7,0.16,36,117,169,fixed_bwar,1e-06,0.16965116590499965,0.21553865899484984,0.9628671373360702,91,0.057755350015007256,0.5249999999999999,1.2000000000000002,20,6.0
1.5,Gradual joint shift,29,260,5,0.7,0.16,36,117,169,local_bwar,1e-06,0.16801350793923528,0.21175069838595373,0.9459453340510422,91,0.049403584953730054,0.5249999999999999,1.2000000000000002,20,6.0
1.5,Gradual joint shift,29,260,5,0.7,0.16,36,117,169,log_euclidean,1e-06,0.1752165835133668,0.22731792821426047,1.0154881904970061,91,0.050274813360103573,0.5249999999999999,1.2000000000000002,20,6.0
1.5,Gradual joint shift,29,260,5,0.7,0.16,36,117,169,persistence,,,0.2238508830939779,1.0,91,0.034963337076371746,0.5249999999999999,1.2000000000000002,20,6.0
1.5,Gradual joint shift,30,260,5,0.7,0.16,36,117,169,cholesky,1e-06,0.23068230877967524,0.3295410694125522,1.1098418438223472,91,0.08199658026035607,0.5249999999999999,1.2000000000000002,20,6.0
1.5,Gradual joint shift,30,260,5,0.7,0.16,36,117,169,euclidean,1e-06,0.2317379285506932,0.30643382055115764,1.0320203093844453,91,9.999999206717084e-09,0.5249999999999999,1.2000000000000002,20,6.0
1.5,Gradual joint shift,30,260,5,0.7,0.16,36,117,169,fixed_bwar,1e-06,0.21439304917482194,0.2831093391593766,0.9534671703775223,91,0.10955438498029178,0.5249999999999999,1.2000000000000002,20,6.0
1.5,Gradual joint shift,30,260,5,0.7,0.16,36,117,169,local_bwar,1e-06,0.21391243773189406,0.26865110881391524,0.904774152983303,91,0.0965848919928325,0.5249999999999999,1.2000000000000002,20,6.0
1.5,Gradual joint shift,30,260,5,0.7,0.16,36,117,169,log_euclidean,1e-06,0.2113465870208388,0.2965461403478517,0.9987201770290917,91,0.07993838551578261,0.5249999999999999,1.2000000000000002,20,6.0
1.5,Gradual joint shift,30,260,5,0.7,0.16,36,117,169,persistence,,,0.2969261532594566,1.0,91,0.024099384156524812,0.5249999999999999,1.2000000000000002,20,6.0
1.5,Gradual joint shift,31,260,5,0.7,0.16,36,117,169,cholesky,1e-06,0.1852621413487211,0.3598638436148908,1.1673352525314247,91,0.08086687322788037,0.5249999999999999,1.2000000000000002,20,6.0
1.5,Gradual joint shift,31,260,5,0.7,0.16,36,117,169,euclidean,1e-06,0.1876936954009673,0.33002651621645884,1.0705481906147931,91,0.0077478121345660985,0.5249999999999999,1.2000000000000002,20,6.0
1.5,Gradual joint shift,31,260,5,0.7,0.16,36,117,169,fixed_bwar,1e-06,0.18301177749724465,0.31807954019257945,1.0317942937694446,91,0.0911888086193608,0.5249999999999999,1.2000000000000002,20,6.0
1.5,Gradual joint shift,31,260,5,0.7,0.16,36,117,169,local_bwar,1e-06,0.1830515882809543,0.3144993778681394,1.020180874513088,91,0.09033646649405377,0.5249999999999999,1.2000000000000002,20,6.0
1.5,Gradual joint shift,31,260,5,0.7,0.16,36,117,169,log_euclidean,1e-06,0.18522228967390342,0.3402116857595812,1.103587095944276,91,0.09045878183969881,0.5249999999999999,1.2000000000000002,20,6.0
1.5,Gradual joint shift,31,260,5,0.7,0.16,36,117,169,persistence,,,0.30827805708300865,1.0,91,0.03585218859543912,0.5249999999999999,1.2000000000000002,20,6.0
1.5,Gradual joint shift,32,260,5,0.7,0.16,36,117,169,cholesky,1e-06,0.22899456374150617,0.36126195673841754,1.335469868904074,91,0.05036939661902681,0.5249999999999999,1.2000000000000002,20,6.0
1.5,Gradual joint shift,32,260,5,0.7,0.16,36,117,169,euclidean,1e-06,0.2140084877616599,0.27414132220203874,1.013412757124153,91,0.015836409529612336,0.5249999999999999,1.2000000000000002,20,6.0
1.5,Gradual joint shift,32,260,5,0.7,0.16,36,117,169,fixed_bwar,1e-06,0.2077056132515859,0.26180986088665914,0.9678272900715842,91,0.05243896498429625,0.5249999999999999,1.2000000000000002,20,6.0
1.5,Gradual joint shift,32,260,5,0.7,0.16,36,117,169,local_bwar,1e-06,0.20701201674614467,0.26061699037133873,0.9634176294333677,91,0.046988219512641295,0.5249999999999999,1.2000000000000002,20,6.0
1.5,Gradual joint shift,32,260,5,0.7,0.16,36,117,169,log_euclidean,1e-06,0.2129689989281104,0.2856707881193738,1.0560335037872353,91,0.047787729382979885,0.5249999999999999,1.2000000000000002,20,6.0
1.5,Gradual joint shift,32,260,5,0.7,0.16,36,117,169,persistence,,,0.27051299707336696,1.0,91,0.031423368930132936,0.5249999999999999,1.2000000000000002,20,6.0
1.5,Gradual joint shift,33,260,5,0.7,0.16,36,117,169,cholesky,1e-06,0.21795099019041686,0.29198262260221564,1.0345211828855494,91,0.05436891820888635,0.5249999999999999,1.2000000000000002,20,6.0
1.5,Gradual joint shift,33,260,5,0.7,0.16,36,117,169,euclidean,1e-06,0.20466405031504126,0.29119220342594376,1.0317206553270097,91,9.99999970727357e-09,0.5249999999999999,1.2000000000000002,20,6.0
1.5,Gradual joint shift,33,260,5,0.7,0.16,36,117,169,fixed_bwar,1e-06,0.20282056930011833,0.27975395824258054,0.9911939046876446,91,0.06810194699906552,0.5249999999999999,1.2000000000000002,20,6.0
1.5,Gradual joint shift,33,260,5,0.7,0.16,36,117,169,local_bwar,1e-06,0.2035261614781487,0.2665594717455056,0.9444446301696281,91,0.06718613317495463,0.5249999999999999,1.2000000000000002,20,6.0
1.5,Gradual joint shift,33,260,5,0.7,0.16,36,117,169,log_euclidean,1e-06,0.21462989206841582,0.28863390641232683,1.022656374620465,91,0.0670078040085238,0.5249999999999999,1.2000000000000002,20,6.0
1.5,Gradual joint shift,33,260,5,0.7,0.16,36,117,169,persistence,,,0.2822393851692818,1.0,91,0.04205100290898355,0.5249999999999999,1.2000000000000002,20,6.0
1.5,Gradual joint shift,34,260,5,0.7,0.16,36,117,169,cholesky,1e-06,0.2948047439222533,0.5510479755548611,1.1743759179160593,91,0.06890198602902832,0.5249999999999999,1.2000000000000002,20,6.0
1.5,Gradual joint shift,34,260,5,0.7,0.16,36,117,169,euclidean,1e-06,0.2585371680383596,0.4716830303432004,1.005235871099895,91,0.06015003444820759,0.5249999999999999,1.2000000000000002,20,6.0
1.5,Gradual joint shift,34,260,5,0.7,0.16,36,117,169,fixed_bwar,1e-06,0.2527113818078783,0.46001165117939985,0.9803621990661067,91,0.06517032990590252,0.5249999999999999,1.2000000000000002,20,6.0
1.5,Gradual joint shift,34,260,5,0.7,0.16,36,117,169,local_bwar,1e-06,0.25243397859661393,0.4526520593898397,0.9646776711361211,91,0.0724281325910743,0.5249999999999999,1.2000000000000002,20,6.0
1.5,Gradual joint shift,34,260,5,0.7,0.16,36,117,169,log_euclidean,1e-06,0.2715072462659497,0.5015453903230158,1.0688775828349273,91,0.07568817009123095,0.5249999999999999,1.2000000000000002,20,6.0
1.5,Gradual joint shift,34,260,5,0.7,0.16,36,117,169,persistence,,,0.46922622232640865,1.0,91,0.06000280865471934,0.5249999999999999,1.2000000000000002,20,6.0
1.5,Gradual joint shift,35,260,5,0.7,0.16,36,117,169,cholesky,1e-06,0.20354353513220885,0.3201024039685279,0.979631277864786,91,0.04358521528369022,0.5249999999999999,1.2000000000000002,20,6.0
1.5,Gradual joint shift,35,260,5,0.7,0.16,36,117,169,euclidean,1e-06,0.2005513727756084,0.31144603670263166,0.9531396051337352,91,0.058818197581455844,0.5249999999999999,1.2000000000000002,20,6.0
1.5,Gradual joint shift,35,260,5,0.7,0.16,36,117,169,fixed_bwar,1e-06,0.19752366741074237,0.30555994673171377,0.9351260014608171,91,0.06187485666503578,0.5249999999999999,1.2000000000000002,20,6.0
1.5,Gradual joint shift,35,260,5,0.7,0.16,36,117,169,local_bwar,1e-06,0.19705220084078598,0.3024405986078675,0.9255796470730222,91,0.05673437677499953,0.5249999999999999,1.2000000000000002,20,6.0
1.5,Gradual joint shift,35,260,5,0.7,0.16,36,117,169,log_euclidean,1e-06,0.20581025830020108,0.3244034240921309,0.9927939838850183,91,0.05123521970101835,0.5249999999999999,1.2000000000000002,20,6.0
1.5,Gradual joint shift,35,260,5,0.7,0.16,36,117,169,persistence,,,0.3267580478506426,1.0,91,0.03098031695626815,0.5249999999999999,1.2000000000000002,20,6.0
1.5,Gradual joint shift,36,260,5,0.7,0.16,36,117,169,cholesky,1e-06,0.172519129105768,0.2778504343230224,1.0105111464851912,91,0.16689270187779873,0.5249999999999999,1.2000000000000002,20,6.0
1.5,Gradual joint shift,36,260,5,0.7,0.16,36,117,169,euclidean,1e-06,0.17114363524708381,0.2734455986478453,0.9944912487331966,91,0.15362628690316402,0.5249999999999999,1.2000000000000002,20,6.0
1.5,Gradual joint shift,36,260,5,0.7,0.16,36,117,169,fixed_bwar,1e-06,0.16652226920221952,0.27430427927887924,0.9976141747456928,91,0.18194342835962832,0.5249999999999999,1.2000000000000002,20,6.0
1.5,Gradual joint shift,36,260,5,0.7,0.16,36,117,169,local_bwar,1e-06,0.16625352975403124,0.2676566342684321,0.9734374287301589,91,0.17659105587485788,0.5249999999999999,1.2000000000000002,20,6.0
1.5,Gradual joint shift,36,260,5,0.7,0.16,36,117,169,log_euclidean,1e-06,0.17043495951991722,0.2946555272330316,1.071629401508471,91,0.16519377084524403,0.5249999999999999,1.2000000000000002,20,6.0
1.5,Gradual joint shift,36,260,5,0.7,0.16,36,117,169,persistence,,,0.2749602864742811,1.0,91,0.07173598161731881,0.5249999999999999,1.2000000000000002,20,6.0
1.5,Gradual joint shift,37,260,5,0.7,0.16,36,117,169,cholesky,1e-06,0.17271795360175451,0.4638916151828525,1.3858074570025762,91,0.06251930022890262,0.5249999999999999,1.2000000000000002,20,6.0
1.5,Gradual joint shift,37,260,5,0.7,0.16,36,117,169,euclidean,1e-06,0.15829814123106015,0.35561374753698943,1.0623433729345149,91,1.0000001514301085e-08,0.5249999999999999,1.2000000000000002,20,6.0
1.5,Gradual joint shift,37,260,5,0.7,0.16,36,117,169,fixed_bwar,1e-06,0.15112154123730975,0.3297420863556148,0.9850556190352321,91,0.0571666052333611,0.5249999999999999,1.2000000000000002,20,6.0
1.5,Gradual joint shift,37,260,5,0.7,0.16,36,117,169,local_bwar,1e-06,0.15163562325945046,0.3130066151876108,0.9350608789235146,91,0.06113965440636025,0.5249999999999999,1.2000000000000002,20,6.0
1.5,Gradual joint shift,37,260,5,0.7,0.16,36,117,169,log_euclidean,1e-06,0.1559752162461138,0.34877014321872957,1.0418991191764873,91,0.05520519397664711,0.5249999999999999,1.2000000000000002,20,6.0
1.5,Gradual joint shift,37,260,5,0.7,0.16,36,117,169,persistence,,,0.33474463774803465,1.0,91,0.038484641599081264,0.5249999999999999,1.2000000000000002,20,6.0
1.5,Gradual joint shift,38,260,5,0.7,0.16,36,117,169,cholesky,1e-06,0.17503800226365887,0.370216764440354,0.9864755410583301,91,0.062202640919581484,0.5249999999999999,1.2000000000000002,20,6.0
1.5,Gradual joint shift,38,260,5,0.7,0.16,36,117,169,euclidean,1e-06,0.18065094315896701,0.3854755479526663,1.0271339287030778,91,9.999999938615241e-09,0.5249999999999999,1.2000000000000002,20,6.0
1.5,Gradual joint shift,38,260,5,0.7,0.16,36,117,169,fixed_bwar,1e-06,0.17227257220745074,0.36276846589221845,0.9666288862172315,91,0.07058951247357188,0.5249999999999999,1.2000000000000002,20,6.0
1.5,Gradual joint shift,38,260,5,0.7,0.16,36,117,169,local_bwar,1e-06,0.17328337195249066,0.3541529461251176,0.9436720664832651,91,0.05516097237585388,0.5249999999999999,1.2000000000000002,20,6.0
1.5,Gradual joint shift,38,260,5,0.7,0.16,36,117,169,log_euclidean,1e-06,0.1771051329478016,0.37946099085450646,1.0111076056471717,91,0.058615116444031286,0.5249999999999999,1.2000000000000002,20,6.0
1.5,Gradual joint shift,38,260,5,0.7,0.16,36,117,169,persistence,,,0.37529239097319206,1.0,91,0.04182851299071285,0.5249999999999999,1.2000000000000002,20,6.0
1.5,Gradual joint shift,39,260,5,0.7,0.16,36,117,169,cholesky,1e-06,0.1593376874047077,0.29923082923119765,0.96414514286143,91,0.05653626894083498,0.5249999999999999,1.2000000000000002,20,6.0
1.5,Gradual joint shift,39,260,5,0.7,0.16,36,117,169,euclidean,1e-06,0.16112661377517606,0.30216779580149367,0.9736082789319097,91,9.999999834242736e-09,0.5249999999999999,1.2000000000000002,20,6.0
1.5,Gradual joint shift,39,260,5,0.7,0.16,36,117,169,fixed_bwar,1e-06,0.15152199258538193,0.283424548427969,0.9132160694691891,91,0.06375743698378954,0.5249999999999999,1.2000000000000002,20,6.0
1.5,Gradual joint shift,39,260,5,0.7,0.16,36,117,169,local_bwar,1e-06,0.15144992685278852,0.275312233577683,0.887077556334158,91,0.058323341058234925,0.5249999999999999,1.2000000000000002,20,6.0
1.5,Gradual joint shift,39,260,5,0.7,0.16,36,117,169,log_euclidean,1e-06,0.15422071834776435,0.29509356547258575,0.9508145553419192,91,0.05752009915325251,0.5249999999999999,1.2000000000000002,20,6.0
1.5,Gradual joint shift,39,260,5,0.7,0.16,36,117,169,persistence,,,0.3103586959356845,1.0,91,0.046543098927134485,0.5249999999999999,1.2000000000000002,20,6.0
1.5,Gradual joint shift,40,260,5,0.7,0.16,36,117,169,cholesky,1e-06,0.1538677752757461,0.2656263656919166,0.9652272514999704,91,0.1057603750133444,0.5249999999999999,1.2000000000000002,20,6.0
1.5,Gradual joint shift,40,260,5,0.7,0.16,36,117,169,euclidean,1e-06,0.15021688048177048,0.272476578816209,0.990119405443072,91,9.999999849234275e-09,0.5249999999999999,1.2000000000000002,20,6.0
1.5,Gradual joint shift,40,260,5,0.7,0.16,36,117,169,fixed_bwar,1e-06,0.15085238744731733,0.25988409886610914,0.9443611284733048,91,0.09123234048652612,0.5249999999999999,1.2000000000000002,20,6.0
1.5,Gradual joint shift,40,260,5,0.7,0.16,36,117,169,local_bwar,1e-06,0.1503656586880233,0.2544899598557808,0.9247600246537135,91,0.10084746683785838,0.5249999999999999,1.2000000000000002,20,6.0
1.5,Gradual joint shift,40,260,5,0.7,0.16,36,117,169,log_euclidean,1e-06,0.15379891282416763,0.28004177841442085,1.0176096615259338,91,0.10043454742574144,0.5249999999999999,1.2000000000000002,20,6.0
1.5,Gradual joint shift,40,260,5,0.7,0.16,36,117,169,persistence,,,0.27519567571173653,1.0,91,0.04909554050419766,0.5249999999999999,1.2000000000000002,20,6.0
1.5,Gradual joint shift,41,260,5,0.7,0.16,36,117,169,cholesky,1e-06,0.18297349037046493,0.48081983468331213,1.0814348436948205,91,0.04263079442098045,0.5249999999999999,1.2000000000000002,20,6.0
1.5,Gradual joint shift,41,260,5,0.7,0.16,36,117,169,euclidean,1e-06,0.1820502318648306,0.4609137322639856,1.0366630784605593,91,9.999999400261295e-09,0.5249999999999999,1.2000000000000002,20,6.0
1.5,Gradual joint shift,41,260,5,0.7,0.16,36,117,169,fixed_bwar,1e-06,0.17472565962040967,0.42767922413287296,0.9619137596648482,91,0.04212710715922994,0.5249999999999999,1.2000000000000002,20,6.0
1.5,Gradual joint shift,41,260,5,0.7,0.16,36,117,169,local_bwar,1e-06,0.17497460065246362,0.4221976469671596,0.9495848827804144,91,0.037399931518185395,0.5249999999999999,1.2000000000000002,20,6.0
1.5,Gradual joint shift,41,260,5,0.7,0.16,36,117,169,log_euclidean,1e-06,0.18100721504175724,0.4550690922227452,1.0235176195307831,91,0.035037308021099216,0.5249999999999999,1.2000000000000002,20,6.0
1.5,Gradual joint shift,41,260,5,0.7,0.16,36,117,169,persistence,,,0.4446128562314004,1.0,91,0.022987656153569947,0.5249999999999999,1.2000000000000002,20,6.0
1.5,Gradual joint shift,42,260,5,0.7,0.16,36,117,169,cholesky,1e-06,0.2396347607784272,0.4452943319575603,1.0932989979801087,91,0.11840316893889848,0.5249999999999999,1.2000000000000002,20,6.0
1.5,Gradual joint shift,42,260,5,0.7,0.16,36,117,169,euclidean,1e-06,0.24168372999131035,0.4148872004664696,1.0186425651337385,91,0.07103632962657618,0.5249999999999999,1.2000000000000002,20,6.0
1.5,Gradual joint shift,42,260,5,0.7,0.16,36,117,169,fixed_bwar,1e-06,0.22910451010117946,0.395431541876054,0.9708744923886047,91,0.16673225917171983,0.5249999999999999,1.2000000000000002,20,6.0
1.5,Gradual joint shift,42,260,5,0.7,0.16,36,117,169,local_bwar,1e-06,0.22924957588931366,0.3895490375727583,0.9564316046201168,91,0.1505163655364552,0.5249999999999999,1.2000000000000002,20,6.0
1.5,Gradual joint shift,42,260,5,0.7,0.16,36,117,169,log_euclidean,1e-06,0.23554157382096946,0.44964010202802285,1.1039688532252938,91,0.136497813084353,0.5249999999999999,1.2000000000000002,20,6.0
1.5,Gradual joint shift,42,260,5,0.7,0.16,36,117,169,persistence,,,0.4072941919641839,1.0,91,0.0844493791112327,0.5249999999999999,1.2000000000000002,20,6.0
1.5,Gradual joint shift,43,260,5,0.7,0.16,36,117,169,cholesky,1e-06,0.17980269498696536,0.26582319667689674,1.0214874927001065,91,0.041755526727630055,0.5249999999999999,1.2000000000000002,20,6.0
1.5,Gradual joint shift,43,260,5,0.7,0.16,36,117,169,euclidean,1e-06,0.17173650792087908,0.25650874292847725,0.9856945366139265,91,0.034724516206523524,0.5249999999999999,1.2000000000000002,20,6.0
1.5,Gradual joint shift,43,260,5,0.7,0.16,36,117,169,fixed_bwar,1e-06,0.16896913451435341,0.2438123639430125,0.9369057457997203,91,0.048909887708114934,0.5249999999999999,1.2000000000000002,20,6.0
1.5,Gradual joint shift,43,260,5,0.7,0.16,36,117,169,local_bwar,1e-06,0.16954604623065972,0.2406527183536536,0.9247640723444192,91,0.04289322851243281,0.5249999999999999,1.2000000000000002,20,6.0
1.5,Gradual joint shift,43,260,5,0.7,0.16,36,117,169,log_euclidean,1e-06,0.17261180733397444,0.2561478635950954,0.9843077737955123,91,0.042583838445305465,0.5249999999999999,1.2000000000000002,20,6.0
1.5,Gradual joint shift,43,260,5,0.7,0.16,36,117,169,persistence,,,0.2602314747625975,1.0,91,0.030969402163176892,0.5249999999999999,1.2000000000000002,20,6.0
1.5,Gradual joint shift,44,260,5,0.7,0.16,36,117,169,cholesky,1e-06,0.2107209356203495,0.36712958984572786,0.9770908716492954,91,0.029152024887572695,0.5249999999999999,1.2000000000000002,20,6.0
1.5,Gradual joint shift,44,260,5,0.7,0.16,36,117,169,euclidean,1e-06,0.20661834607355742,0.3932652226027892,1.0466491118402694,91,0.02945018878136617,0.5249999999999999,1.2000000000000002,20,6.0
1.5,Gradual joint shift,44,260,5,0.7,0.16,36,117,169,fixed_bwar,1e-06,0.19639832324686063,0.35112429591475613,0.9344938513312441,91,0.047505202736329556,0.5249999999999999,1.2000000000000002,20,6.0
1.5,Gradual joint shift,44,260,5,0.7,0.16,36,117,169,local_bwar,1e-06,0.19685332180513507,0.3425569921191867,0.911692544749514,91,0.03229019107838275,0.5249999999999999,1.2000000000000002,20,6.0
1.5,Gradual joint shift,44,260,5,0.7,0.16,36,117,169,log_euclidean,1e-06,0.203983752097977,0.38622256822340667,1.0279055578021241,91,0.031252827326016704,0.5249999999999999,1.2000000000000002,20,6.0
1.5,Gradual joint shift,44,260,5,0.7,0.16,36,117,169,persistence,,,0.37573740631311586,1.0,91,0.015007744634805784,0.5249999999999999,1.2000000000000002,20,6.0
1.5,Gradual joint shift,45,260,5,0.7,0.16,36,117,169,cholesky,1e-06,0.2574174501195142,0.3640600183516127,0.992136686802516,91,0.08754191162157833,0.5249999999999999,1.2000000000000002,20,6.0
1.5,Gradual joint shift,45,260,5,0.7,0.16,36,117,169,euclidean,1e-06,0.24287299183915534,0.37261660183428175,1.0154550957431137,91,1.0000000137058747e-08,0.5249999999999999,1.2000000000000002,20,6.0
1.5,Gradual joint shift,45,260,5,0.7,0.16,36,117,169,fixed_bwar,1e-06,0.24027920089902155,0.3552962647693991,0.9682536977218157,91,0.08381651189224049,0.5249999999999999,1.2000000000000002,20,6.0
1.5,Gradual joint shift,45,260,5,0.7,0.16,36,117,169,local_bwar,1e-06,0.2411515570429344,0.3480567135876939,0.9485244663827754,91,0.08690142779658444,0.5249999999999999,1.2000000000000002,20,6.0
1.5,Gradual joint shift,45,260,5,0.7,0.16,36,117,169,log_euclidean,1e-06,0.2572895193582553,0.3797512094756985,1.034898334852536,91,0.08900089359844379,0.5249999999999999,1.2000000000000002,20,6.0
1.5,Gradual joint shift,45,260,5,0.7,0.16,36,117,169,persistence,,,0.36694542515599826,1.0,91,0.07409952973449435,0.5249999999999999,1.2000000000000002,20,6.0
1.5,Gradual joint shift,46,260,5,0.7,0.16,36,117,169,cholesky,1e-06,0.20824175472046177,0.4042012824725835,1.3432856592785634,91,0.042312394963995165,0.5249999999999999,1.2000000000000002,20,6.0
1.5,Gradual joint shift,46,260,5,0.7,0.16,36,117,169,euclidean,1e-06,0.21354895985544392,0.33986884078838286,1.129489092844802,91,0.07600765787634688,0.5249999999999999,1.2000000000000002,20,6.0
1.5,Gradual joint shift,46,260,5,0.7,0.16,36,117,169,fixed_bwar,1e-06,0.20036675390397066,0.30049048274458307,0.9986226509508161,91,0.0724473465962831,0.5249999999999999,1.2000000000000002,20,6.0
1.5,Gradual joint shift,46,260,5,0.7,0.16,36,117,169,local_bwar,1e-06,0.19900708600066724,0.29082025993576854,0.9664855148644403,91,0.061572445303494004,0.5249999999999999,1.2000000000000002,20,6.0
1.5,Gradual joint shift,46,260,5,0.7,0.16,36,117,169,log_euclidean,1e-06,0.20097244229047334,0.3218228620435186,1.06951673375842,91,0.03134456510839447,0.5249999999999999,1.2000000000000002,20,6.0
1.5,Gradual joint shift,46,260,5,0.7,0.16,36,117,169,persistence,,,0.30090493386914247,1.0,91,0.00790884783880597,0.5249999999999999,1.2000000000000002,20,6.0
1.5,Gradual joint shift,47,260,5,0.7,0.16,36,117,169,cholesky,1e-06,0.2592551011325564,0.3372914251266159,1.0339279580817655,91,0.06668462345283363,0.5249999999999999,1.2000000000000002,20,6.0
1.5,Gradual joint shift,47,260,5,0.7,0.16,36,117,169,euclidean,1e-06,0.24195071646102456,0.33255571302106174,1.019411178873635,91,9.999998940080955e-09,0.5249999999999999,1.2000000000000002,20,6.0
1.5,Gradual joint shift,47,260,5,0.7,0.16,36,117,169,fixed_bwar,1e-06,0.23711814437448112,0.31879811499499267,0.9772388490260453,91,0.05922735944032986,0.5249999999999999,1.2000000000000002,20,6.0
1.5,Gradual joint shift,47,260,5,0.7,0.16,36,117,169,local_bwar,1e-06,0.2371750861875628,0.31230122024330986,0.9573233675638114,91,0.05989222419144613,0.5249999999999999,1.2000000000000002,20,6.0
1.5,Gradual joint shift,47,260,5,0.7,0.16,36,117,169,log_euclidean,1e-06,0.24694048552747505,0.3436291984890057,1.0533556712793388,91,0.06140427155092443,0.5249999999999999,1.2000000000000002,20,6.0
1.5,Gradual joint shift,47,260,5,0.7,0.16,36,117,169,persistence,,,0.3262233335409449,1.0,91,0.049691232275634135,0.5249999999999999,1.2000000000000002,20,6.0
1.5,Gradual joint shift,48,260,5,0.7,0.16,36,117,169,cholesky,1e-06,0.20928039999308296,0.3394152115201629,0.9899867244195864,91,0.06529866191079528,0.5249999999999999,1.2000000000000002,20,6.0
1.5,Gradual joint shift,48,260,5,0.7,0.16,36,117,169,euclidean,1e-06,0.21289248042847783,0.35878223044378543,1.0464753288639697,91,9.999999676185798e-09,0.5249999999999999,1.2000000000000002,20,6.0
1.5,Gradual joint shift,48,260,5,0.7,0.16,36,117,169,fixed_bwar,1e-06,0.20359019108525025,0.33055331537799343,0.9641388565687614,91,0.04785520682009096,0.5249999999999999,1.2000000000000002,20,6.0
1.5,Gradual joint shift,48,260,5,0.7,0.16,36,117,169,local_bwar,1e-06,0.20313511182702254,0.3164555939944324,0.923019435456834,91,0.06041918002764041,0.5249999999999999,1.2000000000000002,20,6.0
1.5,Gradual joint shift,48,260,5,0.7,0.16,36,117,169,log_euclidean,1e-06,0.20856520024037256,0.3670731475744784,1.070657798046443,91,0.048866468226019685,0.5249999999999999,1.2000000000000002,20,6.0
1.5,Gradual joint shift,48,260,5,0.7,0.16,36,117,169,persistence,,,0.34284824548446013,1.0,91,0.021815509827205416,0.5249999999999999,1.2000000000000002,20,6.0
1.5,Gradual joint shift,49,260,5,0.7,0.16,36,117,169,cholesky,1e-06,0.18691086628485218,0.3339110321625904,1.0609786293340235,91,0.030370515196726195,0.5249999999999999,1.2000000000000002,20,6.0
1.5,Gradual joint shift,49,260,5,0.7,0.16,36,117,169,euclidean,1e-06,0.1834560779153591,0.3264105236123389,1.0371462952257002,91,9.999999086967164e-09,0.5249999999999999,1.2000000000000002,20,6.0
1.5,Gradual joint shift,49,260,5,0.7,0.16,36,117,169,fixed_bwar,1e-06,0.17575945449722832,0.3122224052687155,0.9920645551719105,91,0.0389076354585498,0.5249999999999999,1.2000000000000002,20,6.0
1.5,Gradual joint shift,49,260,5,0.7,0.16,36,117,169,local_bwar,1e-06,0.17545893564700274,0.30603436546982987,0.9724024974628104,91,0.044359444112602384,0.5249999999999999,1.2000000000000002,20,6.0
1.5,Gradual joint shift,49,260,5,0.7,0.16,36,117,169,log_euclidean,1e-06,0.18038115169379307,0.3283916083807617,1.0434410516121027,91,0.034805029110470384,0.5249999999999999,1.2000000000000002,20,6.0
1.5,Gradual joint shift,49,260,5,0.7,0.16,36,117,169,persistence,,,0.3147198472528956,1.0,91,0.018153706218835393,0.5249999999999999,1.2000000000000002,20,6.0
