setting,seed,n,d,phi,dispersion,window_length,fit_end,validation_end,method,ridge,validation_w2_mean,w2_mean,w2_ratio_mean,n_test_origins,min_pred_eig,mean_shift_strength,covariance_shift_strength,coordinate_dimension,reference_condition
No shift,0,260,5,0.7,0.16,36,117,169,persistence,,,0.21726450365938307,1.0,91,0.08974345262891585,0.35,0.8,20,6.0
No shift,0,260,5,0.7,0.16,36,117,169,euclidean,1e-06,0.22171359550259562,0.20748189257748706,0.9549737259555627,91,0.23750852237874273,0.35,0.8,20,6.0
No shift,0,260,5,0.7,0.16,36,117,169,cholesky,1e-06,0.24172592091790765,0.21748561761391746,1.0010177178085244,91,0.1472103145459555,0.35,0.8,20,6.0
No shift,0,260,5,0.7,0.16,36,117,169,log_euclidean,1e-06,0.21959450556101895,0.21105797403009902,0.9714333012307691,91,0.14132363820426147,0.35,0.8,20,6.0
No shift,0,260,5,0.7,0.16,36,117,169,fixed_bwar,0.001,0.214099879386072,0.2038881296338236,0.9384327683525777,91,0.18763719409823493,0.35,0.8,20,6.0
No shift,0,260,5,0.7,0.16,36,117,169,local_bwar,1e-06,0.21241218099597234,0.20355304111101852,0.9368904615460759,91,0.18317080800461719,0.35,0.8,20,6.0
No shift,1,260,5,0.7,0.16,36,117,169,persistence,,,0.15795108535801758,1.0,91,0.16403116883455907,0.35,0.8,20,6.0
No shift,1,260,5,0.7,0.16,36,117,169,euclidean,1e-06,0.1414730181976691,0.14714474569123,0.9315842645696703,91,0.23365936853221717,0.35,0.8,20,6.0
No shift,1,260,5,0.7,0.16,36,117,169,cholesky,1e-06,0.14105140845264244,0.14830155988208774,0.9389081407445989,91,0.2077896096151689,0.35,0.8,20,6.0
No shift,1,260,5,0.7,0.16,36,117,169,log_euclidean,0.001,0.1412350395582661,0.14593296757300833,0.9239124077066736,91,0.21221438153893607,0.35,0.8,20,6.0
No shift,1,260,5,0.7,0.16,36,117,169,fixed_bwar,1e-06,0.1392615732303426,0.14489813812600866,0.9173608259644266,91,0.21760912144923644,0.35,0.8,20,6.0
No shift,1,260,5,0.7,0.16,36,117,169,local_bwar,1e-06,0.1393883644341184,0.14507168748404167,0.9184595797820382,91,0.21680741218216748,0.35,0.8,20,6.0
No shift,2,260,5,0.7,0.16,36,117,169,persistence,,,0.19846764005749626,1.0,91,0.044643398868979826,0.35,0.8,20,6.0
No shift,2,260,5,0.7,0.16,36,117,169,euclidean,1e-06,0.17742072164029193,0.17922945099316476,0.9030663686092192,91,0.1897718271889404,0.35,0.8,20,6.0
No shift,2,260,5,0.7,0.16,36,117,169,cholesky,1e-06,0.17343060295896415,0.1807764074525329,0.9108608708208643,91,0.0912715011706447,0.35,0.8,20,6.0
No shift,2,260,5,0.7,0.16,36,117,169,log_euclidean,1e-06,0.17502204625896464,0.18225169933059865,0.9182942835305552,91,0.09242979318913683,0.35,0.8,20,6.0
No shift,2,260,5,0.7,0.16,36,117,169,fixed_bwar,1e-06,0.17234561308613616,0.17735918015433047,0.8936428130195399,91,0.12386891252100375,0.35,0.8,20,6.0
No shift,2,260,5,0.7,0.16,36,117,169,local_bwar,0.0001,0.1721794806717637,0.17739449322651102,0.8938207416338486,91,0.12420881561344278,0.35,0.8,20,6.0
No shift,3,260,5,0.7,0.16,36,117,169,persistence,,,0.1731070128164273,1.0,91,0.17501419347263836,0.35,0.8,20,6.0
No shift,3,260,5,0.7,0.16,36,117,169,euclidean,0.001,0.1777224735761618,0.16020949757844472,0.9254939760779083,91,0.18106840903436622,0.35,0.8,20,6.0
No shift,3,260,5,0.7,0.16,36,117,169,cholesky,1e-06,0.18059138846157374,0.15982800283155468,0.9232901673431657,91,0.2256810549165874,0.35,0.8,20,6.0
No shift,3,260,5,0.7,0.16,36,117,169,log_euclidean,0.001,0.18065266513535178,0.15766760224893703,0.9108100225618063,91,0.21338660945457782,0.35,0.8,20,6.0
No shift,3,260,5,0.7,0.16,36,117,169,fixed_bwar,0.0001,0.17675941599617645,0.156548562659336,0.9043455843429589,91,0.21625059469906405,0.35,0.8,20,6.0
No shift,3,260,5,0.7,0.16,36,117,169,local_bwar,0.0001,0.17730998099380973,0.15667321384791405,0.9050656660227822,91,0.21817843463541262,0.35,0.8,20,6.0
No shift,4,260,5,0.7,0.16,36,117,169,persistence,,,0.15014050995286207,1.0,91,0.16097797997797045,0.35,0.8,20,6.0
No shift,4,260,5,0.7,0.16,36,117,169,euclidean,1e-06,0.15720032638497505,0.13793224543106183,0.9186877377355843,91,0.22586631294510037,0.35,0.8,20,6.0
No shift,4,260,5,0.7,0.16,36,117,169,cholesky,1e-06,0.15568762314783838,0.14054334958558645,0.9360788079760171,91,0.20789027432095575,0.35,0.8,20,6.0
No shift,4,260,5,0.7,0.16,36,117,169,log_euclidean,0.001,0.15486518624698725,0.13770817632456764,0.9171953416689628,91,0.20981883457823672,0.35,0.8,20,6.0
No shift,4,260,5,0.7,0.16,36,117,169,fixed_bwar,0.0001,0.1533560468791298,0.1356580895991964,0.9035408874113152,91,0.220915966385547,0.35,0.8,20,6.0
No shift,4,260,5,0.7,0.16,36,117,169,local_bwar,0.0001,0.15345795384828376,0.1360320989453863,0.9060319495923835,91,0.22129154735859072,0.35,0.8,20,6.0
No shift,5,260,5,0.7,0.16,36,117,169,persistence,,,0.18379992213419116,1.0,91,0.029877203730561807,0.35,0.8,20,6.0
No shift,5,260,5,0.7,0.16,36,117,169,euclidean,0.01,0.1580653619786278,0.16880652527204168,0.9184254449726975,91,0.3013867286901502,0.35,0.8,20,6.0
No shift,5,260,5,0.7,0.16,36,117,169,cholesky,1e-06,0.16145564468049772,0.1759287780062517,0.9571754762649313,91,0.0332595117543351,0.35,0.8,20,6.0
No shift,5,260,5,0.7,0.16,36,117,169,log_euclidean,0.0001,0.1591810999200026,0.17269631346888797,0.9395886106132487,91,0.041442003217494076,0.35,0.8,20,6.0
No shift,5,260,5,0.7,0.16,36,117,169,fixed_bwar,0.0001,0.1563837694038343,0.16768547509618037,0.9123261487224911,91,0.12881125639971205,0.35,0.8,20,6.0
No shift,5,260,5,0.7,0.16,36,117,169,local_bwar,1e-06,0.15589652040206906,0.1677440261011405,0.9126447070998847,91,0.11646069154083738,0.35,0.8,20,6.0
No shift,6,260,5,0.7,0.16,36,117,169,persistence,,,0.15952149789917922,1.0,91,0.11038537792230192,0.35,0.8,20,6.0
No shift,6,260,5,0.7,0.16,36,117,169,euclidean,1e-06,0.15429304850886286,0.15041560260579892,0.9429174411392789,91,0.22833200957014615,0.35,0.8,20,6.0
No shift,6,260,5,0.7,0.16,36,117,169,cholesky,1e-06,0.15957216319953035,0.15090205310009244,0.9459668764862373,91,0.1245664564557147,0.35,0.8,20,6.0
No shift,6,260,5,0.7,0.16,36,117,169,log_euclidean,1e-06,0.15371098716395684,0.14835483626551008,0.9299990171812034,91,0.12579185943043775,0.35,0.8,20,6.0
No shift,6,260,5,0.7,0.16,36,117,169,fixed_bwar,0.0001,0.15019176370543846,0.14680243981973662,0.9202674357566446,91,0.15552053078407005,0.35,0.8,20,6.0
No shift,6,260,5,0.7,0.16,36,117,169,local_bwar,1e-06,0.15093073732663703,0.14679052577534035,0.9201927496199598,91,0.15560211057432954,0.35,0.8,20,6.0
No shift,7,260,5,0.7,0.16,36,117,169,persistence,,,0.19612824001807946,1.0,91,0.09901678486246172,0.35,0.8,20,6.0
No shift,7,260,5,0.7,0.16,36,117,169,euclidean,0.0001,0.19158616448376709,0.18067788224387676,0.9212231865600872,91,0.16742615574045905,0.35,0.8,20,6.0
No shift,7,260,5,0.7,0.16,36,117,169,cholesky,1e-06,0.19304200450140785,0.18054320461457032,0.9205365050842628,91,0.20647523357254524,0.35,0.8,20,6.0
No shift,7,260,5,0.7,0.16,36,117,169,log_euclidean,1e-06,0.19044222551810808,0.18212136136629425,0.9285830604991202,91,0.15951779704808502,0.35,0.8,20,6.0
No shift,7,260,5,0.7,0.16,36,117,169,fixed_bwar,1e-06,0.1886900258317729,0.1777091408644441,0.9060864506205865,91,0.14966041324091928,0.35,0.8,20,6.0
No shift,7,260,5,0.7,0.16,36,117,169,local_bwar,1e-06,0.1886569902392554,0.17807104366912213,0.907931686190154,91,0.15299342470693514,0.35,0.8,20,6.0
No shift,8,260,5,0.7,0.16,36,117,169,persistence,,,0.1860375384062275,1.0,91,0.07842825875832116,0.35,0.8,20,6.0
No shift,8,260,5,0.7,0.16,36,117,169,euclidean,1e-06,0.18644869741669773,0.18102057702408625,0.9730325319012428,91,0.07275026162275537,0.35,0.8,20,6.0
No shift,8,260,5,0.7,0.16,36,117,169,cholesky,1e-06,0.18345902999348074,0.18792106083149782,1.0101244213474676,91,0.14177621355488343,0.35,0.8,20,6.0
No shift,8,260,5,0.7,0.16,36,117,169,log_euclidean,1e-06,0.1818062869237155,0.1822868083043931,0.9798388533090328,91,0.14199497110164822,0.35,0.8,20,6.0
No shift,8,260,5,0.7,0.16,36,117,169,fixed_bwar,1e-06,0.18063187894724597,0.1769656865198109,0.9512364441922065,91,0.16371142004770936,0.35,0.8,20,6.0
No shift,8,260,5,0.7,0.16,36,117,169,local_bwar,1e-06,0.18243687374044756,0.17726865430245323,0.952864974569666,91,0.15870693720333454,0.35,0.8,20,6.0
No shift,9,260,5,0.7,0.16,36,117,169,persistence,,,0.17952059019522676,1.0,91,0.06383321212091216,0.35,0.8,20,6.0
No shift,9,260,5,0.7,0.16,36,117,169,euclidean,1e-06,0.19919618363822933,0.17066895725342884,0.9506929376058096,91,0.2580801861684042,0.35,0.8,20,6.0
No shift,9,260,5,0.7,0.16,36,117,169,cholesky,1e-06,0.2002199126901889,0.17295309703190676,0.963416490798198,91,0.1414146152265372,0.35,0.8,20,6.0
No shift,9,260,5,0.7,0.16,36,117,169,log_euclidean,0.01,0.197694714380332,0.16981259877287194,0.9459226854602167,91,0.13713522234780423,0.35,0.8,20,6.0
No shift,9,260,5,0.7,0.16,36,117,169,fixed_bwar,0.0001,0.1953662978999273,0.16714657616796413,0.9310718953530288,91,0.1598819513540433,0.35,0.8,20,6.0
No shift,9,260,5,0.7,0.16,36,117,169,local_bwar,0.0001,0.19510917368209843,0.16762281362680637,0.93372472452613,91,0.1614233755778704,0.35,0.8,20,6.0
No shift,10,260,5,0.7,0.16,36,117,169,persistence,,,0.207569434295573,1.0,91,0.13408633645158657,0.35,0.8,20,6.0
No shift,10,260,5,0.7,0.16,36,117,169,euclidean,0.01,0.18219929251811623,0.18976212457931935,0.9142103471222234,91,0.30954894415529366,0.35,0.8,20,6.0
No shift,10,260,5,0.7,0.16,36,117,169,cholesky,0.001,0.18042409952656266,0.19531755463217795,0.9409745480832755,91,0.18037921153437478,0.35,0.8,20,6.0
No shift,10,260,5,0.7,0.16,36,117,169,log_euclidean,1e-06,0.18010193017204615,0.19026479978358288,0.916632067863379,91,0.18160281001562925,0.35,0.8,20,6.0
No shift,10,260,5,0.7,0.16,36,117,169,fixed_bwar,1e-06,0.1779564522457081,0.18681363412582663,0.9000055078427843,91,0.24175992208108052,0.35,0.8,20,6.0
No shift,10,260,5,0.7,0.16,36,117,169,local_bwar,1e-06,0.17873596994721025,0.18696237759327508,0.9007221040408384,91,0.2427520249439633,0.35,0.8,20,6.0
No shift,11,260,5,0.7,0.16,36,117,169,persistence,,,0.20102447924662345,1.0,91,0.1255095917722276,0.35,0.8,20,6.0
No shift,11,260,5,0.7,0.16,36,117,169,euclidean,0.001,0.18996868111600512,0.19242324476208433,0.9572129995472499,91,0.15623146271358485,0.35,0.8,20,6.0
No shift,11,260,5,0.7,0.16,36,117,169,cholesky,0.001,0.1848911290253712,0.19683015281791905,0.979135245396862,91,0.20119796831017442,0.35,0.8,20,6.0
No shift,11,260,5,0.7,0.16,36,117,169,log_euclidean,1e-06,0.18181794800397416,0.19413441860380357,0.9657252655565051,91,0.20264440666668357,0.35,0.8,20,6.0
No shift,11,260,5,0.7,0.16,36,117,169,fixed_bwar,1e-06,0.18223211215297516,0.18770082769751126,0.9337212482825721,91,0.24723853781554816,0.35,0.8,20,6.0
No shift,11,260,5,0.7,0.16,36,117,169,local_bwar,1e-06,0.181761606887279,0.18887729537646195,0.9395736085690393,91,0.24902866640775692,0.35,0.8,20,6.0
No shift,12,260,5,0.7,0.16,36,117,169,persistence,,,0.18684444618295157,1.0,91,0.19898050744610848,0.35,0.8,20,6.0
No shift,12,260,5,0.7,0.16,36,117,169,euclidean,1e-06,0.16200554819971544,0.18352442444014902,0.982231092169838,91,0.11679182861050268,0.35,0.8,20,6.0
No shift,12,260,5,0.7,0.16,36,117,169,cholesky,1e-06,0.16724971700455304,0.17974725488680093,0.9620155084020998,91,0.24973130932654433,0.35,0.8,20,6.0
No shift,12,260,5,0.7,0.16,36,117,169,log_euclidean,1e-06,0.16153543626211903,0.1776888212163998,0.9509986774903286,91,0.23800784474762787,0.35,0.8,20,6.0
No shift,12,260,5,0.7,0.16,36,117,169,fixed_bwar,0.001,0.15921418129089274,0.17691850302505782,0.9468758993875868,91,0.22050749599381642,0.35,0.8,20,6.0
No shift,12,260,5,0.7,0.16,36,117,169,local_bwar,0.001,0.15922416734230824,0.1780549739167392,0.9529583434467941,91,0.2214207798294126,0.35,0.8,20,6.0
No shift,13,260,5,0.7,0.16,36,117,169,persistence,,,0.16851798967491474,1.0,91,0.167085013682505,0.35,0.8,20,6.0
No shift,13,260,5,0.7,0.16,36,117,169,euclidean,1e-06,0.1852538095727421,0.1550112163725586,0.9198496651401323,91,0.2975145987816996,0.35,0.8,20,6.0
No shift,13,260,5,0.7,0.16,36,117,169,cholesky,1e-06,0.17759345745535618,0.1520142220400929,0.9020652473563269,91,0.2065649492644476,0.35,0.8,20,6.0
No shift,13,260,5,0.7,0.16,36,117,169,log_euclidean,0.001,0.17785413145442758,0.15299676573386914,0.9078957447155206,91,0.2131354821902692,0.35,0.8,20,6.0
No shift,13,260,5,0.7,0.16,36,117,169,fixed_bwar,1e-06,0.17493060473346222,0.1516859750577822,0.9001174020079227,91,0.23364297017658556,0.35,0.8,20,6.0
No shift,13,260,5,0.7,0.16,36,117,169,local_bwar,1e-06,0.17498863745243567,0.15204877075383808,0.9022702623450044,91,0.23363323004483932,0.35,0.8,20,6.0
No shift,14,260,5,0.7,0.16,36,117,169,persistence,,,0.1625066878206338,1.0,91,0.14341813548149013,0.35,0.8,20,6.0
No shift,14,260,5,0.7,0.16,36,117,169,euclidean,0.001,0.1539858902179878,0.14823913577184314,0.912203293045155,91,0.28677533265769006,0.35,0.8,20,6.0
No shift,14,260,5,0.7,0.16,36,117,169,cholesky,1e-06,0.15879502970397844,0.15176431161218776,0.9338957900594043,91,0.23393032295029573,0.35,0.8,20,6.0
No shift,14,260,5,0.7,0.16,36,117,169,log_euclidean,0.001,0.15312708903845926,0.14706180351169007,0.9049584696108571,91,0.20021517942408606,0.35,0.8,20,6.0
No shift,14,260,5,0.7,0.16,36,117,169,fixed_bwar,1e-06,0.1486972838136061,0.14520309488382332,0.8935207333995432,91,0.24178001025132267,0.35,0.8,20,6.0
No shift,14,260,5,0.7,0.16,36,117,169,local_bwar,0.0001,0.1491511470356114,0.14571307467440753,0.896658941416847,91,0.2409129915035943,0.35,0.8,20,6.0
No shift,15,260,5,0.7,0.16,36,117,169,persistence,,,0.20377762587501974,1.0,91,0.11527457856142131,0.35,0.8,20,6.0
No shift,15,260,5,0.7,0.16,36,117,169,euclidean,0.01,0.17560205603895643,0.19509470600214474,0.9573902196789731,91,0.07744327826237292,0.35,0.8,20,6.0
No shift,15,260,5,0.7,0.16,36,117,169,cholesky,1e-06,0.17190349175925224,0.19686152486914127,0.9660605477358921,91,0.15608019891647826,0.35,0.8,20,6.0
No shift,15,260,5,0.7,0.16,36,117,169,log_euclidean,0.01,0.17111758654981776,0.19337045103637282,0.9489287658840926,91,0.15094769130990945,0.35,0.8,20,6.0
No shift,15,260,5,0.7,0.16,36,117,169,fixed_bwar,0.001,0.16718186245266242,0.19033014363053305,0.9340090346683386,91,0.16315019215460938,0.35,0.8,20,6.0
No shift,15,260,5,0.7,0.16,36,117,169,local_bwar,0.0001,0.1676809321451702,0.190456141097509,0.9346273433096083,91,0.16005990354705255,0.35,0.8,20,6.0
No shift,16,260,5,0.7,0.16,36,117,169,persistence,,,0.189174127223576,1.0,91,0.15252809376049697,0.35,0.8,20,6.0
No shift,16,260,5,0.7,0.16,36,117,169,euclidean,1e-06,0.1915709150153493,0.18088922942662367,0.9562049106897118,91,0.20964712476857417,0.35,0.8,20,6.0
No shift,16,260,5,0.7,0.16,36,117,169,cholesky,1e-06,0.19336439026787067,0.18223464282421897,0.9633169477179321,91,0.21399990387446613,0.35,0.8,20,6.0
No shift,16,260,5,0.7,0.16,36,117,169,log_euclidean,1e-06,0.19166581354246257,0.18017847567439169,0.9524477703097699,91,0.21760519899938546,0.35,0.8,20,6.0
No shift,16,260,5,0.7,0.16,36,117,169,fixed_bwar,0.001,0.18950311068516823,0.17681196984530306,0.934651965574221,91,0.2319507952078918,0.35,0.8,20,6.0
No shift,16,260,5,0.7,0.16,36,117,169,local_bwar,1e-06,0.18917407423181587,0.1769037992648353,0.9351373882949703,91,0.2310620127371912,0.35,0.8,20,6.0
No shift,17,260,5,0.7,0.16,36,117,169,persistence,,,0.18705076476222762,1.0,91,0.03989775332460478,0.35,0.8,20,6.0
No shift,17,260,5,0.7,0.16,36,117,169,euclidean,1e-06,0.1620925965208628,0.17457600899510126,0.9333081808941875,91,0.12056133980705523,0.35,0.8,20,6.0
No shift,17,260,5,0.7,0.16,36,117,169,cholesky,1e-06,0.16256952964169102,0.17743821364744503,0.948609934169466,91,0.045418224851987876,0.35,0.8,20,6.0
No shift,17,260,5,0.7,0.16,36,117,169,log_euclidean,0.001,0.16051718677089194,0.17990550760084095,0.9618004386645012,91,0.06053100769180953,0.35,0.8,20,6.0
No shift,17,260,5,0.7,0.16,36,117,169,fixed_bwar,0.0001,0.15637387989295465,0.17229793224936388,0.9211292585110944,91,0.0802387105735788,0.35,0.8,20,6.0
No shift,17,260,5,0.7,0.16,36,117,169,local_bwar,0.001,0.1574871016928706,0.17371010453062977,0.928678932435502,91,0.07730096342681719,0.35,0.8,20,6.0
No shift,18,260,5,0.7,0.16,36,117,169,persistence,,,0.21733379850359896,1.0,91,0.13427103624191472,0.35,0.8,20,6.0
No shift,18,260,5,0.7,0.16,36,117,169,euclidean,1e-06,0.1862882883764914,0.19839919661139915,0.912877785127902,91,0.2256607835884986,0.35,0.8,20,6.0
No shift,18,260,5,0.7,0.16,36,117,169,cholesky,1e-06,0.18722266705523583,0.20100133714064747,0.9248507987464222,91,0.18651915589489754,0.35,0.8,20,6.0
No shift,18,260,5,0.7,0.16,36,117,169,log_euclidean,0.001,0.18875550533120225,0.19775611743799112,0.9099188382092184,91,0.2015105584469836,0.35,0.8,20,6.0
No shift,18,260,5,0.7,0.16,36,117,169,fixed_bwar,1e-06,0.18485312707556129,0.1938480962267502,0.8919371840065646,91,0.21185425433388066,0.35,0.8,20,6.0
No shift,18,260,5,0.7,0.16,36,117,169,local_bwar,0.0001,0.18575074601311406,0.19426622486382447,0.8938610846605504,91,0.21273875775904888,0.35,0.8,20,6.0
No shift,19,260,5,0.7,0.16,36,117,169,persistence,,,0.1824494685123587,1.0,91,0.12678697287958504,0.35,0.8,20,6.0
No shift,19,260,5,0.7,0.16,36,117,169,euclidean,1e-06,0.13993562435300017,0.1652096363388873,0.9055090030459387,91,0.23420167113739224,0.35,0.8,20,6.0
No shift,19,260,5,0.7,0.16,36,117,169,cholesky,1e-06,0.13516550477123354,0.16602013603512575,0.9099513272842444,91,0.2086298772833026,0.35,0.8,20,6.0
No shift,19,260,5,0.7,0.16,36,117,169,log_euclidean,1e-06,0.13555043755254068,0.16375907410550203,0.8975585154659378,91,0.19977551574501815,0.35,0.8,20,6.0
No shift,19,260,5,0.7,0.16,36,117,169,fixed_bwar,0.001,0.13450859584958458,0.16142011016746158,0.8847387251036435,91,0.2272973370685301,0.35,0.8,20,6.0
No shift,19,260,5,0.7,0.16,36,117,169,local_bwar,0.01,0.13489758532952173,0.1622270592006291,0.8891615882654119,91,0.24289447997884853,0.35,0.8,20,6.0
No shift,20,260,5,0.7,0.16,36,117,169,persistence,,,0.20269312687929997,1.0,91,0.1137371831581508,0.35,0.8,20,6.0
No shift,20,260,5,0.7,0.16,36,117,169,euclidean,1e-06,0.21906097017783216,0.19369563193647454,0.9556102612784534,91,0.11653488544766187,0.35,0.8,20,6.0
No shift,20,260,5,0.7,0.16,36,117,169,cholesky,1e-06,0.21839965648385815,0.19235248834964422,0.9489837732099647,91,0.12703764218204094,0.35,0.8,20,6.0
No shift,20,260,5,0.7,0.16,36,117,169,log_euclidean,1e-06,0.2174654294827441,0.19351333369489698,0.9547108807992815,91,0.14777422173867164,0.35,0.8,20,6.0
No shift,20,260,5,0.7,0.16,36,117,169,fixed_bwar,0.001,0.21235800991200135,0.18705052169228814,0.9228261686627061,91,0.16414068793396813,0.35,0.8,20,6.0
No shift,20,260,5,0.7,0.16,36,117,169,local_bwar,1e-06,0.2128310670358058,0.18804540012491297,0.9277344674686012,91,0.16054301796324524,0.35,0.8,20,6.0
No shift,21,260,5,0.7,0.16,36,117,169,persistence,,,0.16170218554333168,1.0,91,0.11326053372853172,0.35,0.8,20,6.0
No shift,21,260,5,0.7,0.16,36,117,169,euclidean,1e-06,0.1605397589833623,0.14700288174579995,0.9090964432661133,91,0.29072818744690554,0.35,0.8,20,6.0
No shift,21,260,5,0.7,0.16,36,117,169,cholesky,1e-06,0.15615151206526645,0.1463076605726084,0.904797050707778,91,0.21679326398501453,0.35,0.8,20,6.0
No shift,21,260,5,0.7,0.16,36,117,169,log_euclidean,0.0001,0.15744400422385538,0.14680786591059206,0.9078904247169352,91,0.21320634608975272,0.35,0.8,20,6.0
No shift,21,260,5,0.7,0.16,36,117,169,fixed_bwar,0.0001,0.15638925913189095,0.14540887010245948,0.8992387432110122,91,0.23089258675846594,0.35,0.8,20,6.0
No shift,21,260,5,0.7,0.16,36,117,169,local_bwar,0.001,0.15669498809074736,0.1455896783562458,0.9003568991170613,91,0.2303397937594174,0.35,0.8,20,6.0
No shift,22,260,5,0.7,0.16,36,117,169,persistence,,,0.2180412941161454,1.0,91,0.13476906357310697,0.35,0.8,20,6.0
No shift,22,260,5,0.7,0.16,36,117,169,euclidean,0.001,0.2137484157437387,0.20936422387901482,0.960204463689761,91,0.26858255881390525,0.35,0.8,20,6.0
No shift,22,260,5,0.7,0.16,36,117,169,cholesky,0.0001,0.21385942014581316,0.20931247746329443,0.959967139764813,91,0.16097011124381594,0.35,0.8,20,6.0
No shift,22,260,5,0.7,0.16,36,117,169,log_euclidean,1e-06,0.2126559257614302,0.20742508181801783,0.9513110012433124,91,0.1813244603238238,0.35,0.8,20,6.0
No shift,22,260,5,0.7,0.16,36,117,169,fixed_bwar,0.0001,0.20954211845571863,0.20360918579648865,0.9338102060980746,91,0.22214842142469507,0.35,0.8,20,6.0
No shift,22,260,5,0.7,0.16,36,117,169,local_bwar,0.001,0.20982025674864851,0.20490254206804803,0.939741909433455,91,0.22659675951557723,0.35,0.8,20,6.0
No shift,23,260,5,0.7,0.16,36,117,169,persistence,,,0.20049256101333635,1.0,91,0.04661676275202983,0.35,0.8,20,6.0
No shift,23,260,5,0.7,0.16,36,117,169,euclidean,1e-06,0.18193826610242836,0.18382810648624656,0.9168824297377233,91,0.15720991867718048,0.35,0.8,20,6.0
No shift,23,260,5,0.7,0.16,36,117,169,cholesky,1e-06,0.1878118228991322,0.1915897731906441,0.9555954207093995,91,0.03100173108759657,0.35,0.8,20,6.0
No shift,23,260,5,0.7,0.16,36,117,169,log_euclidean,1e-06,0.17784926725339917,0.18628609720612335,0.9291421899375708,91,0.05951665590601849,0.35,0.8,20,6.0
No shift,23,260,5,0.7,0.16,36,117,169,fixed_bwar,0.0001,0.17467879814626683,0.18086769440109582,0.9021167343414047,91,0.08623114109264284,0.35,0.8,20,6.0
No shift,23,260,5,0.7,0.16,36,117,169,local_bwar,0.001,0.17476815539634938,0.1822823176825169,0.9091724738375299,91,0.08739854605419993,0.35,0.8,20,6.0
No shift,24,260,5,0.7,0.16,36,117,169,persistence,,,0.20009719594535996,1.0,91,0.12527811638470235,0.35,0.8,20,6.0
No shift,24,260,5,0.7,0.16,36,117,169,euclidean,1e-06,0.17275581029653925,0.19273676749301133,0.9632157341457273,91,0.21888965273524752,0.35,0.8,20,6.0
No shift,24,260,5,0.7,0.16,36,117,169,cholesky,0.0001,0.17552419856424614,0.19634112211825797,0.9812287533098282,91,0.18058254793538933,0.35,0.8,20,6.0
No shift,24,260,5,0.7,0.16,36,117,169,log_euclidean,0.001,0.17303989024752614,0.18815524359590516,0.9403192418912468,91,0.18440698472552405,0.35,0.8,20,6.0
No shift,24,260,5,0.7,0.16,36,117,169,fixed_bwar,0.0001,0.17248359090756557,0.1857249680827059,0.928173766779927,91,0.1983804406511601,0.35,0.8,20,6.0
No shift,24,260,5,0.7,0.16,36,117,169,local_bwar,0.001,0.17258930139106987,0.18607715769102867,0.9299338594521849,91,0.1989751469572484,0.35,0.8,20,6.0
No shift,25,260,5,0.7,0.16,36,117,169,persistence,,,0.1729229003012229,1.0,91,0.04974984189657213,0.35,0.8,20,6.0
No shift,25,260,5,0.7,0.16,36,117,169,euclidean,1e-06,0.19109761415125823,0.16976096550704356,0.9817147712149669,91,0.09767590183820761,0.35,0.8,20,6.0
No shift,25,260,5,0.7,0.16,36,117,169,cholesky,1e-06,0.19997828777125254,0.173577775885848,1.0037870957720714,91,0.10194718902669209,0.35,0.8,20,6.0
No shift,25,260,5,0.7,0.16,36,117,169,log_euclidean,1e-06,0.2006106392350611,0.1676516972033692,0.96951703280091,91,0.0979001647928972,0.35,0.8,20,6.0
No shift,25,260,5,0.7,0.16,36,117,169,fixed_bwar,0.001,0.1832320611819243,0.16390005142396177,0.9478215501732634,91,0.10042825181499698,0.35,0.8,20,6.0
No shift,25,260,5,0.7,0.16,36,117,169,local_bwar,1e-06,0.18319800552860083,0.16416007966467178,0.9493252737417269,91,0.1003049352355354,0.35,0.8,20,6.0
No shift,26,260,5,0.7,0.16,36,117,169,persistence,,,0.1764675342312993,1.0,91,0.10282005423031063,0.35,0.8,20,6.0
No shift,26,260,5,0.7,0.16,36,117,169,euclidean,0.01,0.17694970524845402,0.16468351671805204,0.9332227451095807,91,0.09408018069347639,0.35,0.8,20,6.0
No shift,26,260,5,0.7,0.16,36,117,169,cholesky,1e-06,0.16780702625532054,0.16453372166402452,0.9323738917798166,91,0.12339383728011893,0.35,0.8,20,6.0
No shift,26,260,5,0.7,0.16,36,117,169,log_euclidean,1e-06,0.16739828426472503,0.16616166292636655,0.9415990519172516,91,0.13507882327768297,0.35,0.8,20,6.0
No shift,26,260,5,0.7,0.16,36,117,169,fixed_bwar,1e-06,0.1662301712825291,0.1628804072556058,0.9230049479929572,91,0.14893974292298273,0.35,0.8,20,6.0
No shift,26,260,5,0.7,0.16,36,117,169,local_bwar,1e-06,0.16688936237163338,0.16353945040551127,0.9267395904742288,91,0.1473177113261642,0.35,0.8,20,6.0
No shift,27,260,5,0.7,0.16,36,117,169,persistence,,,0.17771779280527855,1.0,91,0.11335414019019827,0.35,0.8,20,6.0
No shift,27,260,5,0.7,0.16,36,117,169,euclidean,0.0001,0.17546653761145267,0.17101504386831629,0.9622843113727712,91,0.15080112291031914,0.35,0.8,20,6.0
No shift,27,260,5,0.7,0.16,36,117,169,cholesky,0.0001,0.18421772214115756,0.17654728428890842,0.9934136672648606,91,0.09054268218826407,0.35,0.8,20,6.0
No shift,27,260,5,0.7,0.16,36,117,169,log_euclidean,0.01,0.17269635686949497,0.17156810890952184,0.9653963522802989,91,0.12891736275814464,0.35,0.8,20,6.0
No shift,27,260,5,0.7,0.16,36,117,169,fixed_bwar,1e-06,0.1705449897104283,0.16802331241728136,0.9454501418514734,91,0.13009741175331957,0.35,0.8,20,6.0
No shift,27,260,5,0.7,0.16,36,117,169,local_bwar,0.0001,0.1712275123817314,0.1684506305085034,0.9478546174218527,91,0.13196814988904915,0.35,0.8,20,6.0
No shift,28,260,5,0.7,0.16,36,117,169,persistence,,,0.20888619641852374,1.0,91,0.0942929566420711,0.35,0.8,20,6.0
No shift,28,260,5,0.7,0.16,36,117,169,euclidean,1e-06,0.15729920478888815,0.18896381958067657,0.9046256900674722,91,0.23609179991175544,0.35,0.8,20,6.0
No shift,28,260,5,0.7,0.16,36,117,169,cholesky,1e-06,0.17282147469581485,0.18866277401783152,0.9031844959244093,91,0.13244675566484404,0.35,0.8,20,6.0
No shift,28,260,5,0.7,0.16,36,117,169,log_euclidean,0.001,0.16473182665461045,0.1855120374390744,0.8881009880968059,91,0.1289458558649751,0.35,0.8,20,6.0
No shift,28,260,5,0.7,0.16,36,117,169,fixed_bwar,0.001,0.1585303844519818,0.1844248137426805,0.8828961267175717,91,0.1681275707154468,0.35,0.8,20,6.0
No shift,28,260,5,0.7,0.16,36,117,169,local_bwar,0.001,0.15887527396749018,0.18500636425409736,0.8856801810083189,91,0.1667537691401321,0.35,0.8,20,6.0
No shift,29,260,5,0.7,0.16,36,117,169,persistence,,,0.15731073434942483,1.0,91,0.08074760629252625,0.35,0.8,20,6.0
No shift,29,260,5,0.7,0.16,36,117,169,euclidean,1e-06,0.16361816250524838,0.14874964200121565,0.9455784604679746,91,0.15800459082321347,0.35,0.8,20,6.0
No shift,29,260,5,0.7,0.16,36,117,169,cholesky,1e-06,0.15849919553529593,0.1498640709507192,0.9526627128815965,91,0.1175262949087524,0.35,0.8,20,6.0
No shift,29,260,5,0.7,0.16,36,117,169,log_euclidean,0.001,0.15955072595557224,0.151194694839877,0.9611212830780979,91,0.10650233308546528,0.35,0.8,20,6.0
No shift,29,260,5,0.7,0.16,36,117,169,fixed_bwar,0.0001,0.15700172820076697,0.14726309136755908,0.9361286880808304,91,0.14432035972502974,0.35,0.8,20,6.0
No shift,29,260,5,0.7,0.16,36,117,169,local_bwar,1e-06,0.15692300944857118,0.14781962628912487,0.9396664944731747,91,0.13736576384172297,0.35,0.8,20,6.0
No shift,30,260,5,0.7,0.16,36,117,169,persistence,,,0.21093623276337178,1.0,91,0.027293325178375162,0.35,0.8,20,6.0
No shift,30,260,5,0.7,0.16,36,117,169,euclidean,1e-06,0.2223562445334984,0.20014755236520246,0.9488533560269276,91,9.999998918634654e-09,0.35,0.8,20,6.0
No shift,30,260,5,0.7,0.16,36,117,169,cholesky,1e-06,0.21868935055941277,0.1988579874170777,0.942739826211633,91,0.044234288502439205,0.35,0.8,20,6.0
No shift,30,260,5,0.7,0.16,36,117,169,log_euclidean,0.001,0.20719036161767987,0.19413293777919477,0.920339456317934,91,0.04626078383598503,0.35,0.8,20,6.0
No shift,30,260,5,0.7,0.16,36,117,169,fixed_bwar,0.0001,0.20767963763880515,0.19026485287704803,0.90200175846739,91,0.07710536539904418,0.35,0.8,20,6.0
No shift,30,260,5,0.7,0.16,36,117,169,local_bwar,0.0001,0.2082243016000588,0.1900164693092127,0.9008242292938508,91,0.07750794523831815,0.35,0.8,20,6.0
No shift,31,260,5,0.7,0.16,36,117,169,persistence,,,0.21157150281588571,1.0,91,0.04973261384215233,0.35,0.8,20,6.0
No shift,31,260,5,0.7,0.16,36,117,169,euclidean,0.0001,0.18194601662409998,0.2100131277342853,0.9926342864664692,91,0.1988852864107194,0.35,0.8,20,6.0
No shift,31,260,5,0.7,0.16,36,117,169,cholesky,1e-06,0.17790614038792127,0.2030040803306831,0.9595057823422554,91,0.04975334736073933,0.35,0.8,20,6.0
No shift,31,260,5,0.7,0.16,36,117,169,log_euclidean,1e-06,0.18092726799698744,0.20122435893006738,0.9510938678030629,91,0.0606674433701894,0.35,0.8,20,6.0
No shift,31,260,5,0.7,0.16,36,117,169,fixed_bwar,1e-06,0.17978928356943868,0.19832428613195605,0.9373865737700143,91,0.07730082373347112,0.35,0.8,20,6.0
No shift,31,260,5,0.7,0.16,36,117,169,local_bwar,1e-06,0.17976966697342273,0.19870512344166602,0.9391866144401484,91,0.0846608003984688,0.35,0.8,20,6.0
No shift,32,260,5,0.7,0.16,36,117,169,persistence,,,0.20227397578335446,1.0,91,0.06965505498075028,0.35,0.8,20,6.0
No shift,32,260,5,0.7,0.16,36,117,169,euclidean,0.001,0.20774291106533155,0.1884753091802481,0.9317822940411997,91,0.21789962514131336,0.35,0.8,20,6.0
No shift,32,260,5,0.7,0.16,36,117,169,cholesky,1e-06,0.21285410021472215,0.19423545327116065,0.960259235123734,91,0.12088796905151737,0.35,0.8,20,6.0
No shift,32,260,5,0.7,0.16,36,117,169,log_euclidean,1e-06,0.20705609626646976,0.18845793278588843,0.9316963888015742,91,0.12078342899260751,0.35,0.8,20,6.0
No shift,32,260,5,0.7,0.16,36,117,169,fixed_bwar,1e-06,0.20289372164382286,0.1841240047901915,0.9102703601742496,91,0.15627598984738605,0.35,0.8,20,6.0
No shift,32,260,5,0.7,0.16,36,117,169,local_bwar,1e-06,0.2027487801382461,0.1847270512067318,0.9132516948427597,91,0.1493356814961406,0.35,0.8,20,6.0
No shift,33,260,5,0.7,0.16,36,117,169,persistence,,,0.2002377076371499,1.0,91,0.09133607887695984,0.35,0.8,20,6.0
No shift,33,260,5,0.7,0.16,36,117,169,euclidean,1e-06,0.1944320377210751,0.1973551280276981,0.9856042118966158,91,0.02623286030019229,0.35,0.8,20,6.0
No shift,33,260,5,0.7,0.16,36,117,169,cholesky,0.001,0.19905510295292708,0.1981762229988358,0.9897048130312712,91,0.16622948132307366,0.35,0.8,20,6.0
No shift,33,260,5,0.7,0.16,36,117,169,log_euclidean,1e-06,0.1959866148653963,0.1919917408363379,0.9588191110549743,91,0.15752432673976435,0.35,0.8,20,6.0
No shift,33,260,5,0.7,0.16,36,117,169,fixed_bwar,1e-06,0.19001978058311264,0.1873045243304181,0.9354108501373379,91,0.1908298103606268,0.35,0.8,20,6.0
No shift,33,260,5,0.7,0.16,36,117,169,local_bwar,0.0001,0.19064662237805138,0.18736376763346269,0.9357067150058667,91,0.18977288423442973,0.35,0.8,20,6.0
No shift,34,260,5,0.7,0.16,36,117,169,persistence,,,0.21067675764504226,1.0,91,0.040468653472702405,0.35,0.8,20,6.0
No shift,34,260,5,0.7,0.16,36,117,169,euclidean,1e-06,0.2269463347514226,0.2014168962566512,0.956047067118849,91,0.13609899497614736,0.35,0.8,20,6.0
No shift,34,260,5,0.7,0.16,36,117,169,cholesky,1e-06,0.23867332712340358,0.21670911757611883,1.0286332483872767,91,0.16434529665468844,0.35,0.8,20,6.0
No shift,34,260,5,0.7,0.16,36,117,169,log_euclidean,1e-06,0.23071448706817013,0.2042134847018583,0.9693213764278944,91,0.08856183727382551,0.35,0.8,20,6.0
No shift,34,260,5,0.7,0.16,36,117,169,fixed_bwar,1e-06,0.22297039976080102,0.19653663728141255,0.9328823904369478,91,0.15964200870726514,0.35,0.8,20,6.0
No shift,34,260,5,0.7,0.16,36,117,169,local_bwar,1e-06,0.22269685189803762,0.19701540639378048,0.9351549197739266,91,0.16450362734092422,0.35,0.8,20,6.0
No shift,35,260,5,0.7,0.16,36,117,169,persistence,,,0.22448316922807496,1.0,91,0.1432435052355888,0.35,0.8,20,6.0
No shift,35,260,5,0.7,0.16,36,117,169,euclidean,1e-06,0.1877726066754027,0.20636355625794722,0.9192829777286412,91,0.2154199673079183,0.35,0.8,20,6.0
No shift,35,260,5,0.7,0.16,36,117,169,cholesky,1e-06,0.19026122325871314,0.2114949922571532,0.9421418674033163,91,0.189266685321642,0.35,0.8,20,6.0
No shift,35,260,5,0.7,0.16,36,117,169,log_euclidean,1e-06,0.1917450324592014,0.20745929407375874,0.924164135721819,91,0.2056028079063158,0.35,0.8,20,6.0
No shift,35,260,5,0.7,0.16,36,117,169,fixed_bwar,0.001,0.18538014584136173,0.2029156047763976,0.9039234677332771,91,0.21556525320389777,0.35,0.8,20,6.0
No shift,35,260,5,0.7,0.16,36,117,169,local_bwar,1e-06,0.18594371573847607,0.2031230651511545,0.9048476366830932,91,0.2155478730770223,0.35,0.8,20,6.0
No shift,36,260,5,0.7,0.16,36,117,169,persistence,,,0.1814645669970201,1.0,91,0.1282257094170372,0.35,0.8,20,6.0
No shift,36,260,5,0.7,0.16,36,117,169,euclidean,1e-06,0.1674590304842445,0.16529356043677518,0.9108861480351121,91,0.3247937064820774,0.35,0.8,20,6.0
No shift,36,260,5,0.7,0.16,36,117,169,cholesky,1e-06,0.16537849784223366,0.1644142423574113,0.9060404743374018,91,0.21691595648201958,0.35,0.8,20,6.0
No shift,36,260,5,0.7,0.16,36,117,169,log_euclidean,0.0001,0.16431465157975245,0.16818747709121531,0.926833705744754,91,0.22841111569139586,0.35,0.8,20,6.0
No shift,36,260,5,0.7,0.16,36,117,169,fixed_bwar,0.001,0.16184418987532131,0.16357731377836143,0.9014283972090684,91,0.25980560250774093,0.35,0.8,20,6.0
No shift,36,260,5,0.7,0.16,36,117,169,local_bwar,0.0001,0.1621868294447921,0.16422797048924948,0.9050139826578173,91,0.2629513194057294,0.35,0.8,20,6.0
No shift,37,260,5,0.7,0.16,36,117,169,persistence,,,0.17167862442916546,1.0,91,0.0950579436338479,0.35,0.8,20,6.0
No shift,37,260,5,0.7,0.16,36,117,169,euclidean,0.0001,0.14926636118199388,0.15973638493014458,0.9304384017595141,91,0.21911072947721696,0.35,0.8,20,6.0
No shift,37,260,5,0.7,0.16,36,117,169,cholesky,1e-06,0.1518838103409885,0.16119617694427524,0.9389414522644007,91,0.1513476709062272,0.35,0.8,20,6.0
No shift,37,260,5,0.7,0.16,36,117,169,log_euclidean,0.0001,0.1489222555554899,0.15716890893520497,0.9154832726426743,91,0.12683490898327265,0.35,0.8,20,6.0
No shift,37,260,5,0.7,0.16,36,117,169,fixed_bwar,1e-06,0.14570697372409372,0.15502800354515006,0.9030128477591255,91,0.17724818739787793,0.35,0.8,20,6.0
No shift,37,260,5,0.7,0.16,36,117,169,local_bwar,0.0001,0.14663486814530258,0.1555197383267009,0.9058771226983374,91,0.17608208689203317,0.35,0.8,20,6.0
No shift,38,260,5,0.7,0.16,36,117,169,persistence,,,0.14281851995820444,1.0,91,0.12316412465312801,0.35,0.8,20,6.0
No shift,38,260,5,0.7,0.16,36,117,169,euclidean,0.001,0.13529455813930863,0.1359817233815364,0.9521294816759843,91,0.2500936073213099,0.35,0.8,20,6.0
No shift,38,260,5,0.7,0.16,36,117,169,cholesky,1e-06,0.13079075285987085,0.1333202314876194,0.9334940001243207,91,0.17496624362831553,0.35,0.8,20,6.0
No shift,38,260,5,0.7,0.16,36,117,169,log_euclidean,1e-06,0.12951964529572785,0.13359640361824407,0.9354277278418849,91,0.1590380964287724,0.35,0.8,20,6.0
No shift,38,260,5,0.7,0.16,36,117,169,fixed_bwar,1e-06,0.12997747905859824,0.13288039219576006,0.9304142924506377,91,0.19373229526456875,0.35,0.8,20,6.0
No shift,38,260,5,0.7,0.16,36,117,169,local_bwar,0.0001,0.13027676356120252,0.13326453957009737,0.9331040512749815,91,0.19371237535380662,0.35,0.8,20,6.0
No shift,39,260,5,0.7,0.16,36,117,169,persistence,,,0.16847681378170773,1.0,91,0.12508392639458937,0.35,0.8,20,6.0
No shift,39,260,5,0.7,0.16,36,117,169,euclidean,0.001,0.13944912513997032,0.15209214787420275,0.902748244463275,91,0.2487266435253316,0.35,0.8,20,6.0
No shift,39,260,5,0.7,0.16,36,117,169,cholesky,1e-06,0.1366159774571654,0.15757273355293705,0.9352784517702306,91,0.16867332781205435,0.35,0.8,20,6.0
No shift,39,260,5,0.7,0.16,36,117,169,log_euclidean,0.0001,0.13458807166468884,0.15515018011316103,0.920899301396964,91,0.17319675156383993,0.35,0.8,20,6.0
No shift,39,260,5,0.7,0.16,36,117,169,fixed_bwar,1e-06,0.13340568760555352,0.15064157564355854,0.8941383224325575,91,0.20534911170591705,0.35,0.8,20,6.0
No shift,39,260,5,0.7,0.16,36,117,169,local_bwar,1e-06,0.13332322463882235,0.15099303971477124,0.8962244496765597,91,0.20649004299826212,0.35,0.8,20,6.0
No shift,40,260,5,0.7,0.16,36,117,169,persistence,,,0.17054093145359367,1.0,91,0.11411827561756895,0.35,0.8,20,6.0
No shift,40,260,5,0.7,0.16,36,117,169,euclidean,1e-06,0.1339831366018225,0.15023013766603013,0.8809037008626263,91,0.20554210725404023,0.35,0.8,20,6.0
No shift,40,260,5,0.7,0.16,36,117,169,cholesky,1e-06,0.13673985532882266,0.15398095777730347,0.9028973658397288,91,0.16579568443361142,0.35,0.8,20,6.0
No shift,40,260,5,0.7,0.16,36,117,169,log_euclidean,1e-06,0.1367120671387328,0.15238427384223283,0.8935348982991717,91,0.17399214442126945,0.35,0.8,20,6.0
No shift,40,260,5,0.7,0.16,36,117,169,fixed_bwar,0.0001,0.13508645914893583,0.14935952477005035,0.8757986924135743,91,0.19713855916811177,0.35,0.8,20,6.0
No shift,40,260,5,0.7,0.16,36,117,169,local_bwar,1e-06,0.13536340486124174,0.1494738167914245,0.8764688659631146,91,0.19497578989369838,0.35,0.8,20,6.0
No shift,41,260,5,0.7,0.16,36,117,169,persistence,,,0.17461803487848157,1.0,91,0.08862047455250636,0.35,0.8,20,6.0
No shift,41,260,5,0.7,0.16,36,117,169,euclidean,1e-06,0.150264602997453,0.16334703124625347,0.9354533817765633,91,0.20073245633497433,0.35,0.8,20,6.0
No shift,41,260,5,0.7,0.16,36,117,169,cholesky,1e-06,0.15080748595655974,0.1663219580470798,0.9524901489289174,91,0.11185091550461283,0.35,0.8,20,6.0
No shift,41,260,5,0.7,0.16,36,117,169,log_euclidean,1e-06,0.14952539546882954,0.16460243355070345,0.9426428012733732,91,0.11981030259714148,0.35,0.8,20,6.0
No shift,41,260,5,0.7,0.16,36,117,169,fixed_bwar,0.0001,0.14862049826702906,0.16167946958643054,0.9259036141309509,91,0.1444134325760389,0.35,0.8,20,6.0
No shift,41,260,5,0.7,0.16,36,117,169,local_bwar,0.0001,0.14844181122376718,0.16178538418339672,0.9265101642907893,91,0.14687205375380366,0.35,0.8,20,6.0
No shift,42,260,5,0.7,0.16,36,117,169,persistence,,,0.2137995224256812,1.0,91,0.10804891608589863,0.35,0.8,20,6.0
No shift,42,260,5,0.7,0.16,36,117,169,euclidean,1e-06,0.22346243133810562,0.201093393235927,0.9405698897472001,91,0.2340153363093015,0.35,0.8,20,6.0
No shift,42,260,5,0.7,0.16,36,117,169,cholesky,1e-06,0.22522951881065495,0.204996810420368,0.9588272606718609,91,0.17519132603484128,0.35,0.8,20,6.0
No shift,42,260,5,0.7,0.16,36,117,169,log_euclidean,1e-06,0.218005201734697,0.20455705000908936,0.956770378568995,91,0.15114554790087475,0.35,0.8,20,6.0
No shift,42,260,5,0.7,0.16,36,117,169,fixed_bwar,1e-06,0.2162169765712929,0.19968807447797426,0.9339968219404596,91,0.2043735865582845,0.35,0.8,20,6.0
No shift,42,260,5,0.7,0.16,36,117,169,local_bwar,0.001,0.21641700295171412,0.19951738786629114,0.9331984730491871,91,0.19750988390562396,0.35,0.8,20,6.0
No shift,43,260,5,0.7,0.16,36,117,169,persistence,,,0.18957956025478082,1.0,91,0.16895246024715227,0.35,0.8,20,6.0
No shift,43,260,5,0.7,0.16,36,117,169,euclidean,0.001,0.16159199811962416,0.17742826286498647,0.9359039689011627,91,0.18055152627386287,0.35,0.8,20,6.0
No shift,43,260,5,0.7,0.16,36,117,169,cholesky,1e-06,0.16466761870358498,0.18161789222244384,0.9580035525895456,91,0.23713326097247184,0.35,0.8,20,6.0
No shift,43,260,5,0.7,0.16,36,117,169,log_euclidean,1e-06,0.1607954165279031,0.17748232578246348,0.9361891416138979,91,0.22007802750684757,0.35,0.8,20,6.0
No shift,43,260,5,0.7,0.16,36,117,169,fixed_bwar,0.001,0.15840089122011225,0.1742035162301358,0.9188939777896902,91,0.226118514387442,0.35,0.8,20,6.0
No shift,43,260,5,0.7,0.16,36,117,169,local_bwar,1e-06,0.15895887690316116,0.17460365541403705,0.9210046440628027,91,0.22547899572040886,0.35,0.8,20,6.0
No shift,44,260,5,0.7,0.16,36,117,169,persistence,,,0.2126552583647887,1.0,91,0.07117930714368853,0.35,0.8,20,6.0
No shift,44,260,5,0.7,0.16,36,117,169,euclidean,1e-06,0.1877236809656237,0.20404603320719197,0.9595155782941963,91,0.18880719793749157,0.35,0.8,20,6.0
No shift,44,260,5,0.7,0.16,36,117,169,cholesky,1e-06,0.18790911792133141,0.1985723050962827,0.933775664064003,91,0.13303575904009685,0.35,0.8,20,6.0
No shift,44,260,5,0.7,0.16,36,117,169,log_euclidean,0.001,0.18612668628371065,0.19659017228920955,0.9244547903535913,91,0.11384103717653611,0.35,0.8,20,6.0
No shift,44,260,5,0.7,0.16,36,117,169,fixed_bwar,0.0001,0.1826324178677779,0.19484476558657463,0.9162471085118339,91,0.12836487958096063,0.35,0.8,20,6.0
No shift,44,260,5,0.7,0.16,36,117,169,local_bwar,0.0001,0.1833519703836785,0.19461285381116414,0.9151565557684229,91,0.1390928716242154,0.35,0.8,20,6.0
No shift,45,260,5,0.7,0.16,36,117,169,persistence,,,0.20410089465155776,1.0,91,0.08930114277146155,0.35,0.8,20,6.0
No shift,45,260,5,0.7,0.16,36,117,169,euclidean,0.01,0.21400634862381646,0.1908320565527033,0.9349888293164658,91,0.16805845340910142,0.35,0.8,20,6.0
No shift,45,260,5,0.7,0.16,36,117,169,cholesky,1e-06,0.2216284324990468,0.19186135042302893,0.9400318932975563,91,0.15013251175241285,0.35,0.8,20,6.0
No shift,45,260,5,0.7,0.16,36,117,169,log_euclidean,0.001,0.21998439644714912,0.1875628729783544,0.9189713415933959,91,0.14011017793612143,0.35,0.8,20,6.0
No shift,45,260,5,0.7,0.16,36,117,169,fixed_bwar,0.001,0.21173021881310822,0.1854887174118235,0.9088089384835423,91,0.16918220447306756,0.35,0.8,20,6.0
No shift,45,260,5,0.7,0.16,36,117,169,local_bwar,0.001,0.21259921729510206,0.18571518522850186,0.9099185260581827,91,0.17152178046395963,0.35,0.8,20,6.0
No shift,46,260,5,0.7,0.16,36,117,169,persistence,,,0.24289645005150565,1.0,91,0.030400418421647247,0.35,0.8,20,6.0
No shift,46,260,5,0.7,0.16,36,117,169,euclidean,1e-06,0.20224507048901808,0.24511452635195188,1.0091317773478201,91,0.2470906766411014,0.35,0.8,20,6.0
No shift,46,260,5,0.7,0.16,36,117,169,cholesky,1e-06,0.2050762124844487,0.2365182552115604,0.9737410948632935,91,0.039615081731700946,0.35,0.8,20,6.0
No shift,46,260,5,0.7,0.16,36,117,169,log_euclidean,0.001,0.20276373604011938,0.2370302740839074,0.9758490666851889,91,0.0501347249584026,0.35,0.8,20,6.0
No shift,46,260,5,0.7,0.16,36,117,169,fixed_bwar,1e-06,0.1977812185925532,0.2289274268478105,0.9424898008977363,91,0.11467180967697986,0.35,0.8,20,6.0
No shift,46,260,5,0.7,0.16,36,117,169,local_bwar,1e-06,0.19787197013560068,0.22971035676003757,0.9457131082456248,91,0.1201025286630348,0.35,0.8,20,6.0
No shift,47,260,5,0.7,0.16,36,117,169,persistence,,,0.1808582525164455,1.0,91,0.14265380866892519,0.35,0.8,20,6.0
No shift,47,260,5,0.7,0.16,36,117,169,euclidean,1e-06,0.2143916901293315,0.16277643919650225,0.9000221827406021,91,0.18240643976689605,0.35,0.8,20,6.0
No shift,47,260,5,0.7,0.16,36,117,169,cholesky,1e-06,0.22000197951345132,0.16536552448716207,0.9143377323748351,91,0.1794009883175389,0.35,0.8,20,6.0
No shift,47,260,5,0.7,0.16,36,117,169,log_euclidean,1e-06,0.21480590380628345,0.1649071843127443,0.9118034815566364,91,0.2008161296046443,0.35,0.8,20,6.0
No shift,47,260,5,0.7,0.16,36,117,169,fixed_bwar,1e-06,0.2108964551984807,0.16218271229649217,0.896739352724559,91,0.21900335298851858,0.35,0.8,20,6.0
No shift,47,260,5,0.7,0.16,36,117,169,local_bwar,1e-06,0.2113481523116921,0.16202631063346207,0.8958745779030955,91,0.21285929902705464,0.35,0.8,20,6.0
No shift,48,260,5,0.7,0.16,36,117,169,persistence,,,0.21322157113847617,1.0,91,0.07292689429009226,0.35,0.8,20,6.0
No shift,48,260,5,0.7,0.16,36,117,169,euclidean,1e-06,0.19280606179008875,0.19966969214478994,0.93644227025752,91,0.09754724095102313,0.35,0.8,20,6.0
No shift,48,260,5,0.7,0.16,36,117,169,cholesky,1e-06,0.2000156473044822,0.20695435443505245,0.9706070231545498,91,0.1475291658950752,0.35,0.8,20,6.0
No shift,48,260,5,0.7,0.16,36,117,169,log_euclidean,1e-06,0.19188723687892087,0.20119396588035354,0.9435910485327428,91,0.07042332411434236,0.35,0.8,20,6.0
No shift,48,260,5,0.7,0.16,36,117,169,fixed_bwar,1e-06,0.18803529623600326,0.19306929938595918,0.9054867120389561,91,0.12033720592960193,0.35,0.8,20,6.0
No shift,48,260,5,0.7,0.16,36,117,169,local_bwar,1e-06,0.18878762815433392,0.19348876803871054,0.9074540019829879,91,0.11855229963842621,0.35,0.8,20,6.0
No shift,49,260,5,0.7,0.16,36,117,169,persistence,,,0.18433301916452524,1.0,91,0.07022515831867537,0.35,0.8,20,6.0
No shift,49,260,5,0.7,0.16,36,117,169,euclidean,1e-06,0.16537979619658022,0.1855552523565232,1.0066305711127481,91,0.06797910967921628,0.35,0.8,20,6.0
No shift,49,260,5,0.7,0.16,36,117,169,cholesky,1e-06,0.16569176740902902,0.18558743580070006,1.0068051651400296,91,0.10654031792975545,0.35,0.8,20,6.0
No shift,49,260,5,0.7,0.16,36,117,169,log_euclidean,1e-06,0.16172463100554813,0.17892060441398716,0.9706378446191061,91,0.10168740621253135,0.35,0.8,20,6.0
No shift,49,260,5,0.7,0.16,36,117,169,fixed_bwar,0.001,0.15956428775057913,0.1781846826923378,0.9666454957443095,91,0.13469116128550143,0.35,0.8,20,6.0
No shift,49,260,5,0.7,0.16,36,117,169,local_bwar,0.001,0.1597100123377086,0.1787121754888284,0.9695071251956222,91,0.13359021925595654,0.35,0.8,20,6.0
Mean shift,0,260,5,0.7,0.16,36,117,169,persistence,,,0.21726450365938307,1.0,91,0.08974345262891585,0.35,0.8,20,6.0
Mean shift,0,260,5,0.7,0.16,36,117,169,euclidean,0.001,0.22626086491873904,0.20748185257471868,0.954973541835434,91,0.23747212803760717,0.35,0.8,20,6.0
Mean shift,0,260,5,0.7,0.16,36,117,169,cholesky,0.001,0.24629952118395046,0.21752042227531523,1.001177912689932,91,0.14719564128934737,0.35,0.8,20,6.0
Mean shift,0,260,5,0.7,0.16,36,117,169,log_euclidean,0.001,0.22416188066848483,0.21108232955981915,0.9715454020540049,91,0.14143511862046684,0.35,0.8,20,6.0
Mean shift,0,260,5,0.7,0.16,36,117,169,fixed_bwar,0.001,0.218628560821879,0.2038881296338236,0.9384327683525777,91,0.18763719409823493,0.35,0.8,20,6.0
Mean shift,0,260,5,0.7,0.16,36,117,169,local_bwar,0.001,0.21704018212233672,0.20364503463278258,0.9373138787182997,91,0.1830135574948348,0.35,0.8,20,6.0
Mean shift,1,260,5,0.7,0.16,36,117,169,persistence,,,0.15795108535801758,1.0,91,0.16403116883455907,0.35,0.8,20,6.0
Mean shift,1,260,5,0.7,0.16,36,117,169,euclidean,0.01,0.14655098607157188,0.14725870573936856,0.9323057540604214,91,0.22634016586843286,0.35,0.8,20,6.0
Mean shift,1,260,5,0.7,0.16,36,117,169,cholesky,0.001,0.1464720228364268,0.1483319169521792,0.9391003335998912,91,0.20759654140874434,0.35,0.8,20,6.0
Mean shift,1,260,5,0.7,0.16,36,117,169,log_euclidean,0.01,0.14625465718508412,0.14616880092303666,0.9254054860827656,91,0.21200658618927573,0.35,0.8,20,6.0
Mean shift,1,260,5,0.7,0.16,36,117,169,fixed_bwar,0.001,0.14478451344925208,0.14494323291209096,0.9176463243893351,91,0.21789845328601096,0.35,0.8,20,6.0
Mean shift,1,260,5,0.7,0.16,36,117,169,local_bwar,0.001,0.14487042241224346,0.14508708239944335,0.9185570461297166,91,0.2164188436909302,0.35,0.8,20,6.0
Mean shift,2,260,5,0.7,0.16,36,117,169,persistence,,,0.19846764005749626,1.0,91,0.044643398868979826,0.35,0.8,20,6.0
Mean shift,2,260,5,0.7,0.16,36,117,169,euclidean,0.01,0.1821523992981888,0.17925987962760237,0.9032196864721656,91,0.187065790030763,0.35,0.8,20,6.0
Mean shift,2,260,5,0.7,0.16,36,117,169,cholesky,0.001,0.1783739272231168,0.18079548595195397,0.9109569998392552,91,0.09182249436271978,0.35,0.8,20,6.0
Mean shift,2,260,5,0.7,0.16,36,117,169,log_euclidean,0.01,0.17985077274046876,0.18245524964710474,0.9193198931284077,91,0.09328260727543083,0.35,0.8,20,6.0
Mean shift,2,260,5,0.7,0.16,36,117,169,fixed_bwar,0.001,0.17728754054820578,0.17739276990479527,0.893812058496813,91,0.12478621372875087,0.35,0.8,20,6.0
Mean shift,2,260,5,0.7,0.16,36,117,169,local_bwar,0.001,0.17710794364853788,0.17742104960676605,0.8939545487383586,91,0.12472109603982617,0.35,0.8,20,6.0
Mean shift,3,260,5,0.7,0.16,36,117,169,persistence,,,0.1731070128164273,1.0,91,0.17501419347263836,0.35,0.8,20,6.0
Mean shift,3,260,5,0.7,0.16,36,117,169,euclidean,0.0001,0.1812581439858466,0.16020089489995282,0.925444280352981,91,0.18149801726749193,0.35,0.8,20,6.0
Mean shift,3,260,5,0.7,0.16,36,117,169,cholesky,0.0001,0.18412915431413548,0.15983059703919505,0.9233051534930516,91,0.22567465834318468,0.35,0.8,20,6.0
Mean shift,3,260,5,0.7,0.16,36,117,169,log_euclidean,0.0001,0.1842007338515471,0.15766685246503165,0.9108056912300295,91,0.2132486951139506,0.35,0.8,20,6.0
Mean shift,3,260,5,0.7,0.16,36,117,169,fixed_bwar,0.0001,0.1802943217370983,0.156548562659336,0.9043455843429589,91,0.21625059469906405,0.35,0.8,20,6.0
Mean shift,3,260,5,0.7,0.16,36,117,169,local_bwar,0.0001,0.18084488673473162,0.15667321384791405,0.9050656660227822,91,0.21817843463541262,0.35,0.8,20,6.0
Mean shift,4,260,5,0.7,0.16,36,117,169,persistence,,,0.15014050995286207,1.0,91,0.16097797997797045,0.35,0.8,20,6.0
Mean shift,4,260,5,0.7,0.16,36,117,169,euclidean,0.001,0.16098658404515584,0.13793635956660208,0.9187151396375862,91,0.22542582118910204,0.35,0.8,20,6.0
Mean shift,4,260,5,0.7,0.16,36,117,169,cholesky,0.001,0.15947130594568473,0.14058008515231576,0.9363234825594512,91,0.20867065995413242,0.35,0.8,20,6.0
Mean shift,4,260,5,0.7,0.16,36,117,169,log_euclidean,0.001,0.15863778158884878,0.13770817632456764,0.9171953416689628,91,0.20981883457823672,0.35,0.8,20,6.0
Mean shift,4,260,5,0.7,0.16,36,117,169,fixed_bwar,0.001,0.15717862710116154,0.13568136825381127,0.9036959332055661,91,0.22235197989900626,0.35,0.8,20,6.0
Mean shift,4,260,5,0.7,0.16,36,117,169,local_bwar,0.001,0.15724866652075245,0.13609733012405836,0.9064664171367695,91,0.22277250462684872,0.35,0.8,20,6.0
Mean shift,5,260,5,0.7,0.16,36,117,169,persistence,,,0.18379992213419116,1.0,91,0.029877203730561807,0.35,0.8,20,6.0
Mean shift,5,260,5,0.7,0.16,36,117,169,euclidean,0.01,0.16262318143876048,0.16880652527204168,0.9184254449726975,91,0.3013867286901502,0.35,0.8,20,6.0
Mean shift,5,260,5,0.7,0.16,36,117,169,cholesky,0.01,0.16648259736496762,0.1762092961411291,0.9587016909206294,91,0.03361443457255911,0.35,0.8,20,6.0
Mean shift,5,260,5,0.7,0.16,36,117,169,log_euclidean,0.01,0.16408730963791815,0.17289250352425845,0.9406560215952144,91,0.04177151523713429,0.35,0.8,20,6.0
Mean shift,5,260,5,0.7,0.16,36,117,169,fixed_bwar,0.01,0.1613185805638784,0.1680920120868857,0.9145379940050399,91,0.13759458418508327,0.35,0.8,20,6.0
Mean shift,5,260,5,0.7,0.16,36,117,169,local_bwar,0.01,0.16102865031542285,0.16821400415004184,0.9152017160661791,91,0.12758387933545506,0.35,0.8,20,6.0
Mean shift,6,260,5,0.7,0.16,36,117,169,persistence,,,0.15952149789917922,1.0,91,0.11038537792230192,0.35,0.8,20,6.0
Mean shift,6,260,5,0.7,0.16,36,117,169,euclidean,0.001,0.1581090388956427,0.15042451663335457,0.9429733209277278,91,0.2279276784766081,0.35,0.8,20,6.0
Mean shift,6,260,5,0.7,0.16,36,117,169,cholesky,0.001,0.16341680592402671,0.15093972434050063,0.9462030279824576,91,0.12466250675317853,0.35,0.8,20,6.0
Mean shift,6,260,5,0.7,0.16,36,117,169,log_euclidean,0.001,0.1575627831621356,0.14837176753684136,0.9301051550469724,91,0.12524927380036116,0.35,0.8,20,6.0
Mean shift,6,260,5,0.7,0.16,36,117,169,fixed_bwar,0.001,0.1540403451598761,0.14682822022558925,0.9204290466128122,91,0.1557628681053054,0.35,0.8,20,6.0
Mean shift,6,260,5,0.7,0.16,36,117,169,local_bwar,0.001,0.1547814903232482,0.14681308446256663,0.9203341643353641,91,0.15584612059719571,0.35,0.8,20,6.0
Mean shift,7,260,5,0.7,0.16,36,117,169,persistence,,,0.19612824001807946,1.0,91,0.09901678486246172,0.35,0.8,20,6.0
Mean shift,7,260,5,0.7,0.16,36,117,169,euclidean,0.001,0.19450299958040654,0.1806859294223484,0.9212642167476364,91,0.16703307155577668,0.35,0.8,20,6.0
Mean shift,7,260,5,0.7,0.16,36,117,169,cholesky,0.001,0.1959763013331372,0.18055417315806396,0.9205924304496902,91,0.20625996139781724,0.35,0.8,20,6.0
Mean shift,7,260,5,0.7,0.16,36,117,169,log_euclidean,0.001,0.19338289065414974,0.18213977686739305,0.9286769557030802,91,0.15985114097845998,0.35,0.8,20,6.0
Mean shift,7,260,5,0.7,0.16,36,117,169,fixed_bwar,0.001,0.19162975861536927,0.1777244162211513,0.906164335155245,91,0.14680209711504752,0.35,0.8,20,6.0
Mean shift,7,260,5,0.7,0.16,36,117,169,local_bwar,0.001,0.19159663147120312,0.17808504144206916,0.9080030567023543,91,0.1547936898218566,0.35,0.8,20,6.0
Mean shift,8,260,5,0.7,0.16,36,117,169,persistence,,,0.1860375384062275,1.0,91,0.07842825875832116,0.35,0.8,20,6.0
Mean shift,8,260,5,0.7,0.16,36,117,169,euclidean,0.001,0.18938850786670022,0.18103065824516434,0.9730867210781394,91,0.07250848945479757,0.35,0.8,20,6.0
Mean shift,8,260,5,0.7,0.16,36,117,169,cholesky,0.001,0.18643326466560411,0.18791584168828196,1.010096367099596,91,0.14187720824120703,0.35,0.8,20,6.0
Mean shift,8,260,5,0.7,0.16,36,117,169,log_euclidean,0.001,0.18474998490231315,0.18229255665931401,0.9798697522070196,91,0.14222879798887966,0.35,0.8,20,6.0
Mean shift,8,260,5,0.7,0.16,36,117,169,fixed_bwar,0.001,0.18364138437844482,0.17708624134838893,0.9518844576501937,91,0.16274197965463072,0.35,0.8,20,6.0
Mean shift,8,260,5,0.7,0.16,36,117,169,local_bwar,0.001,0.18546988709694975,0.17729308942936345,0.9529963197117247,91,0.15898313865553967,0.35,0.8,20,6.0
Mean shift,9,260,5,0.7,0.16,36,117,169,persistence,,,0.17952059019522676,1.0,91,0.06383321212091216,0.35,0.8,20,6.0
Mean shift,9,260,5,0.7,0.16,36,117,169,euclidean,0.01,0.20410809283099945,0.17079558763169783,0.9513983184099352,91,0.2455384254229938,0.35,0.8,20,6.0
Mean shift,9,260,5,0.7,0.16,36,117,169,cholesky,0.01,0.20529909340801106,0.17322662288645022,0.964940136939546,91,0.143175086439573,0.35,0.8,20,6.0
Mean shift,9,260,5,0.7,0.16,36,117,169,log_euclidean,0.01,0.202477608869805,0.16981259877287191,0.9459226854602165,91,0.13713522234780423,0.35,0.8,20,6.0
Mean shift,9,260,5,0.7,0.16,36,117,169,fixed_bwar,0.01,0.2006229159837257,0.1674776292884059,0.932915990897065,91,0.16857426831453998,0.35,0.8,20,6.0
Mean shift,9,260,5,0.7,0.16,36,117,169,local_bwar,0.01,0.20036796330755532,0.16803810811479047,0.9360380774820916,91,0.16554929766652698,0.35,0.8,20,6.0
Mean shift,10,260,5,0.7,0.16,36,117,169,persistence,,,0.207569434295573,1.0,91,0.13408633645158657,0.35,0.8,20,6.0
Mean shift,10,260,5,0.7,0.16,36,117,169,euclidean,0.001,0.18568366537469122,0.18968552320188697,0.913841307346727,91,0.3137461459910115,0.35,0.8,20,6.0
Mean shift,10,260,5,0.7,0.16,36,117,169,cholesky,0.001,0.18385043443854035,0.19531755463217795,0.9409745480832755,91,0.18037921153437478,0.35,0.8,20,6.0
Mean shift,10,260,5,0.7,0.16,36,117,169,log_euclidean,0.001,0.1835368045747165,0.19026507972539927,0.9166334165292718,91,0.18195166267253565,0.35,0.8,20,6.0
Mean shift,10,260,5,0.7,0.16,36,117,169,fixed_bwar,0.001,0.18142427071394643,0.18684832045529934,0.9001726149584848,91,0.24317600911955373,0.35,0.8,20,6.0
Mean shift,10,260,5,0.7,0.16,36,117,169,local_bwar,0.001,0.18223502118421925,0.18696156127343577,0.9007181712853145,91,0.24299415457546297,0.35,0.8,20,6.0
Mean shift,11,260,5,0.7,0.16,36,117,169,persistence,,,0.20102447924662345,1.0,91,0.1255095917722276,0.35,0.8,20,6.0
Mean shift,11,260,5,0.7,0.16,36,117,169,euclidean,0.0001,0.19362503599960862,0.19241303567673554,0.9571622142628555,91,0.15619391944825728,0.35,0.8,20,6.0
Mean shift,11,260,5,0.7,0.16,36,117,169,cholesky,0.0001,0.18854167045433906,0.19679695495479,0.978970102011074,91,0.20109559001811245,0.35,0.8,20,6.0
Mean shift,11,260,5,0.7,0.16,36,117,169,log_euclidean,0.0001,0.18547000330247446,0.1941380929112888,0.9657435434672302,91,0.2026659892226721,0.35,0.8,20,6.0
Mean shift,11,260,5,0.7,0.16,36,117,169,fixed_bwar,0.0001,0.18588830665767392,0.1877174115806165,0.9338037451166263,91,0.24711524712707153,0.35,0.8,20,6.0
Mean shift,11,260,5,0.7,0.16,36,117,169,local_bwar,0.0001,0.1854242223560408,0.1888646281713688,0.9395105953223908,91,0.24906963268965998,0.35,0.8,20,6.0
Mean shift,12,260,5,0.7,0.16,36,117,169,persistence,,,0.18684444618295157,1.0,91,0.19898050744610848,0.35,0.8,20,6.0
Mean shift,12,260,5,0.7,0.16,36,117,169,euclidean,0.001,0.16600810844029706,0.1835483164104,0.9823589630845966,91,0.11482338877057803,0.35,0.8,20,6.0
Mean shift,12,260,5,0.7,0.16,36,117,169,cholesky,0.001,0.17126219498919498,0.1797819937977083,0.9622014326380995,91,0.24854943892321246,0.35,0.8,20,6.0
Mean shift,12,260,5,0.7,0.16,36,117,169,log_euclidean,0.001,0.16556237987209615,0.17766827549674363,0.9508887158614127,91,0.23797104677569736,0.35,0.8,20,6.0
Mean shift,12,260,5,0.7,0.16,36,117,169,fixed_bwar,0.001,0.16319136078223745,0.17691850302505782,0.9468758993875868,91,0.22050749599381642,0.35,0.8,20,6.0
Mean shift,12,260,5,0.7,0.16,36,117,169,local_bwar,0.001,0.16320134683365298,0.1780549739167392,0.9529583434467941,91,0.2214207798294126,0.35,0.8,20,6.0
Mean shift,13,260,5,0.7,0.16,36,117,169,persistence,,,0.16851798967491474,1.0,91,0.167085013682505,0.35,0.8,20,6.0
Mean shift,13,260,5,0.7,0.16,36,117,169,euclidean,0.001,0.18945486522614866,0.15501869089806142,0.9198940196064848,91,0.2944781221712825,0.35,0.8,20,6.0
Mean shift,13,260,5,0.7,0.16,36,117,169,cholesky,0.001,0.18182308435565428,0.15203681811737332,0.9021993343895511,91,0.20648538890617696,0.35,0.8,20,6.0
Mean shift,13,260,5,0.7,0.16,36,117,169,log_euclidean,0.001,0.18204034265214256,0.15299676573386914,0.9078957447155206,91,0.2131354821902692,0.35,0.8,20,6.0
Mean shift,13,260,5,0.7,0.16,36,117,169,fixed_bwar,0.001,0.17915423511204612,0.15171800409969288,0.9003074650508801,91,0.23409615336528766,0.35,0.8,20,6.0
Mean shift,13,260,5,0.7,0.16,36,117,169,local_bwar,0.001,0.1792298854093828,0.152116982994618,0.9026750395495718,91,0.23568684536199655,0.35,0.8,20,6.0
Mean shift,14,260,5,0.7,0.16,36,117,169,persistence,,,0.1625066878206338,1.0,91,0.14341813548149013,0.35,0.8,20,6.0
Mean shift,14,260,5,0.7,0.16,36,117,169,euclidean,1e-06,0.1571360816601999,0.14824374170157523,0.9122316360616417,91,0.2872648050716453,0.35,0.8,20,6.0
Mean shift,14,260,5,0.7,0.16,36,117,169,cholesky,1e-06,0.1619379718094732,0.15176431161218776,0.9338957900594043,91,0.23393032295029573,0.35,0.8,20,6.0
Mean shift,14,260,5,0.7,0.16,36,117,169,log_euclidean,1e-06,0.15628705671580062,0.14706731194176118,0.9049923662470201,91,0.2007749695343448,0.35,0.8,20,6.0
Mean shift,14,260,5,0.7,0.16,36,117,169,fixed_bwar,1e-06,0.15184022591910204,0.14520309488382332,0.8935207333995432,91,0.24178001025132267,0.35,0.8,20,6.0
Mean shift,14,260,5,0.7,0.16,36,117,169,local_bwar,1e-06,0.15229948286296197,0.1457155831317013,0.8966743774418341,91,0.24093177832852333,0.35,0.8,20,6.0
Mean shift,15,260,5,0.7,0.16,36,117,169,persistence,,,0.20377762587501974,1.0,91,0.11527457856142131,0.35,0.8,20,6.0
Mean shift,15,260,5,0.7,0.16,36,117,169,euclidean,1e-06,0.17899600666072996,0.194893261104721,0.9564016671008442,91,0.07982587873754582,0.35,0.8,20,6.0
Mean shift,15,260,5,0.7,0.16,36,117,169,cholesky,1e-06,0.1752093274273093,0.19686152486914127,0.9660605477358921,91,0.15608019891647826,0.35,0.8,20,6.0
Mean shift,15,260,5,0.7,0.16,36,117,169,log_euclidean,1e-06,0.17445530165603437,0.19311341000425053,0.947667385833076,91,0.15021456712003017,0.35,0.8,20,6.0
Mean shift,15,260,5,0.7,0.16,36,117,169,fixed_bwar,1e-06,0.17070649422342893,0.19027087972485668,0.9337182083059159,91,0.1620732221192523,0.35,0.8,20,6.0
Mean shift,15,260,5,0.7,0.16,36,117,169,local_bwar,1e-06,0.17100016282022773,0.19046194517475873,0.9346558257164712,91,0.16020780240199936,0.35,0.8,20,6.0
Mean shift,16,260,5,0.7,0.16,36,117,169,persistence,,,0.189174127223576,1.0,91,0.15252809376049697,0.35,0.8,20,6.0
Mean shift,16,260,5,0.7,0.16,36,117,169,euclidean,0.001,0.19597322672451975,0.1808955864102447,0.9562385145641651,91,0.20924163590332406,0.35,0.8,20,6.0
Mean shift,16,260,5,0.7,0.16,36,117,169,cholesky,0.001,0.19776658017856155,0.18225309696135675,0.9634144987805885,91,0.21459225564043977,0.35,0.8,20,6.0
Mean shift,16,260,5,0.7,0.16,36,117,169,log_euclidean,0.001,0.1960870052361625,0.18018676227375904,0.9524915743938113,91,0.21786072209106536,0.35,0.8,20,6.0
Mean shift,16,260,5,0.7,0.16,36,117,169,fixed_bwar,0.001,0.19389071369627464,0.17681196984530306,0.934651965574221,91,0.2319507952078918,0.35,0.8,20,6.0
Mean shift,16,260,5,0.7,0.16,36,117,169,local_bwar,0.001,0.19359999364474276,0.17693835670222988,0.935320063578857,91,0.23189815870938527,0.35,0.8,20,6.0
Mean shift,17,260,5,0.7,0.16,36,117,169,persistence,,,0.18705076476222762,1.0,91,0.03989775332460478,0.35,0.8,20,6.0
Mean shift,17,260,5,0.7,0.16,36,117,169,euclidean,0.001,0.16684312389144032,0.17457993896512408,0.9333291910730437,91,0.12061989564147665,0.35,0.8,20,6.0
Mean shift,17,260,5,0.7,0.16,36,117,169,cholesky,0.001,0.16734663528070667,0.1774694675685231,0.948777022078023,91,0.04548115702589594,0.35,0.8,20,6.0
Mean shift,17,260,5,0.7,0.16,36,117,169,log_euclidean,0.001,0.16525875651765215,0.17990550760084098,0.9618004386645014,91,0.06053100769180953,0.35,0.8,20,6.0
Mean shift,17,260,5,0.7,0.16,36,117,169,fixed_bwar,0.001,0.1611155106930363,0.17230419724883625,0.9211627520895908,91,0.08046429158527914,0.35,0.8,20,6.0
Mean shift,17,260,5,0.7,0.16,36,117,169,local_bwar,0.001,0.16222867143963243,0.17371010453062977,0.928678932435502,91,0.07730096342681719,0.35,0.8,20,6.0
Mean shift,18,260,5,0.7,0.16,36,117,169,persistence,,,0.21733379850359896,1.0,91,0.13427103624191472,0.35,0.8,20,6.0
Mean shift,18,260,5,0.7,0.16,36,117,169,euclidean,0.001,0.19005424718839306,0.198410204990504,0.9129284370705848,91,0.22530053331978553,0.35,0.8,20,6.0
Mean shift,18,260,5,0.7,0.16,36,117,169,cholesky,0.001,0.19099957375789112,0.20102801370932213,0.9249735434315947,91,0.18663330478895537,0.35,0.8,20,6.0
Mean shift,18,260,5,0.7,0.16,36,117,169,log_euclidean,0.001,0.19250974424285403,0.19775611743799107,0.909918838209218,91,0.2015105584469836,0.35,0.8,20,6.0
Mean shift,18,260,5,0.7,0.16,36,117,169,fixed_bwar,0.001,0.18868427087251727,0.19391716742657153,0.892254995595452,91,0.20891275100088608,0.35,0.8,20,6.0
Mean shift,18,260,5,0.7,0.16,36,117,169,local_bwar,0.001,0.18955166909960816,0.19432300293858631,0.8941223329116406,91,0.21419471317533867,0.35,0.8,20,6.0
Mean shift,19,260,5,0.7,0.16,36,117,169,persistence,,,0.1824494685123587,1.0,91,0.12678697287958504,0.35,0.8,20,6.0
Mean shift,19,260,5,0.7,0.16,36,117,169,euclidean,0.001,0.1435010905752176,0.16521382039950672,0.9055319357552173,91,0.23398541315685728,0.35,0.8,20,6.0
Mean shift,19,260,5,0.7,0.16,36,117,169,cholesky,0.001,0.13873766414906993,0.16602987910067327,0.910004728730831,91,0.2088912835434387,0.35,0.8,20,6.0
Mean shift,19,260,5,0.7,0.16,36,117,169,log_euclidean,0.001,0.1391373914948565,0.16377891829434774,0.8976672808627763,91,0.19995042310304603,0.35,0.8,20,6.0
Mean shift,19,260,5,0.7,0.16,36,117,169,fixed_bwar,0.001,0.13806820477762952,0.16142011016746158,0.8847387251036435,91,0.2272973370685301,0.35,0.8,20,6.0
Mean shift,19,260,5,0.7,0.16,36,117,169,local_bwar,0.001,0.13847665627504485,0.16192309275041777,0.8874955573764771,91,0.2351808727276238,0.35,0.8,20,6.0
Mean shift,20,260,5,0.7,0.16,36,117,169,persistence,,,0.20269312687929997,1.0,91,0.1137371831581508,0.35,0.8,20,6.0
Mean shift,20,260,5,0.7,0.16,36,117,169,euclidean,0.001,0.22367169762956893,0.19370756557269697,0.9556691366651335,91,0.11618620189642333,0.35,0.8,20,6.0
Mean shift,20,260,5,0.7,0.16,36,117,169,cholesky,0.001,0.22304357781947207,0.19238891361509278,0.9491634796756421,91,0.12717643683951163,0.35,0.8,20,6.0
Mean shift,20,260,5,0.7,0.16,36,117,169,log_euclidean,0.001,0.222101618171734,0.19353987754038085,0.9548418366234505,91,0.1480256629708535,0.35,0.8,20,6.0
Mean shift,20,260,5,0.7,0.16,36,117,169,fixed_bwar,0.001,0.21695725993858964,0.18705052169228814,0.9228261686627061,91,0.16414068793396813,0.35,0.8,20,6.0
Mean shift,20,260,5,0.7,0.16,36,117,169,local_bwar,0.001,0.21765733908262405,0.18815736324466864,0.9282868449541108,91,0.15859482685012694,0.35,0.8,20,6.0
Mean shift,21,260,5,0.7,0.16,36,117,169,persistence,,,0.16170218554333168,1.0,91,0.11326053372853172,0.35,0.8,20,6.0
Mean shift,21,260,5,0.7,0.16,36,117,169,euclidean,0.001,0.1641928110132686,0.14700940571336557,0.9091367888405636,91,0.29025354969401446,0.35,0.8,20,6.0
Mean shift,21,260,5,0.7,0.16,36,117,169,cholesky,0.001,0.15981615368347282,0.1463104136135606,0.9048140760865194,91,0.21701143102123333,0.35,0.8,20,6.0
Mean shift,21,260,5,0.7,0.16,36,117,169,log_euclidean,0.001,0.1610753041360818,0.1468213199491388,0.9079736272939538,91,0.21365568688464234,0.35,0.8,20,6.0
Mean shift,21,260,5,0.7,0.16,36,117,169,fixed_bwar,0.001,0.1600438659072846,0.1454401184700694,0.8994319896257401,91,0.23112694846439333,0.35,0.8,20,6.0
Mean shift,21,260,5,0.7,0.16,36,117,169,local_bwar,0.001,0.16032329735272624,0.1455896783562458,0.9003568991170613,91,0.2303397937594174,0.35,0.8,20,6.0
Mean shift,22,260,5,0.7,0.16,36,117,169,persistence,,,0.2180412941161454,1.0,91,0.13476906357310697,0.35,0.8,20,6.0
Mean shift,22,260,5,0.7,0.16,36,117,169,euclidean,0.001,0.21815061054711085,0.20936422387901482,0.960204463689761,91,0.26858255881390525,0.35,0.8,20,6.0
Mean shift,22,260,5,0.7,0.16,36,117,169,cholesky,0.001,0.21826320965340568,0.20933897240088573,0.9600886531584052,91,0.16128522448516283,0.35,0.8,20,6.0
Mean shift,22,260,5,0.7,0.16,36,117,169,log_euclidean,0.001,0.2170758066980796,0.20741680826305678,0.9512730563439548,91,0.18184341480542263,0.35,0.8,20,6.0
Mean shift,22,260,5,0.7,0.16,36,117,169,fixed_bwar,0.001,0.2139691135722515,0.20365264407620096,0.9340095182507955,91,0.2204756492751841,0.35,0.8,20,6.0
Mean shift,22,260,5,0.7,0.16,36,117,169,local_bwar,0.001,0.21422245155202088,0.20490254206804803,0.939741909433455,91,0.22659675951557723,0.35,0.8,20,6.0
Mean shift,23,260,5,0.7,0.16,36,117,169,persistence,,,0.20049256101333635,1.0,91,0.04661676275202983,0.35,0.8,20,6.0
Mean shift,23,260,5,0.7,0.16,36,117,169,euclidean,0.0001,0.18519782385050793,0.18382935278586732,0.9168886459265657,91,0.15715104753285997,0.35,0.8,20,6.0
Mean shift,23,260,5,0.7,0.16,36,117,169,cholesky,0.0001,0.19107448568035157,0.19159270854460692,0.9556100614219925,91,0.031022800809578914,0.35,0.8,20,6.0
Mean shift,23,260,5,0.7,0.16,36,117,169,log_euclidean,0.0001,0.18110854606201976,0.18628648155793973,0.9291441069753622,91,0.05955418864404507,0.35,0.8,20,6.0
Mean shift,23,260,5,0.7,0.16,36,117,169,fixed_bwar,0.0001,0.17793753711236926,0.1808676944010958,0.9021167343414046,91,0.08623114109264284,0.35,0.8,20,6.0
Mean shift,23,260,5,0.7,0.16,36,117,169,local_bwar,0.0001,0.1780754013730501,0.1821838142199775,0.9086811665189863,91,0.08604833254274886,0.35,0.8,20,6.0
Mean shift,24,260,5,0.7,0.16,36,117,169,persistence,,,0.20009719594535996,1.0,91,0.12527811638470235,0.35,0.8,20,6.0
Mean shift,24,260,5,0.7,0.16,36,117,169,euclidean,0.001,0.17633560399983647,0.19273032858925,0.963183555265204,91,0.2185971623485854,0.35,0.8,20,6.0
Mean shift,24,260,5,0.7,0.16,36,117,169,cholesky,0.001,0.1790911300870597,0.19635289037346712,0.9812875660040968,91,0.18124195756639536,0.35,0.8,20,6.0
Mean shift,24,260,5,0.7,0.16,36,117,169,log_euclidean,0.001,0.17660596615522295,0.18815524359590516,0.9403192418912468,91,0.18440698472552405,0.35,0.8,20,6.0
Mean shift,24,260,5,0.7,0.16,36,117,169,fixed_bwar,0.001,0.17608753299863827,0.18578450545983227,0.92847130906604,91,0.1975084945705433,0.35,0.8,20,6.0
Mean shift,24,260,5,0.7,0.16,36,117,169,local_bwar,0.001,0.1761553772987669,0.18607715769102867,0.9299338594521849,91,0.1989751469572484,0.35,0.8,20,6.0
Mean shift,25,260,5,0.7,0.16,36,117,169,persistence,,,0.1729229003012229,1.0,91,0.04974984189657213,0.35,0.8,20,6.0
Mean shift,25,260,5,0.7,0.16,36,117,169,euclidean,0.01,0.19589219258013274,0.16996227230576988,0.9828789131439748,91,0.09774182174742857,0.35,0.8,20,6.0
Mean shift,25,260,5,0.7,0.16,36,117,169,cholesky,0.01,0.20494854352395134,0.17403621834357388,1.0064382336891855,91,0.10267929596738237,0.35,0.8,20,6.0
Mean shift,25,260,5,0.7,0.16,36,117,169,log_euclidean,0.01,0.20598599324726188,0.1680810244038908,0.9719997993967381,91,0.0981209783744298,0.35,0.8,20,6.0
Mean shift,25,260,5,0.7,0.16,36,117,169,fixed_bwar,0.01,0.18816373729126593,0.16444255689343382,0.9509588181032312,91,0.10247447986698889,0.35,0.8,20,6.0
Mean shift,25,260,5,0.7,0.16,36,117,169,local_bwar,0.01,0.18839062039755106,0.16504088667605007,0.9544189137965952,91,0.10294888987588655,0.35,0.8,20,6.0
Mean shift,26,260,5,0.7,0.16,36,117,169,persistence,,,0.1764675342312993,1.0,91,0.10282005423031063,0.35,0.8,20,6.0
Mean shift,26,260,5,0.7,0.16,36,117,169,euclidean,0.001,0.1813931605814812,0.1644369645683108,0.9318255920818852,91,0.09987214665885791,0.35,0.8,20,6.0
Mean shift,26,260,5,0.7,0.16,36,117,169,cholesky,0.001,0.1721858915027713,0.16456750177110743,0.9325653156994064,91,0.12347387427937472,0.35,0.8,20,6.0
Mean shift,26,260,5,0.7,0.16,36,117,169,log_euclidean,0.001,0.17180353245793403,0.16615282684972135,0.9415489799497155,91,0.13514116620502872,0.35,0.8,20,6.0
Mean shift,26,260,5,0.7,0.16,36,117,169,fixed_bwar,0.001,0.17061541864835159,0.1628946262905343,0.9230855239186675,91,0.14914846878672147,0.35,0.8,20,6.0
Mean shift,26,260,5,0.7,0.16,36,117,169,local_bwar,0.001,0.1712845804422563,0.1636683821216515,0.9274702161765818,91,0.14771350484870924,0.35,0.8,20,6.0
Mean shift,27,260,5,0.7,0.16,36,117,169,persistence,,,0.17771779280527855,1.0,91,0.11335414019019827,0.35,0.8,20,6.0
Mean shift,27,260,5,0.7,0.16,36,117,169,euclidean,0.001,0.1792548624038726,0.1710101116214346,0.9622565581196846,91,0.15037579540850096,0.35,0.8,20,6.0
Mean shift,27,260,5,0.7,0.16,36,117,169,cholesky,0.001,0.1880053950067175,0.17656714693937234,0.9935254323850007,91,0.09133418539896541,0.35,0.8,20,6.0
Mean shift,27,260,5,0.7,0.16,36,117,169,log_euclidean,0.001,0.17654581237203779,0.17147887957345195,0.9648942678538528,91,0.12652871294184972,0.35,0.8,20,6.0
Mean shift,27,260,5,0.7,0.16,36,117,169,fixed_bwar,0.001,0.1744676961414428,0.16816860208398926,0.9462676720740498,91,0.12823760065662948,0.35,0.8,20,6.0
Mean shift,27,260,5,0.7,0.16,36,117,169,local_bwar,0.001,0.17506866961897777,0.1685378501124925,0.9483453932896617,91,0.13201708783050234,0.35,0.8,20,6.0
Mean shift,28,260,5,0.7,0.16,36,117,169,persistence,,,0.20888619641852374,1.0,91,0.0942929566420711,0.35,0.8,20,6.0
Mean shift,28,260,5,0.7,0.16,36,117,169,euclidean,0.0001,0.1601739028422025,0.18896296645260366,0.904621605891076,91,0.2361000477167287,0.35,0.8,20,6.0
Mean shift,28,260,5,0.7,0.16,36,117,169,cholesky,0.0001,0.17569810130148125,0.1886634767129227,0.9031878599336317,91,0.1324628143615527,0.35,0.8,20,6.0
Mean shift,28,260,5,0.7,0.16,36,117,169,log_euclidean,0.0001,0.16760934558090124,0.1855116566792308,0.8880991652868255,91,0.12885712679072575,0.35,0.8,20,6.0
Mean shift,28,260,5,0.7,0.16,36,117,169,fixed_bwar,0.0001,0.16140767056318658,0.18441210537105818,0.8828352879841359,91,0.1675115454200235,0.35,0.8,20,6.0
Mean shift,28,260,5,0.7,0.16,36,117,169,local_bwar,0.0001,0.16178865080910107,0.18498628254893104,0.8855840439465569,91,0.16636339899754535,0.35,0.8,20,6.0
Mean shift,29,260,5,0.7,0.16,36,117,169,persistence,,,0.15731073434942483,1.0,91,0.08074760629252625,0.35,0.8,20,6.0
Mean shift,29,260,5,0.7,0.16,36,117,169,euclidean,0.001,0.16822267048567166,0.14875517661378485,0.9456136431437918,91,0.1579158768799292,0.35,0.8,20,6.0
Mean shift,29,260,5,0.7,0.16,36,117,169,cholesky,0.001,0.1631359935749426,0.14989091960619258,0.9528333856305631,91,0.11756616517493187,0.35,0.8,20,6.0
Mean shift,29,260,5,0.7,0.16,36,117,169,log_euclidean,0.001,0.16413887101242833,0.151194694839877,0.9611212830780979,91,0.10650233308546528,0.35,0.8,20,6.0
Mean shift,29,260,5,0.7,0.16,36,117,169,fixed_bwar,0.001,0.16159720547688755,0.14735952054178567,0.9367416734223926,91,0.14635416626936001,0.35,0.8,20,6.0
Mean shift,29,260,5,0.7,0.16,36,117,169,local_bwar,0.001,0.16158732958194524,0.14797339547799748,0.9406439814165073,91,0.13953957512771903,0.35,0.8,20,6.0
Mean shift,30,260,5,0.7,0.16,36,117,169,persistence,,,0.21093623276337178,1.0,91,0.027293325178375162,0.35,0.8,20,6.0
Mean shift,30,260,5,0.7,0.16,36,117,169,euclidean,0.001,0.22549135660023384,0.20014932858404488,0.9488617766705465,91,9.99999948810627e-09,0.35,0.8,20,6.0
Mean shift,30,260,5,0.7,0.16,36,117,169,cholesky,0.001,0.2218524114874882,0.19887803503804857,0.9428348673560977,91,0.04424319860609729,0.35,0.8,20,6.0
Mean shift,30,260,5,0.7,0.16,36,117,169,log_euclidean,0.001,0.2103174234524891,0.19413293777919471,0.9203394563179338,91,0.04626078383598503,0.35,0.8,20,6.0
Mean shift,30,260,5,0.7,0.16,36,117,169,fixed_bwar,0.001,0.21081456152014752,0.19026453081632624,0.9020002316518326,91,0.07753670141458571,0.35,0.8,20,6.0
Mean shift,30,260,5,0.7,0.16,36,117,169,local_bwar,0.001,0.21138097183320664,0.19000117877299086,0.9007517403903489,91,0.07791774303571856,0.35,0.8,20,6.0
Mean shift,31,260,5,0.7,0.16,36,117,169,persistence,,,0.21157150281588571,1.0,91,0.04973261384215233,0.35,0.8,20,6.0
Mean shift,31,260,5,0.7,0.16,36,117,169,euclidean,0.001,0.18582086002935905,0.210018915083081,0.9926616405700165,91,0.1987961638945956,0.35,0.8,20,6.0
Mean shift,31,260,5,0.7,0.16,36,117,169,cholesky,0.001,0.18178809108651747,0.20299540400482483,0.9594647733890513,91,0.04982431656547081,0.35,0.8,20,6.0
Mean shift,31,260,5,0.7,0.16,36,117,169,log_euclidean,0.001,0.18481033133886512,0.20121757948791746,0.9510618245360838,91,0.060653161841297765,0.35,0.8,20,6.0
Mean shift,31,260,5,0.7,0.16,36,117,169,fixed_bwar,0.001,0.1836922039227803,0.1982387315377833,0.9369821970319656,91,0.0786845260590906,0.35,0.8,20,6.0
Mean shift,31,260,5,0.7,0.16,36,117,169,local_bwar,0.001,0.1837564518284448,0.198689167094428,0.9391111962149826,91,0.08469825548881718,0.35,0.8,20,6.0
Mean shift,32,260,5,0.7,0.16,36,117,169,persistence,,,0.20227397578335446,1.0,91,0.06965505498075028,0.35,0.8,20,6.0
Mean shift,32,260,5,0.7,0.16,36,117,169,euclidean,0.01,0.21216326989548212,0.18859416479193525,0.9323698911911883,91,0.21416937133086716,0.35,0.8,20,6.0
Mean shift,32,260,5,0.7,0.16,36,117,169,cholesky,0.01,0.21737924639448591,0.1943459755048313,0.9608056338052382,91,0.12772011053595694,0.35,0.8,20,6.0
Mean shift,32,260,5,0.7,0.16,36,117,169,log_euclidean,0.01,0.21173995520885608,0.18863122313761196,0.9325530998592001,91,0.12286832642665117,0.35,0.8,20,6.0
Mean shift,32,260,5,0.7,0.16,36,117,169,fixed_bwar,0.001,0.20782410103249174,0.1843103891301469,0.9111918051561539,91,0.15898792976662046,0.35,0.8,20,6.0
Mean shift,32,260,5,0.7,0.16,36,117,169,local_bwar,0.001,0.2077143409285373,0.18490632047320416,0.9141379643975954,91,0.1502708492111126,0.35,0.8,20,6.0
Mean shift,33,260,5,0.7,0.16,36,117,169,persistence,,,0.2002377076371499,1.0,91,0.09133607887695984,0.35,0.8,20,6.0
Mean shift,33,260,5,0.7,0.16,36,117,169,euclidean,0.001,0.1992329339188621,0.1973665177514269,0.9856610929100034,91,0.026256101069448777,0.35,0.8,20,6.0
Mean shift,33,260,5,0.7,0.16,36,117,169,cholesky,0.001,0.20384828210823386,0.1981762229988358,0.9897048130312712,91,0.16622948132307366,0.35,0.8,20,6.0
Mean shift,33,260,5,0.7,0.16,36,117,169,log_euclidean,0.001,0.20079984043807772,0.19201439622975225,0.9589322535478728,91,0.15763867942378326,0.35,0.8,20,6.0
Mean shift,33,260,5,0.7,0.16,36,117,169,fixed_bwar,0.001,0.1948624403243086,0.1875355044502197,0.9365643797223856,91,0.1894593910272707,0.35,0.8,20,6.0
Mean shift,33,260,5,0.7,0.16,36,117,169,local_bwar,0.001,0.195487666515105,0.18747905300040596,0.9362824575485859,91,0.18931579510143076,0.35,0.8,20,6.0
Mean shift,34,260,5,0.7,0.16,36,117,169,persistence,,,0.21067675764504226,1.0,91,0.040468653472702405,0.35,0.8,20,6.0
Mean shift,34,260,5,0.7,0.16,36,117,169,euclidean,0.001,0.22988542859691577,0.2014041507207919,0.9559865690553617,91,0.13608472757566895,0.35,0.8,20,6.0
Mean shift,34,260,5,0.7,0.16,36,117,169,cholesky,0.001,0.24165738753414312,0.2167372706877656,1.028766880174482,91,0.16439328120124552,0.35,0.8,20,6.0
Mean shift,34,260,5,0.7,0.16,36,117,169,log_euclidean,0.001,0.2336642583934862,0.20398797983689013,0.9682509932138709,91,0.09100195434253515,0.35,0.8,20,6.0
Mean shift,34,260,5,0.7,0.16,36,117,169,fixed_bwar,0.001,0.22595459994708073,0.19656263579710698,0.9330057952015979,91,0.15896015857357482,0.35,0.8,20,6.0
Mean shift,34,260,5,0.7,0.16,36,117,169,local_bwar,0.001,0.2257369164413103,0.197032582898542,0.9352364499102052,91,0.16798725993557995,0.35,0.8,20,6.0
Mean shift,35,260,5,0.7,0.16,36,117,169,persistence,,,0.22448316922807496,1.0,91,0.1432435052355888,0.35,0.8,20,6.0
Mean shift,35,260,5,0.7,0.16,36,117,169,euclidean,0.0001,0.19328937224208803,0.20636433964114376,0.9192864674477111,91,0.21530413212705776,0.35,0.8,20,6.0
Mean shift,35,260,5,0.7,0.16,36,117,169,cholesky,0.0001,0.19577846984249186,0.21149438118447125,0.9421391452719242,91,0.1892465114694259,0.35,0.8,20,6.0
Mean shift,35,260,5,0.7,0.16,36,117,169,log_euclidean,0.0001,0.19726430078831195,0.20745932088960417,0.9241642551777476,91,0.2056191174346229,0.35,0.8,20,6.0
Mean shift,35,260,5,0.7,0.16,36,117,169,fixed_bwar,0.0001,0.19090218490024277,0.20291511231847315,0.9039212739923114,91,0.21638798858961233,0.35,0.8,20,6.0
Mean shift,35,260,5,0.7,0.16,36,117,169,local_bwar,0.0001,0.19146838477017228,0.2031181685425062,0.9048258238734063,91,0.21567077990740707,0.35,0.8,20,6.0
Mean shift,36,260,5,0.7,0.16,36,117,169,persistence,,,0.1814645669970201,1.0,91,0.1282257094170372,0.35,0.8,20,6.0
Mean shift,36,260,5,0.7,0.16,36,117,169,euclidean,0.001,0.17192268775523312,0.1653034647855841,0.910940728105331,91,0.3241394714165872,0.35,0.8,20,6.0
Mean shift,36,260,5,0.7,0.16,36,117,169,cholesky,0.001,0.16985556387563291,0.16443030536411243,0.9061289930326322,91,0.21761480943107014,0.35,0.8,20,6.0
Mean shift,36,260,5,0.7,0.16,36,117,169,log_euclidean,0.001,0.16877075765026803,0.16819072858364256,0.9268516238016014,91,0.2282553368470114,0.35,0.8,20,6.0
Mean shift,36,260,5,0.7,0.16,36,117,169,fixed_bwar,0.001,0.16629525014632426,0.16357731377836143,0.9014283972090684,91,0.25980560250774093,0.35,0.8,20,6.0
Mean shift,36,260,5,0.7,0.16,36,117,169,local_bwar,0.001,0.1666384399988624,0.16427087441900112,0.9052504141025982,91,0.2638880376463484,0.35,0.8,20,6.0
Mean shift,37,260,5,0.7,0.16,36,117,169,persistence,,,0.17167862442916546,1.0,91,0.0950579436338479,0.35,0.8,20,6.0
Mean shift,37,260,5,0.7,0.16,36,117,169,euclidean,0.01,0.1526643931093305,0.15980017815488687,0.9308099868939733,91,0.2203745764921986,0.35,0.8,20,6.0
Mean shift,37,260,5,0.7,0.16,36,117,169,cholesky,0.001,0.1553081979891425,0.16121987625157844,0.9390794968659462,91,0.15159186551778633,0.35,0.8,20,6.0
Mean shift,37,260,5,0.7,0.16,36,117,169,log_euclidean,0.001,0.15234111277714454,0.1571689045153618,0.9154832468978085,91,0.12705490561384533,0.35,0.8,20,6.0
Mean shift,37,260,5,0.7,0.16,36,117,169,fixed_bwar,0.001,0.14913804472237976,0.1550636600144899,0.9032205408802604,91,0.1767125654467124,0.35,0.8,20,6.0
Mean shift,37,260,5,0.7,0.16,36,117,169,local_bwar,0.001,0.1500631470339229,0.15553511957782476,0.9059667159786599,91,0.1769892087663109,0.35,0.8,20,6.0
Mean shift,38,260,5,0.7,0.16,36,117,169,persistence,,,0.14281851995820444,1.0,91,0.12316412465312801,0.35,0.8,20,6.0
Mean shift,38,260,5,0.7,0.16,36,117,169,euclidean,0.01,0.14043515694745243,0.13609879213004927,0.952949184530678,91,0.24730833314905248,0.35,0.8,20,6.0
Mean shift,38,260,5,0.7,0.16,36,117,169,cholesky,0.01,0.13634125766702285,0.13370383787114629,0.9361799709888777,91,0.17656584787438823,0.35,0.8,20,6.0
Mean shift,38,260,5,0.7,0.16,36,117,169,log_euclidean,0.01,0.13479639635161583,0.13379041404285608,0.9367861680824698,91,0.15618127411455737,0.35,0.8,20,6.0
Mean shift,38,260,5,0.7,0.16,36,117,169,fixed_bwar,0.01,0.1356005653243465,0.1332137242740109,0.9327482480073007,91,0.19870403981203733,0.35,0.8,20,6.0
Mean shift,38,260,5,0.7,0.16,36,117,169,local_bwar,0.01,0.13583689641809168,0.13358443702926853,0.9353439390658982,91,0.19836526288795836,0.35,0.8,20,6.0
Mean shift,39,260,5,0.7,0.16,36,117,169,persistence,,,0.16847681378170773,1.0,91,0.12508392639458937,0.35,0.8,20,6.0
Mean shift,39,260,5,0.7,0.16,36,117,169,euclidean,0.001,0.14323373428227779,0.15209214787420278,0.9027482444632752,91,0.2487266435253316,0.35,0.8,20,6.0
Mean shift,39,260,5,0.7,0.16,36,117,169,cholesky,0.001,0.14041953472763094,0.1575937187900103,0.935403010376262,91,0.16879384372232026,0.35,0.8,20,6.0
Mean shift,39,260,5,0.7,0.16,36,117,169,log_euclidean,0.001,0.138376353029817,0.15516487661659512,0.9209865330053034,91,0.17275439527811606,0.35,0.8,20,6.0
Mean shift,39,260,5,0.7,0.16,36,117,169,fixed_bwar,0.001,0.13720753474802633,0.1506620958922505,0.8942601210838458,91,0.20554919713272285,0.35,0.8,20,6.0
Mean shift,39,260,5,0.7,0.16,36,117,169,local_bwar,0.001,0.1371445781519756,0.15101564327538086,0.8963586138983434,91,0.20681267131845088,0.35,0.8,20,6.0
Mean shift,40,260,5,0.7,0.16,36,117,169,persistence,,,0.17054093145359367,1.0,91,0.11411827561756895,0.35,0.8,20,6.0
Mean shift,40,260,5,0.7,0.16,36,117,169,euclidean,1e-06,0.13691469272205659,0.1502301376660301,0.8809037008626261,91,0.20554210725404023,0.35,0.8,20,6.0
Mean shift,40,260,5,0.7,0.16,36,117,169,cholesky,1e-06,0.13967141144905673,0.15398095777730347,0.9028973658397288,91,0.16579568443361142,0.35,0.8,20,6.0
Mean shift,40,260,5,0.7,0.16,36,117,169,log_euclidean,1e-06,0.13964362325896684,0.15238427384223283,0.8935348982991717,91,0.17399214442126945,0.35,0.8,20,6.0
Mean shift,40,260,5,0.7,0.16,36,117,169,fixed_bwar,1e-06,0.13801941905306767,0.14935461582232834,0.8757699078415647,91,0.1972005749506181,0.35,0.8,20,6.0
Mean shift,40,260,5,0.7,0.16,36,117,169,local_bwar,1e-06,0.1382949609814774,0.1494738167914245,0.8764688659631146,91,0.19497578989369838,0.35,0.8,20,6.0
Mean shift,41,260,5,0.7,0.16,36,117,169,persistence,,,0.17461803487848157,1.0,91,0.08862047455250636,0.35,0.8,20,6.0
Mean shift,41,260,5,0.7,0.16,36,117,169,euclidean,0.001,0.15342720983288866,0.16334826270791616,0.9354604340931442,91,0.2009162391119582,0.35,0.8,20,6.0
Mean shift,41,260,5,0.7,0.16,36,117,169,cholesky,0.001,0.1539786987053477,0.1663483160781754,0.9526410957146486,91,0.1119456098974852,0.35,0.8,20,6.0
Mean shift,41,260,5,0.7,0.16,36,117,169,log_euclidean,0.001,0.15270118211759165,0.16465347055023927,0.9429350792134573,91,0.1200124862036732,0.35,0.8,20,6.0
Mean shift,41,260,5,0.7,0.16,36,117,169,fixed_bwar,0.001,0.15179821864711973,0.16170201147158456,0.9260327066680976,91,0.14455963297863733,0.35,0.8,20,6.0
Mean shift,41,260,5,0.7,0.16,36,117,169,local_bwar,0.001,0.15162307804005315,0.16178576250451562,0.9265123308546219,91,0.14846339630732475,0.35,0.8,20,6.0
Mean shift,42,260,5,0.7,0.16,36,117,169,persistence,,,0.2137995224256812,1.0,91,0.10804891608589863,0.35,0.8,20,6.0
Mean shift,42,260,5,0.7,0.16,36,117,169,euclidean,0.001,0.22692194599262308,0.20109748736132785,0.9405890391136458,91,0.23362802618382456,0.35,0.8,20,6.0
Mean shift,42,260,5,0.7,0.16,36,117,169,cholesky,0.001,0.2287031192889442,0.2050330327637741,0.9589966826752178,91,0.1752062452400122,0.35,0.8,20,6.0
Mean shift,42,260,5,0.7,0.16,36,117,169,log_euclidean,0.001,0.22149213264870998,0.20458058772093182,0.9568804710124926,91,0.1512537863553808,0.35,0.8,20,6.0
Mean shift,42,260,5,0.7,0.16,36,117,169,fixed_bwar,0.001,0.21984796953954316,0.19974484033408402,0.9342623316827907,91,0.20300020858637055,0.35,0.8,20,6.0
Mean shift,42,260,5,0.7,0.16,36,117,169,local_bwar,0.001,0.21986837134219872,0.19951738786629114,0.9331984730491871,91,0.19750988390562396,0.35,0.8,20,6.0
Mean shift,43,260,5,0.7,0.16,36,117,169,persistence,,,0.18957956025478082,1.0,91,0.16895246024715227,0.35,0.8,20,6.0
Mean shift,43,260,5,0.7,0.16,36,117,169,euclidean,0.0001,0.16529636235471756,0.1774250315115411,0.9358869240602471,91,0.180987989907414,0.35,0.8,20,6.0
Mean shift,43,260,5,0.7,0.16,36,117,169,cholesky,0.0001,0.1683710416260718,0.18162096746370737,0.9580197739652013,91,0.23713168971167492,0.35,0.8,20,6.0
Mean shift,43,260,5,0.7,0.16,36,117,169,log_euclidean,0.0001,0.1644987991276882,0.1774839456609656,0.9361976861980289,91,0.22010568090784483,0.35,0.8,20,6.0
Mean shift,43,260,5,0.7,0.16,36,117,169,fixed_bwar,0.0001,0.16212117328991782,0.1742015221550495,0.9188834593820959,91,0.22555218373493127,0.35,0.8,20,6.0
Mean shift,43,260,5,0.7,0.16,36,117,169,local_bwar,0.0001,0.16266420994987504,0.1745914978986285,0.9209405152327103,91,0.22538178200553521,0.35,0.8,20,6.0
Mean shift,44,260,5,0.7,0.16,36,117,169,persistence,,,0.2126552583647887,1.0,91,0.07117930714368853,0.35,0.8,20,6.0
Mean shift,44,260,5,0.7,0.16,36,117,169,euclidean,0.001,0.19177039014830818,0.20405727228849016,0.9595684294740101,91,0.18895733858875094,0.35,0.8,20,6.0
Mean shift,44,260,5,0.7,0.16,36,117,169,cholesky,0.001,0.19196186893963524,0.1985860945466614,0.9338405082182681,91,0.13313956822176204,0.35,0.8,20,6.0
Mean shift,44,260,5,0.7,0.16,36,117,169,log_euclidean,0.001,0.19016239403375002,0.19659017228920958,0.9244547903535915,91,0.11384103717653611,0.35,0.8,20,6.0
Mean shift,44,260,5,0.7,0.16,36,117,169,fixed_bwar,0.001,0.18670689250120115,0.19490847006319434,0.9165466754123167,91,0.12867511523957248,0.35,0.8,20,6.0
Mean shift,44,260,5,0.7,0.16,36,117,169,local_bwar,0.001,0.18739674986721214,0.19464133922197413,0.915290506892082,91,0.13933249815309132,0.35,0.8,20,6.0
Mean shift,45,260,5,0.7,0.16,36,117,169,persistence,,,0.20410089465155776,1.0,91,0.08930114277146155,0.35,0.8,20,6.0
Mean shift,45,260,5,0.7,0.16,36,117,169,euclidean,0.01,0.2187557476302193,0.1908320565527033,0.9349888293164658,91,0.16805845340910142,0.35,0.8,20,6.0
Mean shift,45,260,5,0.7,0.16,36,117,169,cholesky,0.001,0.22633350992136358,0.19187885697037982,0.9401176672839016,91,0.1502301440637152,0.35,0.8,20,6.0
Mean shift,45,260,5,0.7,0.16,36,117,169,log_euclidean,0.001,0.22467837265175963,0.1875628729783544,0.9189713415933959,91,0.14011017793612143,0.35,0.8,20,6.0
Mean shift,45,260,5,0.7,0.16,36,117,169,fixed_bwar,0.001,0.21642419501772064,0.1854887174118235,0.9088089384835423,91,0.16918220447306756,0.35,0.8,20,6.0
Mean shift,45,260,5,0.7,0.16,36,117,169,local_bwar,0.001,0.21729319349971452,0.18571518522850186,0.9099185260581827,91,0.17152178046395963,0.35,0.8,20,6.0
Mean shift,46,260,5,0.7,0.16,36,117,169,persistence,,,0.24289645005150565,1.0,91,0.030400418421647247,0.35,0.8,20,6.0
Mean shift,46,260,5,0.7,0.16,36,117,169,euclidean,0.001,0.20538307352343896,0.24510937124196197,1.0091105538594207,91,0.24718853767132562,0.35,0.8,20,6.0
Mean shift,46,260,5,0.7,0.16,36,117,169,cholesky,0.001,0.20825855833827364,0.23653295668374058,0.9738016205407048,91,0.03971072556939611,0.35,0.8,20,6.0
Mean shift,46,260,5,0.7,0.16,36,117,169,log_euclidean,0.001,0.20588854824003014,0.2370302740839074,0.9758490666851889,91,0.0501347249584026,0.35,0.8,20,6.0
Mean shift,46,260,5,0.7,0.16,36,117,169,fixed_bwar,0.001,0.2010165739809491,0.22899832332293463,0.9427816803184075,91,0.11633167611474622,0.35,0.8,20,6.0
Mean shift,46,260,5,0.7,0.16,36,117,169,local_bwar,0.001,0.2011217183650088,0.22976591551917677,0.9459418425854121,91,0.12022687110403275,0.35,0.8,20,6.0
Mean shift,47,260,5,0.7,0.16,36,117,169,persistence,,,0.1808582525164455,1.0,91,0.14265380866892519,0.35,0.8,20,6.0
Mean shift,47,260,5,0.7,0.16,36,117,169,euclidean,0.001,0.21736877486921388,0.16279392712062793,0.9001188768304893,91,0.17883809493032604,0.35,0.8,20,6.0
Mean shift,47,260,5,0.7,0.16,36,117,169,cholesky,0.001,0.22301517145784716,0.16536891482408378,0.9143564781985646,91,0.1794507307623678,0.35,0.8,20,6.0
Mean shift,47,260,5,0.7,0.16,36,117,169,log_euclidean,0.001,0.21776803665258232,0.1648990177571444,0.9117583271028791,91,0.20086161541857914,0.35,0.8,20,6.0
Mean shift,47,260,5,0.7,0.16,36,117,169,fixed_bwar,0.001,0.21403196773877176,0.1622301455978745,0.8970016205543225,91,0.22008699008395552,0.35,0.8,20,6.0
Mean shift,47,260,5,0.7,0.16,36,117,169,local_bwar,0.001,0.21441754580903907,0.1620446570443886,0.8959760187313203,91,0.20964757185244598,0.35,0.8,20,6.0
Mean shift,48,260,5,0.7,0.16,36,117,169,persistence,,,0.21322157113847617,1.0,91,0.07292689429009226,0.35,0.8,20,6.0
Mean shift,48,260,5,0.7,0.16,36,117,169,euclidean,0.001,0.19657010358849974,0.1996891633624068,0.9365335894308705,91,0.09696305034260178,0.35,0.8,20,6.0
Mean shift,48,260,5,0.7,0.16,36,117,169,cholesky,0.001,0.2038242700663607,0.20696311319638025,0.970648101368546,91,0.14757853599135462,0.35,0.8,20,6.0
Mean shift,48,260,5,0.7,0.16,36,117,169,log_euclidean,0.001,0.19566093294618894,0.20123325320451077,0.9437753043936646,91,0.0718854672919811,0.35,0.8,20,6.0
Mean shift,48,260,5,0.7,0.16,36,117,169,fixed_bwar,0.001,0.1919591582783127,0.19307495296199267,0.9055132270674465,91,0.12071458270890005,0.35,0.8,20,6.0
Mean shift,48,260,5,0.7,0.16,36,117,169,local_bwar,0.001,0.19272122618235965,0.19347329893429632,0.9073814525484648,91,0.1143952169066958,0.35,0.8,20,6.0
Mean shift,49,260,5,0.7,0.16,36,117,169,persistence,,,0.18433301916452524,1.0,91,0.07022515831867537,0.35,0.8,20,6.0
Mean shift,49,260,5,0.7,0.16,36,117,169,euclidean,0.01,0.17052344379400353,0.1856952467551857,1.0073900356910261,91,0.0659149327722285,0.35,0.8,20,6.0
Mean shift,49,260,5,0.7,0.16,36,117,169,cholesky,0.01,0.17103268352329648,0.1860091492829879,1.0090929456158184,91,0.10724134145532244,0.35,0.8,20,6.0
Mean shift,49,260,5,0.7,0.16,36,117,169,log_euclidean,0.01,0.1670060128002301,0.17915503528561658,0.9719096236671136,91,0.10514954463683182,0.35,0.8,20,6.0
Mean shift,49,260,5,0.7,0.16,36,117,169,fixed_bwar,0.01,0.164625769563349,0.1787719902747634,0.9698316182582656,91,0.1379509264693393,0.35,0.8,20,6.0
Mean shift,49,260,5,0.7,0.16,36,117,169,local_bwar,0.01,0.1648641573666305,0.17934965323184732,0.9729654190265823,91,0.13925863388809925,0.35,0.8,20,6.0
Covariance shift,0,260,5,0.7,0.16,36,117,169,persistence,,,0.4136593873396371,1.0,91,0.07193943398320685,0.35,0.8,20,6.0
Covariance shift,0,260,5,0.7,0.16,36,117,169,euclidean,0.01,0.462642740325932,0.43345702730476326,1.0478597623335724,91,1.000000019464848e-08,0.35,0.8,20,6.0
Covariance shift,0,260,5,0.7,0.16,36,117,169,cholesky,1e-06,0.4689734597130558,0.4256886046484145,1.029080005620423,91,0.11488792245746417,0.35,0.8,20,6.0
Covariance shift,0,260,5,0.7,0.16,36,117,169,log_euclidean,0.01,0.47732077057715777,0.3977104333235914,0.9614442352713957,91,0.10352890971547532,0.35,0.8,20,6.0
Covariance shift,0,260,5,0.7,0.16,36,117,169,fixed_bwar,0.01,0.4200914542921366,0.38663328751335385,0.9346658128560894,91,0.09497312525454915,0.35,0.8,20,6.0
Covariance shift,0,260,5,0.7,0.16,36,117,169,local_bwar,0.001,0.413117461050643,0.3759080796565693,0.9087381820926214,91,0.10959925311406644,0.35,0.8,20,6.0
Covariance shift,1,260,5,0.7,0.16,36,117,169,persistence,,,0.2012581107256995,1.0,91,0.05897839742815568,0.35,0.8,20,6.0
Covariance shift,1,260,5,0.7,0.16,36,117,169,euclidean,0.01,0.21331094182367893,0.19468954749288866,0.9673624918313811,91,0.006723065599222307,0.35,0.8,20,6.0
Covariance shift,1,260,5,0.7,0.16,36,117,169,cholesky,0.0001,0.20080742543493793,0.18582830399409922,0.9233332426903779,91,0.06880463205997887,0.35,0.8,20,6.0
Covariance shift,1,260,5,0.7,0.16,36,117,169,log_euclidean,0.01,0.20072212838401932,0.18643134872188544,0.9263296174730474,91,0.07555337426834094,0.35,0.8,20,6.0
Covariance shift,1,260,5,0.7,0.16,36,117,169,fixed_bwar,0.001,0.2024097431513366,0.18490282511889086,0.9187347752205638,91,0.080784638691128,0.35,0.8,20,6.0
Covariance shift,1,260,5,0.7,0.16,36,117,169,local_bwar,0.001,0.196426919106572,0.18383939611318037,0.9134508688881633,91,0.08047000714141504,0.35,0.8,20,6.0
Covariance shift,2,260,5,0.7,0.16,36,117,169,persistence,,,0.250591566967562,1.0,91,0.04881950534549602,0.35,0.8,20,6.0
Covariance shift,2,260,5,0.7,0.16,36,117,169,euclidean,1e-06,0.25249691059973306,0.23287699807138,0.9293089982614016,91,0.08387347505665659,0.35,0.8,20,6.0
Covariance shift,2,260,5,0.7,0.16,36,117,169,cholesky,1e-06,0.23015414682651245,0.23023000133091706,0.9187460061683533,91,0.10451295513761796,0.35,0.8,20,6.0
Covariance shift,2,260,5,0.7,0.16,36,117,169,log_euclidean,1e-06,0.24040975558052413,0.22727261582934222,0.9069443899473347,91,0.09467623954489106,0.35,0.8,20,6.0
Covariance shift,2,260,5,0.7,0.16,36,117,169,fixed_bwar,0.01,0.24746248688695355,0.2243729104345869,0.8953729494960658,91,0.1049054047674128,0.35,0.8,20,6.0
Covariance shift,2,260,5,0.7,0.16,36,117,169,local_bwar,0.001,0.23399742403517498,0.22188849627545132,0.885458752505322,91,0.10155169025916565,0.35,0.8,20,6.0
Covariance shift,3,260,5,0.7,0.16,36,117,169,persistence,,,0.35680223981396914,1.0,91,0.12392272335914936,0.35,0.8,20,6.0
Covariance shift,3,260,5,0.7,0.16,36,117,169,euclidean,0.1,0.4730729109264939,0.352809006464136,0.9888082727509918,91,1.0000000179308491e-08,0.35,0.8,20,6.0
Covariance shift,3,260,5,0.7,0.16,36,117,169,cholesky,1e-06,0.4727218414226766,0.33122543354359973,0.9283165759169428,91,0.13935935928476198,0.35,0.8,20,6.0
Covariance shift,3,260,5,0.7,0.16,36,117,169,log_euclidean,1e-06,0.4993447516062584,0.3286442181575536,0.9210822732752557,91,0.15146091287867264,0.35,0.8,20,6.0
Covariance shift,3,260,5,0.7,0.16,36,117,169,fixed_bwar,0.001,0.46397823091636814,0.3229518798018192,0.9051285103204538,91,0.1594762080058313,0.35,0.8,20,6.0
Covariance shift,3,260,5,0.7,0.16,36,117,169,local_bwar,0.01,0.4690181721301546,0.3264224175236141,0.9148552926512049,91,0.1567570044182625,0.35,0.8,20,6.0
Covariance shift,4,260,5,0.7,0.16,36,117,169,persistence,,,0.1943963681258087,1.0,91,0.13275363149401326,0.35,0.8,20,6.0
Covariance shift,4,260,5,0.7,0.16,36,117,169,euclidean,1e-06,0.2544349456772567,0.1804341426002008,0.9281765103935898,91,0.17099361914640054,0.35,0.8,20,6.0
Covariance shift,4,260,5,0.7,0.16,36,117,169,cholesky,1e-06,0.24319631244739393,0.18074998484923246,0.9298012436747551,91,0.1671824409136851,0.35,0.8,20,6.0
Covariance shift,4,260,5,0.7,0.16,36,117,169,log_euclidean,0.1,0.2595015345675647,0.183488591471939,0.9438889894958816,91,0.17126802967117838,0.35,0.8,20,6.0
Covariance shift,4,260,5,0.7,0.16,36,117,169,fixed_bwar,0.01,0.25185694430671957,0.17800976115395778,0.9157051794236922,91,0.15746240640403122,0.35,0.8,20,6.0
Covariance shift,4,260,5,0.7,0.16,36,117,169,local_bwar,0.01,0.24988196047430034,0.17879104205490226,0.9197241891844036,91,0.17979570711597856,0.35,0.8,20,6.0
Covariance shift,5,260,5,0.7,0.16,36,117,169,persistence,,,0.40498003736656696,1.0,91,0.038967600264101426,0.35,0.8,20,6.0
Covariance shift,5,260,5,0.7,0.16,36,117,169,euclidean,0.1,0.4135755670468057,0.38734680407335875,0.9564590062071442,91,0.039724111123011,0.35,0.8,20,6.0
Covariance shift,5,260,5,0.7,0.16,36,117,169,cholesky,1e-06,0.41211875891018496,0.4078381904782801,1.007057516045232,91,0.06561940427052479,0.35,0.8,20,6.0
Covariance shift,5,260,5,0.7,0.16,36,117,169,log_euclidean,0.01,0.45481150534776066,0.38560131969208283,0.9521489557843477,91,0.06795238568938676,0.35,0.8,20,6.0
Covariance shift,5,260,5,0.7,0.16,36,117,169,fixed_bwar,0.001,0.4021970002573053,0.3693869201554199,0.9121114279049513,91,0.07913757100713471,0.35,0.8,20,6.0
Covariance shift,5,260,5,0.7,0.16,36,117,169,local_bwar,0.001,0.3967529957118021,0.3708744464289088,0.9157845133319805,91,0.07788224140573496,0.35,0.8,20,6.0
Covariance shift,6,260,5,0.7,0.16,36,117,169,persistence,,,0.22421801612778242,1.0,91,0.060563698691479165,0.35,0.8,20,6.0
Covariance shift,6,260,5,0.7,0.16,36,117,169,euclidean,1e-06,0.2936155240842169,0.2199528722695195,0.9809776933543458,91,0.015795907188260513,0.35,0.8,20,6.0
Covariance shift,6,260,5,0.7,0.16,36,117,169,cholesky,0.01,0.3094024762099361,0.23347230053558976,1.041273598650223,91,0.06520568722569328,0.35,0.8,20,6.0
Covariance shift,6,260,5,0.7,0.16,36,117,169,log_euclidean,0.1,0.2980849874128175,0.21268452765181572,0.9485612767646926,91,0.06339036979764093,0.35,0.8,20,6.0
Covariance shift,6,260,5,0.7,0.16,36,117,169,fixed_bwar,0.01,0.2842345547942382,0.20839823877488062,0.9294446645006168,91,0.09476191992411774,0.35,0.8,20,6.0
Covariance shift,6,260,5,0.7,0.16,36,117,169,local_bwar,0.01,0.2732337860159475,0.20653532339025676,0.921136164511204,91,0.0854605092167929,0.35,0.8,20,6.0
Covariance shift,7,260,5,0.7,0.16,36,117,169,persistence,,,0.38121956662892925,1.0,91,0.025758755152801557,0.35,0.8,20,6.0
Covariance shift,7,260,5,0.7,0.16,36,117,169,euclidean,0.1,0.4921924023989668,0.3712609146206048,0.9738768602661521,91,9.999999868525167e-09,0.35,0.8,20,6.0
Covariance shift,7,260,5,0.7,0.16,36,117,169,cholesky,0.001,0.45096118715613015,0.3451570795216635,0.9054023186003772,91,0.035655890922760655,0.35,0.8,20,6.0
Covariance shift,7,260,5,0.7,0.16,36,117,169,log_euclidean,1e-06,0.43924987667364856,0.3572424135321799,0.9371040859503201,91,0.03738766952431129,0.35,0.8,20,6.0
Covariance shift,7,260,5,0.7,0.16,36,117,169,fixed_bwar,0.001,0.4315595367232759,0.3424699378801677,0.898353515556877,91,0.04120781860703518,0.35,0.8,20,6.0
Covariance shift,7,260,5,0.7,0.16,36,117,169,local_bwar,0.001,0.4329872094568443,0.3414160518372143,0.8955890036188546,91,0.0373288497119898,0.35,0.8,20,6.0
Covariance shift,8,260,5,0.7,0.16,36,117,169,persistence,,,0.20350426896303261,1.0,91,0.04200559307075561,0.35,0.8,20,6.0
Covariance shift,8,260,5,0.7,0.16,36,117,169,euclidean,0.01,0.23054332121845864,0.20162546213919477,0.9907677277070824,91,0.11916913151678647,0.35,0.8,20,6.0
Covariance shift,8,260,5,0.7,0.16,36,117,169,cholesky,0.001,0.22892882456516797,0.20855468164859978,1.024817232146047,91,0.06944290724794654,0.35,0.8,20,6.0
Covariance shift,8,260,5,0.7,0.16,36,117,169,log_euclidean,0.01,0.2261543381576561,0.19972205321741782,0.9814145631200403,91,0.062395727566713334,0.35,0.8,20,6.0
Covariance shift,8,260,5,0.7,0.16,36,117,169,fixed_bwar,0.01,0.2279795843840469,0.19432861079144956,0.954911716504336,91,0.07985575273934413,0.35,0.8,20,6.0
Covariance shift,8,260,5,0.7,0.16,36,117,169,local_bwar,0.01,0.23159366020543434,0.19263742558173425,0.9466013984047068,91,0.07173477495102466,0.35,0.8,20,6.0
Covariance shift,9,260,5,0.7,0.16,36,117,169,persistence,,,0.2935643085132976,1.0,91,0.019761240163697263,0.35,0.8,20,6.0
Covariance shift,9,260,5,0.7,0.16,36,117,169,euclidean,0.001,0.5266308801894766,0.2911516681419617,0.9917815609685172,91,9.999999952147008e-09,0.35,0.8,20,6.0
Covariance shift,9,260,5,0.7,0.16,36,117,169,cholesky,0.001,0.5459726868819694,0.3045290638949844,1.0373504375828784,91,0.034836324365140496,0.35,0.8,20,6.0
Covariance shift,9,260,5,0.7,0.16,36,117,169,log_euclidean,0.1,0.48999702696299785,0.28011679623475183,0.9541922778465535,91,0.03999205677995349,0.35,0.8,20,6.0
Covariance shift,9,260,5,0.7,0.16,36,117,169,fixed_bwar,0.01,0.45857127172350015,0.27282159126530925,0.9293418285314177,91,0.05276827311219471,0.35,0.8,20,6.0
Covariance shift,9,260,5,0.7,0.16,36,117,169,local_bwar,0.01,0.4513889967783535,0.2720022151090099,0.9265506985045799,91,0.04967150867637474,0.35,0.8,20,6.0
Covariance shift,10,260,5,0.7,0.16,36,117,169,persistence,,,0.21533877510597185,1.0,91,0.05752384887436814,0.35,0.8,20,6.0
Covariance shift,10,260,5,0.7,0.16,36,117,169,euclidean,1e-06,0.24752504002330733,0.19882390261982164,0.9233074838564352,91,0.1380728288570115,0.35,0.8,20,6.0
Covariance shift,10,260,5,0.7,0.16,36,117,169,cholesky,1e-06,0.2480852638829399,0.19569875223944008,0.9087947683510943,91,0.06444232620593844,0.35,0.8,20,6.0
Covariance shift,10,260,5,0.7,0.16,36,117,169,log_euclidean,0.01,0.25220083327238113,0.1955733114213825,0.9082122405736616,91,0.08174382330777276,0.35,0.8,20,6.0
Covariance shift,10,260,5,0.7,0.16,36,117,169,fixed_bwar,0.01,0.24623454673611772,0.19403282172102537,0.9010584444233907,91,0.10804650584346029,0.35,0.8,20,6.0
Covariance shift,10,260,5,0.7,0.16,36,117,169,local_bwar,0.01,0.24106070878315863,0.19247657250182662,0.8938314635025932,91,0.10687189513248596,0.35,0.8,20,6.0
Covariance shift,11,260,5,0.7,0.16,36,117,169,persistence,,,0.22539383696394463,1.0,91,0.06033139295743601,0.35,0.8,20,6.0
Covariance shift,11,260,5,0.7,0.16,36,117,169,euclidean,0.01,0.2927350766157045,0.22720465398028566,1.0080340130002343,91,0.0860219025205539,0.35,0.8,20,6.0
Covariance shift,11,260,5,0.7,0.16,36,117,169,cholesky,0.001,0.2572712570679952,0.21175206260100277,0.9394758324065263,91,0.07858347830961103,0.35,0.8,20,6.0
Covariance shift,11,260,5,0.7,0.16,36,117,169,log_euclidean,0.01,0.2506634556434738,0.2152804345193726,0.9551300843856265,91,0.08342105122813032,0.35,0.8,20,6.0
Covariance shift,11,260,5,0.7,0.16,36,117,169,fixed_bwar,0.01,0.26192245368647277,0.21455723575045657,0.951921483925838,91,0.08751840157354528,0.35,0.8,20,6.0
Covariance shift,11,260,5,0.7,0.16,36,117,169,local_bwar,0.01,0.25773414802604877,0.20890737155896563,0.9268548527011576,91,0.09260156892542407,0.35,0.8,20,6.0
Covariance shift,12,260,5,0.7,0.16,36,117,169,persistence,,,0.4102635445872785,1.0,91,0.05429250131909086,0.35,0.8,20,6.0
Covariance shift,12,260,5,0.7,0.16,36,117,169,euclidean,1e-06,0.5751241455921267,0.433635251421837,1.056967544747536,91,9.999999937860098e-09,0.35,0.8,20,6.0
Covariance shift,12,260,5,0.7,0.16,36,117,169,cholesky,1e-06,0.5273882446303579,0.3992734157492266,0.9732120267982672,91,0.07257502403508827,0.35,0.8,20,6.0
Covariance shift,12,260,5,0.7,0.16,36,117,169,log_euclidean,1e-06,0.5221659258058989,0.3930459216433249,0.9580327738813003,91,0.07150176704635967,0.35,0.8,20,6.0
Covariance shift,12,260,5,0.7,0.16,36,117,169,fixed_bwar,0.01,0.5335405125935538,0.3803088883805557,0.9269867951907428,91,0.07051530564773419,0.35,0.8,20,6.0
Covariance shift,12,260,5,0.7,0.16,36,117,169,local_bwar,0.01,0.5312576016313874,0.3835232426113863,0.9348216473808496,91,0.07532739196349957,0.35,0.8,20,6.0
Covariance shift,13,260,5,0.7,0.16,36,117,169,persistence,,,0.3827742994894294,1.0,91,0.06615238715316105,0.35,0.8,20,6.0
Covariance shift,13,260,5,0.7,0.16,36,117,169,euclidean,0.0001,0.6146091572661286,0.3802421629554765,0.9933847791313826,91,0.03523880869711237,0.35,0.8,20,6.0
Covariance shift,13,260,5,0.7,0.16,36,117,169,cholesky,0.01,0.5517294714347678,0.3482086270211945,0.909696987194958,91,0.07954803392497002,0.35,0.8,20,6.0
Covariance shift,13,260,5,0.7,0.16,36,117,169,log_euclidean,0.0001,0.5456616217752892,0.35258230050923267,0.921123233664149,91,0.08541768959527074,0.35,0.8,20,6.0
Covariance shift,13,260,5,0.7,0.16,36,117,169,fixed_bwar,0.01,0.5502049902883205,0.34548047856847075,0.9025696840913726,91,0.09424540573985953,0.35,0.8,20,6.0
Covariance shift,13,260,5,0.7,0.16,36,117,169,local_bwar,0.01,0.5477294846268254,0.3501593165920957,0.9147931746179463,91,0.08776448682059451,0.35,0.8,20,6.0
Covariance shift,14,260,5,0.7,0.16,36,117,169,persistence,,,0.23614184288827164,1.0,91,0.03986461589136754,0.35,0.8,20,6.0
Covariance shift,14,260,5,0.7,0.16,36,117,169,euclidean,0.1,0.3029453352819884,0.22452540142548336,0.9508073566263964,91,0.0927241333316609,0.35,0.8,20,6.0
Covariance shift,14,260,5,0.7,0.16,36,117,169,cholesky,0.1,0.3238979906955599,0.23496398425024986,0.9950120714583435,91,0.07923742315758758,0.35,0.8,20,6.0
Covariance shift,14,260,5,0.7,0.16,36,117,169,log_euclidean,0.1,0.3280695736202375,0.2185214948172481,0.9253823555558494,91,0.0565255189339524,0.35,0.8,20,6.0
Covariance shift,14,260,5,0.7,0.16,36,117,169,fixed_bwar,0.01,0.2882287983675325,0.2134474252719148,0.9038949754148632,91,0.0729232432227029,0.35,0.8,20,6.0
Covariance shift,14,260,5,0.7,0.16,36,117,169,local_bwar,0.01,0.2961971725084517,0.21146980107489569,0.8955202453253941,91,0.06463044350784465,0.35,0.8,20,6.0
Covariance shift,15,260,5,0.7,0.16,36,117,169,persistence,,,0.4706001875648453,1.0,91,0.05950893462909334,0.35,0.8,20,6.0
Covariance shift,15,260,5,0.7,0.16,36,117,169,euclidean,0.1,0.6196226801071549,0.47221614529322603,1.0034338229585982,91,9.999999998917351e-09,0.35,0.8,20,6.0
Covariance shift,15,260,5,0.7,0.16,36,117,169,cholesky,1e-06,0.5460157097517097,0.46425831797483935,0.9865238693957552,91,0.08192076418839812,0.35,0.8,20,6.0
Covariance shift,15,260,5,0.7,0.16,36,117,169,log_euclidean,1e-06,0.5273848669184837,0.44686812942055293,0.949570657276837,91,0.07277977884541686,0.35,0.8,20,6.0
Covariance shift,15,260,5,0.7,0.16,36,117,169,fixed_bwar,0.001,0.4990278895010822,0.43428929048297243,0.922841303421985,91,0.08292757901386062,0.35,0.8,20,6.0
Covariance shift,15,260,5,0.7,0.16,36,117,169,local_bwar,1e-06,0.4961818687735983,0.4345298905576964,0.9233525655954427,91,0.07973631104724895,0.35,0.8,20,6.0
Covariance shift,16,260,5,0.7,0.16,36,117,169,persistence,,,0.28934908417101496,1.0,91,0.06883407987035843,0.35,0.8,20,6.0
Covariance shift,16,260,5,0.7,0.16,36,117,169,euclidean,0.1,0.3972999831210533,0.28584239031671976,0.9878807501176585,91,0.02076885479095667,0.35,0.8,20,6.0
Covariance shift,16,260,5,0.7,0.16,36,117,169,cholesky,0.01,0.387364849050352,0.27408167469570394,0.9472353281537,91,0.0914806622200686,0.35,0.8,20,6.0
Covariance shift,16,260,5,0.7,0.16,36,117,169,log_euclidean,0.01,0.38425406602641565,0.2741196178198968,0.9473664608452086,91,0.0896016449624333,0.35,0.8,20,6.0
Covariance shift,16,260,5,0.7,0.16,36,117,169,fixed_bwar,0.001,0.36296785550707306,0.2726910945534525,0.9424294372132277,91,0.09786736959457915,0.35,0.8,20,6.0
Covariance shift,16,260,5,0.7,0.16,36,117,169,local_bwar,0.01,0.36993455279135457,0.2732677008617647,0.9444222076758134,91,0.09222411016787481,0.35,0.8,20,6.0
Covariance shift,17,260,5,0.7,0.16,36,117,169,persistence,,,0.4414041969078278,1.0,91,0.0164861849874799,0.35,0.8,20,6.0
Covariance shift,17,260,5,0.7,0.16,36,117,169,euclidean,0.1,0.46155840100864576,0.4594515570244328,1.0408862449497136,91,1.0000000187891196e-08,0.35,0.8,20,6.0
Covariance shift,17,260,5,0.7,0.16,36,117,169,cholesky,0.01,0.4851142336336181,0.4425786354268787,1.0026606872505477,91,0.0182011466817798,0.35,0.8,20,6.0
Covariance shift,17,260,5,0.7,0.16,36,117,169,log_euclidean,0.01,0.4652872963483104,0.4610844212448966,1.0445854943721307,91,0.026044325833370453,0.35,0.8,20,6.0
Covariance shift,17,260,5,0.7,0.16,36,117,169,fixed_bwar,0.01,0.4270735254228954,0.4169746001587409,0.9446548154271669,91,0.04457857209741166,0.35,0.8,20,6.0
Covariance shift,17,260,5,0.7,0.16,36,117,169,local_bwar,0.01,0.42691594871883104,0.41519010600611633,0.9406120488084408,91,0.030229515493258637,0.35,0.8,20,6.0
Covariance shift,18,260,5,0.7,0.16,36,117,169,persistence,,,0.4172026413269039,1.0,91,0.053455785682664535,0.35,0.8,20,6.0
Covariance shift,18,260,5,0.7,0.16,36,117,169,euclidean,0.1,0.43677411549934797,0.4194074402553094,1.0052847194864185,91,9.999999627533089e-09,0.35,0.8,20,6.0
Covariance shift,18,260,5,0.7,0.16,36,117,169,cholesky,1e-06,0.4115072829641096,0.38085128568054394,0.9128688266911608,91,0.07333609889404014,0.35,0.8,20,6.0
Covariance shift,18,260,5,0.7,0.16,36,117,169,log_euclidean,0.0001,0.4394489946419174,0.3726400325020826,0.8931871363923036,91,0.07166580678158103,0.35,0.8,20,6.0
Covariance shift,18,260,5,0.7,0.16,36,117,169,fixed_bwar,0.01,0.44078827356994754,0.3655140392990784,0.8761067239089594,91,0.07130722748298457,0.35,0.8,20,6.0
Covariance shift,18,260,5,0.7,0.16,36,117,169,local_bwar,0.1,0.4549003745896058,0.3671496773093081,0.8800272120559846,91,0.08182632603332274,0.35,0.8,20,6.0
Covariance shift,19,260,5,0.7,0.16,36,117,169,persistence,,,0.319572467363436,1.0,91,0.1160902959745432,0.35,0.8,20,6.0
Covariance shift,19,260,5,0.7,0.16,36,117,169,euclidean,1e-06,0.2848612872447933,0.28777941015227543,0.9005137786948221,91,0.15271069268479526,0.35,0.8,20,6.0
Covariance shift,19,260,5,0.7,0.16,36,117,169,cholesky,1e-06,0.28376579292302684,0.30726778265918925,0.9614964179931899,91,0.14489366441049162,0.35,0.8,20,6.0
Covariance shift,19,260,5,0.7,0.16,36,117,169,log_euclidean,0.1,0.28862030591020926,0.28876703778929946,0.9036042440442692,91,0.1433538015092617,0.35,0.8,20,6.0
Covariance shift,19,260,5,0.7,0.16,36,117,169,fixed_bwar,0.01,0.2819567953707828,0.2805204691908606,0.87779924067062,91,0.14177185729771807,0.35,0.8,20,6.0
Covariance shift,19,260,5,0.7,0.16,36,117,169,local_bwar,0.01,0.28821856705659454,0.27950276641073324,0.8746146647635537,91,0.14043562964519637,0.35,0.8,20,6.0
Covariance shift,20,260,5,0.7,0.16,36,117,169,persistence,,,0.3852222041658965,1.0,91,0.03927900172501487,0.35,0.8,20,6.0
Covariance shift,20,260,5,0.7,0.16,36,117,169,euclidean,0.1,0.5138290758628141,0.39552453940806614,1.026743876990364,91,9.999999457195402e-09,0.35,0.8,20,6.0
Covariance shift,20,260,5,0.7,0.16,36,117,169,cholesky,1e-06,0.43990809113786283,0.3707810019113115,0.9625120200798035,91,0.04146105134224019,0.35,0.8,20,6.0
Covariance shift,20,260,5,0.7,0.16,36,117,169,log_euclidean,1e-06,0.4409811737250938,0.3717577421783408,0.9650475443991874,91,0.052787550610584454,0.35,0.8,20,6.0
Covariance shift,20,260,5,0.7,0.16,36,117,169,fixed_bwar,0.0001,0.42249387372955977,0.35321293001462745,0.9169069856173603,91,0.04765778651143361,0.35,0.8,20,6.0
Covariance shift,20,260,5,0.7,0.16,36,117,169,local_bwar,0.0001,0.42683532308933336,0.35499143921650506,0.921523825411755,91,0.05369452803355193,0.35,0.8,20,6.0
Covariance shift,21,260,5,0.7,0.16,36,117,169,persistence,,,0.24716336458282914,1.0,91,0.08649878457554483,0.35,0.8,20,6.0
Covariance shift,21,260,5,0.7,0.16,36,117,169,euclidean,1e-06,0.27637733781924106,0.23180207326500515,0.9378496431145801,91,0.10666102170577173,0.35,0.8,20,6.0
Covariance shift,21,260,5,0.7,0.16,36,117,169,cholesky,1e-06,0.2562746756420563,0.22104408668019998,0.8943238293154239,91,0.09303586539715633,0.35,0.8,20,6.0
Covariance shift,21,260,5,0.7,0.16,36,117,169,log_euclidean,0.01,0.2761647919965558,0.22407250075156934,0.9065765111660729,91,0.09747830699405834,0.35,0.8,20,6.0
Covariance shift,21,260,5,0.7,0.16,36,117,169,fixed_bwar,0.001,0.26326879022002025,0.22219427953229956,0.8989774026880024,91,0.1063356708659917,0.35,0.8,20,6.0
Covariance shift,21,260,5,0.7,0.16,36,117,169,local_bwar,0.001,0.2640126161008879,0.22151266783866636,0.8962196651293491,91,0.10609675541758253,0.35,0.8,20,6.0
Covariance shift,22,260,5,0.7,0.16,36,117,169,persistence,,,0.29740145628169984,1.0,91,0.05401921971770904,0.35,0.8,20,6.0
Covariance shift,22,260,5,0.7,0.16,36,117,169,euclidean,0.1,0.37360956342758994,0.29282906502861444,0.9846255250049805,91,0.050706478656266304,0.35,0.8,20,6.0
Covariance shift,22,260,5,0.7,0.16,36,117,169,cholesky,0.01,0.3347993922864117,0.28825574038666735,0.9692479115288204,91,0.059032320509173994,0.35,0.8,20,6.0
Covariance shift,22,260,5,0.7,0.16,36,117,169,log_euclidean,0.01,0.3365315467567557,0.2896068237623065,0.9737908730614613,91,0.06758419052999791,0.35,0.8,20,6.0
Covariance shift,22,260,5,0.7,0.16,36,117,169,fixed_bwar,0.001,0.33433666927165595,0.278045061957445,0.9349149309278418,91,0.06877927167504413,0.35,0.8,20,6.0
Covariance shift,22,260,5,0.7,0.16,36,117,169,local_bwar,0.001,0.33498161137281457,0.28024635751226823,0.942316695473131,91,0.07154950499073581,0.35,0.8,20,6.0
Covariance shift,23,260,5,0.7,0.16,36,117,169,persistence,,,0.32634956062719217,1.0,91,0.030275333643243908,0.35,0.8,20,6.0
Covariance shift,23,260,5,0.7,0.16,36,117,169,euclidean,0.001,0.40330677080202865,0.31326253108797836,0.9598987370656709,91,1.0000000612873022e-08,0.35,0.8,20,6.0
Covariance shift,23,260,5,0.7,0.16,36,117,169,cholesky,1e-06,0.3995236547386296,0.3199689438005198,0.9804485202480132,91,0.03370961421291736,0.35,0.8,20,6.0
Covariance shift,23,260,5,0.7,0.16,36,117,169,log_euclidean,0.1,0.42529826893169054,0.30973644602172123,0.9490941107028208,91,0.04944321408505673,0.35,0.8,20,6.0
Covariance shift,23,260,5,0.7,0.16,36,117,169,fixed_bwar,0.001,0.3722881268250052,0.29467848397447205,0.9029535183321427,91,0.05043313637182514,0.35,0.8,20,6.0
Covariance shift,23,260,5,0.7,0.16,36,117,169,local_bwar,0.01,0.3889710637562297,0.29697756188928137,0.9099983505984734,91,0.053080780384667604,0.35,0.8,20,6.0
Covariance shift,24,260,5,0.7,0.16,36,117,169,persistence,,,0.4480944459016151,1.0,91,0.030998779501914587,0.35,0.8,20,6.0
Covariance shift,24,260,5,0.7,0.16,36,117,169,euclidean,1.0,0.6010557337691167,0.4845956867734932,1.0814588112076096,91,9.999999432268066e-09,0.35,0.8,20,6.0
Covariance shift,24,260,5,0.7,0.16,36,117,169,cholesky,0.1,0.6174810479428389,0.47681458430641,1.0640939397206917,91,0.048943970098649606,0.35,0.8,20,6.0
Covariance shift,24,260,5,0.7,0.16,36,117,169,log_euclidean,0.01,0.5548822208507422,0.4318496221018291,0.9637468753554852,91,0.048215081856728674,0.35,0.8,20,6.0
Covariance shift,24,260,5,0.7,0.16,36,117,169,fixed_bwar,0.01,0.5420905209121024,0.42101872546255914,0.9395758624399446,91,0.04829940483063816,0.35,0.8,20,6.0
Covariance shift,24,260,5,0.7,0.16,36,117,169,local_bwar,0.01,0.5716374797768272,0.4193668283864757,0.9358893693553012,91,0.05120174313461067,0.35,0.8,20,6.0
Covariance shift,25,260,5,0.7,0.16,36,117,169,persistence,,,0.2651185319558717,1.0,91,0.021834626833079285,0.35,0.8,20,6.0
Covariance shift,25,260,5,0.7,0.16,36,117,169,euclidean,0.001,0.34947853898141573,0.2671237052614002,1.007563308723595,91,1.0000000237115733e-08,0.35,0.8,20,6.0
Covariance shift,25,260,5,0.7,0.16,36,117,169,cholesky,0.01,0.36479429453765494,0.2816005514252676,1.0621684925146586,91,0.07172125412464254,0.35,0.8,20,6.0
Covariance shift,25,260,5,0.7,0.16,36,117,169,log_euclidean,0.01,0.35325482874003683,0.26029519626676134,0.9818068708606413,91,0.045848418152319916,0.35,0.8,20,6.0
Covariance shift,25,260,5,0.7,0.16,36,117,169,fixed_bwar,0.001,0.32331102010098384,0.2515607757115807,0.9488615294288532,91,0.052468962123123,0.35,0.8,20,6.0
Covariance shift,25,260,5,0.7,0.16,36,117,169,local_bwar,0.001,0.3203885729929079,0.25043080438416065,0.9445993930965347,91,0.06408566362212477,0.35,0.8,20,6.0
Covariance shift,26,260,5,0.7,0.16,36,117,169,persistence,,,0.29158480966470346,1.0,91,0.048714702744569176,0.35,0.8,20,6.0
Covariance shift,26,260,5,0.7,0.16,36,117,169,euclidean,0.001,0.3735065914204794,0.2831460159229838,0.9710588704829187,91,1.0000000569501985e-08,0.35,0.8,20,6.0
Covariance shift,26,260,5,0.7,0.16,36,117,169,cholesky,1e-06,0.3491922984274392,0.27558339543140464,0.9451226068611084,91,0.06191595528602719,0.35,0.8,20,6.0
Covariance shift,26,260,5,0.7,0.16,36,117,169,log_euclidean,0.01,0.35017027171508563,0.27723916212017613,0.9508011149105348,91,0.062906325449798,0.35,0.8,20,6.0
Covariance shift,26,260,5,0.7,0.16,36,117,169,fixed_bwar,0.001,0.3460240841870793,0.26858568382629894,0.9211237174362702,91,0.07354442261736674,0.35,0.8,20,6.0
Covariance shift,26,260,5,0.7,0.16,36,117,169,local_bwar,0.01,0.34401146792324144,0.2706494258883518,0.9282013908734632,91,0.0705158036692494,0.35,0.8,20,6.0
Covariance shift,27,260,5,0.7,0.16,36,117,169,persistence,,,0.3154395364871108,1.0,91,0.037981587531726785,0.35,0.8,20,6.0
Covariance shift,27,260,5,0.7,0.16,36,117,169,euclidean,0.01,0.403462746249979,0.319121260219343,1.0116717256601175,91,0.009047634413710723,0.35,0.8,20,6.0
Covariance shift,27,260,5,0.7,0.16,36,117,169,cholesky,0.01,0.44885987786362214,0.32418325479429655,1.0277191578600453,91,0.07735895256687748,0.35,0.8,20,6.0
Covariance shift,27,260,5,0.7,0.16,36,117,169,log_euclidean,1e-06,0.3643030786856044,0.31040648447726477,0.984044320931052,91,0.06379981268138085,0.35,0.8,20,6.0
Covariance shift,27,260,5,0.7,0.16,36,117,169,fixed_bwar,0.001,0.38310052844411746,0.2994084243801865,0.9491784946000915,91,0.0797044503660862,0.35,0.8,20,6.0
Covariance shift,27,260,5,0.7,0.16,36,117,169,local_bwar,0.001,0.37821039395345046,0.30120073528947705,0.9548604421747381,91,0.07757206341866212,0.35,0.8,20,6.0
Covariance shift,28,260,5,0.7,0.16,36,117,169,persistence,,,0.291453162641002,1.0,91,0.051122328666638184,0.35,0.8,20,6.0
Covariance shift,28,260,5,0.7,0.16,36,117,169,euclidean,1.0,0.34663364318447204,0.28432355395255204,0.9755377206277501,91,1.000000057381338e-08,0.35,0.8,20,6.0
Covariance shift,28,260,5,0.7,0.16,36,117,169,cholesky,0.01,0.3103457551106889,0.2644969604890604,0.9075110322781264,91,0.0615700348184085,0.35,0.8,20,6.0
Covariance shift,28,260,5,0.7,0.16,36,117,169,log_euclidean,0.001,0.28453974020469547,0.26788529460390953,0.9191366879551681,91,0.06658874691403037,0.35,0.8,20,6.0
Covariance shift,28,260,5,0.7,0.16,36,117,169,fixed_bwar,0.01,0.28213960697260837,0.26110610196388157,0.895876715139645,91,0.0866769343517167,0.35,0.8,20,6.0
Covariance shift,28,260,5,0.7,0.16,36,117,169,local_bwar,0.01,0.28053765845958295,0.263016744929889,0.9024322897942281,91,0.08006317622797403,0.35,0.8,20,6.0
Covariance shift,29,260,5,0.7,0.16,36,117,169,persistence,,,0.22087540772274855,1.0,91,0.02916347625747109,0.35,0.8,20,6.0
Covariance shift,29,260,5,0.7,0.16,36,117,169,euclidean,0.01,0.28128502799175914,0.21705044888599193,0.9826827310645744,91,1.0000000449558194e-08,0.35,0.8,20,6.0
Covariance shift,29,260,5,0.7,0.16,36,117,169,cholesky,1e-06,0.2448145080785859,0.20800517870354354,0.9417308194158028,91,0.04034457676991718,0.35,0.8,20,6.0
Covariance shift,29,260,5,0.7,0.16,36,117,169,log_euclidean,0.001,0.26023023342565776,0.21282539983228527,0.9635540779597882,91,0.03807601971398961,0.35,0.8,20,6.0
Covariance shift,29,260,5,0.7,0.16,36,117,169,fixed_bwar,0.001,0.24838976996214315,0.20682309486759734,0.9363790066081498,91,0.061178269031432086,0.35,0.8,20,6.0
Covariance shift,29,260,5,0.7,0.16,36,117,169,local_bwar,0.001,0.25190818164132894,0.20719609646082576,0.938067748678053,91,0.050954676042785425,0.35,0.8,20,6.0
Covariance shift,30,260,5,0.7,0.16,36,117,169,persistence,,,0.27384863565544926,1.0,91,0.026560289256580112,0.35,0.8,20,6.0
Covariance shift,30,260,5,0.7,0.16,36,117,169,euclidean,0.001,0.32028366497071714,0.2749402467177188,1.0039861840452728,91,1.0000000039463184e-08,0.35,0.8,20,6.0
Covariance shift,30,260,5,0.7,0.16,36,117,169,cholesky,1e-06,0.31471722912578726,0.2757912002184017,1.0070935703524795,91,0.03324691206634135,0.35,0.8,20,6.0
Covariance shift,30,260,5,0.7,0.16,36,117,169,log_euclidean,0.1,0.33566647665666804,0.2544288310694764,0.9290856259353197,91,0.046223904016421596,0.35,0.8,20,6.0
Covariance shift,30,260,5,0.7,0.16,36,117,169,fixed_bwar,0.01,0.3150265699239689,0.25412584820550493,0.9279792378635067,91,0.06032063532393461,0.35,0.8,20,6.0
Covariance shift,30,260,5,0.7,0.16,36,117,169,local_bwar,0.01,0.3066002437988206,0.24647092196011716,0.900026108840001,91,0.05405033238377707,0.35,0.8,20,6.0
Covariance shift,31,260,5,0.7,0.16,36,117,169,persistence,,,0.27969549354704637,1.0,91,0.04798303174025887,0.35,0.8,20,6.0
Covariance shift,31,260,5,0.7,0.16,36,117,169,euclidean,0.1,0.38027074234993113,0.2703202321209792,0.9664804702171929,91,0.11580480817036634,0.35,0.8,20,6.0
Covariance shift,31,260,5,0.7,0.16,36,117,169,cholesky,0.001,0.3330152638279673,0.2692489173176509,0.962650180391132,91,0.05636677248710708,0.35,0.8,20,6.0
Covariance shift,31,260,5,0.7,0.16,36,117,169,log_euclidean,0.01,0.35035222553735734,0.2635728575787604,0.9423564685872423,91,0.07576768466269884,0.35,0.8,20,6.0
Covariance shift,31,260,5,0.7,0.16,36,117,169,fixed_bwar,0.001,0.33434870194636346,0.2585005273235523,0.9242212809555725,91,0.08022121574909455,0.35,0.8,20,6.0
Covariance shift,31,260,5,0.7,0.16,36,117,169,local_bwar,0.01,0.34471573157827895,0.2592026115268479,0.9267314544102534,91,0.09427575013442695,0.35,0.8,20,6.0
Covariance shift,32,260,5,0.7,0.16,36,117,169,persistence,,,0.2542640486348718,1.0,91,0.02428756281209892,0.35,0.8,20,6.0
Covariance shift,32,260,5,0.7,0.16,36,117,169,euclidean,1.0,0.38936446093834814,0.26453660666458667,1.0404011423748958,91,1.0000000051783821e-08,0.35,0.8,20,6.0
Covariance shift,32,260,5,0.7,0.16,36,117,169,cholesky,1e-06,0.3759564221388244,0.26905431315439154,1.058168917701609,91,0.05741529211469682,0.35,0.8,20,6.0
Covariance shift,32,260,5,0.7,0.16,36,117,169,log_euclidean,0.01,0.3235738297220567,0.23896818082375462,0.9398425853232506,91,0.04196264353151305,0.35,0.8,20,6.0
Covariance shift,32,260,5,0.7,0.16,36,117,169,fixed_bwar,0.01,0.3260712827374028,0.2355283620229487,0.9263140553589315,91,0.06625557016123583,0.35,0.8,20,6.0
Covariance shift,32,260,5,0.7,0.16,36,117,169,local_bwar,0.01,0.3194929872157802,0.23707362078245584,0.9323914334538826,91,0.05370199125825242,0.35,0.8,20,6.0
Covariance shift,33,260,5,0.7,0.16,36,117,169,persistence,,,0.27155179734477,1.0,91,0.0693536059067225,0.35,0.8,20,6.0
Covariance shift,33,260,5,0.7,0.16,36,117,169,euclidean,1e-06,0.311069621860142,0.276201269406265,1.0171218607534824,91,9.999999419910712e-09,0.35,0.8,20,6.0
Covariance shift,33,260,5,0.7,0.16,36,117,169,cholesky,1e-06,0.3119731548909827,0.26067234742349027,0.9599360047414202,91,0.07680264181779348,0.35,0.8,20,6.0
Covariance shift,33,260,5,0.7,0.16,36,117,169,log_euclidean,0.01,0.30818554928311587,0.25840184499306673,0.9515747916961578,91,0.07731712438036811,0.35,0.8,20,6.0
Covariance shift,33,260,5,0.7,0.16,36,117,169,fixed_bwar,0.001,0.2973044216416577,0.256220602590779,0.9435422821579559,91,0.08320929663749212,0.35,0.8,20,6.0
Covariance shift,33,260,5,0.7,0.16,36,117,169,local_bwar,0.01,0.29964482399003345,0.253722016355226,0.9343411416757932,91,0.08852836742238948,0.35,0.8,20,6.0
Covariance shift,34,260,5,0.7,0.16,36,117,169,persistence,,,0.43101870628946143,1.0,91,0.06853399216535844,0.35,0.8,20,6.0
Covariance shift,34,260,5,0.7,0.16,36,117,169,euclidean,0.01,0.589141272889951,0.43267211652144716,1.0038360521431182,91,1.0000000224053835e-08,0.35,0.8,20,6.0
Covariance shift,34,260,5,0.7,0.16,36,117,169,cholesky,0.001,0.5969557728476635,0.43319279509925185,1.0050440706588042,91,0.10397356833601333,0.35,0.8,20,6.0
Covariance shift,34,260,5,0.7,0.16,36,117,169,log_euclidean,0.0001,0.5868866987370314,0.4205385957271926,0.9756852535415699,91,0.11681684886459152,0.35,0.8,20,6.0
Covariance shift,34,260,5,0.7,0.16,36,117,169,fixed_bwar,0.1,0.5730771883941457,0.4111004021802132,0.9537878430365118,91,0.08503696326140255,0.35,0.8,20,6.0
Covariance shift,34,260,5,0.7,0.16,36,117,169,local_bwar,0.01,0.5599327491885537,0.40407151426930144,0.9374802262014519,91,0.11495033820777024,0.35,0.8,20,6.0
Covariance shift,35,260,5,0.7,0.16,36,117,169,persistence,,,0.32009601614420485,1.0,91,0.045298189056490835,0.35,0.8,20,6.0
Covariance shift,35,260,5,0.7,0.16,36,117,169,euclidean,1e-06,0.30771292298472586,0.294027333974597,0.9185598043873693,91,0.08341972017674976,0.35,0.8,20,6.0
Covariance shift,35,260,5,0.7,0.16,36,117,169,cholesky,1e-06,0.31286615231492665,0.2972641029868227,0.9286716734796966,91,0.057098218896618036,0.35,0.8,20,6.0
Covariance shift,35,260,5,0.7,0.16,36,117,169,log_euclidean,0.001,0.3132274768306773,0.29569351604502275,0.9237650615177021,91,0.0629996968596068,0.35,0.8,20,6.0
Covariance shift,35,260,5,0.7,0.16,36,117,169,fixed_bwar,0.01,0.30675215139827183,0.2874953245170462,0.8981533977840203,91,0.0822545967564573,0.35,0.8,20,6.0
Covariance shift,35,260,5,0.7,0.16,36,117,169,local_bwar,0.01,0.3034623212577456,0.28754364783864306,0.8983043628668693,91,0.06873701471031463,0.35,0.8,20,6.0
Covariance shift,36,260,5,0.7,0.16,36,117,169,persistence,,,0.26382868231093115,1.0,91,0.08320236232538283,0.35,0.8,20,6.0
Covariance shift,36,260,5,0.7,0.16,36,117,169,euclidean,0.01,0.29525421522239925,0.24715110815445696,0.9367863493446134,91,0.14436158968867777,0.35,0.8,20,6.0
Covariance shift,36,260,5,0.7,0.16,36,117,169,cholesky,1e-06,0.2743562172667669,0.24093658980874316,0.9132312214817915,91,0.17383885667760252,0.35,0.8,20,6.0
Covariance shift,36,260,5,0.7,0.16,36,117,169,log_euclidean,0.01,0.2801017280456952,0.24920857239793628,0.9445848351857189,91,0.15286814738753787,0.35,0.8,20,6.0
Covariance shift,36,260,5,0.7,0.16,36,117,169,fixed_bwar,0.001,0.2669445330266715,0.24053691500396257,0.911716318699881,91,0.18236349511952604,0.35,0.8,20,6.0
Covariance shift,36,260,5,0.7,0.16,36,117,169,local_bwar,0.001,0.26388497122479404,0.24044057529805615,0.9113511586078753,91,0.17672219013165705,0.35,0.8,20,6.0
Covariance shift,37,260,5,0.7,0.16,36,117,169,persistence,,,0.30576050020280854,1.0,91,0.04731683251658687,0.35,0.8,20,6.0
Covariance shift,37,260,5,0.7,0.16,36,117,169,euclidean,0.1,0.33976971960161817,0.3069958041466413,1.0040401030970756,91,0.03177372136635772,0.35,0.8,20,6.0
Covariance shift,37,260,5,0.7,0.16,36,117,169,cholesky,0.001,0.33686928160717916,0.3409769139299053,1.1151764655792296,91,0.08997364018647365,0.35,0.8,20,6.0
Covariance shift,37,260,5,0.7,0.16,36,117,169,log_euclidean,0.001,0.3092429655769564,0.285474911929166,0.9336553012564172,91,0.07997097015620955,0.35,0.8,20,6.0
Covariance shift,37,260,5,0.7,0.16,36,117,169,fixed_bwar,0.01,0.3072729920234373,0.2823574774791823,0.9234596270345475,91,0.09033374967256348,0.35,0.8,20,6.0
Covariance shift,37,260,5,0.7,0.16,36,117,169,local_bwar,0.01,0.31208003065750867,0.2816666541153878,0.9212002659877929,91,0.09036809369010196,0.35,0.8,20,6.0
Covariance shift,38,260,5,0.7,0.16,36,117,169,persistence,,,0.3329704312321664,1.0,91,0.05822753785917891,0.35,0.8,20,6.0
Covariance shift,38,260,5,0.7,0.16,36,117,169,euclidean,0.01,0.45673135312025,0.34147291468396795,1.0255352507438509,91,1.0000000399842781e-08,0.35,0.8,20,6.0
Covariance shift,38,260,5,0.7,0.16,36,117,169,cholesky,0.01,0.4289746878192291,0.3124301248310193,0.9383119205956603,91,0.08397629461743045,0.35,0.8,20,6.0
Covariance shift,38,260,5,0.7,0.16,36,117,169,log_euclidean,0.1,0.4759693947933957,0.31892133291376196,0.9578067690082408,91,0.07393018494410793,0.35,0.8,20,6.0
Covariance shift,38,260,5,0.7,0.16,36,117,169,fixed_bwar,0.001,0.41996617260144276,0.3117773445379618,0.9363514453347134,91,0.08562401711280629,0.35,0.8,20,6.0
Covariance shift,38,260,5,0.7,0.16,36,117,169,local_bwar,0.001,0.4226586509054818,0.3113355798631025,0.9350247068816185,91,0.0857527991437592,0.35,0.8,20,6.0
Covariance shift,39,260,5,0.7,0.16,36,117,169,persistence,,,0.29555392999074037,1.0,91,0.07649102865827817,0.35,0.8,20,6.0
Covariance shift,39,260,5,0.7,0.16,36,117,169,euclidean,0.001,0.33585473150133593,0.27742223235026586,0.9386518134235516,91,0.054605207598195996,0.35,0.8,20,6.0
Covariance shift,39,260,5,0.7,0.16,36,117,169,cholesky,1e-06,0.3135793233708491,0.26135531277258733,0.8842897564609462,91,0.08500526490388711,0.35,0.8,20,6.0
Covariance shift,39,260,5,0.7,0.16,36,117,169,log_euclidean,1e-06,0.31092297955196935,0.2700617747324767,0.913747872481133,91,0.09511656717262822,0.35,0.8,20,6.0
Covariance shift,39,260,5,0.7,0.16,36,117,169,fixed_bwar,0.001,0.30616868417727516,0.2617426688553539,0.885600366956901,91,0.09162712369166533,0.35,0.8,20,6.0
Covariance shift,39,260,5,0.7,0.16,36,117,169,local_bwar,0.01,0.31801914927952435,0.26394929845060633,0.8930664480045175,91,0.09837283950735044,0.35,0.8,20,6.0
Covariance shift,40,260,5,0.7,0.16,36,117,169,persistence,,,0.2610310362634159,1.0,91,0.08464248000092517,0.35,0.8,20,6.0
Covariance shift,40,260,5,0.7,0.16,36,117,169,euclidean,1e-06,0.30120977441290064,0.23631782353289224,0.9053246193085459,91,0.05091110514178309,0.35,0.8,20,6.0
Covariance shift,40,260,5,0.7,0.16,36,117,169,cholesky,0.01,0.28849697690872333,0.23622251048388548,0.9049594786326663,91,0.09845645332927515,0.35,0.8,20,6.0
Covariance shift,40,260,5,0.7,0.16,36,117,169,log_euclidean,0.01,0.2952062402099511,0.23581930291955747,0.9034148057458717,91,0.09787855292710325,0.35,0.8,20,6.0
Covariance shift,40,260,5,0.7,0.16,36,117,169,fixed_bwar,0.01,0.2969988631716106,0.2309201805853615,0.8846464538888456,91,0.10393343986990575,0.35,0.8,20,6.0
Covariance shift,40,260,5,0.7,0.16,36,117,169,local_bwar,0.001,0.2950780393438827,0.22946287261036744,0.879063562306852,91,0.10849996441821762,0.35,0.8,20,6.0
Covariance shift,41,260,5,0.7,0.16,36,117,169,persistence,,,0.4029912673526103,1.0,91,0.03464697709039077,0.35,0.8,20,6.0
Covariance shift,41,260,5,0.7,0.16,36,117,169,euclidean,0.1,0.5304719894519769,0.4073831419555827,1.0108981880223462,91,1.0000000244522418e-08,0.35,0.8,20,6.0
Covariance shift,41,260,5,0.7,0.16,36,117,169,cholesky,0.1,0.5228927757458895,0.3938691905052755,0.977364083079862,91,0.04640417783236973,0.35,0.8,20,6.0
Covariance shift,41,260,5,0.7,0.16,36,117,169,log_euclidean,0.01,0.4892455348951834,0.3804594460391279,0.9440885618651199,91,0.054949108785908904,0.35,0.8,20,6.0
Covariance shift,41,260,5,0.7,0.16,36,117,169,fixed_bwar,0.01,0.45502139544268866,0.37021357511091973,0.9186640135975684,91,0.05752287497208393,0.35,0.8,20,6.0
Covariance shift,41,260,5,0.7,0.16,36,117,169,local_bwar,0.01,0.457817211844314,0.3707366828039523,0.9199620757031546,91,0.06603717393066244,0.35,0.8,20,6.0
Covariance shift,42,260,5,0.7,0.16,36,117,169,persistence,,,0.36765100611663093,1.0,91,0.07476235896506603,0.35,0.8,20,6.0
Covariance shift,42,260,5,0.7,0.16,36,117,169,euclidean,0.1,0.5020392289648459,0.36110535733584426,0.9821960264710654,91,1.0000001239260105e-08,0.35,0.8,20,6.0
Covariance shift,42,260,5,0.7,0.16,36,117,169,cholesky,1e-06,0.4503446573394151,0.35821852075153116,0.9743439152670033,91,0.09187267726966665,0.35,0.8,20,6.0
Covariance shift,42,260,5,0.7,0.16,36,117,169,log_euclidean,1e-06,0.4271344083384172,0.3549196150244017,0.9653709880282759,91,0.10846032634822589,0.35,0.8,20,6.0
Covariance shift,42,260,5,0.7,0.16,36,117,169,fixed_bwar,0.001,0.426980731487978,0.3383397792385747,0.9202743188774037,91,0.10650608249028823,0.35,0.8,20,6.0
Covariance shift,42,260,5,0.7,0.16,36,117,169,local_bwar,0.001,0.4159697844751741,0.3406306791130925,0.9265054996341648,91,0.12211391555306103,0.35,0.8,20,6.0
Covariance shift,43,260,5,0.7,0.16,36,117,169,persistence,,,0.24601873918671424,1.0,91,0.033365709545509055,0.35,0.8,20,6.0
Covariance shift,43,260,5,0.7,0.16,36,117,169,euclidean,1e-06,0.24720746655730816,0.2388709389084281,0.9709461145036542,91,9.999999585847107e-09,0.35,0.8,20,6.0
Covariance shift,43,260,5,0.7,0.16,36,117,169,cholesky,1e-06,0.2517828286619172,0.23103378872132643,0.9390902070511992,91,0.04234805150616564,0.35,0.8,20,6.0
Covariance shift,43,260,5,0.7,0.16,36,117,169,log_euclidean,0.001,0.25416918136948624,0.22748611390949003,0.9246698632043675,91,0.04231637395116752,0.35,0.8,20,6.0
Covariance shift,43,260,5,0.7,0.16,36,117,169,fixed_bwar,0.01,0.2503841509944124,0.2218935896830593,0.9019377565164037,91,0.04014071299210083,0.35,0.8,20,6.0
Covariance shift,43,260,5,0.7,0.16,36,117,169,local_bwar,0.001,0.24671768174195194,0.21926852439289546,0.8912675722091361,91,0.04590357631911131,0.35,0.8,20,6.0
Covariance shift,44,260,5,0.7,0.16,36,117,169,persistence,,,0.3533455070727961,1.0,91,0.02679679239117824,0.35,0.8,20,6.0
Covariance shift,44,260,5,0.7,0.16,36,117,169,euclidean,0.01,0.3547631253947818,0.36322705346413836,1.027965677201342,91,0.053825801129663925,0.35,0.8,20,6.0
Covariance shift,44,260,5,0.7,0.16,36,117,169,cholesky,1e-06,0.356419231629065,0.3278191438218802,0.92775806472712,91,0.036390309681480305,0.35,0.8,20,6.0
Covariance shift,44,260,5,0.7,0.16,36,117,169,log_euclidean,0.1,0.35869736290422805,0.3298423080001964,0.9334838038063477,91,0.03377811534213264,0.35,0.8,20,6.0
Covariance shift,44,260,5,0.7,0.16,36,117,169,fixed_bwar,0.01,0.33829290610675017,0.3230724198293002,0.9143244030629232,91,0.05026963889136615,0.35,0.8,20,6.0
Covariance shift,44,260,5,0.7,0.16,36,117,169,local_bwar,0.01,0.34067605050019456,0.32041697679578296,0.9068092571777651,91,0.041202650419971905,0.35,0.8,20,6.0
Covariance shift,45,260,5,0.7,0.16,36,117,169,persistence,,,0.34360853210330017,1.0,91,0.05838685554106299,0.35,0.8,20,6.0
Covariance shift,45,260,5,0.7,0.16,36,117,169,euclidean,0.1,0.4752899611890115,0.3298645866410429,0.9600011519558967,91,0.08366491994457793,0.35,0.8,20,6.0
Covariance shift,45,260,5,0.7,0.16,36,117,169,cholesky,0.01,0.4670029709023782,0.3151054215763952,0.9170477218582687,91,0.07593985088419586,0.35,0.8,20,6.0
Covariance shift,45,260,5,0.7,0.16,36,117,169,log_euclidean,0.01,0.47012795057695606,0.3190194193025666,0.9284385848913052,91,0.08096518166504606,0.35,0.8,20,6.0
Covariance shift,45,260,5,0.7,0.16,36,117,169,fixed_bwar,0.01,0.44959783041718426,0.31089155287227194,0.9047841477312548,91,0.09179521846583007,0.35,0.8,20,6.0
Covariance shift,45,260,5,0.7,0.16,36,117,169,local_bwar,0.01,0.45141269260704536,0.31296923391221976,0.9108307992134805,91,0.09459147467090936,0.35,0.8,20,6.0
Covariance shift,46,260,5,0.7,0.16,36,117,169,persistence,,,0.2829506593365354,1.0,91,0.011870034593029684,0.35,0.8,20,6.0
Covariance shift,46,260,5,0.7,0.16,36,117,169,euclidean,0.01,0.3450786415375998,0.30186420907480827,1.0668439853881997,91,0.08314136795417842,0.35,0.8,20,6.0
Covariance shift,46,260,5,0.7,0.16,36,117,169,cholesky,0.0001,0.333205002887791,0.3403881023846013,1.2029945545373375,91,0.02503759570068747,0.35,0.8,20,6.0
Covariance shift,46,260,5,0.7,0.16,36,117,169,log_euclidean,0.01,0.3501071891316195,0.2864640691700026,1.0124170406307074,91,0.01624247234814073,0.35,0.8,20,6.0
Covariance shift,46,260,5,0.7,0.16,36,117,169,fixed_bwar,0.01,0.36223758206516965,0.27484932862637446,0.9713683978360149,91,0.0437348434164207,0.35,0.8,20,6.0
Covariance shift,46,260,5,0.7,0.16,36,117,169,local_bwar,0.1,0.3685831105791968,0.2789356741961844,0.9858102994007317,91,0.03805355818970671,0.35,0.8,20,6.0
Covariance shift,47,260,5,0.7,0.16,36,117,169,persistence,,,0.3086605876818629,1.0,91,0.0639455221354361,0.35,0.8,20,6.0
Covariance shift,47,260,5,0.7,0.16,36,117,169,euclidean,0.1,0.4512648357882684,0.2897199284002393,0.9386359644298164,91,0.01161187742651122,0.35,0.8,20,6.0
Covariance shift,47,260,5,0.7,0.16,36,117,169,cholesky,1e-06,0.451404383915514,0.2828101942122135,0.9162497756393393,91,0.0798555964425165,0.35,0.8,20,6.0
Covariance shift,47,260,5,0.7,0.16,36,117,169,log_euclidean,0.0001,0.4255802469519005,0.2849470529696752,0.9231727805280107,91,0.08476420136074636,0.35,0.8,20,6.0
Covariance shift,47,260,5,0.7,0.16,36,117,169,fixed_bwar,0.001,0.41092403288461754,0.2777633580600361,0.8998990125241626,91,0.09381330553323858,0.35,0.8,20,6.0
Covariance shift,47,260,5,0.7,0.16,36,117,169,local_bwar,0.001,0.41283140567744064,0.27711524599262755,0.8977992560496606,91,0.08675512364534606,0.35,0.8,20,6.0
Covariance shift,48,260,5,0.7,0.16,36,117,169,persistence,,,0.3181719540138775,1.0,91,0.03402245100869204,0.35,0.8,20,6.0
Covariance shift,48,260,5,0.7,0.16,36,117,169,euclidean,1e-06,0.3989886213831864,0.3182226469960689,1.000159325740537,91,9.999999407749541e-09,0.35,0.8,20,6.0
Covariance shift,48,260,5,0.7,0.16,36,117,169,cholesky,1e-06,0.36254734866688815,0.2918662844451893,0.9173224753570177,91,0.06280788799079197,0.35,0.8,20,6.0
Covariance shift,48,260,5,0.7,0.16,36,117,169,log_euclidean,0.1,0.3947528302596531,0.3127455256534619,0.9829449821332181,91,0.0488204622018199,0.35,0.8,20,6.0
Covariance shift,48,260,5,0.7,0.16,36,117,169,fixed_bwar,0.01,0.37716747105310083,0.28633468532158096,0.8999369105584086,91,0.03770218023364069,0.35,0.8,20,6.0
Covariance shift,48,260,5,0.7,0.16,36,117,169,local_bwar,0.01,0.37500965798100305,0.28617623266550335,0.8994389010573238,91,0.04232745788197129,0.35,0.8,20,6.0
Covariance shift,49,260,5,0.7,0.16,36,117,169,persistence,,,0.2913349242954807,1.0,91,0.024613851153580887,0.35,0.8,20,6.0
Covariance shift,49,260,5,0.7,0.16,36,117,169,euclidean,1e-06,0.3306811517867795,0.29862633213660167,1.0250275790269683,91,1.0000000330494063e-08,0.35,0.8,20,6.0
Covariance shift,49,260,5,0.7,0.16,36,117,169,cholesky,1e-06,0.324178587095775,0.28996672365783727,0.995303684784953,91,0.030093387253350288,0.35,0.8,20,6.0
Covariance shift,49,260,5,0.7,0.16,36,117,169,log_euclidean,1e-06,0.3137544811524175,0.2843899560832572,0.9761615665234158,91,0.03678858264682857,0.35,0.8,20,6.0
Covariance shift,49,260,5,0.7,0.16,36,117,169,fixed_bwar,0.001,0.3154661541187117,0.27878713431167157,0.9569300178680852,91,0.04428356235393364,0.35,0.8,20,6.0
Covariance shift,49,260,5,0.7,0.16,36,117,169,local_bwar,0.01,0.32816264314729643,0.2834785764266744,0.973033278149522,91,0.047606578004020524,0.35,0.8,20,6.0
Joint shift,0,260,5,0.7,0.16,36,117,169,persistence,,,0.4136593873396371,1.0,91,0.07193943398320685,0.35,0.8,20,6.0
Joint shift,0,260,5,0.7,0.16,36,117,169,euclidean,0.01,0.46703561834968277,0.43345702730476326,1.0478597623335724,91,1.000000019464848e-08,0.35,0.8,20,6.0
Joint shift,0,260,5,0.7,0.16,36,117,169,cholesky,0.001,0.4735215943301356,0.42572097472758036,1.0291582585989765,91,0.11492608440617616,0.35,0.8,20,6.0
Joint shift,0,260,5,0.7,0.16,36,117,169,log_euclidean,0.01,0.48171364860090854,0.3977104333235914,0.9614442352713957,91,0.10352890971547532,0.35,0.8,20,6.0
Joint shift,0,260,5,0.7,0.16,36,117,169,fixed_bwar,0.01,0.42448433231588734,0.38663328751335385,0.9346658128560894,91,0.09497312525454915,0.35,0.8,20,6.0
Joint shift,0,260,5,0.7,0.16,36,117,169,local_bwar,0.001,0.41764614248645004,0.3759080796565693,0.9087381820926214,91,0.10959925311406644,0.35,0.8,20,6.0
Joint shift,1,260,5,0.7,0.16,36,117,169,persistence,,,0.20125811072569952,1.0,91,0.05897839742815568,0.35,0.8,20,6.0
Joint shift,1,260,5,0.7,0.16,36,117,169,euclidean,0.01,0.21820125880267452,0.19468954749288866,0.967362491831381,91,0.006723065599222307,0.35,0.8,20,6.0
Joint shift,1,260,5,0.7,0.16,36,117,169,cholesky,0.001,0.20617459435220437,0.18584429003460287,0.9234126732308215,91,0.06881951275795231,0.35,0.8,20,6.0
Joint shift,1,260,5,0.7,0.16,36,117,169,log_euclidean,0.01,0.20561244536301487,0.18643134872188544,0.9263296174730473,91,0.07555337426834094,0.35,0.8,20,6.0
Joint shift,1,260,5,0.7,0.16,36,117,169,fixed_bwar,0.001,0.20777544767666992,0.18490282511889086,0.9187347752205637,91,0.080784638691128,0.35,0.8,20,6.0
Joint shift,1,260,5,0.7,0.16,36,117,169,local_bwar,0.001,0.20179262363190537,0.18383939611318037,0.9134508688881632,91,0.08047000714141504,0.35,0.8,20,6.0
Joint shift,2,260,5,0.7,0.16,36,117,169,persistence,,,0.250591566967562,1.0,91,0.04881950534549602,0.35,0.8,20,6.0
Joint shift,2,260,5,0.7,0.16,36,117,169,euclidean,0.001,0.2574403631258625,0.23287809328204043,0.9293133687622676,91,0.08378953311843675,0.35,0.8,20,6.0
Joint shift,2,260,5,0.7,0.16,36,117,169,cholesky,0.001,0.2351541953450201,0.23024982764936988,0.918825124227643,91,0.10453950916578776,0.35,0.8,20,6.0
Joint shift,2,260,5,0.7,0.16,36,117,169,log_euclidean,0.001,0.24551877439701514,0.2272753595031162,0.9069553387346669,91,0.09469611526350441,0.35,0.8,20,6.0
Joint shift,2,260,5,0.7,0.16,36,117,169,fixed_bwar,0.01,0.2520917946453539,0.2243729104345869,0.8953729494960658,91,0.1049054047674128,0.35,0.8,20,6.0
Joint shift,2,260,5,0.7,0.16,36,117,169,local_bwar,0.001,0.23891132085926406,0.22188849627545132,0.885458752505322,91,0.10155169025916565,0.35,0.8,20,6.0
Joint shift,3,260,5,0.7,0.16,36,117,169,persistence,,,0.35680223981396914,1.0,91,0.12392272335914936,0.35,0.8,20,6.0
Joint shift,3,260,5,0.7,0.16,36,117,169,euclidean,0.0001,0.47820692064864434,0.3518022776819507,0.9859867411857467,91,9.999999025143964e-09,0.35,0.8,20,6.0
Joint shift,3,260,5,0.7,0.16,36,117,169,cholesky,0.0001,0.47627368039150075,0.33122815279574874,0.9283241970914916,91,0.1393611521275216,0.35,0.8,20,6.0
Joint shift,3,260,5,0.7,0.16,36,117,169,log_euclidean,0.0001,0.5029568076729378,0.3286439099420914,0.9210814094481049,91,0.15146251239686098,0.35,0.8,20,6.0
Joint shift,3,260,5,0.7,0.16,36,117,169,fixed_bwar,0.001,0.4681114652774301,0.3229518798018192,0.9051285103204538,91,0.1594762080058313,0.35,0.8,20,6.0
Joint shift,3,260,5,0.7,0.16,36,117,169,local_bwar,0.01,0.4736359330703397,0.3264224175236141,0.9148552926512049,91,0.1567570044182625,0.35,0.8,20,6.0
Joint shift,4,260,5,0.7,0.16,36,117,169,persistence,,,0.1943963681258087,1.0,91,0.13275363149401326,0.35,0.8,20,6.0
Joint shift,4,260,5,0.7,0.16,36,117,169,euclidean,0.001,0.25826609542223655,0.18043943183420447,0.9282037188957581,91,0.1704235773126409,0.35,0.8,20,6.0
Joint shift,4,260,5,0.7,0.16,36,117,169,cholesky,0.001,0.24710382485070395,0.1807797530407188,0.9299543750926583,91,0.16722317943587778,0.35,0.8,20,6.0
Joint shift,4,260,5,0.7,0.16,36,117,169,log_euclidean,0.1,0.2690549494543343,0.183488591471939,0.9438889894958816,91,0.17126802967117838,0.35,0.8,20,6.0
Joint shift,4,260,5,0.7,0.16,36,117,169,fixed_bwar,0.01,0.25669239651765774,0.17800976115395778,0.9157051794236922,91,0.15746240640403122,0.35,0.8,20,6.0
Joint shift,4,260,5,0.7,0.16,36,117,169,local_bwar,0.01,0.25471741268523845,0.17879104205490226,0.9197241891844036,91,0.17979570711597856,0.35,0.8,20,6.0
Joint shift,5,260,5,0.7,0.16,36,117,169,persistence,,,0.40498003736656696,1.0,91,0.038967600264101426,0.35,0.8,20,6.0
Joint shift,5,260,5,0.7,0.16,36,117,169,euclidean,0.01,0.4202398486080915,0.3859998977665763,0.9531331476894235,91,0.04535405573093224,0.35,0.8,20,6.0
Joint shift,5,260,5,0.7,0.16,36,117,169,cholesky,0.01,0.41769654191259475,0.40822672999811993,1.0080169201738065,91,0.06618104262392333,0.35,0.8,20,6.0
Joint shift,5,260,5,0.7,0.16,36,117,169,log_euclidean,0.01,0.4593693248078932,0.3856013196920829,0.9521489557843478,91,0.06795238568938676,0.35,0.8,20,6.0
Joint shift,5,260,5,0.7,0.16,36,117,169,fixed_bwar,0.001,0.4084760031107558,0.3693869201554199,0.9121114279049513,91,0.07913757100713471,0.35,0.8,20,6.0
Joint shift,5,260,5,0.7,0.16,36,117,169,local_bwar,0.001,0.40303199856525274,0.3708744464289088,0.9157845133319805,91,0.07788224140573496,0.35,0.8,20,6.0
Joint shift,6,260,5,0.7,0.16,36,117,169,persistence,,,0.22421801612778242,1.0,91,0.060563698691479165,0.35,0.8,20,6.0
Joint shift,6,260,5,0.7,0.16,36,117,169,euclidean,0.001,0.2974378563711725,0.21995793780134174,0.9810002853472183,91,0.01568688663475028,0.35,0.8,20,6.0
Joint shift,6,260,5,0.7,0.16,36,117,169,cholesky,0.01,0.3139795447781714,0.2334723005355898,1.0412735986502233,91,0.06520568722569328,0.35,0.8,20,6.0
Joint shift,6,260,5,0.7,0.16,36,117,169,log_euclidean,0.1,0.30578289376486645,0.21268452765181572,0.9485612767646926,91,0.06339036979764093,0.35,0.8,20,6.0
Joint shift,6,260,5,0.7,0.16,36,117,169,fixed_bwar,0.01,0.2888116233624741,0.20839823877488062,0.9294446645006168,91,0.09476191992411774,0.35,0.8,20,6.0
Joint shift,6,260,5,0.7,0.16,36,117,169,local_bwar,0.01,0.2778108545841834,0.20653532339025676,0.921136164511204,91,0.0854605092167929,0.35,0.8,20,6.0
Joint shift,7,260,5,0.7,0.16,36,117,169,persistence,,,0.38121956662892925,1.0,91,0.025758755152801557,0.35,0.8,20,6.0
Joint shift,7,260,5,0.7,0.16,36,117,169,euclidean,0.001,0.49890898016329027,0.37131783323409084,0.9740261669084879,91,9.999998580892285e-09,0.35,0.8,20,6.0
Joint shift,7,260,5,0.7,0.16,36,117,169,cholesky,0.001,0.453877885177246,0.3451570795216635,0.9054023186003772,91,0.035655890922760655,0.35,0.8,20,6.0
Joint shift,7,260,5,0.7,0.16,36,117,169,log_euclidean,0.001,0.4423453683280206,0.357242154489121,0.9371034064388742,91,0.03738775622170417,0.35,0.8,20,6.0
Joint shift,7,260,5,0.7,0.16,36,117,169,fixed_bwar,0.001,0.43447623474439173,0.3424699378801677,0.898353515556877,91,0.04120781860703518,0.35,0.8,20,6.0
Joint shift,7,260,5,0.7,0.16,36,117,169,local_bwar,0.001,0.43590390747796015,0.3414160518372143,0.8955890036188546,91,0.0373288497119898,0.35,0.8,20,6.0
Joint shift,8,260,5,0.7,0.16,36,117,169,persistence,,,0.20350426896303261,1.0,91,0.04200559307075561,0.35,0.8,20,6.0
Joint shift,8,260,5,0.7,0.16,36,117,169,euclidean,0.001,0.23355164196652495,0.2014537515909567,0.9899239589295868,91,0.12623496876886875,0.35,0.8,20,6.0
Joint shift,8,260,5,0.7,0.16,36,117,169,cholesky,0.001,0.23185594537116408,0.20855468164859978,1.024817232146047,91,0.06944290724794654,0.35,0.8,20,6.0
Joint shift,8,260,5,0.7,0.16,36,117,169,log_euclidean,0.01,0.2304685233007556,0.19972205321741784,0.9814145631200404,91,0.062395727566713334,0.35,0.8,20,6.0
Joint shift,8,260,5,0.7,0.16,36,117,169,fixed_bwar,0.01,0.23229376952714642,0.19432861079144956,0.954911716504336,91,0.07985575273934413,0.35,0.8,20,6.0
Joint shift,8,260,5,0.7,0.16,36,117,169,local_bwar,0.01,0.2359078453485339,0.19263742558173425,0.9466013984047068,91,0.07173477495102466,0.35,0.8,20,6.0
Joint shift,9,260,5,0.7,0.16,36,117,169,persistence,,,0.29356430851329773,1.0,91,0.019761240163697263,0.35,0.8,20,6.0
Joint shift,9,260,5,0.7,0.16,36,117,169,euclidean,0.01,0.5315908544033154,0.29141423823652596,0.9926759820100052,91,1.0000000234940348e-08,0.35,0.8,20,6.0
Joint shift,9,260,5,0.7,0.16,36,117,169,cholesky,0.001,0.5520687096641353,0.3045290638949844,1.037350437582878,91,0.034836324365140496,0.35,0.8,20,6.0
Joint shift,9,260,5,0.7,0.16,36,117,169,log_euclidean,0.1,0.4976849866305504,0.28011679623475183,0.9541922778465531,91,0.03999205677995349,0.35,0.8,20,6.0
Joint shift,9,260,5,0.7,0.16,36,117,169,fixed_bwar,0.01,0.4633541662129731,0.2728215912653092,0.9293418285314172,91,0.05276827311219471,0.35,0.8,20,6.0
Joint shift,9,260,5,0.7,0.16,36,117,169,local_bwar,0.01,0.4561718912678266,0.2720022151090099,0.9265506985045795,91,0.04967150867637474,0.35,0.8,20,6.0
Joint shift,10,260,5,0.7,0.16,36,117,169,persistence,,,0.21533877510597185,1.0,91,0.05752384887436814,0.35,0.8,20,6.0
Joint shift,10,260,5,0.7,0.16,36,117,169,euclidean,0.001,0.25098550012807297,0.19881763284367368,0.9232783679847355,91,0.13807928919680001,0.35,0.8,20,6.0
Joint shift,10,260,5,0.7,0.16,36,117,169,cholesky,0.0001,0.25159702056512745,0.1957020283125298,0.9088099819283431,91,0.06444868626784785,0.35,0.8,20,6.0
Joint shift,10,260,5,0.7,0.16,36,117,169,log_euclidean,0.01,0.25603620561396934,0.19557331142138248,0.9082122405736615,91,0.08174382330777276,0.35,0.8,20,6.0
Joint shift,10,260,5,0.7,0.16,36,117,169,fixed_bwar,0.01,0.25006991907770604,0.19403282172102537,0.9010584444233907,91,0.10804650584346029,0.35,0.8,20,6.0
Joint shift,10,260,5,0.7,0.16,36,117,169,local_bwar,0.01,0.244896081124747,0.19247657250182662,0.8938314635025932,91,0.10687189513248596,0.35,0.8,20,6.0
Joint shift,11,260,5,0.7,0.16,36,117,169,persistence,,,0.22539383696394463,1.0,91,0.06033139295743601,0.35,0.8,20,6.0
Joint shift,11,260,5,0.7,0.16,36,117,169,euclidean,0.01,0.29691197148256304,0.22720465398028566,1.0080340130002343,91,0.0860219025205539,0.35,0.8,20,6.0
Joint shift,11,260,5,0.7,0.16,36,117,169,cholesky,0.001,0.2609900641494554,0.21175206260100277,0.9394758324065263,91,0.07858347830961103,0.35,0.8,20,6.0
Joint shift,11,260,5,0.7,0.16,36,117,169,log_euclidean,0.01,0.2548403505103323,0.21528043451937265,0.9551300843856269,91,0.08342105122813032,0.35,0.8,20,6.0
Joint shift,11,260,5,0.7,0.16,36,117,169,fixed_bwar,0.01,0.2660993485533314,0.21455723575045657,0.951921483925838,91,0.08751840157354528,0.35,0.8,20,6.0
Joint shift,11,260,5,0.7,0.16,36,117,169,local_bwar,0.01,0.2619110428929074,0.20890737155896563,0.9268548527011576,91,0.09260156892542407,0.35,0.8,20,6.0
Joint shift,12,260,5,0.7,0.16,36,117,169,persistence,,,0.4102635445872785,1.0,91,0.05429250131909086,0.35,0.8,20,6.0
Joint shift,12,260,5,0.7,0.16,36,117,169,euclidean,0.001,0.5791435584769712,0.4336488179809346,1.0570006126602876,91,1.0000001435259046e-08,0.35,0.8,20,6.0
Joint shift,12,260,5,0.7,0.16,36,117,169,cholesky,0.001,0.53151493139638,0.3993257717970013,0.9733396424454908,91,0.07252927855874479,0.35,0.8,20,6.0
Joint shift,12,260,5,0.7,0.16,36,117,169,log_euclidean,0.001,0.5278581697167942,0.3930004147543048,0.9579218527682243,91,0.07151517843992057,0.35,0.8,20,6.0
Joint shift,12,260,5,0.7,0.16,36,117,169,fixed_bwar,0.01,0.5378369013398007,0.3803088883805557,0.9269867951907428,91,0.07051530564773419,0.35,0.8,20,6.0
Joint shift,12,260,5,0.7,0.16,36,117,169,local_bwar,0.01,0.5355539903776342,0.3835232426113863,0.9348216473808496,91,0.07532739196349957,0.35,0.8,20,6.0
Joint shift,13,260,5,0.7,0.16,36,117,169,persistence,,,0.3827742994894294,1.0,91,0.06615238715316105,0.35,0.8,20,6.0
Joint shift,13,260,5,0.7,0.16,36,117,169,euclidean,0.001,0.6187962975606791,0.3802509392603952,0.9934077072771081,91,0.03523537653140934,0.35,0.8,20,6.0
Joint shift,13,260,5,0.7,0.16,36,117,169,cholesky,0.01,0.556185037429364,0.34820862702119454,0.9096969871949581,91,0.07954803392497002,0.35,0.8,20,6.0
Joint shift,13,260,5,0.7,0.16,36,117,169,log_euclidean,0.001,0.5500395002123477,0.35256531552845083,0.9210788603067829,91,0.08539219304715615,0.35,0.8,20,6.0
Joint shift,13,260,5,0.7,0.16,36,117,169,fixed_bwar,0.01,0.5546605562829169,0.34548047856847075,0.9025696840913726,91,0.09424540573985953,0.35,0.8,20,6.0
Joint shift,13,260,5,0.7,0.16,36,117,169,local_bwar,0.01,0.5521850506214216,0.3501593165920957,0.9147931746179463,91,0.08776448682059451,0.35,0.8,20,6.0
Joint shift,14,260,5,0.7,0.16,36,117,169,persistence,,,0.23614184288827164,1.0,91,0.03986461589136754,0.35,0.8,20,6.0
Joint shift,14,260,5,0.7,0.16,36,117,169,euclidean,0.1,0.31026578162633534,0.22452540142548336,0.9508073566263964,91,0.0927241333316609,0.35,0.8,20,6.0
Joint shift,14,260,5,0.7,0.16,36,117,169,cholesky,0.1,0.3312184370399069,0.23496398425024986,0.9950120714583435,91,0.07923742315758758,0.35,0.8,20,6.0
Joint shift,14,260,5,0.7,0.16,36,117,169,log_euclidean,0.1,0.33539001996458445,0.21852149481724809,0.9253823555558492,91,0.0565255189339524,0.35,0.8,20,6.0
Joint shift,14,260,5,0.7,0.16,36,117,169,fixed_bwar,0.01,0.2924040081839503,0.2134474252719148,0.9038949754148632,91,0.0729232432227029,0.35,0.8,20,6.0
Joint shift,14,260,5,0.7,0.16,36,117,169,local_bwar,0.01,0.30037238232486946,0.21146980107489569,0.8955202453253941,91,0.06463044350784465,0.35,0.8,20,6.0
Joint shift,15,260,5,0.7,0.16,36,117,169,persistence,,,0.4706001875648453,1.0,91,0.05950893462909334,0.35,0.8,20,6.0
Joint shift,15,260,5,0.7,0.16,36,117,169,euclidean,1e-06,0.6249161065996058,0.47097540814531236,1.000797323482612,91,9.99999906776452e-09,0.35,0.8,20,6.0
Joint shift,15,260,5,0.7,0.16,36,117,169,cholesky,1e-06,0.5493215454197669,0.4642583179748393,0.9865238693957551,91,0.08192076418839812,0.35,0.8,20,6.0
Joint shift,15,260,5,0.7,0.16,36,117,169,log_euclidean,1e-06,0.5306907025865407,0.4468681294205529,0.9495706572768369,91,0.07277977884541686,0.35,0.8,20,6.0
Joint shift,15,260,5,0.7,0.16,36,117,169,fixed_bwar,0.001,0.5029088675067283,0.43428929048297243,0.922841303421985,91,0.08292757901386062,0.35,0.8,20,6.0
Joint shift,15,260,5,0.7,0.16,36,117,169,local_bwar,1e-06,0.49948770444165674,0.4345298905576964,0.9233525655954427,91,0.07973631104724895,0.35,0.8,20,6.0
Joint shift,16,260,5,0.7,0.16,36,117,169,persistence,,,0.28934908417101496,1.0,91,0.06883407987035843,0.35,0.8,20,6.0
Joint shift,16,260,5,0.7,0.16,36,117,169,euclidean,0.01,0.4022303093685519,0.2848947578666807,0.9846057010441354,91,0.006185853890291154,0.35,0.8,20,6.0
Joint shift,16,260,5,0.7,0.16,36,117,169,cholesky,0.001,0.39178847050056914,0.2738979915472345,0.9466005131205172,91,0.0889487496622984,0.35,0.8,20,6.0
Joint shift,16,260,5,0.7,0.16,36,117,169,log_euclidean,0.01,0.3886973673272597,0.27411961781989674,0.9473664608452084,91,0.0896016449624333,0.35,0.8,20,6.0
Joint shift,16,260,5,0.7,0.16,36,117,169,fixed_bwar,0.001,0.3673554585181794,0.2726910945534525,0.9424294372132277,91,0.09786736959457915,0.35,0.8,20,6.0
Joint shift,16,260,5,0.7,0.16,36,117,169,local_bwar,0.01,0.3743778540921986,0.2732677008617647,0.9444222076758134,91,0.09222411016787481,0.35,0.8,20,6.0
Joint shift,17,260,5,0.7,0.16,36,117,169,persistence,,,0.4414041969078278,1.0,91,0.0164861849874799,0.35,0.8,20,6.0
Joint shift,17,260,5,0.7,0.16,36,117,169,euclidean,0.01,0.46652035378492507,0.4587360109176257,1.0392651772031454,91,9.999999795540866e-09,0.35,0.8,20,6.0
Joint shift,17,260,5,0.7,0.16,36,117,169,cholesky,0.01,0.48988555438345655,0.4425786354268787,1.0026606872505477,91,0.0182011466817798,0.35,0.8,20,6.0
Joint shift,17,260,5,0.7,0.16,36,117,169,log_euclidean,0.01,0.470058617098149,0.4610844212448966,1.0445854943721307,91,0.026044325833370453,0.35,0.8,20,6.0
Joint shift,17,260,5,0.7,0.16,36,117,169,fixed_bwar,0.01,0.4318448461727341,0.4169746001587409,0.9446548154271669,91,0.04457857209741166,0.35,0.8,20,6.0
Joint shift,17,260,5,0.7,0.16,36,117,169,local_bwar,0.01,0.43168726946866975,0.41519010600611633,0.9406120488084408,91,0.030229515493258637,0.35,0.8,20,6.0
Joint shift,18,260,5,0.7,0.16,36,117,169,persistence,,,0.4172026413269039,1.0,91,0.053455785682664535,0.35,0.8,20,6.0
Joint shift,18,260,5,0.7,0.16,36,117,169,euclidean,0.001,0.44196234812820084,0.41825327972729304,1.00251829278225,91,9.999999553057054e-09,0.35,0.8,20,6.0
Joint shift,18,260,5,0.7,0.16,36,117,169,cholesky,0.001,0.415351462814195,0.3808763843268748,0.9129289860570053,91,0.07335291285938927,0.35,0.8,20,6.0
Joint shift,18,260,5,0.7,0.16,36,117,169,log_euclidean,0.001,0.4432701382161251,0.37261555085428033,0.8931284559205683,91,0.07165359846290947,0.35,0.8,20,6.0
Joint shift,18,260,5,0.7,0.16,36,117,169,fixed_bwar,0.01,0.4456371652167139,0.3655140392990784,0.8761067239089594,91,0.07130722748298457,0.35,0.8,20,6.0
Joint shift,18,260,5,0.7,0.16,36,117,169,local_bwar,0.01,0.4611331348815336,0.3627528481366743,0.8694883785561539,91,0.07653082120614582,0.35,0.8,20,6.0
Joint shift,19,260,5,0.7,0.16,36,117,169,persistence,,,0.319572467363436,1.0,91,0.1160902959745432,0.35,0.8,20,6.0
Joint shift,19,260,5,0.7,0.16,36,117,169,euclidean,0.001,0.2884652762424525,0.28777582335942914,0.9005025549718403,91,0.15270445360306104,0.35,0.8,20,6.0
Joint shift,19,260,5,0.7,0.16,36,117,169,cholesky,0.001,0.2873422038017732,0.30730007423324174,0.961597464163778,91,0.1449270147746169,0.35,0.8,20,6.0
Joint shift,19,260,5,0.7,0.16,36,117,169,log_euclidean,0.1,0.2967133106680398,0.2887670377892994,0.9036042440442691,91,0.1433538015092617,0.35,0.8,20,6.0
Joint shift,19,260,5,0.7,0.16,36,117,169,fixed_bwar,0.01,0.28655700476220014,0.2805204691908606,0.87779924067062,91,0.14177185729771807,0.35,0.8,20,6.0
Joint shift,19,260,5,0.7,0.16,36,117,169,local_bwar,0.01,0.2928187764480119,0.27950276641073324,0.8746146647635537,91,0.14043562964519637,0.35,0.8,20,6.0
Joint shift,20,260,5,0.7,0.16,36,117,169,persistence,,,0.3852222041658965,1.0,91,0.03927900172501487,0.35,0.8,20,6.0
Joint shift,20,260,5,0.7,0.16,36,117,169,euclidean,0.01,0.521103809621766,0.39434120377989307,1.0236720508718897,91,9.999999612572257e-09,0.35,0.8,20,6.0
Joint shift,20,260,5,0.7,0.16,36,117,169,cholesky,0.001,0.444648824489088,0.37081981349632165,0.962612771242614,91,0.04151432459928902,0.35,0.8,20,6.0
Joint shift,20,260,5,0.7,0.16,36,117,169,log_euclidean,0.001,0.4458329977242075,0.37181194237188275,0.9651882429180054,91,0.05283386737164166,0.35,0.8,20,6.0
Joint shift,20,260,5,0.7,0.16,36,117,169,fixed_bwar,0.001,0.4278936166781335,0.3531868756558628,0.9168393509938031,91,0.04743007954158334,0.35,0.8,20,6.0
Joint shift,20,260,5,0.7,0.16,36,117,169,local_bwar,0.001,0.43192244898100246,0.35517949585219805,0.9220120024525884,91,0.05374376393057109,0.35,0.8,20,6.0
Joint shift,21,260,5,0.7,0.16,36,117,169,persistence,,,0.24716336458282914,1.0,91,0.08649878457554483,0.35,0.8,20,6.0
Joint shift,21,260,5,0.7,0.16,36,117,169,euclidean,0.001,0.28006817514937044,0.23180513545736112,0.9378620324602306,91,0.10677186130520529,0.35,0.8,20,6.0
Joint shift,21,260,5,0.7,0.16,36,117,169,cholesky,0.001,0.2603367458793433,0.22106177892716453,0.8943954105022005,91,0.09313767543740294,0.35,0.8,20,6.0
Joint shift,21,260,5,0.7,0.16,36,117,169,log_euclidean,0.01,0.2805625454567506,0.22407250075156934,0.9065765111660729,91,0.09747830699405834,0.35,0.8,20,6.0
Joint shift,21,260,5,0.7,0.16,36,117,169,fixed_bwar,0.001,0.2668970994819991,0.22219427953229956,0.8989774026880024,91,0.1063356708659917,0.35,0.8,20,6.0
Joint shift,21,260,5,0.7,0.16,36,117,169,local_bwar,0.001,0.2676409253628667,0.22151266783866636,0.8962196651293491,91,0.10609675541758253,0.35,0.8,20,6.0
Joint shift,22,260,5,0.7,0.16,36,117,169,persistence,,,0.29740145628169984,1.0,91,0.05401921971770904,0.35,0.8,20,6.0
Joint shift,22,260,5,0.7,0.16,36,117,169,euclidean,0.01,0.37850644037780107,0.29215659571603425,0.982364374972335,91,0.05278496938672395,0.35,0.8,20,6.0
Joint shift,22,260,5,0.7,0.16,36,117,169,cholesky,0.01,0.3391820378823442,0.28825574038666735,0.9692479115288204,91,0.059032320509173994,0.35,0.8,20,6.0
Joint shift,22,260,5,0.7,0.16,36,117,169,log_euclidean,0.01,0.3409141923526882,0.2896068237623065,0.9737908730614613,91,0.06758419052999791,0.35,0.8,20,6.0
Joint shift,22,260,5,0.7,0.16,36,117,169,fixed_bwar,0.001,0.3387388640750283,0.278045061957445,0.9349149309278418,91,0.06877927167504413,0.35,0.8,20,6.0
Joint shift,22,260,5,0.7,0.16,36,117,169,local_bwar,0.001,0.33938380617618696,0.28024635751226823,0.942316695473131,91,0.07154950499073581,0.35,0.8,20,6.0
Joint shift,23,260,5,0.7,0.16,36,117,169,persistence,,,0.32634956062719217,1.0,91,0.030275333643243908,0.35,0.8,20,6.0
Joint shift,23,260,5,0.7,0.16,36,117,169,euclidean,0.0001,0.40657110726910506,0.31325731015419095,0.9598827390855377,91,1.000000005008691e-08,0.35,0.8,20,6.0
Joint shift,23,260,5,0.7,0.16,36,117,169,cholesky,0.0001,0.40279890234410176,0.319973906654726,0.9804637274209497,91,0.033711887671990445,0.35,0.8,20,6.0
Joint shift,23,260,5,0.7,0.16,36,117,169,log_euclidean,0.1,0.43248135861796266,0.3097364460217212,0.9490941107028206,91,0.04944321408505673,0.35,0.8,20,6.0
Joint shift,23,260,5,0.7,0.16,36,117,169,fixed_bwar,0.001,0.3756107633299882,0.29467848397447205,0.9029535183321427,91,0.05043313637182514,0.35,0.8,20,6.0
Joint shift,23,260,5,0.7,0.16,36,117,169,local_bwar,0.01,0.39261806224172563,0.2969775618892813,0.9099983505984732,91,0.053080780384667604,0.35,0.8,20,6.0
Joint shift,24,260,5,0.7,0.16,36,117,169,persistence,,,0.44809444590161523,1.0,91,0.030998779501914587,0.35,0.8,20,6.0
Joint shift,24,260,5,0.7,0.16,36,117,169,euclidean,1.0,0.6218032630233779,0.4845956867734932,1.0814588112076093,91,9.999999432268066e-09,0.35,0.8,20,6.0
Joint shift,24,260,5,0.7,0.16,36,117,169,cholesky,0.1,0.6257863149974523,0.47681458430641,1.0640939397206914,91,0.048943970098649606,0.35,0.8,20,6.0
Joint shift,24,260,5,0.7,0.16,36,117,169,log_euclidean,0.01,0.5596218236169966,0.4318496221018291,0.963746875355485,91,0.048215081856728674,0.35,0.8,20,6.0
Joint shift,24,260,5,0.7,0.16,36,117,169,fixed_bwar,0.01,0.5468301236783567,0.42101872546255914,0.9395758624399444,91,0.04829940483063816,0.35,0.8,20,6.0
Joint shift,24,260,5,0.7,0.16,36,117,169,local_bwar,0.01,0.5763770825430817,0.4193668283864757,0.935889369355301,91,0.05120174313461067,0.35,0.8,20,6.0
Joint shift,25,260,5,0.7,0.16,36,117,169,persistence,,,0.2651185319558717,1.0,91,0.021834626833079285,0.35,0.8,20,6.0
Joint shift,25,260,5,0.7,0.16,36,117,169,euclidean,0.01,0.35430079412467086,0.2673386392058576,1.0083740175898206,91,1.0000000178370711e-08,0.35,0.8,20,6.0
Joint shift,25,260,5,0.7,0.16,36,117,169,cholesky,0.01,0.3693999677924432,0.2816005514252675,1.0621684925146584,91,0.07172125412464254,0.35,0.8,20,6.0
Joint shift,25,260,5,0.7,0.16,36,117,169,log_euclidean,0.01,0.35786050199482516,0.2602951962667613,0.9818068708606411,91,0.045848418152319916,0.35,0.8,20,6.0
Joint shift,25,260,5,0.7,0.16,36,117,169,fixed_bwar,0.001,0.3294226262531597,0.25156077571158075,0.9488615294288534,91,0.052468962123123,0.35,0.8,20,6.0
Joint shift,25,260,5,0.7,0.16,36,117,169,local_bwar,0.001,0.32650017914508384,0.25043080438416065,0.9445993930965347,91,0.06408566362212477,0.35,0.8,20,6.0
Joint shift,26,260,5,0.7,0.16,36,117,169,persistence,,,0.29158480966470346,1.0,91,0.048714702744569176,0.35,0.8,20,6.0
Joint shift,26,260,5,0.7,0.16,36,117,169,euclidean,0.001,0.37788055438395113,0.2831460159229838,0.9710588704829187,91,1.0000000569501985e-08,0.35,0.8,20,6.0
Joint shift,26,260,5,0.7,0.16,36,117,169,cholesky,0.0001,0.35373920567830386,0.27558635201803805,0.9451327465753027,91,0.061915718741542156,0.35,0.8,20,6.0
Joint shift,26,260,5,0.7,0.16,36,117,169,log_euclidean,0.01,0.35491775777844115,0.27723916212017613,0.9508011149105348,91,0.062906325449798,0.35,0.8,20,6.0
Joint shift,26,260,5,0.7,0.16,36,117,169,fixed_bwar,0.001,0.35039804715055134,0.268585683826299,0.9211237174362704,91,0.07354442261736674,0.35,0.8,20,6.0
Joint shift,26,260,5,0.7,0.16,36,117,169,local_bwar,0.01,0.34875895398659684,0.2706494258883518,0.9282013908734632,91,0.0705158036692494,0.35,0.8,20,6.0
Joint shift,27,260,5,0.7,0.16,36,117,169,persistence,,,0.3154395364871108,1.0,91,0.037981587531726785,0.35,0.8,20,6.0
Joint shift,27,260,5,0.7,0.16,36,117,169,euclidean,0.001,0.40745039833365,0.3190014540072124,1.0112919184442408,91,0.009666058056825508,0.35,0.8,20,6.0
Joint shift,27,260,5,0.7,0.16,36,117,169,cholesky,0.01,0.45286429656778243,0.32418325479429655,1.0277191578600453,91,0.07735895256687748,0.35,0.8,20,6.0
Joint shift,27,260,5,0.7,0.16,36,117,169,log_euclidean,0.001,0.36923863093759035,0.31040387627140775,0.984036052449916,91,0.06384207858927508,0.35,0.8,20,6.0
Joint shift,27,260,5,0.7,0.16,36,117,169,fixed_bwar,0.001,0.38688728795156063,0.2994084243801865,0.9491784946000915,91,0.0797044503660862,0.35,0.8,20,6.0
Joint shift,27,260,5,0.7,0.16,36,117,169,local_bwar,0.001,0.3819971534608938,0.30120073528947705,0.9548604421747381,91,0.07757206341866212,0.35,0.8,20,6.0
Joint shift,28,260,5,0.7,0.16,36,117,169,persistence,,,0.291453162641002,1.0,91,0.051122328666638184,0.35,0.8,20,6.0
Joint shift,28,260,5,0.7,0.16,36,117,169,euclidean,0.1,0.3553879544813349,0.27770914902732885,0.9528431481438326,91,1.0000000099491805e-08,0.35,0.8,20,6.0
Joint shift,28,260,5,0.7,0.16,36,117,169,cholesky,0.01,0.31478374734713227,0.26449696048906035,0.9075110322781262,91,0.0615700348184085,0.35,0.8,20,6.0
Joint shift,28,260,5,0.7,0.16,36,117,169,log_euclidean,0.0001,0.28746982493199896,0.2678712692583931,0.9190885658301949,91,0.06658518983659181,0.35,0.8,20,6.0
Joint shift,28,260,5,0.7,0.16,36,117,169,fixed_bwar,0.01,0.28657759920905174,0.26110610196388157,0.895876715139645,91,0.0866769343517167,0.35,0.8,20,6.0
Joint shift,28,260,5,0.7,0.16,36,117,169,local_bwar,0.01,0.2849756506960263,0.263016744929889,0.9024322897942281,91,0.08006317622797403,0.35,0.8,20,6.0
Joint shift,29,260,5,0.7,0.16,36,117,169,persistence,,,0.22087540772274855,1.0,91,0.02916347625747109,0.35,0.8,20,6.0
Joint shift,29,260,5,0.7,0.16,36,117,169,euclidean,0.01,0.2859481815353578,0.21705044888599193,0.9826827310645744,91,1.0000000449558194e-08,0.35,0.8,20,6.0
Joint shift,29,260,5,0.7,0.16,36,117,169,cholesky,0.001,0.2494384499238041,0.20803360291936024,0.9418595083273922,91,0.0403540103054343,0.35,0.8,20,6.0
Joint shift,29,260,5,0.7,0.16,36,117,169,log_euclidean,0.001,0.2648183784825139,0.21282539983228527,0.9635540779597882,91,0.03807601971398961,0.35,0.8,20,6.0
Joint shift,29,260,5,0.7,0.16,36,117,169,fixed_bwar,0.001,0.2529779150190007,0.20682309486759734,0.9363790066081498,91,0.061178269031432086,0.35,0.8,20,6.0
Joint shift,29,260,5,0.7,0.16,36,117,169,local_bwar,0.001,0.2564963266981865,0.20719609646082576,0.938067748678053,91,0.050954676042785425,0.35,0.8,20,6.0
Joint shift,30,260,5,0.7,0.16,36,117,169,persistence,,,0.27384863565544926,1.0,91,0.026560289256580112,0.35,0.8,20,6.0
Joint shift,30,260,5,0.7,0.16,36,117,169,euclidean,0.001,0.32341072680552635,0.2749402467177188,1.0039861840452728,91,1.0000000039463184e-08,0.35,0.8,20,6.0
Joint shift,30,260,5,0.7,0.16,36,117,169,cholesky,0.001,0.3179311062152275,0.27580801460781107,1.0071549706562244,91,0.03330941588103234,0.35,0.8,20,6.0
Joint shift,30,260,5,0.7,0.16,36,117,169,log_euclidean,0.1,0.34337808073138903,0.2544288310694764,0.9290856259353197,91,0.046223904016421596,0.35,0.8,20,6.0
Joint shift,30,260,5,0.7,0.16,36,117,169,fixed_bwar,0.01,0.31966114046120075,0.25412584820550493,0.9279792378635067,91,0.06032063532393461,0.35,0.8,20,6.0
Joint shift,30,260,5,0.7,0.16,36,117,169,local_bwar,0.01,0.3112348143360525,0.24647092196011716,0.900026108840001,91,0.05405033238377707,0.35,0.8,20,6.0
Joint shift,31,260,5,0.7,0.16,36,117,169,persistence,,,0.27969549354704637,1.0,91,0.04798303174025887,0.35,0.8,20,6.0
Joint shift,31,260,5,0.7,0.16,36,117,169,euclidean,0.1,0.38861566328420616,0.2703202321209792,0.9664804702171929,91,0.11580480817036634,0.35,0.8,20,6.0
Joint shift,31,260,5,0.7,0.16,36,117,169,cholesky,0.001,0.33688801752853514,0.2692489173176508,0.9626501803911318,91,0.05636677248710708,0.35,0.8,20,6.0
Joint shift,31,260,5,0.7,0.16,36,117,169,log_euclidean,0.01,0.3547893227809094,0.2635728575787604,0.9423564685872423,91,0.07576768466269884,0.35,0.8,20,6.0
Joint shift,31,260,5,0.7,0.16,36,117,169,fixed_bwar,0.001,0.338221455646932,0.2585005273235523,0.9242212809555725,91,0.08022121574909455,0.35,0.8,20,6.0
Joint shift,31,260,5,0.7,0.16,36,117,169,local_bwar,0.01,0.34915282882183096,0.2592026115268479,0.9267314544102534,91,0.09427575013442695,0.35,0.8,20,6.0
Joint shift,32,260,5,0.7,0.16,36,117,169,persistence,,,0.2542640486348718,1.0,91,0.02428756281209892,0.35,0.8,20,6.0
Joint shift,32,260,5,0.7,0.16,36,117,169,euclidean,1.0,0.40847494830481157,0.26453660666458667,1.0404011423748958,91,1.0000000051783821e-08,0.35,0.8,20,6.0
Joint shift,32,260,5,0.7,0.16,36,117,169,cholesky,0.001,0.38111009250707484,0.2690704902923975,1.0582325410808984,91,0.05747811793806354,0.35,0.8,20,6.0
Joint shift,32,260,5,0.7,0.16,36,117,169,log_euclidean,0.01,0.3279879844903224,0.23896818082375462,0.9398425853232506,91,0.04196264353151305,0.35,0.8,20,6.0
Joint shift,32,260,5,0.7,0.16,36,117,169,fixed_bwar,0.01,0.3304854375056685,0.23552836202294875,0.9263140553589317,91,0.06625557016123583,0.35,0.8,20,6.0
Joint shift,32,260,5,0.7,0.16,36,117,169,local_bwar,0.01,0.32390714198404597,0.23707362078245584,0.9323914334538826,91,0.05370199125825242,0.35,0.8,20,6.0
Joint shift,33,260,5,0.7,0.16,36,117,169,persistence,,,0.27155179734477,1.0,91,0.0693536059067225,0.35,0.8,20,6.0
Joint shift,33,260,5,0.7,0.16,36,117,169,euclidean,0.001,0.31591515426274763,0.27621653728328827,1.0171780853013312,91,9.999999908817023e-09,0.35,0.8,20,6.0
Joint shift,33,260,5,0.7,0.16,36,117,169,cholesky,0.001,0.3168393927587307,0.2607031666682894,0.9600494978027826,91,0.07678739535904358,0.35,0.8,20,6.0
Joint shift,33,260,5,0.7,0.16,36,117,169,log_euclidean,0.01,0.3128868920276356,0.25840184499306673,0.9515747916961578,91,0.07731712438036811,0.35,0.8,20,6.0
Joint shift,33,260,5,0.7,0.16,36,117,169,fixed_bwar,0.001,0.30209760079696113,0.256220602590779,0.9435422821579559,91,0.08320929663749212,0.35,0.8,20,6.0
Joint shift,33,260,5,0.7,0.16,36,117,169,local_bwar,0.01,0.30434616673455284,0.253722016355226,0.9343411416757932,91,0.08852836742238948,0.35,0.8,20,6.0
Joint shift,34,260,5,0.7,0.16,36,117,169,persistence,,,0.43101870628946143,1.0,91,0.06853399216535844,0.35,0.8,20,6.0
Joint shift,34,260,5,0.7,0.16,36,117,169,euclidean,0.01,0.5923968831233459,0.43267211652144716,1.0038360521431182,91,1.0000000224053835e-08,0.35,0.8,20,6.0
Joint shift,34,260,5,0.7,0.16,36,117,169,cholesky,0.001,0.5998746768936578,0.43319279509925185,1.0050440706588042,91,0.10397356833601333,0.35,0.8,20,6.0
Joint shift,34,260,5,0.7,0.16,36,117,169,log_euclidean,0.001,0.5898958778874284,0.4205482892906426,0.9757077434319354,91,0.11665880318755446,0.35,0.8,20,6.0
Joint shift,34,260,5,0.7,0.16,36,117,169,fixed_bwar,0.1,0.5795546478211612,0.4111004021802132,0.9537878430365118,91,0.08503696326140255,0.35,0.8,20,6.0
Joint shift,34,260,5,0.7,0.16,36,117,169,local_bwar,0.01,0.5631883594219486,0.40407151426930144,0.9374802262014519,91,0.11495033820777024,0.35,0.8,20,6.0
Joint shift,35,260,5,0.7,0.16,36,117,169,persistence,,,0.32009601614420485,1.0,91,0.045298189056490835,0.35,0.8,20,6.0
Joint shift,35,260,5,0.7,0.16,36,117,169,euclidean,0.0001,0.3132316817384441,0.29402643754589053,0.9185570038879527,91,0.08339086270878282,0.35,0.8,20,6.0
Joint shift,35,260,5,0.7,0.16,36,117,169,cholesky,0.0001,0.3183891819607227,0.29726547211817705,0.9286759507317875,91,0.057096716191168274,0.35,0.8,20,6.0
Joint shift,35,260,5,0.7,0.16,36,117,169,log_euclidean,0.0001,0.31891241557136113,0.29568402775833263,0.9237354195158914,91,0.06298183818050666,0.35,0.8,20,6.0
Joint shift,35,260,5,0.7,0.16,36,117,169,fixed_bwar,0.01,0.31305204673012926,0.2874953245170462,0.8981533977840203,91,0.0822545967564573,0.35,0.8,20,6.0
Joint shift,35,260,5,0.7,0.16,36,117,169,local_bwar,0.01,0.30976221658960296,0.28754364783864306,0.8983043628668693,91,0.06873701471031463,0.35,0.8,20,6.0
Joint shift,36,260,5,0.7,0.16,36,117,169,persistence,,,0.26382868231093115,1.0,91,0.08320236232538283,0.35,0.8,20,6.0
Joint shift,36,260,5,0.7,0.16,36,117,169,euclidean,0.01,0.3000760325414174,0.24715110815445696,0.9367863493446134,91,0.14436158968867777,0.35,0.8,20,6.0
Joint shift,36,260,5,0.7,0.16,36,117,169,cholesky,0.001,0.27914769831086644,0.2409529617796806,0.9132932767928138,91,0.17432640965550794,0.35,0.8,20,6.0
Joint shift,36,260,5,0.7,0.16,36,117,169,log_euclidean,0.01,0.28492354536471337,0.24920857239793628,0.9445848351857189,91,0.15286814738753787,0.35,0.8,20,6.0
Joint shift,36,260,5,0.7,0.16,36,117,169,fixed_bwar,0.001,0.27139559329767443,0.2405369150039626,0.9117163186998811,91,0.18236349511952604,0.35,0.8,20,6.0
Joint shift,36,260,5,0.7,0.16,36,117,169,local_bwar,0.001,0.268336031495797,0.24044057529805615,0.9113511586078753,91,0.17672219013165705,0.35,0.8,20,6.0
Joint shift,37,260,5,0.7,0.16,36,117,169,persistence,,,0.30576050020280854,1.0,91,0.04731683251658687,0.35,0.8,20,6.0
Joint shift,37,260,5,0.7,0.16,36,117,169,euclidean,0.01,0.3431410012171963,0.30623672197576635,1.0015574993259166,91,0.030078069701315612,0.35,0.8,20,6.0
Joint shift,37,260,5,0.7,0.16,36,117,169,cholesky,0.001,0.3402866928585875,0.3409769139299053,1.1151764655792296,91,0.08997364018647365,0.35,0.8,20,6.0
Joint shift,37,260,5,0.7,0.16,36,117,169,log_euclidean,0.001,0.3126603768283648,0.28547491192916596,0.933655301256417,91,0.07997097015620955,0.35,0.8,20,6.0
Joint shift,37,260,5,0.7,0.16,36,117,169,fixed_bwar,0.01,0.3105997363519582,0.2823574774791823,0.9234596270345475,91,0.09033374967256348,0.35,0.8,20,6.0
Joint shift,37,260,5,0.7,0.16,36,117,169,local_bwar,0.01,0.31540677498602954,0.2816666541153878,0.9212002659877929,91,0.09036809369010196,0.35,0.8,20,6.0
Joint shift,38,260,5,0.7,0.16,36,117,169,persistence,,,0.3329704312321664,1.0,91,0.05822753785917891,0.35,0.8,20,6.0
Joint shift,38,260,5,0.7,0.16,36,117,169,euclidean,0.01,0.461842955808369,0.3414729146839679,1.0255352507438509,91,1.0000000399842781e-08,0.35,0.8,20,6.0
Joint shift,38,260,5,0.7,0.16,36,117,169,cholesky,0.01,0.4340862905073481,0.3124301248310193,0.9383119205956603,91,0.08397629461743045,0.35,0.8,20,6.0
Joint shift,38,260,5,0.7,0.16,36,117,169,log_euclidean,0.1,0.4842829539611149,0.31892133291376196,0.9578067690082408,91,0.07393018494410793,0.35,0.8,20,6.0
Joint shift,38,260,5,0.7,0.16,36,117,169,fixed_bwar,0.001,0.42596439247043844,0.3117773445379618,0.9363514453347134,91,0.08562401711280629,0.35,0.8,20,6.0
Joint shift,38,260,5,0.7,0.16,36,117,169,local_bwar,0.001,0.42865687077447745,0.3113355798631025,0.9350247068816185,91,0.0857527991437592,0.35,0.8,20,6.0
Joint shift,39,260,5,0.7,0.16,36,117,169,persistence,,,0.29555392999074037,1.0,91,0.07649102865827817,0.35,0.8,20,6.0
Joint shift,39,260,5,0.7,0.16,36,117,169,euclidean,0.001,0.3396393406436433,0.27742223235026586,0.9386518134235516,91,0.054605207598195996,0.35,0.8,20,6.0
Joint shift,39,260,5,0.7,0.16,36,117,169,cholesky,0.001,0.3175420982551188,0.26136878035425587,0.8843353237172129,91,0.08502645554301043,0.35,0.8,20,6.0
Joint shift,39,260,5,0.7,0.16,36,117,169,log_euclidean,0.001,0.31554855768518864,0.270030163613563,0.9136409169792565,91,0.09510672977060938,0.35,0.8,20,6.0
Joint shift,39,260,5,0.7,0.16,36,117,169,fixed_bwar,0.001,0.3099532933195835,0.26174266885535385,0.8856003669569008,91,0.09162712369166533,0.35,0.8,20,6.0
Joint shift,39,260,5,0.7,0.16,36,117,169,local_bwar,0.01,0.32207126699366906,0.26394929845060633,0.8930664480045175,91,0.09837283950735044,0.35,0.8,20,6.0
Joint shift,40,260,5,0.7,0.16,36,117,169,persistence,,,0.2610310362634159,1.0,91,0.08464248000092517,0.35,0.8,20,6.0
Joint shift,40,260,5,0.7,0.16,36,117,169,euclidean,1e-06,0.30414133053313475,0.2363178235328922,0.9053246193085458,91,0.05091110514178309,0.35,0.8,20,6.0
Joint shift,40,260,5,0.7,0.16,36,117,169,cholesky,1e-06,0.29201450731001743,0.2359107719003034,0.9037652199420351,91,0.09641978255913314,0.35,0.8,20,6.0
Joint shift,40,260,5,0.7,0.16,36,117,169,log_euclidean,0.01,0.29900792598245474,0.23581930291955747,0.9034148057458717,91,0.09787855292710325,0.35,0.8,20,6.0
Joint shift,40,260,5,0.7,0.16,36,117,169,fixed_bwar,0.01,0.3008005489441143,0.2309201805853615,0.8846464538888456,91,0.10393343986990575,0.35,0.8,20,6.0
Joint shift,40,260,5,0.7,0.16,36,117,169,local_bwar,0.001,0.29845230149859964,0.22946287261036744,0.879063562306852,91,0.10849996441821762,0.35,0.8,20,6.0
Joint shift,41,260,5,0.7,0.16,36,117,169,persistence,,,0.4029912673526103,1.0,91,0.03464697709039077,0.35,0.8,20,6.0
Joint shift,41,260,5,0.7,0.16,36,117,169,euclidean,0.01,0.5352933274520968,0.4066169591558837,1.0089969488100619,91,9.999998424866927e-09,0.35,0.8,20,6.0
Joint shift,41,260,5,0.7,0.16,36,117,169,cholesky,0.01,0.5273996932382139,0.3897432761168404,0.9671258602629268,91,0.04299724451700154,0.35,0.8,20,6.0
Joint shift,41,260,5,0.7,0.16,36,117,169,log_euclidean,0.001,0.4924361681555286,0.37982102129185547,0.942504347022286,91,0.054713589343986756,0.35,0.8,20,6.0
Joint shift,41,260,5,0.7,0.16,36,117,169,fixed_bwar,0.01,0.4591685589321462,0.37021357511091973,0.9186640135975684,91,0.05752287497208393,0.35,0.8,20,6.0
Joint shift,41,260,5,0.7,0.16,36,117,169,local_bwar,0.01,0.46196437533377155,0.3707366828039523,0.9199620757031546,91,0.06603717393066244,0.35,0.8,20,6.0
Joint shift,42,260,5,0.7,0.16,36,117,169,persistence,,,0.36765100611663093,1.0,91,0.07476235896506603,0.35,0.8,20,6.0
Joint shift,42,260,5,0.7,0.16,36,117,169,euclidean,0.01,0.5063560420890761,0.3591034041428345,0.976750772249798,91,0.0015143507924131117,0.35,0.8,20,6.0
Joint shift,42,260,5,0.7,0.16,36,117,169,cholesky,0.001,0.45392817759616616,0.3582610316266113,0.9744595436057618,91,0.09213970465111608,0.35,0.8,20,6.0
Joint shift,42,260,5,0.7,0.16,36,117,169,log_euclidean,0.001,0.4307051011926269,0.35495161162467936,0.9654580178466236,91,0.10845595649557639,0.35,0.8,20,6.0
Joint shift,42,260,5,0.7,0.16,36,117,169,fixed_bwar,0.001,0.43043209987846254,0.3383397792385747,0.9202743188774037,91,0.10650608249028823,0.35,0.8,20,6.0
Joint shift,42,260,5,0.7,0.16,36,117,169,local_bwar,0.001,0.4194211528656586,0.3406306791130925,0.9265054996341648,91,0.12211391555306103,0.35,0.8,20,6.0
Joint shift,43,260,5,0.7,0.16,36,117,169,persistence,,,0.24601873918671424,1.0,91,0.033365709545509055,0.35,0.8,20,6.0
Joint shift,43,260,5,0.7,0.16,36,117,169,euclidean,0.0001,0.25091281025755935,0.23887219477331656,0.9709512192566199,91,9.999999910791595e-09,0.35,0.8,20,6.0
Joint shift,43,260,5,0.7,0.16,36,117,169,cholesky,0.0001,0.2554900165219788,0.2310371466076546,0.9391038559559096,91,0.04234864967581068,0.35,0.8,20,6.0
Joint shift,43,260,5,0.7,0.16,36,117,169,log_euclidean,0.0001,0.25788127980668235,0.22748610070753467,0.9246698095419701,91,0.04230082284903979,0.35,0.8,20,6.0
Joint shift,43,260,5,0.7,0.16,36,117,169,fixed_bwar,0.01,0.2548468455396612,0.22189358968305936,0.901937756516404,91,0.04014071299210083,0.35,0.8,20,6.0
Joint shift,43,260,5,0.7,0.16,36,117,169,local_bwar,0.001,0.25054528855990826,0.21926852439289546,0.8912675722091361,91,0.04590357631911131,0.35,0.8,20,6.0
Joint shift,44,260,5,0.7,0.16,36,117,169,persistence,,,0.3533455070727961,1.0,91,0.02679679239117824,0.35,0.8,20,6.0
Joint shift,44,260,5,0.7,0.16,36,117,169,euclidean,0.01,0.3591923770227117,0.36322705346413836,1.027965677201342,91,0.053825801129663925,0.35,0.8,20,6.0
Joint shift,44,260,5,0.7,0.16,36,117,169,cholesky,0.001,0.36065334844867025,0.32783609056639534,0.9278060255591553,91,0.03642648932208264,0.35,0.8,20,6.0
Joint shift,44,260,5,0.7,0.16,36,117,169,log_euclidean,0.1,0.36720697015186904,0.3298423080001964,0.9334838038063477,91,0.03377811534213264,0.35,0.8,20,6.0
Joint shift,44,260,5,0.7,0.16,36,117,169,fixed_bwar,0.01,0.34272215773468,0.3230724198293002,0.9143244030629232,91,0.05026963889136615,0.35,0.8,20,6.0
Joint shift,44,260,5,0.7,0.16,36,117,169,local_bwar,0.01,0.3451053021281245,0.32041697679578296,0.9068092571777651,91,0.041202650419971905,0.35,0.8,20,6.0
Joint shift,45,260,5,0.7,0.16,36,117,169,persistence,,,0.34360853210330017,1.0,91,0.05838685554106299,0.35,0.8,20,6.0
Joint shift,45,260,5,0.7,0.16,36,117,169,euclidean,0.1,0.48366082885874956,0.3298645866410429,0.9600011519558967,91,0.08366491994457793,0.35,0.8,20,6.0
Joint shift,45,260,5,0.7,0.16,36,117,169,cholesky,0.001,0.47170438891746813,0.31501096413995705,0.916772823456125,91,0.07494071723471997,0.35,0.8,20,6.0
Joint shift,45,260,5,0.7,0.16,36,117,169,log_euclidean,0.01,0.47487734958335887,0.3190194193025666,0.9284385848913052,91,0.08096518166504606,0.35,0.8,20,6.0
Joint shift,45,260,5,0.7,0.16,36,117,169,fixed_bwar,0.01,0.4543472294235874,0.3108915528722719,0.9047841477312546,91,0.09179521846583007,0.35,0.8,20,6.0
Joint shift,45,260,5,0.7,0.16,36,117,169,local_bwar,0.01,0.45616209161344856,0.31296923391221976,0.9108307992134805,91,0.09459147467090936,0.35,0.8,20,6.0
Joint shift,46,260,5,0.7,0.16,36,117,169,persistence,,,0.2829506593365354,1.0,91,0.011870034593029684,0.35,0.8,20,6.0
Joint shift,46,260,5,0.7,0.16,36,117,169,euclidean,0.001,0.34853657008703787,0.3018947220844733,1.0669518240118545,91,0.08559335661275276,0.35,0.8,20,6.0
Joint shift,46,260,5,0.7,0.16,36,117,169,cholesky,0.001,0.33633903617204136,0.3404255045518179,1.2031267407188586,91,0.025057231472012807,0.35,0.8,20,6.0
Joint shift,46,260,5,0.7,0.16,36,117,169,log_euclidean,0.01,0.3548230901380187,0.2864640691700026,1.0124170406307074,91,0.01624247234814073,0.35,0.8,20,6.0
Joint shift,46,260,5,0.7,0.16,36,117,169,fixed_bwar,0.01,0.36695348307156894,0.27484932862637446,0.9713683978360149,91,0.0437348434164207,0.35,0.8,20,6.0
Joint shift,46,260,5,0.7,0.16,36,117,169,local_bwar,0.1,0.3773203859265872,0.2789356741961844,0.9858102994007317,91,0.03805355818970671,0.35,0.8,20,6.0
Joint shift,47,260,5,0.7,0.16,36,117,169,persistence,,,0.3086605876818629,1.0,91,0.0639455221354361,0.35,0.8,20,6.0
Joint shift,47,260,5,0.7,0.16,36,117,169,euclidean,0.001,0.4566407744179047,0.28828660041377074,0.9339922617879168,91,0.007095481674732802,0.35,0.8,20,6.0
Joint shift,47,260,5,0.7,0.16,36,117,169,cholesky,0.001,0.454467301838065,0.28283092129442694,0.916316927336189,91,0.08027861366528355,0.35,0.8,20,6.0
Joint shift,47,260,5,0.7,0.16,36,117,169,log_euclidean,0.001,0.42854934835152636,0.28493478316952014,0.9231330287727016,91,0.08475273022055041,0.35,0.8,20,6.0
Joint shift,47,260,5,0.7,0.16,36,117,169,fixed_bwar,0.001,0.4138734832565415,0.2777633580600361,0.8998990125241626,91,0.09381330553323858,0.35,0.8,20,6.0
Joint shift,47,260,5,0.7,0.16,36,117,169,local_bwar,0.001,0.4157808560493646,0.27711524599262755,0.8977992560496606,91,0.08675512364534606,0.35,0.8,20,6.0
Joint shift,48,260,5,0.7,0.16,36,117,169,persistence,,,0.3181719540138775,1.0,91,0.03402245100869204,0.35,0.8,20,6.0
Joint shift,48,260,5,0.7,0.16,36,117,169,euclidean,0.001,0.4027541398131968,0.3182295156128318,1.0001809134910482,91,9.999999333463896e-09,0.35,0.8,20,6.0
Joint shift,48,260,5,0.7,0.16,36,117,169,cholesky,0.001,0.36642968582123225,0.2918604673462769,0.9173041924793505,91,0.06282662014580975,0.35,0.8,20,6.0
Joint shift,48,260,5,0.7,0.16,36,117,169,log_euclidean,0.1,0.4029088055981559,0.3127455256534619,0.9829449821332181,91,0.0488204622018199,0.35,0.8,20,6.0
Joint shift,48,260,5,0.7,0.16,36,117,169,fixed_bwar,0.01,0.381939802874848,0.28633468532158096,0.8999369105584086,91,0.03770218023364069,0.35,0.8,20,6.0
Joint shift,48,260,5,0.7,0.16,36,117,169,local_bwar,0.01,0.3797819898027503,0.28617623266550335,0.8994389010573238,91,0.04232745788197129,0.35,0.8,20,6.0
Joint shift,49,260,5,0.7,0.16,36,117,169,persistence,,,0.2913349242954807,1.0,91,0.024613851153580887,0.35,0.8,20,6.0
Joint shift,49,260,5,0.7,0.16,36,117,169,euclidean,0.01,0.3361803226373499,0.2989367561497075,1.0260931018572863,91,9.999999613185324e-09,0.35,0.8,20,6.0
Joint shift,49,260,5,0.7,0.16,36,117,169,cholesky,0.01,0.33042791677311456,0.29056882787985877,0.9973703927962824,91,0.030252672360472885,0.35,0.8,20,6.0
Joint shift,49,260,5,0.7,0.16,36,117,169,log_euclidean,0.01,0.321538836094398,0.28464654281143215,0.9770422941903629,91,0.03727932408196674,0.35,0.8,20,6.0
Joint shift,49,260,5,0.7,0.16,36,117,169,fixed_bwar,0.001,0.3229717936672508,0.27878713431167157,0.9569300178680852,91,0.04428356235393364,0.35,0.8,20,6.0
Joint shift,49,260,5,0.7,0.16,36,117,169,local_bwar,0.01,0.3332235549540962,0.2834785764266744,0.973033278149522,91,0.047606578004020524,0.35,0.8,20,6.0
Gradual joint shift,0,260,5,0.7,0.16,36,117,169,persistence,,,0.31421007284000924,1.0,91,0.0909766435207756,0.35,0.8,20,6.0
Gradual joint shift,0,260,5,0.7,0.16,36,117,169,euclidean,1e-06,0.2321196464240886,0.32547209843443287,1.0358423442400526,91,1.0000000385588539e-08,0.35,0.8,20,6.0
Gradual joint shift,0,260,5,0.7,0.16,36,117,169,cholesky,1e-06,0.2595521381631335,0.33714117320682935,1.072980156745313,91,0.1380089970294146,0.35,0.8,20,6.0
Gradual joint shift,0,260,5,0.7,0.16,36,117,169,log_euclidean,1e-06,0.2357750317509746,0.31492758255975645,1.0022835350670396,91,0.13006888684877735,0.35,0.8,20,6.0
Gradual joint shift,0,260,5,0.7,0.16,36,117,169,fixed_bwar,1e-06,0.22591055985335667,0.29993572179746664,0.9545706765110269,91,0.1316839032039858,0.35,0.8,20,6.0
Gradual joint shift,0,260,5,0.7,0.16,36,117,169,local_bwar,1e-06,0.22494829166183392,0.29280407355115984,0.9318736057842774,91,0.13547863848047242,0.35,0.8,20,6.0
Gradual joint shift,1,260,5,0.7,0.16,36,117,169,persistence,,,0.1765202387199662,1.0,91,0.08144397182911509,0.35,0.8,20,6.0
Gradual joint shift,1,260,5,0.7,0.16,36,117,169,euclidean,1e-06,0.14294404680755107,0.1704669050085168,0.9657074239455767,91,0.09082212993973207,0.35,0.8,20,6.0
Gradual joint shift,1,260,5,0.7,0.16,36,117,169,cholesky,1e-06,0.14159699552690724,0.16592644108321072,0.9399853653406758,91,0.09363355644606643,0.35,0.8,20,6.0
Gradual joint shift,1,260,5,0.7,0.16,36,117,169,log_euclidean,1e-06,0.14291063622059644,0.1634577310720185,0.9259999434474467,91,0.10097565899660704,0.35,0.8,20,6.0
Gradual joint shift,1,260,5,0.7,0.16,36,117,169,fixed_bwar,1e-06,0.1402498837004119,0.16320417771083034,0.9245635452019719,91,0.10636122330908557,0.35,0.8,20,6.0
Gradual joint shift,1,260,5,0.7,0.16,36,117,169,local_bwar,1e-06,0.14005455654944524,0.16147181261111646,0.9147495708255712,91,0.1019369971041822,0.35,0.8,20,6.0
Gradual joint shift,2,260,5,0.7,0.16,36,117,169,persistence,,,0.22013717826302026,1.0,91,0.0534687212281233,0.35,0.8,20,6.0
Gradual joint shift,2,260,5,0.7,0.16,36,117,169,euclidean,1e-06,0.17291064411565754,0.1999875331747614,0.9084677779226186,91,0.15128686527029986,0.35,0.8,20,6.0
Gradual joint shift,2,260,5,0.7,0.16,36,117,169,cholesky,1e-06,0.16726520872189726,0.20024334115296977,0.9096298168849911,91,0.12401621987282682,0.35,0.8,20,6.0
Gradual joint shift,2,260,5,0.7,0.16,36,117,169,log_euclidean,1e-06,0.16809064253211645,0.2023814728903422,0.9193425412609608,91,0.1123041773290903,0.35,0.8,20,6.0
Gradual joint shift,2,260,5,0.7,0.16,36,117,169,fixed_bwar,1e-06,0.16602028193847856,0.19516490119920268,0.8865603835714626,91,0.13392128442617768,0.35,0.8,20,6.0
Gradual joint shift,2,260,5,0.7,0.16,36,117,169,local_bwar,1e-06,0.16582547159454705,0.19378199675187327,0.8802783713359958,91,0.12716493081566935,0.35,0.8,20,6.0
Gradual joint shift,3,260,5,0.7,0.16,36,117,169,persistence,,,0.27041763449444284,1.0,91,0.13961108103142397,0.35,0.8,20,6.0
Gradual joint shift,3,260,5,0.7,0.16,36,117,169,euclidean,1e-06,0.19312626773991987,0.27281703070850166,1.0088729280490327,91,1.0000000061950221e-08,0.35,0.8,20,6.0
Gradual joint shift,3,260,5,0.7,0.16,36,117,169,cholesky,1e-06,0.19695313931937558,0.26032470913242445,0.9626765266958734,91,0.16879373150626198,0.35,0.8,20,6.0
Gradual joint shift,3,260,5,0.7,0.16,36,117,169,log_euclidean,1e-06,0.19655767971962698,0.2577393028301228,0.9531157363756151,91,0.16536506059262968,0.35,0.8,20,6.0
Gradual joint shift,3,260,5,0.7,0.16,36,117,169,fixed_bwar,1e-06,0.19115553490976525,0.24930437698188554,0.9219235182201434,91,0.17188283347709962,0.35,0.8,20,6.0
Gradual joint shift,3,260,5,0.7,0.16,36,117,169,local_bwar,1e-06,0.19184325962549853,0.24702694111215917,0.913501597534445,91,0.1690977797043149,0.35,0.8,20,6.0
Gradual joint shift,4,260,5,0.7,0.16,36,117,169,persistence,,,0.16296058271238864,1.0,91,0.18729343774944862,0.35,0.8,20,6.0
Gradual joint shift,4,260,5,0.7,0.16,36,117,169,euclidean,1e-06,0.15475514477090913,0.1521939786005393,0.9339312370350843,91,0.24388837967706628,0.35,0.8,20,6.0
Gradual joint shift,4,260,5,0.7,0.16,36,117,169,cholesky,1e-06,0.15346132954995323,0.15216391754255867,0.9337467687576624,91,0.23117861115364433,0.35,0.8,20,6.0
Gradual joint shift,4,260,5,0.7,0.16,36,117,169,log_euclidean,1e-06,0.15289168277071152,0.1511388729691484,0.9274566306374559,91,0.2287609108526604,0.35,0.8,20,6.0
Gradual joint shift,4,260,5,0.7,0.16,36,117,169,fixed_bwar,1e-06,0.15084807329957925,0.14936401625534257,0.9165653053595001,91,0.24121966734215244,0.35,0.8,20,6.0
Gradual joint shift,4,260,5,0.7,0.16,36,117,169,local_bwar,1e-06,0.1509017539614222,0.14812949404072245,0.9089897174837563,91,0.23633503775234682,0.35,0.8,20,6.0
Gradual joint shift,5,260,5,0.7,0.16,36,117,169,persistence,,,0.3038218014653687,1.0,91,0.03808153599435123,0.35,0.8,20,6.0
Gradual joint shift,5,260,5,0.7,0.16,36,117,169,euclidean,1e-06,0.17696876883381932,0.28367600599556436,0.9336920676112157,91,0.11476871544455491,0.35,0.8,20,6.0
Gradual joint shift,5,260,5,0.7,0.16,36,117,169,cholesky,1e-06,0.1838732020535208,0.30890061780857186,1.0167164315355497,91,0.05967241475174675,0.35,0.8,20,6.0
Gradual joint shift,5,260,5,0.7,0.16,36,117,169,log_euclidean,1e-06,0.1796294758558687,0.2963661136511423,0.9754603264865565,91,0.06320321653441778,0.35,0.8,20,6.0
Gradual joint shift,5,260,5,0.7,0.16,36,117,169,fixed_bwar,1e-06,0.17369776298863548,0.2795793530478047,0.9202083316580976,91,0.0897524410870084,0.35,0.8,20,6.0
Gradual joint shift,5,260,5,0.7,0.16,36,117,169,local_bwar,1e-06,0.17346932146842733,0.27857951003106274,0.9169174453164343,91,0.0879627157405264,0.35,0.8,20,6.0
Gradual joint shift,6,260,5,0.7,0.16,36,117,169,persistence,,,0.18380273141154346,1.0,91,0.09566025639164719,0.35,0.8,20,6.0
Gradual joint shift,6,260,5,0.7,0.16,36,117,169,euclidean,1e-06,0.15893335184359905,0.17838649908088214,0.9705323621196134,91,0.03890818128796866,0.35,0.8,20,6.0
Gradual joint shift,6,260,5,0.7,0.16,36,117,169,cholesky,1e-06,0.16953283733876656,0.18858656545058203,1.0260270018965458,91,0.10555713214554173,0.35,0.8,20,6.0
Gradual joint shift,6,260,5,0.7,0.16,36,117,169,log_euclidean,1e-06,0.1575432887300579,0.17382051408076474,0.9456905930933744,91,0.10491814789949902,0.35,0.8,20,6.0
Gradual joint shift,6,260,5,0.7,0.16,36,117,169,fixed_bwar,1e-06,0.15200516060944017,0.17025391892388322,0.9262861199960964,91,0.1367112033879977,0.35,0.8,20,6.0
Gradual joint shift,6,260,5,0.7,0.16,36,117,169,local_bwar,1e-06,0.15257560726956368,0.16883374511432858,0.9185595002737006,91,0.13207080072583097,0.35,0.8,20,6.0
Gradual joint shift,7,260,5,0.7,0.16,36,117,169,persistence,,,0.2935633526641339,1.0,91,0.0332114864429786,0.35,0.8,20,6.0
Gradual joint shift,7,260,5,0.7,0.16,36,117,169,euclidean,1e-06,0.2102720309001826,0.2855037341918245,0.9725455565241128,91,9.999999006277015e-09,0.35,0.8,20,6.0
Gradual joint shift,7,260,5,0.7,0.16,36,117,169,cholesky,1e-06,0.21446314791435941,0.27311636417905116,0.9303489747629495,91,0.052494180362026,0.35,0.8,20,6.0
Gradual joint shift,7,260,5,0.7,0.16,36,117,169,log_euclidean,1e-06,0.20918158383384583,0.2858478468243571,0.9737177485889932,91,0.05038093098539207,0.35,0.8,20,6.0
Gradual joint shift,7,260,5,0.7,0.16,36,117,169,fixed_bwar,1e-06,0.2047219267705794,0.26504890171549017,0.902867811360408,91,0.04423054933233979,0.35,0.8,20,6.0
Gradual joint shift,7,260,5,0.7,0.16,36,117,169,local_bwar,1e-06,0.20462464032658795,0.2629473727819979,0.8957091217132822,91,0.047021091415533955,0.35,0.8,20,6.0
Gradual joint shift,8,260,5,0.7,0.16,36,117,169,persistence,,,0.1896814524406746,1.0,91,0.04622654406510141,0.35,0.8,20,6.0
Gradual joint shift,8,260,5,0.7,0.16,36,117,169,euclidean,1e-06,0.18543120898079712,0.18726636482260833,0.9872676659368073,91,0.17774657547549963,0.35,0.8,20,6.0
Gradual joint shift,8,260,5,0.7,0.16,36,117,169,cholesky,1e-06,0.18090492408149678,0.19531932822286383,1.0297228627767523,91,0.10436662021319676,0.35,0.8,20,6.0
Gradual joint shift,8,260,5,0.7,0.16,36,117,169,log_euclidean,1e-06,0.18049407897201558,0.18827034089845432,0.9925606245414974,91,0.08329561343981456,0.35,0.8,20,6.0
Gradual joint shift,8,260,5,0.7,0.16,36,117,169,fixed_bwar,1e-06,0.17839030213834334,0.18183209720526383,0.9586182247425284,91,0.13507934625664697,0.35,0.8,20,6.0
Gradual joint shift,8,260,5,0.7,0.16,36,117,169,local_bwar,1e-06,0.18031373323155142,0.18024963732987156,0.9502755014291502,91,0.10719799431625116,0.35,0.8,20,6.0
Gradual joint shift,9,260,5,0.7,0.16,36,117,169,persistence,,,0.22775919585832705,1.0,91,0.019959874770162714,0.35,0.8,20,6.0
Gradual joint shift,9,260,5,0.7,0.16,36,117,169,euclidean,1e-06,0.2072980711119205,0.23286963749314785,1.0224379156923247,91,0.08510332130484917,0.35,0.8,20,6.0
Gradual joint shift,9,260,5,0.7,0.16,36,117,169,cholesky,1e-06,0.2139178560564365,0.2478347780283198,1.0881438929143408,91,0.036163413653358414,0.35,0.8,20,6.0
Gradual joint shift,9,260,5,0.7,0.16,36,117,169,log_euclidean,1e-06,0.20384625958439642,0.22380541306866653,0.9826405130437855,91,0.03863890223619472,0.35,0.8,20,6.0
Gradual joint shift,9,260,5,0.7,0.16,36,117,169,fixed_bwar,1e-06,0.1993869882989134,0.21558413312435093,0.9465441441866111,91,0.05591093635349582,0.35,0.8,20,6.0
Gradual joint shift,9,260,5,0.7,0.16,36,117,169,local_bwar,1e-06,0.19884786721394165,0.21265304448434386,0.9336749002952238,91,0.04980182701979245,0.35,0.8,20,6.0
Gradual joint shift,10,260,5,0.7,0.16,36,117,169,persistence,,,0.19628951805790104,1.0,91,0.06503128813887053,0.35,0.8,20,6.0
Gradual joint shift,10,260,5,0.7,0.16,36,117,169,euclidean,1e-06,0.17696362657155884,0.18201203138084568,0.9272631222577875,91,0.17546613231729952,0.35,0.8,20,6.0
Gradual joint shift,10,260,5,0.7,0.16,36,117,169,cholesky,1e-06,0.17385399147100347,0.18263772091546587,0.9304507073148542,91,0.07243027253724608,0.35,0.8,20,6.0
Gradual joint shift,10,260,5,0.7,0.16,36,117,169,log_euclidean,1e-06,0.17486036632914936,0.1819181869454035,0.9267850303231254,91,0.08505698724914747,0.35,0.8,20,6.0
Gradual joint shift,10,260,5,0.7,0.16,36,117,169,fixed_bwar,1e-06,0.17261238825295305,0.17870266556825284,0.9104035066994232,91,0.11662770452351642,0.35,0.8,20,6.0
Gradual joint shift,10,260,5,0.7,0.16,36,117,169,local_bwar,1e-06,0.1731655263464502,0.17789100804722444,0.9062685048457378,91,0.11529386755587889,0.35,0.8,20,6.0
Gradual joint shift,11,260,5,0.7,0.16,36,117,169,persistence,,,0.19554336181754217,1.0,91,0.08617225923984315,0.35,0.8,20,6.0
Gradual joint shift,11,260,5,0.7,0.16,36,117,169,euclidean,1e-06,0.1865482011274591,0.19639164268983436,1.0043380704126572,91,0.20839703238920992,0.35,0.8,20,6.0
Gradual joint shift,11,260,5,0.7,0.16,36,117,169,cholesky,1e-06,0.17856838983594367,0.18702070883511135,0.9564155341136911,91,0.10788880592789515,0.35,0.8,20,6.0
Gradual joint shift,11,260,5,0.7,0.16,36,117,169,log_euclidean,1e-06,0.17436829852644145,0.18865163598628187,0.9647560225660289,91,0.12232723070145642,0.35,0.8,20,6.0
Gradual joint shift,11,260,5,0.7,0.16,36,117,169,fixed_bwar,1e-06,0.1748138639393795,0.18530420189511237,0.9476373944517545,91,0.17708167828573462,0.35,0.8,20,6.0
Gradual joint shift,11,260,5,0.7,0.16,36,117,169,local_bwar,1e-06,0.17382459070818096,0.1825492575569972,0.9335487324153221,91,0.15719258772699818,0.35,0.8,20,6.0
Gradual joint shift,12,260,5,0.7,0.16,36,117,169,persistence,,,0.2916999559091245,1.0,91,0.09388288655074879,0.35,0.8,20,6.0
Gradual joint shift,12,260,5,0.7,0.16,36,117,169,euclidean,1e-06,0.17832982708937745,0.29966688244792533,1.0273120594549654,91,0.04259684713928417,0.35,0.8,20,6.0
Gradual joint shift,12,260,5,0.7,0.16,36,117,169,cholesky,1e-06,0.18652191888533962,0.3011950857068982,1.0325510155398576,91,0.10901832882045347,0.35,0.8,20,6.0
Gradual joint shift,12,260,5,0.7,0.16,36,117,169,log_euclidean,1e-06,0.17851718850283255,0.2793815243594915,0.9577701974234419,91,0.1163992694759535,0.35,0.8,20,6.0
Gradual joint shift,12,260,5,0.7,0.16,36,117,169,fixed_bwar,1e-06,0.17471537716880492,0.2716110253124139,0.9311315267974566,91,0.1247201738691107,0.35,0.8,20,6.0
Gradual joint shift,12,260,5,0.7,0.16,36,117,169,local_bwar,1e-06,0.1751344484589278,0.2730642343603752,0.9361133892164349,91,0.11771408959781227,0.35,0.8,20,6.0
Gradual joint shift,13,260,5,0.7,0.16,36,117,169,persistence,,,0.28032871177476354,1.0,91,0.06725394255731132,0.35,0.8,20,6.0
Gradual joint shift,13,260,5,0.7,0.16,36,117,169,euclidean,1e-06,0.21338251067578135,0.2741140075207862,0.9778306538255321,91,0.04448247369285688,0.35,0.8,20,6.0
Gradual joint shift,13,260,5,0.7,0.16,36,117,169,cholesky,1e-06,0.19894146161616413,0.25678145829457544,0.9160012781740756,91,0.09071315337321202,0.35,0.8,20,6.0
Gradual joint shift,13,260,5,0.7,0.16,36,117,169,log_euclidean,1e-06,0.20153166984180526,0.2631369202445622,0.9386727409355968,91,0.0940247555863648,0.35,0.8,20,6.0
Gradual joint shift,13,260,5,0.7,0.16,36,117,169,fixed_bwar,1e-06,0.19686627998054446,0.2540590710504773,0.9062898674988626,91,0.12467570110248846,0.35,0.8,20,6.0
Gradual joint shift,13,260,5,0.7,0.16,36,117,169,local_bwar,1e-06,0.19677508251356438,0.25450992328282557,0.9078981659478296,91,0.09842278148237302,0.35,0.8,20,6.0
Gradual joint shift,14,260,5,0.7,0.16,36,117,169,persistence,,,0.1992100871555907,1.0,91,0.05887576582983499,0.35,0.8,20,6.0
Gradual joint shift,14,260,5,0.7,0.16,36,117,169,euclidean,1e-06,0.1589194087202281,0.19272388874910332,0.9674404117828561,91,0.07523049236453443,0.35,0.8,20,6.0
Gradual joint shift,14,260,5,0.7,0.16,36,117,169,cholesky,1e-06,0.1657627107914785,0.19658013444624847,0.9867980946803757,91,0.08697358204536886,0.35,0.8,20,6.0
Gradual joint shift,14,260,5,0.7,0.16,36,117,169,log_euclidean,1e-06,0.15877105242989026,0.1843948345586837,0.925630007955693,91,0.08599260444785407,0.35,0.8,20,6.0
Gradual joint shift,14,260,5,0.7,0.16,36,117,169,fixed_bwar,1e-06,0.15376856129384636,0.18110460691399813,0.9091136372655091,91,0.09197128951647317,0.35,0.8,20,6.0
Gradual joint shift,14,260,5,0.7,0.16,36,117,169,local_bwar,1e-06,0.15431788259926368,0.17913787757432426,0.8992409979440987,91,0.08631422865263215,0.35,0.8,20,6.0
Gradual joint shift,15,260,5,0.7,0.16,36,117,169,persistence,,,0.34168901030593224,1.0,91,0.07209351822098584,0.35,0.8,20,6.0
Gradual joint shift,15,260,5,0.7,0.16,36,117,169,euclidean,1e-06,0.19138905586223387,0.3338418000800142,0.9770340573175238,91,0.05038182696370641,0.35,0.8,20,6.0
Gradual joint shift,15,260,5,0.7,0.16,36,117,169,cholesky,1e-06,0.18777094310526327,0.33588424324853494,0.9830115488578343,91,0.10135290863474479,0.35,0.8,20,6.0
Gradual joint shift,15,260,5,0.7,0.16,36,117,169,log_euclidean,1e-06,0.18553109924663044,0.33125315803635863,0.9694580394604151,91,0.08977810702800415,0.35,0.8,20,6.0
Gradual joint shift,15,260,5,0.7,0.16,36,117,169,fixed_bwar,1e-06,0.18036603290175562,0.31747611202815257,0.9291376147681759,91,0.10339450017901437,0.35,0.8,20,6.0
Gradual joint shift,15,260,5,0.7,0.16,36,117,169,local_bwar,1e-06,0.18081193770959392,0.31690214697870467,0.9274578269139104,91,0.10133879290642885,0.35,0.8,20,6.0
Gradual joint shift,16,260,5,0.7,0.16,36,117,169,persistence,,,0.23561906310627956,1.0,91,0.07219247278046027,0.35,0.8,20,6.0
Gradual joint shift,16,260,5,0.7,0.16,36,117,169,euclidean,1e-06,0.1920778498543525,0.23175414647974849,0.9835967575136833,91,0.11098676516979059,0.35,0.8,20,6.0
Gradual joint shift,16,260,5,0.7,0.16,36,117,169,cholesky,1e-06,0.19502624112317818,0.2303257422198814,0.9775344116192732,91,0.09965770939954569,0.35,0.8,20,6.0
Gradual joint shift,16,260,5,0.7,0.16,36,117,169,log_euclidean,1e-06,0.19249993512389174,0.22597664910370896,0.9590762569231454,91,0.09440045387755545,0.35,0.8,20,6.0
Gradual joint shift,16,260,5,0.7,0.16,36,117,169,fixed_bwar,1e-06,0.18889331042427424,0.22228871181199467,0.9434241392927022,91,0.10645219711273787,0.35,0.8,20,6.0
Gradual joint shift,16,260,5,0.7,0.16,36,117,169,local_bwar,1e-06,0.18825902883250656,0.2196402198716863,0.9321835719744554,91,0.0983529686937164,0.35,0.8,20,6.0
Gradual joint shift,17,260,5,0.7,0.16,36,117,169,persistence,,,0.32471959679609935,1.0,91,0.030922445347066514,0.35,0.8,20,6.0
Gradual joint shift,17,260,5,0.7,0.16,36,117,169,euclidean,1e-06,0.17999642347135472,0.3209245789881571,0.9883129387773747,91,0.03304777041243534,0.35,0.8,20,6.0
Gradual joint shift,17,260,5,0.7,0.16,36,117,169,cholesky,1e-06,0.18388545175206453,0.3312910767309448,1.0202373986654458,91,0.030135354040921974,0.35,0.8,20,6.0
Gradual joint shift,17,260,5,0.7,0.16,36,117,169,log_euclidean,1e-06,0.1824991522821332,0.34367554758774815,1.0583763683457386,91,0.04806465056869228,0.35,0.8,20,6.0
Gradual joint shift,17,260,5,0.7,0.16,36,117,169,fixed_bwar,1e-06,0.17371109703166437,0.3103587639431812,0.9557746652970386,91,0.0670426430000466,0.35,0.8,20,6.0
Gradual joint shift,17,260,5,0.7,0.16,36,117,169,local_bwar,1e-06,0.1755834043278853,0.30645508236972163,0.9437529653073371,91,0.059014741623881,0.35,0.8,20,6.0
Gradual joint shift,18,260,5,0.7,0.16,36,117,169,persistence,,,0.3228423597605283,1.0,91,0.06079443507129151,0.35,0.8,20,6.0
Gradual joint shift,18,260,5,0.7,0.16,36,117,169,euclidean,1e-06,0.2020838817172154,0.31211586778006595,0.966774830947157,91,1.0000000383301138e-08,0.35,0.8,20,6.0
Gradual joint shift,18,260,5,0.7,0.16,36,117,169,cholesky,1e-06,0.20101479581524903,0.3076086911643129,0.9528139101463788,91,0.0799235293275926,0.35,0.8,20,6.0
Gradual joint shift,18,260,5,0.7,0.16,36,117,169,log_euclidean,1e-06,0.20294006309050944,0.29892776125491205,0.9259248429377263,91,0.08163604127431356,0.35,0.8,20,6.0
Gradual joint shift,18,260,5,0.7,0.16,36,117,169,fixed_bwar,1e-06,0.19717803194709205,0.2899123573871353,0.8979997470040203,91,0.08019740496670445,0.35,0.8,20,6.0
Gradual joint shift,18,260,5,0.7,0.16,36,117,169,local_bwar,1e-06,0.19759070246933239,0.28619175699734345,0.8864752358074361,91,0.07842370727949918,0.35,0.8,20,6.0
Gradual joint shift,19,260,5,0.7,0.16,36,117,169,persistence,,,0.2471287875164484,1.0,91,0.13103456092310822,0.35,0.8,20,6.0
Gradual joint shift,19,260,5,0.7,0.16,36,117,169,euclidean,1e-06,0.1428687499961401,0.22739874756094997,0.9201629233333035,91,0.17776654633023145,0.35,0.8,20,6.0
Gradual joint shift,19,260,5,0.7,0.16,36,117,169,cholesky,1e-06,0.14117285676010088,0.2429890620662502,0.9832487121723014,91,0.1641496224680476,0.35,0.8,20,6.0
Gradual joint shift,19,260,5,0.7,0.16,36,117,169,log_euclidean,1e-06,0.13874888331566346,0.22687690830987287,0.9180513148221244,91,0.1624403343563482,0.35,0.8,20,6.0
Gradual joint shift,19,260,5,0.7,0.16,36,117,169,fixed_bwar,0.0001,0.1373617217113434,0.2230110531089459,0.9024082356010537,91,0.16938859292407815,0.35,0.8,20,6.0
Gradual joint shift,19,260,5,0.7,0.16,36,117,169,local_bwar,0.0001,0.13754555443599278,0.220474739921892,0.8921451124232852,91,0.16212337238846816,0.35,0.8,20,6.0
Gradual joint shift,20,260,5,0.7,0.16,36,117,169,persistence,,,0.30372138462939763,1.0,91,0.0403462861157185,0.35,0.8,20,6.0
Gradual joint shift,20,260,5,0.7,0.16,36,117,169,euclidean,1e-06,0.22920052571632774,0.3059444064042723,1.0073192797325983,91,1.0000000171192276e-08,0.35,0.8,20,6.0
Gradual joint shift,20,260,5,0.7,0.16,36,117,169,cholesky,1e-06,0.22701955600094262,0.2996561276511159,0.9866151769878101,91,0.03785760189909053,0.35,0.8,20,6.0
Gradual joint shift,20,260,5,0.7,0.16,36,117,169,log_euclidean,1e-06,0.2260773658539511,0.29259513222454875,0.963366911360472,91,0.050446006588108425,0.35,0.8,20,6.0
Gradual joint shift,20,260,5,0.7,0.16,36,117,169,fixed_bwar,1e-06,0.21954611129184726,0.27912810789112025,0.9190268516381017,91,0.049649833721661894,0.35,0.8,20,6.0
Gradual joint shift,20,260,5,0.7,0.16,36,117,169,local_bwar,1e-06,0.21947541147431104,0.2786330954594349,0.9173970275403044,91,0.052632962460433134,0.35,0.8,20,6.0
Gradual joint shift,21,260,5,0.7,0.16,36,117,169,persistence,,,0.20454088737706758,1.0,91,0.1004842203193987,0.35,0.8,20,6.0
Gradual joint shift,21,260,5,0.7,0.16,36,117,169,euclidean,1e-06,0.16678150007555725,0.1932105209503625,0.9446058606081154,91,0.16582548865916075,0.35,0.8,20,6.0
Gradual joint shift,21,260,5,0.7,0.16,36,117,169,cholesky,1e-06,0.16349987278385175,0.18766186267273038,0.9174784810959532,91,0.12488411301596063,0.35,0.8,20,6.0
Gradual joint shift,21,260,5,0.7,0.16,36,117,169,log_euclidean,1e-06,0.16547091491279284,0.19062928325636422,0.931986194549662,91,0.11893114096730431,0.35,0.8,20,6.0
Gradual joint shift,21,260,5,0.7,0.16,36,117,169,fixed_bwar,1e-06,0.16253149872969172,0.18702863129858008,0.9143826141410839,91,0.13413709465744478,0.35,0.8,20,6.0
Gradual joint shift,21,260,5,0.7,0.16,36,117,169,local_bwar,1e-06,0.1632766583252493,0.18431233875474398,0.9011026651848214,91,0.12360447512852749,0.35,0.8,20,6.0
Gradual joint shift,22,260,5,0.7,0.16,36,117,169,persistence,,,0.2574540913858711,1.0,91,0.08021778081125445,0.35,0.8,20,6.0
Gradual joint shift,22,260,5,0.7,0.16,36,117,169,euclidean,1e-06,0.2199659932923887,0.2516594752246891,0.9774926235198297,91,0.08899494702787349,0.35,0.8,20,6.0
Gradual joint shift,22,260,5,0.7,0.16,36,117,169,cholesky,1e-06,0.2200007549875511,0.2507423878938547,0.9739304842432785,91,0.08439879683767315,0.35,0.8,20,6.0
Gradual joint shift,22,260,5,0.7,0.16,36,117,169,log_euclidean,1e-06,0.21778295113419543,0.25112500240709595,0.9754166308070469,91,0.09986350327208544,0.35,0.8,20,6.0
Gradual joint shift,22,260,5,0.7,0.16,36,117,169,fixed_bwar,1e-06,0.21454166309503894,0.24167367297580522,0.9387058938348186,91,0.10346108766271335,0.35,0.8,20,6.0
Gradual joint shift,22,260,5,0.7,0.16,36,117,169,local_bwar,1e-06,0.2145350521299028,0.24306253485839152,0.944100493994832,91,0.10052618486010582,0.35,0.8,20,6.0
Gradual joint shift,23,260,5,0.7,0.16,36,117,169,persistence,,,0.25080323699707285,1.0,91,0.04309098151992878,0.35,0.8,20,6.0
Gradual joint shift,23,260,5,0.7,0.16,36,117,169,euclidean,1e-06,0.18637955882297877,0.23913114657359977,0.9534611651618782,91,1.000000056113111e-08,0.35,0.8,20,6.0
Gradual joint shift,23,260,5,0.7,0.16,36,117,169,cholesky,1e-06,0.19345200867942058,0.2549163531205125,1.0163997728764866,91,0.02825276912545832,0.35,0.8,20,6.0
Gradual joint shift,23,260,5,0.7,0.16,36,117,169,log_euclidean,1e-06,0.18126159907791717,0.23572310584119527,0.939872661388124,91,0.058430050022842385,0.35,0.8,20,6.0
Gradual joint shift,23,260,5,0.7,0.16,36,117,169,fixed_bwar,1e-06,0.17708793805690423,0.22573189051453035,0.9000357938648331,91,0.07565409578302094,0.35,0.8,20,6.0
Gradual joint shift,23,260,5,0.7,0.16,36,117,169,local_bwar,1e-06,0.17680835467533226,0.2257715492901333,0.9001939209132628,91,0.07781805084109268,0.35,0.8,20,6.0
Gradual joint shift,24,260,5,0.7,0.16,36,117,169,persistence,,,0.3285097806104953,1.0,91,0.042195700222460775,0.35,0.8,20,6.0
Gradual joint shift,24,260,5,0.7,0.16,36,117,169,euclidean,1e-06,0.19631137132655055,0.33760595080868033,1.0276891914185353,91,1.0000000654548882e-08,0.35,0.8,20,6.0
Gradual joint shift,24,260,5,0.7,0.16,36,117,169,cholesky,1e-06,0.20508431748688621,0.36001638318759643,1.0959076546170101,91,0.055897523452013015,0.35,0.8,20,6.0
Gradual joint shift,24,260,5,0.7,0.16,36,117,169,log_euclidean,1e-06,0.19533438226163394,0.3235266853949191,0.9848312120073998,91,0.05804775796925998,0.35,0.8,20,6.0
Gradual joint shift,24,260,5,0.7,0.16,36,117,169,fixed_bwar,1e-06,0.19185327815951678,0.3083493205721963,0.9386305637511514,91,0.06145513772205256,0.35,0.8,20,6.0
Gradual joint shift,24,260,5,0.7,0.16,36,117,169,local_bwar,1e-06,0.1922079351359262,0.3056249183046455,0.9303373486679116,91,0.058127733977382266,0.35,0.8,20,6.0
Gradual joint shift,25,260,5,0.7,0.16,36,117,169,persistence,,,0.21905817699982813,1.0,91,0.03676969377621675,0.35,0.8,20,6.0
Gradual joint shift,25,260,5,0.7,0.16,36,117,169,euclidean,1e-06,0.19702458896788053,0.2202246925682734,1.005325140491999,91,1.0000000202171775e-08,0.35,0.8,20,6.0
Gradual joint shift,25,260,5,0.7,0.16,36,117,169,cholesky,1e-06,0.2094037497709792,0.23133593429171365,1.0560479296415177,91,0.0786081146361753,0.35,0.8,20,6.0
Gradual joint shift,25,260,5,0.7,0.16,36,117,169,log_euclidean,1e-06,0.2075815098173957,0.2171137490648138,0.9911236916072031,91,0.06657733608856956,0.35,0.8,20,6.0
Gradual joint shift,25,260,5,0.7,0.16,36,117,169,fixed_bwar,1e-06,0.18935793375766277,0.20917909863555464,0.9549020333339063,91,0.06507748390904414,0.35,0.8,20,6.0
Gradual joint shift,25,260,5,0.7,0.16,36,117,169,local_bwar,1e-06,0.18882304089934748,0.20781472438297266,0.9486736684708907,91,0.07858713183468757,0.35,0.8,20,6.0
Gradual joint shift,26,260,5,0.7,0.16,36,117,169,persistence,,,0.2380905770292124,1.0,91,0.04963881904050798,0.35,0.8,20,6.0
Gradual joint shift,26,260,5,0.7,0.16,36,117,169,euclidean,1e-06,0.19172518844297223,0.22554777251020044,0.9473191897154627,91,0.04801280062643295,0.35,0.8,20,6.0
Gradual joint shift,26,260,5,0.7,0.16,36,117,169,cholesky,1e-06,0.18301405989978564,0.23015904344345267,0.9666869067867958,91,0.0735061357007778,0.35,0.8,20,6.0
Gradual joint shift,26,260,5,0.7,0.16,36,117,169,log_euclidean,1e-06,0.18011025402096015,0.23016520312083652,0.9667127779382739,91,0.06592922790269098,0.35,0.8,20,6.0
Gradual joint shift,26,260,5,0.7,0.16,36,117,169,fixed_bwar,1e-06,0.1779020323744331,0.2202986544905199,0.9252724624355482,91,0.08270919707593792,0.35,0.8,20,6.0
Gradual joint shift,26,260,5,0.7,0.16,36,117,169,local_bwar,1e-06,0.1780820057689504,0.22058400244962048,0.9264709473258828,91,0.07347306822234144,0.35,0.8,20,6.0
Gradual joint shift,27,260,5,0.7,0.16,36,117,169,persistence,,,0.23331981863033704,1.0,91,0.04750701434951406,0.35,0.8,20,6.0
Gradual joint shift,27,260,5,0.7,0.16,36,117,169,euclidean,1e-06,0.18562771815482262,0.23496760490012158,1.007062350208643,91,0.10603539673546879,0.35,0.8,20,6.0
Gradual joint shift,27,260,5,0.7,0.16,36,117,169,cholesky,1e-06,0.20220265418819577,0.2516794779227264,1.0786888117784699,91,0.08576136352135236,0.35,0.8,20,6.0
Gradual joint shift,27,260,5,0.7,0.16,36,117,169,log_euclidean,1e-06,0.18280516877902778,0.23922304658024973,1.025301013795427,91,0.07787920570431162,0.35,0.8,20,6.0
Gradual joint shift,27,260,5,0.7,0.16,36,117,169,fixed_bwar,1e-06,0.177393630957765,0.22343138542550967,0.9576185458103144,91,0.1025580256279938,0.35,0.8,20,6.0
Gradual joint shift,27,260,5,0.7,0.16,36,117,169,local_bwar,1e-06,0.17773166542800997,0.2226807516999655,0.9544013577893798,91,0.0915883386577501,0.35,0.8,20,6.0
Gradual joint shift,28,260,5,0.7,0.16,36,117,169,persistence,,,0.24898761630889318,1.0,91,0.07153729817720755,0.35,0.8,20,6.0
Gradual joint shift,28,260,5,0.7,0.16,36,117,169,euclidean,1e-06,0.16058056271563564,0.23374106538838502,0.9387658264032162,91,0.12506819436280095,0.35,0.8,20,6.0
Gradual joint shift,28,260,5,0.7,0.16,36,117,169,cholesky,1e-06,0.17324765917378065,0.22875645619181106,0.9187463199294883,91,0.08482614648050772,0.35,0.8,20,6.0
Gradual joint shift,28,260,5,0.7,0.16,36,117,169,log_euclidean,1e-06,0.16612062707817693,0.2312803760305131,0.9288830483183046,91,0.0934400563069614,0.35,0.8,20,6.0
Gradual joint shift,28,260,5,0.7,0.16,36,117,169,fixed_bwar,1e-06,0.1597031036185624,0.22343027622437334,0.897354975065051,91,0.12346260575903083,0.35,0.8,20,6.0
Gradual joint shift,28,260,5,0.7,0.16,36,117,169,local_bwar,1e-06,0.15969713532847965,0.2250443523824273,0.9038375310330214,91,0.11241202121578925,0.35,0.8,20,6.0
Gradual joint shift,29,260,5,0.7,0.16,36,117,169,persistence,,,0.18961932726659203,1.0,91,0.0541648722007492,0.35,0.8,20,6.0
Gradual joint shift,29,260,5,0.7,0.16,36,117,169,euclidean,1e-06,0.16977704871086569,0.18303561133086543,0.9652792991588335,91,0.07905933604080156,0.35,0.8,20,6.0
Gradual joint shift,29,260,5,0.7,0.16,36,117,169,cholesky,1e-06,0.1639816815475568,0.1808067966342623,0.9535251455673613,91,0.07106647088477414,0.35,0.8,20,6.0
Gradual joint shift,29,260,5,0.7,0.16,36,117,169,log_euclidean,1e-06,0.16556784520715787,0.1861179964470111,0.9815349475707279,91,0.06936662481931523,0.35,0.8,20,6.0
Gradual joint shift,29,260,5,0.7,0.16,36,117,169,fixed_bwar,1e-06,0.16159051626226056,0.1781212197323147,0.9393621541642126,91,0.09495641808183694,0.35,0.8,20,6.0
Gradual joint shift,29,260,5,0.7,0.16,36,117,169,local_bwar,1e-06,0.16085936495421566,0.17735190447013102,0.9353049977905794,91,0.08467025060193913,0.35,0.8,20,6.0
Gradual joint shift,30,260,5,0.7,0.16,36,117,169,persistence,,,0.23541363568211784,1.0,91,0.028204282975254312,0.35,0.8,20,6.0
Gradual joint shift,30,260,5,0.7,0.16,36,117,169,euclidean,1e-06,0.22331664289568717,0.23156781240558305,0.9836635492018488,91,9.999999596052562e-09,0.35,0.8,20,6.0
Gradual joint shift,30,260,5,0.7,0.16,36,117,169,cholesky,1e-06,0.22062262833768212,0.23570586680188568,1.001241351712364,91,0.03488020507325242,0.35,0.8,20,6.0
Gradual joint shift,30,260,5,0.7,0.16,36,117,169,log_euclidean,1e-06,0.2071228156952358,0.22173361248550064,0.941889418779932,91,0.04828776323756362,0.35,0.8,20,6.0
Gradual joint shift,30,260,5,0.7,0.16,36,117,169,fixed_bwar,0.0001,0.20770188494545924,0.21699969396676494,0.9217804794442005,91,0.07874302058640296,0.35,0.8,20,6.0
Gradual joint shift,30,260,5,0.7,0.16,36,117,169,local_bwar,1e-06,0.20789604161286357,0.21186487805974033,0.8999685912239352,91,0.07151966584431502,0.35,0.8,20,6.0
Gradual joint shift,31,260,5,0.7,0.16,36,117,169,persistence,,,0.23256655455066813,1.0,91,0.059059689737199876,0.35,0.8,20,6.0
Gradual joint shift,31,260,5,0.7,0.16,36,117,169,euclidean,1e-06,0.18128926245581328,0.23649243867704164,1.0168806909228996,91,0.12582294196849442,0.35,0.8,20,6.0
Gradual joint shift,31,260,5,0.7,0.16,36,117,169,cholesky,1e-06,0.1778727419879061,0.23578805523358137,1.01385195170964,91,0.04627834763861084,0.35,0.8,20,6.0
Gradual joint shift,31,260,5,0.7,0.16,36,117,169,log_euclidean,1e-06,0.17912417177192022,0.2307959682719867,0.992386754483669,91,0.07824187754929036,0.35,0.8,20,6.0
Gradual joint shift,31,260,5,0.7,0.16,36,117,169,fixed_bwar,1e-06,0.17790257854266886,0.22390348337421231,0.9627501418112618,91,0.0869808281557972,0.35,0.8,20,6.0
Gradual joint shift,31,260,5,0.7,0.16,36,117,169,local_bwar,1e-06,0.17792509832358225,0.2231180538912701,0.9593729172380221,91,0.10048577860408581,0.35,0.8,20,6.0
Gradual joint shift,32,260,5,0.7,0.16,36,117,169,persistence,,,0.2205715757036437,1.0,91,0.042021159239212756,0.35,0.8,20,6.0
Gradual joint shift,32,260,5,0.7,0.16,36,117,169,euclidean,1e-06,0.2059732710723748,0.21065536955422604,0.9550431368240262,91,0.060462619144156036,0.35,0.8,20,6.0
Gradual joint shift,32,260,5,0.7,0.16,36,117,169,cholesky,1e-06,0.2141034760044317,0.2328283731591727,1.0555683451796938,91,0.09183718756517563,0.35,0.8,20,6.0
Gradual joint shift,32,260,5,0.7,0.16,36,117,169,log_euclidean,1e-06,0.20459438948129416,0.21071164069528872,0.9552982519306902,91,0.07101104771110726,0.35,0.8,20,6.0
Gradual joint shift,32,260,5,0.7,0.16,36,117,169,fixed_bwar,1e-06,0.1999709045681257,0.20317209097872682,0.9211163783483393,91,0.08847098165826933,0.35,0.8,20,6.0
Gradual joint shift,32,260,5,0.7,0.16,36,117,169,local_bwar,1e-06,0.19960729373089997,0.20359458471830974,0.9230318279625297,91,0.08753243063094267,0.35,0.8,20,6.0
Gradual joint shift,33,260,5,0.7,0.16,36,117,169,persistence,,,0.23470631795277574,1.0,91,0.08334957085261052,0.35,0.8,20,6.0
Gradual joint shift,33,260,5,0.7,0.16,36,117,169,euclidean,1e-06,0.19826036146834555,0.23535125820505706,1.0027478606366749,91,9.999999703823267e-09,0.35,0.8,20,6.0
Gradual joint shift,33,260,5,0.7,0.16,36,117,169,cholesky,1e-06,0.20427448189632763,0.2294651668227741,0.9776693223441212,91,0.09901243266653392,0.35,0.8,20,6.0
Gradual joint shift,33,260,5,0.7,0.16,36,117,169,log_euclidean,1e-06,0.20293456378085303,0.22573877883392093,0.9617925107552532,91,0.11792189462417263,0.35,0.8,20,6.0
Gradual joint shift,33,260,5,0.7,0.16,36,117,169,fixed_bwar,1e-06,0.19478735669682268,0.2205245118772621,0.9395763769837372,91,0.11514030837323903,0.35,0.8,20,6.0
Gradual joint shift,33,260,5,0.7,0.16,36,117,169,local_bwar,1e-06,0.19552607126055518,0.2168121725833568,0.9237594218787951,91,0.11847819557485648,0.35,0.8,20,6.0
Gradual joint shift,34,260,5,0.7,0.16,36,117,169,persistence,,,0.31975284120595804,1.0,91,0.06037859896121677,0.35,0.8,20,6.0
Gradual joint shift,34,260,5,0.7,0.16,36,117,169,euclidean,1e-06,0.24089568042459805,0.3075441315889943,0.9618182919941596,91,0.1527817252584612,0.35,0.8,20,6.0
Gradual joint shift,34,260,5,0.7,0.16,36,117,169,cholesky,1e-06,0.25964619115175763,0.33660231608721236,1.0526953093448865,91,0.1497029007835941,0.35,0.8,20,6.0
Gradual joint shift,34,260,5,0.7,0.16,36,117,169,log_euclidean,1e-06,0.24732135640601782,0.3190509187616145,0.9978047968496662,91,0.141234737422891,0.35,0.8,20,6.0
Gradual joint shift,34,260,5,0.7,0.16,36,117,169,fixed_bwar,1e-06,0.2358223601016754,0.30116702183655036,0.941874419944759,91,0.14590450982325745,0.35,0.8,20,6.0
Gradual joint shift,34,260,5,0.7,0.16,36,117,169,local_bwar,1e-06,0.23569250488889998,0.29947740902452075,0.9365902986038596,91,0.13846369681962964,0.35,0.8,20,6.0
Gradual joint shift,35,260,5,0.7,0.16,36,117,169,persistence,,,0.2713939036205603,1.0,91,0.0550468585039448,0.35,0.8,20,6.0
Gradual joint shift,35,260,5,0.7,0.16,36,117,169,euclidean,1e-06,0.19355684036833287,0.2532636114672724,0.9331956543186167,91,0.14891633671905502,0.35,0.8,20,6.0
Gradual joint shift,35,260,5,0.7,0.16,36,117,169,cholesky,1e-06,0.19605884531151768,0.2600744389776443,0.95829138203951,91,0.06570908127725433,0.35,0.8,20,6.0
Gradual joint shift,35,260,5,0.7,0.16,36,117,169,log_euclidean,1e-06,0.19838958226914002,0.2577603078832442,0.9497645468249817,91,0.07645574329405791,0.35,0.8,20,6.0
Gradual joint shift,35,260,5,0.7,0.16,36,117,169,fixed_bwar,1e-06,0.1909055111772389,0.24850523363505256,0.915662549231361,91,0.08885125041822,0.35,0.8,20,6.0
Gradual joint shift,35,260,5,0.7,0.16,36,117,169,local_bwar,1e-06,0.19134047420142686,0.24749450958151412,0.9119383533667716,91,0.07948603099379668,0.35,0.8,20,6.0
Gradual joint shift,36,260,5,0.7,0.16,36,117,169,persistence,,,0.21444257074228565,1.0,91,0.09130171667128772,0.35,0.8,20,6.0
Gradual joint shift,36,260,5,0.7,0.16,36,117,169,euclidean,1e-06,0.16588430038498048,0.2044458681537812,0.9533828448619078,91,0.11444455563337913,0.35,0.8,20,6.0
Gradual joint shift,36,260,5,0.7,0.16,36,117,169,cholesky,1e-06,0.16459062175312994,0.20153753328501836,0.9398205430358489,91,0.15626077171058078,0.35,0.8,20,6.0
Gradual joint shift,36,260,5,0.7,0.16,36,117,169,log_euclidean,1e-06,0.16209261561519872,0.20773068248362184,0.9687007657321453,91,0.1644692525445976,0.35,0.8,20,6.0
Gradual joint shift,36,260,5,0.7,0.16,36,117,169,fixed_bwar,1e-06,0.16016230253055957,0.20017699458401017,0.9334760066114873,91,0.19304386918337596,0.35,0.8,20,6.0
Gradual joint shift,36,260,5,0.7,0.16,36,117,169,local_bwar,1e-06,0.16041004181711788,0.1984282151412319,0.9253210053133546,91,0.19345233742605283,0.35,0.8,20,6.0
Gradual joint shift,37,260,5,0.7,0.16,36,117,169,persistence,,,0.22989855891002978,1.0,91,0.07627387462199182,0.35,0.8,20,6.0
Gradual joint shift,37,260,5,0.7,0.16,36,117,169,euclidean,1e-06,0.1486850469324062,0.2258090151012171,0.9822115291709457,91,0.0931700133212837,0.35,0.8,20,6.0
Gradual joint shift,37,260,5,0.7,0.16,36,117,169,cholesky,1e-06,0.15651357378286984,0.2581135562143133,1.1227280303019447,91,0.11067440808477665,0.35,0.8,20,6.0
Gradual joint shift,37,260,5,0.7,0.16,36,117,169,log_euclidean,1e-06,0.14926494664187287,0.21926618627403435,0.9537518952428216,91,0.09708286745278391,0.35,0.8,20,6.0
Gradual joint shift,37,260,5,0.7,0.16,36,117,169,fixed_bwar,1e-06,0.1447897515580147,0.21299145212347567,0.926458404668945,91,0.10468155543864466,0.35,0.8,20,6.0
Gradual joint shift,37,260,5,0.7,0.16,36,117,169,local_bwar,1e-06,0.14578238093937432,0.20939004578435816,0.910793207130552,91,0.10560039426282337,0.35,0.8,20,6.0
Gradual joint shift,38,260,5,0.7,0.16,36,117,169,persistence,,,0.24723016530910155,1.0,91,0.0739549781845886,0.35,0.8,20,6.0
Gradual joint shift,38,260,5,0.7,0.16,36,117,169,euclidean,1e-06,0.15664239191293192,0.24385515112248418,0.986348695830067,91,0.08820968248533242,0.35,0.8,20,6.0
Gradual joint shift,38,260,5,0.7,0.16,36,117,169,cholesky,1e-06,0.15032352004008906,0.23605474385514374,0.9547975003778942,91,0.11626663227488232,0.35,0.8,20,6.0
Gradual joint shift,38,260,5,0.7,0.16,36,117,169,log_euclidean,1e-06,0.15106346283924335,0.2358996362498556,0.9541701189857643,91,0.0973991250457575,0.35,0.8,20,6.0
Gradual joint shift,38,260,5,0.7,0.16,36,117,169,fixed_bwar,1e-06,0.14926547350379996,0.2326672286193422,0.9410956317909187,91,0.112826866751662,0.35,0.8,20,6.0
Gradual joint shift,38,260,5,0.7,0.16,36,117,169,local_bwar,1e-06,0.14963330050905987,0.23075013924806936,0.9333413621253381,91,0.10774318047354818,0.35,0.8,20,6.0
Gradual joint shift,39,260,5,0.7,0.16,36,117,169,persistence,,,0.22973692747966543,1.0,91,0.09281852080028366,0.35,0.8,20,6.0
Gradual joint shift,39,260,5,0.7,0.16,36,117,169,euclidean,1e-06,0.14967435130394124,0.21561743907205827,0.9385406231270464,91,0.10472317211479606,0.35,0.8,20,6.0
Gradual joint shift,39,260,5,0.7,0.16,36,117,169,cholesky,1e-06,0.1472529022335503,0.2125615548349425,0.9252389555604065,91,0.10571212672298327,0.35,0.8,20,6.0
Gradual joint shift,39,260,5,0.7,0.16,36,117,169,log_euclidean,1e-06,0.14397484099876828,0.21362528294899003,0.9298691563980219,91,0.10943785170912264,0.35,0.8,20,6.0
Gradual joint shift,39,260,5,0.7,0.16,36,117,169,fixed_bwar,1e-06,0.14166531035777008,0.20650101859914324,0.8988586243603399,91,0.1172086223363723,0.35,0.8,20,6.0
Gradual joint shift,39,260,5,0.7,0.16,36,117,169,local_bwar,1e-06,0.14142585223269186,0.20540051823122546,0.8940683610796787,91,0.11152862837328632,0.35,0.8,20,6.0
Gradual joint shift,40,260,5,0.7,0.16,36,117,169,persistence,,,0.20916690730645934,1.0,91,0.08587443535809726,0.35,0.8,20,6.0
Gradual joint shift,40,260,5,0.7,0.16,36,117,169,euclidean,1e-06,0.1399366578565345,0.19213586223419832,0.9185767706202773,91,0.09480726841584228,0.35,0.8,20,6.0
Gradual joint shift,40,260,5,0.7,0.16,36,117,169,cholesky,1e-06,0.14303470960176648,0.19348538239612112,0.9250286524179345,91,0.1518493443945702,0.35,0.8,20,6.0
Gradual joint shift,40,260,5,0.7,0.16,36,117,169,log_euclidean,1e-06,0.14270909131607118,0.19602252025152975,0.9371583811980774,91,0.1506337423429711,0.35,0.8,20,6.0
Gradual joint shift,40,260,5,0.7,0.16,36,117,169,fixed_bwar,1e-06,0.1411689467060512,0.18824837327816885,0.8999911874317582,91,0.13990350579446267,0.35,0.8,20,6.0
Gradual joint shift,40,260,5,0.7,0.16,36,117,169,local_bwar,1e-06,0.14121833160236316,0.1873801482841932,0.8958403157419857,91,0.1544137726720441,0.35,0.8,20,6.0
Gradual joint shift,41,260,5,0.7,0.16,36,117,169,persistence,,,0.2948441186143848,1.0,91,0.04658461031466281,0.35,0.8,20,6.0
Gradual joint shift,41,260,5,0.7,0.16,36,117,169,euclidean,1e-06,0.16578086844571932,0.2911500140084363,0.9874709910331301,91,9.9999996350333e-09,0.35,0.8,20,6.0
Gradual joint shift,41,260,5,0.7,0.16,36,117,169,cholesky,1e-06,0.1669110074385937,0.28615017135329357,0.9705134112833985,91,0.05890329089104669,0.35,0.8,20,6.0
Gradual joint shift,41,260,5,0.7,0.16,36,117,169,log_euclidean,1e-06,0.1652790335702072,0.2791298378650684,0.9467030889977883,91,0.06491155252477,0.35,0.8,20,6.0
Gradual joint shift,41,260,5,0.7,0.16,36,117,169,fixed_bwar,1e-06,0.1611201632701362,0.27026232920083487,0.9166278454897738,91,0.06970913319300308,0.35,0.8,20,6.0
Gradual joint shift,41,260,5,0.7,0.16,36,117,169,local_bwar,1e-06,0.1615192210168492,0.2702444890526008,0.9165673384383939,91,0.07121155876698025,0.35,0.8,20,6.0
Gradual joint shift,42,260,5,0.7,0.16,36,117,169,persistence,,,0.289531443923585,1.0,91,0.1001205443476003,0.35,0.8,20,6.0
Gradual joint shift,42,260,5,0.7,0.16,36,117,169,euclidean,1e-06,0.23221544761534346,0.28218125490647283,0.9746135033987808,91,0.0769277110480102,0.35,0.8,20,6.0
Gradual joint shift,42,260,5,0.7,0.16,36,117,169,cholesky,1e-06,0.22969163812016577,0.28421536280704635,0.9816390197745095,91,0.11408416975473082,0.35,0.8,20,6.0
Gradual joint shift,42,260,5,0.7,0.16,36,117,169,log_euclidean,1e-06,0.22616019155140588,0.290058466399378,1.0018202598952675,91,0.13067741934663274,0.35,0.8,20,6.0
Gradual joint shift,42,260,5,0.7,0.16,36,117,169,fixed_bwar,1e-06,0.22213706554096216,0.27038440737913233,0.9338688873133031,91,0.15058177653266838,0.35,0.8,20,6.0
Gradual joint shift,42,260,5,0.7,0.16,36,117,169,local_bwar,1e-06,0.22271969758849317,0.27014861021265985,0.9330544777856985,91,0.1505249149287603,0.35,0.8,20,6.0
Gradual joint shift,43,260,5,0.7,0.16,36,117,169,persistence,,,0.21672994791314784,1.0,91,0.059102691767025484,0.35,0.8,20,6.0
Gradual joint shift,43,260,5,0.7,0.16,36,117,169,euclidean,1e-06,0.1653178987371719,0.2069381433693101,0.9548202514782973,91,0.06078162374660664,0.35,0.8,20,6.0
Gradual joint shift,43,260,5,0.7,0.16,36,117,169,cholesky,1e-06,0.16983737182645153,0.20998921527481185,0.9688980101585348,91,0.07994240442186487,0.35,0.8,20,6.0
Gradual joint shift,43,260,5,0.7,0.16,36,117,169,log_euclidean,1e-06,0.16530985303858498,0.20360932575061613,0.939460963799107,91,0.07975767366284675,0.35,0.8,20,6.0
Gradual joint shift,43,260,5,0.7,0.16,36,117,169,fixed_bwar,0.001,0.16265313124139522,0.19798962569620973,0.9135314597849298,91,0.08937018094462766,0.35,0.8,20,6.0
Gradual joint shift,43,260,5,0.7,0.16,36,117,169,local_bwar,0.001,0.16286187444705189,0.19807769034747832,0.9139377933448117,91,0.08440445119366267,0.35,0.8,20,6.0
Gradual joint shift,44,260,5,0.7,0.16,36,117,169,persistence,,,0.27767247460178146,1.0,91,0.029234239933713848,0.35,0.8,20,6.0
Gradual joint shift,44,260,5,0.7,0.16,36,117,169,euclidean,1e-06,0.1945062701149024,0.27693548237337684,0.9973458218015251,91,0.0972822989944048,0.35,0.8,20,6.0
Gradual joint shift,44,260,5,0.7,0.16,36,117,169,cholesky,1e-06,0.19607124413602348,0.26051326761074145,0.9382034282812923,91,0.04371760792552758,0.35,0.8,20,6.0
Gradual joint shift,44,260,5,0.7,0.16,36,117,169,log_euclidean,1e-06,0.19303423115032667,0.2641642674795892,0.951352012324719,91,0.03554771641572636,0.35,0.8,20,6.0
Gradual joint shift,44,260,5,0.7,0.16,36,117,169,fixed_bwar,1e-06,0.18758767097412296,0.2534684301205107,0.9128323953752256,91,0.05458120850156139,0.35,0.8,20,6.0
Gradual joint shift,44,260,5,0.7,0.16,36,117,169,local_bwar,1e-06,0.18826083261336973,0.25117825340753436,0.9045846325522785,91,0.0450708025495543,0.35,0.8,20,6.0
Gradual joint shift,45,260,5,0.7,0.16,36,117,169,persistence,,,0.2689513873131019,1.0,91,0.09199153970144719,0.35,0.8,20,6.0
Gradual joint shift,45,260,5,0.7,0.16,36,117,169,euclidean,0.1,0.22904533756375065,0.25890007048509184,0.962627756159113,91,0.11171755619384112,0.35,0.8,20,6.0
Gradual joint shift,45,260,5,0.7,0.16,36,117,169,cholesky,1e-06,0.23694613597650982,0.2548000136757878,0.9473831543362159,91,0.12408733853922489,0.35,0.8,20,6.0
Gradual joint shift,45,260,5,0.7,0.16,36,117,169,log_euclidean,1e-06,0.23558031180605915,0.2556722449787933,0.9506262359641612,91,0.1345833372290252,0.35,0.8,20,6.0
Gradual joint shift,45,260,5,0.7,0.16,36,117,169,fixed_bwar,0.0001,0.2243275364401621,0.24677855261526394,0.9175582066359624,91,0.15709555005087442,0.35,0.8,20,6.0
Gradual joint shift,45,260,5,0.7,0.16,36,117,169,local_bwar,0.0001,0.22458890538074167,0.24671245983996906,0.9173124641768692,91,0.15654585362686405,0.35,0.8,20,6.0
Gradual joint shift,46,260,5,0.7,0.16,36,117,169,persistence,,,0.24601486063890474,1.0,91,0.013725776809698706,0.35,0.8,20,6.0
Gradual joint shift,46,260,5,0.7,0.16,36,117,169,euclidean,1e-06,0.19966196647857098,0.260832854075315,1.0602321071090082,91,0.16623195076887817,0.35,0.8,20,6.0
Gradual joint shift,46,260,5,0.7,0.16,36,117,169,cholesky,1e-06,0.19741812903215905,0.2698247276163586,1.096782230616554,91,0.024059506952272536,0.35,0.8,20,6.0
Gradual joint shift,46,260,5,0.7,0.16,36,117,169,log_euclidean,1e-06,0.1940475775371313,0.2498471551002823,1.0155774917475515,91,0.02305653592937705,0.35,0.8,20,6.0
Gradual joint shift,46,260,5,0.7,0.16,36,117,169,fixed_bwar,1e-06,0.1920498205831212,0.23806354404786806,0.9676795272838926,91,0.08114668790728383,0.35,0.8,20,6.0
Gradual joint shift,46,260,5,0.7,0.16,36,117,169,local_bwar,1e-06,0.19113784166175193,0.23643655997768243,0.9610661704079693,91,0.08168771868087175,0.35,0.8,20,6.0
Gradual joint shift,47,260,5,0.7,0.16,36,117,169,persistence,,,0.25100697961684143,1.0,91,0.10648146289461512,0.35,0.8,20,6.0
Gradual joint shift,47,260,5,0.7,0.16,36,117,169,euclidean,1e-06,0.22965418334458707,0.23618418647584277,0.9409466893565054,91,0.0588696296775829,0.35,0.8,20,6.0
Gradual joint shift,47,260,5,0.7,0.16,36,117,169,cholesky,1e-06,0.23795060401283466,0.23827453566327209,0.9492745421939851,91,0.09795713632556663,0.35,0.8,20,6.0
Gradual joint shift,47,260,5,0.7,0.16,36,117,169,log_euclidean,1e-06,0.23063578963284143,0.23992791418020593,0.9558615244343104,91,0.1226562615238549,0.35,0.8,20,6.0
Gradual joint shift,47,260,5,0.7,0.16,36,117,169,fixed_bwar,1e-06,0.22571288786091928,0.22965762879522908,0.9149451905512674,91,0.11992974687846723,0.35,0.8,20,6.0
Gradual joint shift,47,260,5,0.7,0.16,36,117,169,local_bwar,0.0001,0.22611039425659374,0.22852492173019925,0.910432538884135,91,0.12173672943798071,0.35,0.8,20,6.0
Gradual joint shift,48,260,5,0.7,0.16,36,117,169,persistence,,,0.25651189846306127,1.0,91,0.03799682626298812,0.35,0.8,20,6.0
Gradual joint shift,48,260,5,0.7,0.16,36,117,169,euclidean,1e-06,0.1942756596243809,0.2574894055112893,1.0038107668848304,91,9.999999828456823e-09,0.35,0.8,20,6.0
Gradual joint shift,48,260,5,0.7,0.16,36,117,169,cholesky,1e-06,0.19547566320622514,0.24421490049075592,0.9520607112341178,91,0.11013462915223539,0.35,0.8,20,6.0
Gradual joint shift,48,260,5,0.7,0.16,36,117,169,log_euclidean,1e-06,0.19202294069015702,0.255324281458031,0.9953701289798013,91,0.04314352673884577,0.35,0.8,20,6.0
Gradual joint shift,48,260,5,0.7,0.16,36,117,169,fixed_bwar,1e-06,0.18796646168104608,0.2382713096036349,0.9288898917799984,91,0.03620812350939223,0.35,0.8,20,6.0
Gradual joint shift,48,260,5,0.7,0.16,36,117,169,local_bwar,1e-06,0.18829548743551633,0.23399236943268045,0.9122086376292454,91,0.055473443912026334,0.35,0.8,20,6.0
Gradual joint shift,49,260,5,0.7,0.16,36,117,169,persistence,,,0.23800834360527176,1.0,91,0.02854938832238215,0.35,0.8,20,6.0
Gradual joint shift,49,260,5,0.7,0.16,36,117,169,euclidean,1e-06,0.1767818169737358,0.23987264734167696,1.0078329343760195,91,1.000000004791581e-08,0.35,0.8,20,6.0
Gradual joint shift,49,260,5,0.7,0.16,36,117,169,cholesky,1e-06,0.17745048626724327,0.23942083846784776,1.00593464431196,91,0.03455921578681663,0.35,0.8,20,6.0
Gradual joint shift,49,260,5,0.7,0.16,36,117,169,log_euclidean,1e-06,0.17235177717571065,0.23478104758490254,0.9864404080483767,91,0.041242449498766924,0.35,0.8,20,6.0
Gradual joint shift,49,260,5,0.7,0.16,36,117,169,fixed_bwar,1e-06,0.16961207789765884,0.2286645339650461,0.9607416719149895,91,0.0530488589808723,0.35,0.8,20,6.0
Gradual joint shift,49,260,5,0.7,0.16,36,117,169,local_bwar,1e-06,0.16954684874300804,0.22915389269505665,0.9627977289531501,91,0.05403305869268871,0.35,0.8,20,6.0
